num_a,num_b,name_a,name_b,same_name_group,domain,length_a,length_b,train_end_a,train_end_b,n_compared,corr,same_recording
1,93,DISTORTED1sddb40,NOISE1sddb40,True,ECG,79795,79795,35000,35000,5000,0.987899,True
1,109,DISTORTED1sddb40,1sddb40,True,ECG,79795,79795,35000,35000,5000,0.993044,True
93,109,NOISE1sddb40,1sddb40,True,ECG,79795,79795,35000,35000,5000,0.994738,True
2,110,DISTORTED2sddb40,2sddb40,True,ECG,80001,80001,35000,35000,5000,0.989588,True
3,111,DISTORTED3sddb40,3sddb40,True,ECG,80000,80000,35000,35000,5000,0.988483,True
4,94,DISTORTEDBIDMC1,NOISEBIDMC1,True,ECG,11000,11000,2500,2500,2500,0.984610,True
4,112,DISTORTEDBIDMC1,BIDMC1,True,ECG,11000,11000,2500,2500,2500,0.989903,True
94,112,NOISEBIDMC1,BIDMC1,True,ECG,11000,11000,2500,2500,2500,0.994892,True
5,113,DISTORTEDCIMIS44AirTemperature1,CIMIS44AirTemperature1,True,Air Temperature,8184,8184,4000,4000,4000,0.991036,True
6,114,DISTORTEDCIMIS44AirTemperature2,CIMIS44AirTemperature2,True,Air Temperature,8184,8184,4000,4000,4000,0.991938,True
7,115,DISTORTEDCIMIS44AirTemperature3,CIMIS44AirTemperature3,True,Air Temperature,8184,8184,4000,4000,4000,0.990614,True
8,95,DISTORTEDCIMIS44AirTemperature4,NOISECIMIS44AirTemperature4,True,Air Temperature,8184,8184,4000,4000,4000,0.983732,True
8,116,DISTORTEDCIMIS44AirTemperature4,CIMIS44AirTemperature4,True,Air Temperature,8184,8184,4000,4000,4000,0.988279,True
95,116,NOISECIMIS44AirTemperature4,CIMIS44AirTemperature4,True,Air Temperature,8184,8184,4000,4000,4000,0.994874,True
9,117,DISTORTEDCIMIS44AirTemperature5,CIMIS44AirTemperature5,True,Air Temperature,8184,8184,4000,4000,4000,0.989482,True
10,118,DISTORTEDCIMIS44AirTemperature6,CIMIS44AirTemperature6,True,Air Temperature,8184,8184,4000,4000,4000,0.988726,True
11,119,DISTORTEDECG1,ECG1,True,ECG,30000,30000,10000,10000,5000,0.987393,True
12,120,DISTORTEDECG2,ECG2,True,ECG,30000,30000,15000,15000,5000,0.988173,True
13,14,DISTORTEDECG3,DISTORTEDECG3,True,ECG,30000,30000,15000,8000,5000,0.979499,True
13,121,DISTORTEDECG3,ECG3,True,ECG,30000,30000,15000,15000,5000,0.989711,True
13,122,DISTORTEDECG3,ECG3,True,ECG,30000,30000,15000,8000,5000,0.989711,True
14,121,DISTORTEDECG3,ECG3,True,ECG,30000,30000,8000,15000,5000,0.991036,True
14,122,DISTORTEDECG3,ECG3,True,ECG,30000,30000,8000,8000,5000,0.991036,True
121,122,ECG3,ECG3,True,ECG,30000,30000,15000,8000,5000,1.000000,True
15,16,DISTORTEDECG4,DISTORTEDECG4,True,ECG,200000,30000,5000,5000,5000,0.006548,False
15,17,DISTORTEDECG4,DISTORTEDECG4,True,ECG,200000,30000,5000,5000,5000,-0.038866,False
15,18,DISTORTEDECG4,DISTORTEDECG4,True,ECG,200000,30000,5000,8000,5000,-0.018690,False
15,96,DISTORTEDECG4,NOISEECG4,True,ECG,200000,30000,5000,5000,5000,-0.018702,False
15,123,DISTORTEDECG4,ECG4,True,ECG,200000,200000,5000,5000,5000,0.988236,True
15,124,DISTORTEDECG4,ECG4,True,ECG,200000,30000,5000,5000,5000,-0.018553,False
15,125,DISTORTEDECG4,ECG4,True,ECG,200000,30000,5000,5000,5000,-0.018553,False
15,126,DISTORTEDECG4,ECG4,True,ECG,200000,30000,5000,8000,5000,-0.018553,False
16,17,DISTORTEDECG4,DISTORTEDECG4,True,ECG,30000,30000,5000,5000,5000,0.980603,True
16,18,DISTORTEDECG4,DISTORTEDECG4,True,ECG,30000,30000,5000,8000,5000,0.979470,True
16,96,DISTORTEDECG4,NOISEECG4,True,ECG,30000,30000,5000,5000,5000,0.984943,True
16,123,DISTORTEDECG4,ECG4,True,ECG,30000,200000,5000,5000,5000,0.009005,False
16,124,DISTORTEDECG4,ECG4,True,ECG,30000,30000,5000,5000,5000,0.990085,True
16,125,DISTORTEDECG4,ECG4,True,ECG,30000,30000,5000,5000,5000,0.990085,True
16,126,DISTORTEDECG4,ECG4,True,ECG,30000,30000,5000,8000,5000,0.990085,True
17,18,DISTORTEDECG4,DISTORTEDECG4,True,ECG,30000,30000,5000,8000,5000,0.980323,True
17,96,DISTORTEDECG4,NOISEECG4,True,ECG,30000,30000,5000,5000,5000,0.985204,True
17,123,DISTORTEDECG4,ECG4,True,ECG,30000,200000,5000,5000,5000,-0.039415,False
17,124,DISTORTEDECG4,ECG4,True,ECG,30000,30000,5000,5000,5000,0.989932,True
17,125,DISTORTEDECG4,ECG4,True,ECG,30000,30000,5000,5000,5000,0.989932,True
17,126,DISTORTEDECG4,ECG4,True,ECG,30000,30000,5000,8000,5000,0.989932,True
18,96,DISTORTEDECG4,NOISEECG4,True,ECG,30000,30000,8000,5000,5000,0.984797,True
18,123,DISTORTEDECG4,ECG4,True,ECG,30000,200000,8000,5000,5000,-0.017828,False
18,124,DISTORTEDECG4,ECG4,True,ECG,30000,30000,8000,5000,5000,0.989540,True
18,125,DISTORTEDECG4,ECG4,True,ECG,30000,30000,8000,5000,5000,0.989540,True
18,126,DISTORTEDECG4,ECG4,True,ECG,30000,30000,8000,8000,5000,0.989540,True
96,123,NOISEECG4,ECG4,True,ECG,30000,200000,5000,5000,5000,-0.018955,False
96,124,NOISEECG4,ECG4,True,ECG,30000,30000,5000,5000,5000,0.995187,True
96,125,NOISEECG4,ECG4,True,ECG,30000,30000,5000,5000,5000,0.995187,True
96,126,NOISEECG4,ECG4,True,ECG,30000,30000,5000,8000,5000,0.995187,True
123,124,ECG4,ECG4,True,ECG,200000,30000,5000,5000,5000,-0.018644,False
123,125,ECG4,ECG4,True,ECG,200000,30000,5000,5000,5000,-0.018644,False
123,126,ECG4,ECG4,True,ECG,200000,30000,5000,8000,5000,-0.018644,False
124,125,ECG4,ECG4,True,ECG,30000,30000,5000,5000,5000,1.000000,True
124,126,ECG4,ECG4,True,ECG,30000,30000,5000,8000,5000,1.000000,True
125,126,ECG4,ECG4,True,ECG,30000,30000,5000,8000,5000,1.000000,True
19,127,DISTORTEDGP711MarkerLFM5z1,GP711MarkerLFM5z1,True,Gait,12000,12000,5000,5000,5000,0.991467,True
20,128,DISTORTEDGP711MarkerLFM5z2,GP711MarkerLFM5z2,True,Gait,12000,12000,5000,5000,5000,0.991397,True
21,97,DISTORTEDGP711MarkerLFM5z3,NOISEGP711MarkerLFM5z3,True,Gait,12000,12000,5000,5000,5000,0.985093,True
21,129,DISTORTEDGP711MarkerLFM5z3,GP711MarkerLFM5z3,True,Gait,12000,12000,5000,5000,5000,0.989610,True
97,129,NOISEGP711MarkerLFM5z3,GP711MarkerLFM5z3,True,Gait,12000,12000,5000,5000,5000,0.995163,True
22,130,DISTORTEDGP711MarkerLFM5z4,GP711MarkerLFM5z4,True,Gait,12000,12000,4000,4000,4000,0.990249,True
23,131,DISTORTEDGP711MarkerLFM5z5,GP711MarkerLFM5z5,True,Gait,12000,12000,5000,5000,5000,0.988760,True
24,132,DISTORTEDInternalBleeding10,InternalBleeding10,True,ABP,7501,7501,3200,3200,3200,0.991255,True
25,133,DISTORTEDInternalBleeding14,InternalBleeding14,True,ABP,7501,7501,2800,2800,2800,0.989107,True
26,134,DISTORTEDInternalBleeding15,InternalBleeding15,True,ABP,7601,7601,1700,1700,1700,0.993121,True
27,98,DISTORTEDInternalBleeding16,NOISEInternalBleeding16,True,ABP,7501,7501,1200,1200,1200,0.983236,True
27,135,DISTORTEDInternalBleeding16,InternalBleeding16,True,ABP,7501,7501,1200,1200,1200,0.988626,True
98,135,NOISEInternalBleeding16,InternalBleeding16,True,ABP,7501,7501,1200,1200,1200,0.994961,True
28,136,DISTORTEDInternalBleeding17,InternalBleeding17,True,ABP,7500,7500,1600,1600,1600,0.989378,True
29,137,DISTORTEDInternalBleeding18,InternalBleeding18,True,ABP,7500,7500,2300,2300,2300,0.985848,True
30,138,DISTORTEDInternalBleeding19,InternalBleeding19,True,ABP,7500,7500,3000,3000,3000,0.989246,True
31,139,DISTORTEDInternalBleeding20,InternalBleeding20,True,ABP,7500,7500,2700,2700,2700,0.989756,True
32,140,DISTORTEDInternalBleeding4,InternalBleeding4,True,ABP,7321,7321,1000,1000,1000,0.988534,True
33,141,DISTORTEDInternalBleeding5,InternalBleeding5,True,ABP,7415,7415,4000,4000,4000,0.991450,True
34,99,DISTORTEDInternalBleeding6,NOISEInternalBleeding6,True,ABP,7654,7654,1500,1500,1500,0.988066,True
34,142,DISTORTEDInternalBleeding6,InternalBleeding6,True,ABP,7654,7654,1500,1500,1500,0.992094,True
99,142,NOISEInternalBleeding6,InternalBleeding6,True,ABP,7654,7654,1500,1500,1500,0.995040,True
35,143,DISTORTEDInternalBleeding8,InternalBleeding8,True,ABP,7501,7501,2500,2500,2500,0.993202,True
36,144,DISTORTEDInternalBleeding9,InternalBleeding9,True,ABP,7501,7501,4200,4200,4200,0.990156,True
37,100,DISTORTEDLab2Cmac011215EPG1,NOISELab2Cmac011215EPG1,True,EPG,30001,30001,5000,5000,5000,0.986026,True
37,145,DISTORTEDLab2Cmac011215EPG1,Lab2Cmac011215EPG1,True,EPG,30001,30001,5000,5000,5000,0.990959,True
100,145,NOISELab2Cmac011215EPG1,Lab2Cmac011215EPG1,True,EPG,30001,30001,5000,5000,5000,0.995123,True
38,146,DISTORTEDLab2Cmac011215EPG2,Lab2Cmac011215EPG2,True,EPG,29950,29950,5000,5000,5000,0.991130,True
39,147,DISTORTEDLab2Cmac011215EPG3,Lab2Cmac011215EPG3,True,EPG,29950,29950,5000,5000,5000,0.991206,True
40,101,DISTORTEDLab2Cmac011215EPG4,NOISELab2Cmac011215EPG4,True,EPG,30066,30066,6000,6000,5000,0.983898,True
40,148,DISTORTEDLab2Cmac011215EPG4,Lab2Cmac011215EPG4,True,EPG,30066,30066,6000,6000,5000,0.989022,True
101,148,NOISELab2Cmac011215EPG4,Lab2Cmac011215EPG4,True,EPG,30066,30066,6000,6000,5000,0.995169,True
41,149,DISTORTEDLab2Cmac011215EPG5,Lab2Cmac011215EPG5,True,EPG,29826,29826,7000,7000,5000,0.992353,True
42,150,DISTORTEDLab2Cmac011215EPG6,Lab2Cmac011215EPG6,True,EPG,29859,29859,7000,7000,5000,0.991621,True
43,102,DISTORTEDMesoplodonDensirostris,NOISEMesoplodonDensirostris,True,Acceleration,24667,24667,10000,10000,5000,0.973958,True
43,151,DISTORTEDMesoplodonDensirostris,MesoplodonDensirostris,True,Acceleration,24667,24667,10000,10000,5000,0.982004,True
102,151,NOISEMesoplodonDensirostris,MesoplodonDensirostris,True,Acceleration,24667,24667,10000,10000,5000,0.991228,True
44,152,DISTORTEDPowerDemand1,PowerDemand1,True,Power Demand,29931,29931,9000,9000,5000,0.990244,True
45,153,DISTORTEDPowerDemand2,PowerDemand2,True,Power Demand,29931,29931,14000,14000,5000,0.990215,True
46,154,DISTORTEDPowerDemand3,PowerDemand3,True,Power Demand,29931,29931,16000,16000,5000,0.989530,True
47,155,DISTORTEDPowerDemand4,PowerDemand4,True,Power Demand,29931,29931,18000,18000,5000,0.989378,True
48,156,DISTORTEDTkeepFifthMARS,TkeepFifthMARS,True,NASA,11334,11334,3500,3500,3500,0.990512,True
49,157,DISTORTEDTkeepFirstMARS,TkeepFirstMARS,True,NASA,11406,11406,3500,3500,3500,0.990652,True
50,158,DISTORTEDTkeepForthMARS,TkeepForthMARS,True,NASA,11308,11308,3500,3500,3500,0.992322,True
51,159,DISTORTEDTkeepSecondMARS,TkeepSecondMARS,True,NASA,11388,11388,3500,3500,3500,0.986851,True
52,103,DISTORTEDTkeepThirdMARS,NOISETkeepThirdMARS,True,NASA,11308,11308,3500,3500,3500,0.988070,True
52,160,DISTORTEDTkeepThirdMARS,TkeepThirdMARS,True,NASA,11308,11308,3500,3500,3500,0.992701,True
103,160,NOISETkeepThirdMARS,TkeepThirdMARS,True,NASA,11308,11308,3500,3500,3500,0.995292,True
53,161,DISTORTEDWalkingAceleration1,WalkingAceleration1,True,Acceleration,6684,6684,1500,1500,1500,0.991492,True
54,162,DISTORTEDWalkingAceleration5,WalkingAceleration5,True,Acceleration,6684,6684,2700,2700,2700,0.989351,True
55,163,DISTORTEDapneaecg2,apneaecg2,True,ECG,38501,38501,10000,10000,5000,0.987375,True
56,164,DISTORTEDapneaecg3,apneaecg3,True,ECG,38379,38379,5000,5000,5000,0.988216,True
57,104,DISTORTEDapneaecg4,NOISEapneaecg4,True,ECG,38269,38269,6000,6000,5000,0.981771,True
57,165,DISTORTEDapneaecg4,apneaecg4,True,ECG,38269,38269,6000,6000,5000,0.987633,True
104,165,NOISEapneaecg4,apneaecg4,True,ECG,38269,38269,6000,6000,5000,0.994167,True
58,166,DISTORTEDapneaecg,apneaecg,True,ECG,38501,38501,10000,10000,5000,0.992397,True
59,167,DISTORTEDgait1,gait1,True,Gait,65000,65000,20000,20000,5000,0.986135,True
60,168,DISTORTEDgait2,gait2,True,Gait,65000,65000,22000,22000,5000,0.985103,True
61,105,DISTORTEDgait3,NOISEgait3,True,Gait,65000,65000,24500,24500,5000,0.980958,True
61,169,DISTORTEDgait3,gait3,True,Gait,65000,65000,24500,24500,5000,0.987664,True
105,169,NOISEgait3,gait3,True,Gait,65000,65000,24500,24500,5000,0.993089,True
62,170,DISTORTEDgaitHunt1,gaitHunt1,True,Gait,64000,64000,18500,18500,5000,0.982729,True
63,106,DISTORTEDgaitHunt2,NOISEgaitHunt2,True,Gait,64000,64000,18500,18500,5000,0.976755,True
63,171,DISTORTEDgaitHunt2,gaitHunt2,True,Gait,64000,64000,18500,18500,5000,0.984218,True
106,171,NOISEgaitHunt2,gaitHunt2,True,Gait,64000,64000,18500,18500,5000,0.992595,True
64,172,DISTORTEDgaitHunt3,gaitHunt3,True,Gait,64000,64000,23400,23400,5000,0.985898,True
65,173,DISTORTEDinsectEPG1,insectEPG1,True,EPG,10001,10001,3000,3000,3000,0.988936,True
66,174,DISTORTEDinsectEPG2,insectEPG2,True,EPG,9998,9998,3700,3700,3700,0.987947,True
67,107,DISTORTEDinsectEPG3,NOISEinsectEPG3,True,EPG,9998,9998,5200,5200,5000,0.986991,True
67,175,DISTORTEDinsectEPG3,insectEPG3,True,EPG,9998,9998,5200,5200,5000,0.991815,True
107,175,NOISEinsectEPG3,insectEPG3,True,EPG,9998,9998,5200,5200,5000,0.994834,True
68,176,DISTORTEDinsectEPG4,insectEPG4,True,EPG,9998,9998,1300,1300,1300,0.990252,True
69,177,DISTORTEDinsectEPG5,insectEPG5,True,EPG,10028,10028,3200,3200,3200,0.988732,True
70,178,DISTORTEDltstdbs30791AI,ltstdbs30791AI,True,ECG,56123,56123,17555,17555,5000,0.991187,True
71,179,DISTORTEDltstdbs30791AS,ltstdbs30791AS,True,ECG,55000,55000,23000,23000,5000,0.991545,True
72,180,DISTORTEDltstdbs30791ES,ltstdbs30791ES,True,ECG,55000,55000,20000,20000,5000,0.991931,True
73,181,DISTORTEDpark3m,park3m,True,Gait,90000,90000,60000,60000,5000,0.979744,True
74,182,DISTORTEDqtdbSel1005V,qtdbSel1005V,True,ECG,36001,36001,4000,4000,4000,0.986084,True
75,183,DISTORTEDqtdbSel100MLII,qtdbSel100MLII,True,ECG,30000,30000,4000,4000,4000,0.988510,True
76,184,DISTORTEDresperation10,resperation10,True,RESP,195000,195000,48000,48000,5000,0.990037,True
77,185,DISTORTEDresperation11,resperation11,True,RESP,195000,195000,58000,58000,5000,0.990424,True
78,186,DISTORTEDresperation1,resperation1,True,RESP,200000,200000,100000,100000,5000,0.991555,True
79,80,DISTORTEDresperation2,DISTORTEDresperation2,True,RESP,200051,190050,30000,30000,5000,0.977083,True
79,108,DISTORTEDresperation2,NOISEresperation2,True,RESP,200051,200051,30000,30000,5000,0.984351,True
79,187,DISTORTEDresperation2,resperation2,True,RESP,200051,200051,30000,30000,5000,0.989036,True
79,188,DISTORTEDresperation2,resperation2,True,RESP,200051,190050,30000,30000,5000,0.989036,True
80,108,DISTORTEDresperation2,NOISEresperation2,True,RESP,190050,200051,30000,30000,5000,0.983875,True
80,187,DISTORTEDresperation2,resperation2,True,RESP,190050,200051,30000,30000,5000,0.988998,True
80,188,DISTORTEDresperation2,resperation2,True,RESP,190050,190050,30000,30000,5000,0.988998,True
108,187,NOISEresperation2,resperation2,True,RESP,200051,200051,30000,30000,5000,0.995079,True
108,188,NOISEresperation2,resperation2,True,RESP,200051,190050,30000,30000,5000,0.995079,True
187,188,resperation2,resperation2,True,RESP,200051,190050,30000,30000,5000,1.000000,True
81,189,DISTORTEDresperation3,resperation3,True,RESP,190100,190100,45000,45000,5000,0.991035,True
82,190,DISTORTEDresperation4,resperation4,True,RESP,195250,195250,70000,70000,5000,0.989828,True
83,191,DISTORTEDresperation9,resperation9,True,RESP,195000,195000,38000,38000,5000,0.989582,True
84,192,DISTORTEDs20101mML2,s20101mML2,True,ECG,40000,40000,12000,12000,5000,0.991702,True
85,193,DISTORTEDs20101m,s20101m,True,ECG,40000,40000,10000,10000,5000,0.990926,True
86,194,DISTORTEDsddb49,sddb49,True,ECG,80000,80000,20000,20000,5000,0.977145,True
87,195,DISTORTEDsel840mECG1,sel840mECG1,True,ECG,60000,60000,17000,17000,5000,0.989048,True
88,196,DISTORTEDsel840mECG2,sel840mECG2,True,ECG,57001,57001,20000,20000,5000,0.990479,True
89,197,DISTORTEDtiltAPB1,tiltAPB1,True,ABP,130001,130001,100000,100000,5000,0.989832,True
90,198,DISTORTEDtiltAPB2,tiltAPB2,True,ABP,128767,128767,50000,50000,5000,0.992241,True
91,199,DISTORTEDtiltAPB3,tiltAPB3,True,ABP,129489,129489,40000,40000,5000,0.991364,True
92,200,DISTORTEDtiltAPB4,tiltAPB4,True,ABP,128001,128001,20000,20000,5000,0.991657,True
201,202,CHARISfive,CHARISfive,True,ECG,41347,41790,10000,10411,5000,0.013806,False
201,203,CHARISfive,CHARISfive,True,ECG,41347,41612,10000,10500,5000,-0.003882,False
201,204,CHARISfive,CHARISfive,True,ECG,41347,41999,10000,12412,5000,-0.197485,False
201,205,CHARISfive,CHARISfive,True,ECG,41347,39870,10000,9812,5000,0.089875,False
202,203,CHARISfive,CHARISfive,True,ECG,41790,41612,10411,10500,5000,-0.000660,False
202,204,CHARISfive,CHARISfive,True,ECG,41790,41999,10411,12412,5000,0.265862,False
202,205,CHARISfive,CHARISfive,True,ECG,41790,39870,10411,9812,5000,-0.242024,False
203,204,CHARISfive,CHARISfive,True,ECG,41612,41999,10500,12412,5000,-0.030041,False
203,205,CHARISfive,CHARISfive,True,ECG,41612,39870,10500,9812,5000,-0.058356,False
204,205,CHARISfive,CHARISfive,True,ECG,41999,39870,12412,9812,5000,-0.091924,False
206,207,CHARISten,CHARISten,True,ECG,42000,39870,25130,3165,3165,0.080905,False
206,208,CHARISten,CHARISten,True,ECG,42000,40870,25130,5130,5000,-0.046909,False
207,208,CHARISten,CHARISten,True,ECG,39870,40870,3165,5130,3165,-0.134495,False
210,211,Italianpowerdemand,Italianpowerdemand,True,Power Demand,119819,119580,36123,38113,5000,-0.120323,False
210,212,Italianpowerdemand,Italianpowerdemand,True,Power Demand,119819,29931,36123,8913,5000,-0.052309,False
211,212,Italianpowerdemand,Italianpowerdemand,True,Power Demand,119580,29931,38113,8913,5000,0.077130,False
213,214,STAFFIIIDatabase,STAFFIIIDatabase,True,ECG,300000,299690,33211,34211,5000,-0.099292,False
213,215,STAFFIIIDatabase,STAFFIIIDatabase,True,ECG,300000,299990,33211,36276,5000,0.947784,False
213,216,STAFFIIIDatabase,STAFFIIIDatabase,True,ECG,300000,299890,33211,37216,5000,0.043842,False
213,217,STAFFIIIDatabase,STAFFIIIDatabase,True,ECG,300000,299690,33211,38211,5000,-0.099292,False
213,218,STAFFIIIDatabase,STAFFIIIDatabase,True,ECG,300000,299940,33211,41117,5000,-0.045543,False
213,219,STAFFIIIDatabase,STAFFIIIDatabase,True,ECG,300000,299840,33211,41612,5000,-0.065471,False
213,220,STAFFIIIDatabase,STAFFIIIDatabase,True,ECG,300000,299790,33211,43217,5000,-0.103966,False
213,221,STAFFIIIDatabase,STAFFIIIDatabase,True,ECG,300000,298340,33211,45616,5000,-0.061241,False
214,215,STAFFIIIDatabase,STAFFIIIDatabase,True,ECG,299690,299990,34211,36276,5000,-0.105564,False
214,216,STAFFIIIDatabase,STAFFIIIDatabase,True,ECG,299690,299890,34211,37216,5000,0.048178,False
214,217,STAFFIIIDatabase,STAFFIIIDatabase,True,ECG,299690,299690,34211,38211,5000,1.000000,True
214,218,STAFFIIIDatabase,STAFFIIIDatabase,True,ECG,299690,299940,34211,41117,5000,0.094604,False
214,219,STAFFIIIDatabase,STAFFIIIDatabase,True,ECG,299690,299840,34211,41612,5000,0.118292,False
214,220,STAFFIIIDatabase,STAFFIIIDatabase,True,ECG,299690,299790,34211,43217,5000,0.271675,False
214,221,STAFFIIIDatabase,STAFFIIIDatabase,True,ECG,299690,298340,34211,45616,5000,-0.011612,False
215,216,STAFFIIIDatabase,STAFFIIIDatabase,True,ECG,299990,299890,36276,37216,5000,0.045606,False
215,217,STAFFIIIDatabase,STAFFIIIDatabase,True,ECG,299990,299690,36276,38211,5000,-0.105564,False
215,218,STAFFIIIDatabase,STAFFIIIDatabase,True,ECG,299990,299940,36276,41117,5000,-0.051233,False
215,219,STAFFIIIDatabase,STAFFIIIDatabase,True,ECG,299990,299840,36276,41612,5000,-0.063589,False
215,220,STAFFIIIDatabase,STAFFIIIDatabase,True,ECG,299990,299790,36276,43217,5000,-0.099145,False
215,221,STAFFIIIDatabase,STAFFIIIDatabase,True,ECG,299990,298340,36276,45616,5000,-0.005198,False
216,217,STAFFIIIDatabase,STAFFIIIDatabase,True,ECG,299890,299690,37216,38211,5000,0.048178,False
216,218,STAFFIIIDatabase,STAFFIIIDatabase,True,ECG,299890,299940,37216,41117,5000,0.109005,False
216,219,STAFFIIIDatabase,STAFFIIIDatabase,True,ECG,299890,299840,37216,41612,5000,-0.083135,False
216,220,STAFFIIIDatabase,STAFFIIIDatabase,True,ECG,299890,299790,37216,43217,5000,-0.016616,False
216,221,STAFFIIIDatabase,STAFFIIIDatabase,True,ECG,299890,298340,37216,45616,5000,-0.097882,False
217,218,STAFFIIIDatabase,STAFFIIIDatabase,True,ECG,299690,299940,38211,41117,5000,0.094604,False
217,219,STAFFIIIDatabase,STAFFIIIDatabase,True,ECG,299690,299840,38211,41612,5000,0.118292,False
217,220,STAFFIIIDatabase,STAFFIIIDatabase,True,ECG,299690,299790,38211,43217,5000,0.271675,False
217,221,STAFFIIIDatabase,STAFFIIIDatabase,True,ECG,299690,298340,38211,45616,5000,-0.011612,False
218,219,STAFFIIIDatabase,STAFFIIIDatabase,True,ECG,299940,299840,41117,41612,5000,-0.028440,False
218,220,STAFFIIIDatabase,STAFFIIIDatabase,True,ECG,299940,299790,41117,43217,5000,0.026532,False
218,221,STAFFIIIDatabase,STAFFIIIDatabase,True,ECG,299940,298340,41117,45616,5000,-0.099115,False
219,220,STAFFIIIDatabase,STAFFIIIDatabase,True,ECG,299840,299790,41612,43217,5000,0.127719,False
219,221,STAFFIIIDatabase,STAFFIIIDatabase,True,ECG,299840,298340,41612,45616,5000,-0.080112,False
220,221,STAFFIIIDatabase,STAFFIIIDatabase,True,ECG,299790,298340,43217,45616,5000,-0.125549,False
222,223,mit14046longtermecg,mit14046longtermecg,True,ECG,211502,180386,56123,74123,5000,0.012005,False
222,224,mit14046longtermecg,mit14046longtermecg,True,ECG,211502,199753,56123,76123,5000,-0.021630,False
222,225,mit14046longtermecg,mit14046longtermecg,True,ECG,211502,199999,56123,81214,5000,-0.737745,False
222,226,mit14046longtermecg,mit14046longtermecg,True,ECG,211502,190001,56123,96123,5000,0.010233,False
223,224,mit14046longtermecg,mit14046longtermecg,True,ECG,180386,199753,74123,76123,5000,-0.021648,False
223,225,mit14046longtermecg,mit14046longtermecg,True,ECG,180386,199999,74123,81214,5000,-0.007194,False
223,226,mit14046longtermecg,mit14046longtermecg,True,ECG,180386,190001,74123,96123,5000,-0.001953,False
224,225,mit14046longtermecg,mit14046longtermecg,True,ECG,199753,199999,76123,81214,5000,0.008794,False
224,226,mit14046longtermecg,mit14046longtermecg,True,ECG,199753,190001,76123,96123,5000,0.044131,False
225,226,mit14046longtermecg,mit14046longtermecg,True,ECG,199999,190001,81214,96123,5000,-0.008632,False
227,228,mit14134longtermecg,mit14134longtermecg,True,ECG,59302,59000,11231,11361,5000,0.002682,False
227,229,mit14134longtermecg,mit14134longtermecg,True,ECG,59302,59000,11231,16363,5000,-0.003561,False
227,230,mit14134longtermecg,mit14134longtermecg,True,ECG,59302,59000,11231,19363,5000,0.000838,False
227,231,mit14134longtermecg,mit14134longtermecg,True,ECG,59302,59000,11231,8763,5000,0.025201,False
227,232,mit14134longtermecg,mit14134longtermecg,True,ECG,59302,59000,11231,8763,5000,0.025201,False
228,229,mit14134longtermecg,mit14134longtermecg,True,ECG,59000,59000,11361,16363,5000,0.018496,False
228,230,mit14134longtermecg,mit14134longtermecg,True,ECG,59000,59000,11361,19363,5000,0.036969,False
228,231,mit14134longtermecg,mit14134longtermecg,True,ECG,59000,59000,11361,8763,5000,-0.015054,False
228,232,mit14134longtermecg,mit14134longtermecg,True,ECG,59000,59000,11361,8763,5000,-0.015054,False
229,230,mit14134longtermecg,mit14134longtermecg,True,ECG,59000,59000,16363,19363,5000,-0.017157,False
229,231,mit14134longtermecg,mit14134longtermecg,True,ECG,59000,59000,16363,8763,5000,0.082452,False
229,232,mit14134longtermecg,mit14134longtermecg,True,ECG,59000,59000,16363,8763,5000,0.082452,False
230,231,mit14134longtermecg,mit14134longtermecg,True,ECG,59000,59000,19363,8763,5000,0.038097,False
230,232,mit14134longtermecg,mit14134longtermecg,True,ECG,59000,59000,19363,8763,5000,0.038097,False
231,232,mit14134longtermecg,mit14134longtermecg,True,ECG,59000,59000,8763,8763,5000,1.000000,True
233,234,mit14157longtermecg,mit14157longtermecg,True,ECG,92710,98710,18913,18913,5000,0.061190,False
233,235,mit14157longtermecg,mit14157longtermecg,True,ECG,92710,97300,18913,18913,5000,-0.030197,False
233,236,mit14157longtermecg,mit14157longtermecg,True,ECG,92710,97000,18913,19313,5000,-0.027955,False
233,237,mit14157longtermecg,mit14157longtermecg,True,ECG,92710,97000,18913,19313,5000,-0.029898,False
233,238,mit14157longtermecg,mit14157longtermecg,True,ECG,92710,99000,18913,21311,5000,0.028259,False
234,235,mit14157longtermecg,mit14157longtermecg,True,ECG,98710,97300,18913,18913,5000,0.006422,False
234,236,mit14157longtermecg,mit14157longtermecg,True,ECG,98710,97000,18913,19313,5000,-0.142371,False
234,237,mit14157longtermecg,mit14157longtermecg,True,ECG,98710,97000,18913,19313,5000,0.005784,False
234,238,mit14157longtermecg,mit14157longtermecg,True,ECG,98710,99000,18913,21311,5000,0.127031,False
235,236,mit14157longtermecg,mit14157longtermecg,True,ECG,97300,97000,18913,19313,5000,0.014568,False
235,237,mit14157longtermecg,mit14157longtermecg,True,ECG,97300,97000,18913,19313,5000,0.003852,False
235,238,mit14157longtermecg,mit14157longtermecg,True,ECG,97300,99000,18913,21311,5000,0.256443,False
236,237,mit14157longtermecg,mit14157longtermecg,True,ECG,97000,97000,19313,19313,5000,-0.030312,False
236,238,mit14157longtermecg,mit14157longtermecg,True,ECG,97000,99000,19313,21311,5000,-0.091724,False
237,238,mit14157longtermecg,mit14157longtermecg,True,ECG,97000,99000,19313,21311,5000,0.010419,False
239,240,taichidbS0715Master,taichidbS0715Master,True,Gait,897667,900000,190037,240030,5000,-0.348206,False
239,241,taichidbS0715Master,taichidbS0715Master,True,Gait,897667,900000,190037,250000,5000,0.852322,False
240,241,taichidbS0715Master,taichidbS0715Master,True,Gait,900000,900000,240030,250000,5000,-0.380890,False
242,243,tilt12744mtable,tilt12744mtable,True,ABP,286667,250001,100000,100000,5000,-0.005719,False
244,245,tilt12754table,tilt12754table,True,ABP,300262,298747,100013,100211,5000,-0.063879,False
246,247,tilt12755mtable,tilt12755mtable,True,ABP,299867,200000,100211,50211,5000,1.000000,True
248,249,weallwalk,weallwalk,True,Gait,8432,10524,2000,2753,2000,0.215921,False
248,250,weallwalk,weallwalk,True,Gait,8432,10468,2000,2951,2000,-0.011860,False
249,250,weallwalk,weallwalk,True,Gait,10524,10468,2753,2951,2753,0.051158,False
1,2,DISTORTED1sddb40,DISTORTED2sddb40,False,ECG,79795,80001,35000,35000,5000,0.982623,True
1,3,DISTORTED1sddb40,DISTORTED3sddb40,False,ECG,79795,80000,35000,35000,5000,0.980379,True
1,86,DISTORTED1sddb40,DISTORTEDsddb49,False,ECG,79795,80000,35000,20000,5000,-0.022263,False
1,110,DISTORTED1sddb40,2sddb40,False,ECG,79795,80001,35000,35000,5000,0.993044,True
1,111,DISTORTED1sddb40,3sddb40,False,ECG,79795,80000,35000,35000,5000,0.993044,True
1,194,DISTORTED1sddb40,sddb49,False,ECG,79795,80000,35000,20000,5000,-0.022610,False
2,3,DISTORTED2sddb40,DISTORTED3sddb40,False,ECG,80001,80000,35000,35000,5000,0.979347,True
2,86,DISTORTED2sddb40,DISTORTEDsddb49,False,ECG,80001,80000,35000,20000,5000,-0.036308,False
2,93,DISTORTED2sddb40,NOISE1sddb40,False,ECG,80001,79795,35000,35000,5000,0.984429,True
2,109,DISTORTED2sddb40,1sddb40,False,ECG,80001,79795,35000,35000,5000,0.989588,True
2,111,DISTORTED2sddb40,3sddb40,False,ECG,80001,80000,35000,35000,5000,0.989588,True
2,194,DISTORTED2sddb40,sddb49,False,ECG,80001,80000,35000,20000,5000,-0.038068,False
3,86,DISTORTED3sddb40,DISTORTEDsddb49,False,ECG,80000,80000,35000,20000,5000,-0.039111,False
3,93,DISTORTED3sddb40,NOISE1sddb40,False,ECG,80000,79795,35000,35000,5000,0.983155,True
3,109,DISTORTED3sddb40,1sddb40,False,ECG,80000,79795,35000,35000,5000,0.988483,True
3,110,DISTORTED3sddb40,2sddb40,False,ECG,80000,80001,35000,35000,5000,0.988483,True
3,194,DISTORTED3sddb40,sddb49,False,ECG,80000,80000,35000,20000,5000,-0.040900,False
11,12,DISTORTEDECG1,DISTORTEDECG2,False,ECG,30000,30000,10000,15000,5000,0.976541,True
11,13,DISTORTEDECG1,DISTORTEDECG3,False,ECG,30000,30000,10000,15000,5000,-0.006607,False
11,14,DISTORTEDECG1,DISTORTEDECG3,False,ECG,30000,30000,10000,8000,5000,-0.004450,False
11,16,DISTORTEDECG1,DISTORTEDECG4,False,ECG,30000,30000,10000,5000,5000,-0.005250,False
11,17,DISTORTEDECG1,DISTORTEDECG4,False,ECG,30000,30000,10000,5000,5000,0.001864,False
11,18,DISTORTEDECG1,DISTORTEDECG4,False,ECG,30000,30000,10000,8000,5000,-0.000727,False
11,75,DISTORTEDECG1,DISTORTEDqtdbSel100MLII,False,ECG,30000,30000,10000,4000,4000,-0.034019,False
11,96,DISTORTEDECG1,NOISEECG4,False,ECG,30000,30000,10000,5000,5000,-0.006400,False
11,120,DISTORTEDECG1,ECG2,False,ECG,30000,30000,10000,15000,5000,0.987393,True
11,121,DISTORTEDECG1,ECG3,False,ECG,30000,30000,10000,15000,5000,-0.005198,False
11,122,DISTORTEDECG1,ECG3,False,ECG,30000,30000,10000,8000,5000,-0.005198,False
11,124,DISTORTEDECG1,ECG4,False,ECG,30000,30000,10000,5000,5000,-0.005198,False
11,125,DISTORTEDECG1,ECG4,False,ECG,30000,30000,10000,5000,5000,-0.005198,False
11,126,DISTORTEDECG1,ECG4,False,ECG,30000,30000,10000,8000,5000,-0.005198,False
11,183,DISTORTEDECG1,qtdbSel100MLII,False,ECG,30000,30000,10000,4000,4000,-0.033402,False
12,13,DISTORTEDECG2,DISTORTEDECG3,False,ECG,30000,30000,15000,15000,5000,0.010299,False
12,14,DISTORTEDECG2,DISTORTEDECG3,False,ECG,30000,30000,15000,8000,5000,0.008034,False
12,16,DISTORTEDECG2,DISTORTEDECG4,False,ECG,30000,30000,15000,5000,5000,0.008877,False
12,17,DISTORTEDECG2,DISTORTEDECG4,False,ECG,30000,30000,15000,5000,5000,0.017762,False
12,18,DISTORTEDECG2,DISTORTEDECG4,False,ECG,30000,30000,15000,8000,5000,0.020001,False
12,75,DISTORTEDECG2,DISTORTEDqtdbSel100MLII,False,ECG,30000,30000,15000,4000,4000,-0.036054,False
12,96,DISTORTEDECG2,NOISEECG4,False,ECG,30000,30000,15000,5000,5000,0.009941,False
12,119,DISTORTEDECG2,ECG1,False,ECG,30000,30000,15000,10000,5000,0.988173,True
12,121,DISTORTEDECG2,ECG3,False,ECG,30000,30000,15000,15000,5000,0.010776,False
12,122,DISTORTEDECG2,ECG3,False,ECG,30000,30000,15000,8000,5000,0.010776,False
12,124,DISTORTEDECG2,ECG4,False,ECG,30000,30000,15000,5000,5000,0.010776,False
12,125,DISTORTEDECG2,ECG4,False,ECG,30000,30000,15000,5000,5000,0.010776,False
12,126,DISTORTEDECG2,ECG4,False,ECG,30000,30000,15000,8000,5000,0.010776,False
12,183,DISTORTEDECG2,qtdbSel100MLII,False,ECG,30000,30000,15000,4000,4000,-0.036195,False
13,16,DISTORTEDECG3,DISTORTEDECG4,False,ECG,30000,30000,15000,5000,5000,0.983186,True
13,17,DISTORTEDECG3,DISTORTEDECG4,False,ECG,30000,30000,15000,5000,5000,0.980082,True
13,18,DISTORTEDECG3,DISTORTEDECG4,False,ECG,30000,30000,15000,8000,5000,0.980979,True
13,75,DISTORTEDECG3,DISTORTEDqtdbSel100MLII,False,ECG,30000,30000,15000,4000,4000,0.027255,False
13,96,DISTORTEDECG3,NOISEECG4,False,ECG,30000,30000,15000,5000,5000,0.984908,True
13,119,DISTORTEDECG3,ECG1,False,ECG,30000,30000,15000,10000,5000,0.005188,False
13,120,DISTORTEDECG3,ECG2,False,ECG,30000,30000,15000,15000,5000,0.005188,False
13,124,DISTORTEDECG3,ECG4,False,ECG,30000,30000,15000,5000,5000,0.989711,True
13,125,DISTORTEDECG3,ECG4,False,ECG,30000,30000,15000,5000,5000,0.989711,True
13,126,DISTORTEDECG3,ECG4,False,ECG,30000,30000,15000,8000,5000,0.989711,True
13,183,DISTORTEDECG3,qtdbSel100MLII,False,ECG,30000,30000,15000,4000,4000,0.024273,False
14,16,DISTORTEDECG3,DISTORTEDECG4,False,ECG,30000,30000,8000,5000,5000,0.981521,True
14,17,DISTORTEDECG3,DISTORTEDECG4,False,ECG,30000,30000,8000,5000,5000,0.978805,True
14,18,DISTORTEDECG3,DISTORTEDECG4,False,ECG,30000,30000,8000,8000,5000,0.980354,True
14,75,DISTORTEDECG3,DISTORTEDqtdbSel100MLII,False,ECG,30000,30000,8000,4000,4000,0.013476,False
14,96,DISTORTEDECG3,NOISEECG4,False,ECG,30000,30000,8000,5000,5000,0.986346,True
14,119,DISTORTEDECG3,ECG1,False,ECG,30000,30000,8000,10000,5000,0.008681,False
14,120,DISTORTEDECG3,ECG2,False,ECG,30000,30000,8000,15000,5000,0.008681,False
14,124,DISTORTEDECG3,ECG4,False,ECG,30000,30000,8000,5000,5000,0.991036,True
14,125,DISTORTEDECG3,ECG4,False,ECG,30000,30000,8000,5000,5000,0.991036,True
14,126,DISTORTEDECG3,ECG4,False,ECG,30000,30000,8000,8000,5000,0.991036,True
14,183,DISTORTEDECG3,qtdbSel100MLII,False,ECG,30000,30000,8000,4000,4000,0.011938,False
15,224,DISTORTEDECG4,mit14046longtermecg,False,ECG,200000,199753,5000,76123,5000,0.006103,False
15,225,DISTORTEDECG4,mit14046longtermecg,False,ECG,200000,199999,5000,81214,5000,0.008830,False
16,75,DISTORTEDECG4,DISTORTEDqtdbSel100MLII,False,ECG,30000,30000,5000,4000,4000,0.025671,False
16,119,DISTORTEDECG4,ECG1,False,ECG,30000,30000,5000,10000,5000,0.006848,False
16,120,DISTORTEDECG4,ECG2,False,ECG,30000,30000,5000,15000,5000,0.006848,False
16,121,DISTORTEDECG4,ECG3,False,ECG,30000,30000,5000,15000,5000,0.990085,True
16,122,DISTORTEDECG4,ECG3,False,ECG,30000,30000,5000,8000,5000,0.990085,True
16,183,DISTORTEDECG4,qtdbSel100MLII,False,ECG,30000,30000,5000,4000,4000,0.020491,False
17,75,DISTORTEDECG4,DISTORTEDqtdbSel100MLII,False,ECG,30000,30000,5000,4000,4000,0.019270,False
17,119,DISTORTEDECG4,ECG1,False,ECG,30000,30000,5000,10000,5000,0.012389,False
17,120,DISTORTEDECG4,ECG2,False,ECG,30000,30000,5000,15000,5000,0.012389,False
17,121,DISTORTEDECG4,ECG3,False,ECG,30000,30000,5000,15000,5000,0.989932,True
17,122,DISTORTEDECG4,ECG3,False,ECG,30000,30000,5000,8000,5000,0.989932,True
17,183,DISTORTEDECG4,qtdbSel100MLII,False,ECG,30000,30000,5000,4000,4000,0.014532,False
18,75,DISTORTEDECG4,DISTORTEDqtdbSel100MLII,False,ECG,30000,30000,8000,4000,4000,0.016882,False
18,119,DISTORTEDECG4,ECG1,False,ECG,30000,30000,8000,10000,5000,0.013709,False
18,120,DISTORTEDECG4,ECG2,False,ECG,30000,30000,8000,15000,5000,0.013709,False
18,121,DISTORTEDECG4,ECG3,False,ECG,30000,30000,8000,15000,5000,0.989540,True
18,122,DISTORTEDECG4,ECG3,False,ECG,30000,30000,8000,8000,5000,0.989540,True
18,183,DISTORTEDECG4,qtdbSel100MLII,False,ECG,30000,30000,8000,4000,4000,0.012117,False
55,56,DISTORTEDapneaecg2,DISTORTEDapneaecg3,False,ECG,38501,38379,10000,5000,5000,0.008823,False
55,57,DISTORTEDapneaecg2,DISTORTEDapneaecg4,False,ECG,38501,38269,10000,6000,5000,-0.008818,False
55,58,DISTORTEDapneaecg2,DISTORTEDapneaecg,False,ECG,38501,38501,10000,10000,5000,0.978993,True
55,104,DISTORTEDapneaecg2,NOISEapneaecg4,False,ECG,38501,38269,10000,6000,5000,-0.009811,False
55,164,DISTORTEDapneaecg2,apneaecg3,False,ECG,38501,38379,10000,5000,5000,0.004814,False
55,165,DISTORTEDapneaecg2,apneaecg4,False,ECG,38501,38269,10000,6000,5000,-0.014184,False
55,166,DISTORTEDapneaecg2,apneaecg,False,ECG,38501,38501,10000,10000,5000,0.987375,True
56,57,DISTORTEDapneaecg3,DISTORTEDapneaecg4,False,ECG,38379,38269,5000,6000,5000,0.023317,False
56,58,DISTORTEDapneaecg3,DISTORTEDapneaecg,False,ECG,38379,38501,5000,10000,5000,0.012982,False
56,104,DISTORTEDapneaecg3,NOISEapneaecg4,False,ECG,38379,38269,5000,6000,5000,0.024889,False
56,163,DISTORTEDapneaecg3,apneaecg2,False,ECG,38379,38501,5000,10000,5000,0.013026,False
56,165,DISTORTEDapneaecg3,apneaecg4,False,ECG,38379,38269,5000,6000,5000,0.024103,False
56,166,DISTORTEDapneaecg3,apneaecg,False,ECG,38379,38501,5000,10000,5000,0.013026,False
57,58,DISTORTEDapneaecg4,DISTORTEDapneaecg,False,ECG,38269,38501,6000,10000,5000,-0.005436,False
57,163,DISTORTEDapneaecg4,apneaecg2,False,ECG,38269,38501,6000,10000,5000,-0.011617,False
57,164,DISTORTEDapneaecg4,apneaecg3,False,ECG,38269,38379,6000,5000,5000,0.023584,False
57,166,DISTORTEDapneaecg4,apneaecg,False,ECG,38269,38501,6000,10000,5000,-0.011617,False
58,104,DISTORTEDapneaecg,NOISEapneaecg4,False,ECG,38501,38269,10000,6000,5000,-0.003181,False
58,163,DISTORTEDapneaecg,apneaecg2,False,ECG,38501,38501,10000,10000,5000,0.992397,True
58,164,DISTORTEDapneaecg,apneaecg3,False,ECG,38501,38379,10000,5000,5000,0.009634,False
58,165,DISTORTEDapneaecg,apneaecg4,False,ECG,38501,38269,10000,6000,5000,-0.007966,False
71,72,DISTORTEDltstdbs30791AS,DISTORTEDltstdbs30791ES,False,ECG,55000,55000,23000,20000,5000,-0.741411,False
71,180,DISTORTEDltstdbs30791AS,ltstdbs30791ES,False,ECG,55000,55000,23000,20000,5000,-0.751624,False
72,179,DISTORTEDltstdbs30791ES,ltstdbs30791AS,False,ECG,55000,55000,20000,23000,5000,-0.745545,False
75,96,DISTORTEDqtdbSel100MLII,NOISEECG4,False,ECG,30000,30000,4000,5000,4000,0.023224,False
75,119,DISTORTEDqtdbSel100MLII,ECG1,False,ECG,30000,30000,4000,10000,4000,-0.035877,False
75,120,DISTORTEDqtdbSel100MLII,ECG2,False,ECG,30000,30000,4000,15000,4000,-0.035877,False
75,121,DISTORTEDqtdbSel100MLII,ECG3,False,ECG,30000,30000,4000,15000,4000,0.024700,False
75,122,DISTORTEDqtdbSel100MLII,ECG3,False,ECG,30000,30000,4000,8000,4000,0.024700,False
75,124,DISTORTEDqtdbSel100MLII,ECG4,False,ECG,30000,30000,4000,5000,4000,0.024700,False
75,125,DISTORTEDqtdbSel100MLII,ECG4,False,ECG,30000,30000,4000,5000,4000,0.024700,False
75,126,DISTORTEDqtdbSel100MLII,ECG4,False,ECG,30000,30000,4000,8000,4000,0.024700,False
84,85,DISTORTEDs20101mML2,DISTORTEDs20101m,False,ECG,40000,40000,12000,10000,5000,0.594702,False
84,193,DISTORTEDs20101mML2,s20101m,False,ECG,40000,40000,12000,10000,5000,0.608593,False
84,205,DISTORTEDs20101mML2,CHARISfive,False,ECG,40000,39870,12000,9812,5000,-0.053426,False
84,207,DISTORTEDs20101mML2,CHARISten,False,ECG,40000,39870,12000,3165,3165,-0.037550,False
85,192,DISTORTEDs20101m,s20101mML2,False,ECG,40000,40000,10000,12000,5000,0.596397,False
85,205,DISTORTEDs20101m,CHARISfive,False,ECG,40000,39870,10000,9812,5000,-0.042833,False
85,207,DISTORTEDs20101m,CHARISten,False,ECG,40000,39870,10000,3165,3165,-0.041347,False
86,93,DISTORTEDsddb49,NOISE1sddb40,False,ECG,80000,79795,20000,35000,5000,-0.039842,False
86,109,DISTORTEDsddb49,1sddb40,False,ECG,80000,79795,20000,35000,5000,-0.039219,False
86,110,DISTORTEDsddb49,2sddb40,False,ECG,80000,80001,20000,35000,5000,-0.039219,False
86,111,DISTORTEDsddb49,3sddb40,False,ECG,80000,80000,20000,35000,5000,-0.039219,False
93,110,NOISE1sddb40,2sddb40,False,ECG,79795,80001,35000,35000,5000,0.994738,True
93,111,NOISE1sddb40,3sddb40,False,ECG,79795,80000,35000,35000,5000,0.994738,True
93,194,NOISE1sddb40,sddb49,False,ECG,79795,80000,35000,20000,5000,-0.039973,False
96,119,NOISEECG4,ECG1,False,ECG,30000,30000,5000,10000,5000,0.006251,False
96,120,NOISEECG4,ECG2,False,ECG,30000,30000,5000,15000,5000,0.006251,False
96,121,NOISEECG4,ECG3,False,ECG,30000,30000,5000,15000,5000,0.995187,True
96,122,NOISEECG4,ECG3,False,ECG,30000,30000,5000,8000,5000,0.995187,True
96,183,NOISEECG4,qtdbSel100MLII,False,ECG,30000,30000,5000,4000,4000,0.020038,False
104,163,NOISEapneaecg4,apneaecg2,False,ECG,38269,38501,6000,10000,5000,-0.012224,False
104,164,NOISEapneaecg4,apneaecg3,False,ECG,38269,38379,6000,5000,5000,0.026003,False
104,166,NOISEapneaecg4,apneaecg,False,ECG,38269,38501,6000,10000,5000,-0.012224,False
109,110,1sddb40,2sddb40,False,ECG,79795,80001,35000,35000,5000,1.000000,True
109,111,1sddb40,3sddb40,False,ECG,79795,80000,35000,35000,5000,1.000000,True
109,194,1sddb40,sddb49,False,ECG,79795,80000,35000,20000,5000,-0.040185,False
110,111,2sddb40,3sddb40,False,ECG,80001,80000,35000,35000,5000,1.000000,True
110,194,2sddb40,sddb49,False,ECG,80001,80000,35000,20000,5000,-0.040185,False
111,194,3sddb40,sddb49,False,ECG,80000,80000,35000,20000,5000,-0.040185,False
119,120,ECG1,ECG2,False,ECG,30000,30000,10000,15000,5000,1.000000,True
119,121,ECG1,ECG3,False,ECG,30000,30000,10000,15000,5000,0.007357,False
119,122,ECG1,ECG3,False,ECG,30000,30000,10000,8000,5000,0.007357,False
119,124,ECG1,ECG4,False,ECG,30000,30000,10000,5000,5000,0.007357,False
119,125,ECG1,ECG4,False,ECG,30000,30000,10000,5000,5000,0.007357,False
119,126,ECG1,ECG4,False,ECG,30000,30000,10000,8000,5000,0.007357,False
119,183,ECG1,qtdbSel100MLII,False,ECG,30000,30000,10000,4000,4000,-0.039258,False
120,121,ECG2,ECG3,False,ECG,30000,30000,15000,15000,5000,0.007357,False
120,122,ECG2,ECG3,False,ECG,30000,30000,15000,8000,5000,0.007357,False
120,124,ECG2,ECG4,False,ECG,30000,30000,15000,5000,5000,0.007357,False
120,125,ECG2,ECG4,False,ECG,30000,30000,15000,5000,5000,0.007357,False
120,126,ECG2,ECG4,False,ECG,30000,30000,15000,8000,5000,0.007357,False
120,183,ECG2,qtdbSel100MLII,False,ECG,30000,30000,15000,4000,4000,-0.039258,False
121,124,ECG3,ECG4,False,ECG,30000,30000,15000,5000,5000,1.000000,True
121,125,ECG3,ECG4,False,ECG,30000,30000,15000,5000,5000,1.000000,True
121,126,ECG3,ECG4,False,ECG,30000,30000,15000,8000,5000,1.000000,True
121,183,ECG3,qtdbSel100MLII,False,ECG,30000,30000,15000,4000,4000,0.021654,False
122,124,ECG3,ECG4,False,ECG,30000,30000,8000,5000,5000,1.000000,True
122,125,ECG3,ECG4,False,ECG,30000,30000,8000,5000,5000,1.000000,True
122,126,ECG3,ECG4,False,ECG,30000,30000,8000,8000,5000,1.000000,True
122,183,ECG3,qtdbSel100MLII,False,ECG,30000,30000,8000,4000,4000,0.021654,False
123,224,ECG4,mit14046longtermecg,False,ECG,200000,199753,5000,76123,5000,0.002471,False
123,225,ECG4,mit14046longtermecg,False,ECG,200000,199999,5000,81214,5000,0.007546,False
124,183,ECG4,qtdbSel100MLII,False,ECG,30000,30000,5000,4000,4000,0.021654,False
125,183,ECG4,qtdbSel100MLII,False,ECG,30000,30000,5000,4000,4000,0.021654,False
126,183,ECG4,qtdbSel100MLII,False,ECG,30000,30000,8000,4000,4000,0.021654,False
163,164,apneaecg2,apneaecg3,False,ECG,38501,38379,10000,5000,5000,0.010439,False
163,165,apneaecg2,apneaecg4,False,ECG,38501,38269,10000,6000,5000,-0.016705,False
163,166,apneaecg2,apneaecg,False,ECG,38501,38501,10000,10000,5000,1.000000,True
164,165,apneaecg3,apneaecg4,False,ECG,38379,38269,5000,6000,5000,0.025283,False
164,166,apneaecg3,apneaecg,False,ECG,38379,38501,5000,10000,5000,0.010439,False
165,166,apneaecg4,apneaecg,False,ECG,38269,38501,6000,10000,5000,-0.016705,False
179,180,ltstdbs30791AS,ltstdbs30791ES,False,ECG,55000,55000,23000,20000,5000,-0.756834,False
192,193,s20101mML2,s20101m,False,ECG,40000,40000,12000,10000,5000,0.609433,False
192,205,s20101mML2,CHARISfive,False,ECG,40000,39870,12000,9812,5000,-0.034846,False
192,207,s20101mML2,CHARISten,False,ECG,40000,39870,12000,3165,3165,-0.052547,False
193,205,s20101m,CHARISfive,False,ECG,40000,39870,10000,9812,5000,-0.038959,False
193,207,s20101m,CHARISten,False,ECG,40000,39870,10000,3165,3165,-0.044641,False
202,206,CHARISfive,CHARISten,False,ECG,41790,42000,10411,25130,5000,0.037966,False
203,206,CHARISfive,CHARISten,False,ECG,41612,42000,10500,25130,5000,-0.001579,False
204,206,CHARISfive,CHARISten,False,ECG,41999,42000,12412,25130,5000,0.054336,False
205,207,CHARISfive,CHARISten,False,ECG,39870,39870,9812,3165,3165,0.040900,False
209,233,Fantasia,mit14157longtermecg,False,ECG,92000,92710,19000,18913,5000,-0.005773,False
5,6,DISTORTEDCIMIS44AirTemperature1,DISTORTEDCIMIS44AirTemperature2,False,Air Temperature,8184,8184,4000,4000,4000,0.980402,True
5,7,DISTORTEDCIMIS44AirTemperature1,DISTORTEDCIMIS44AirTemperature3,False,Air Temperature,8184,8184,4000,4000,4000,0.980890,True
5,8,DISTORTEDCIMIS44AirTemperature1,DISTORTEDCIMIS44AirTemperature4,False,Air Temperature,8184,8184,4000,4000,4000,0.979398,True
5,9,DISTORTEDCIMIS44AirTemperature1,DISTORTEDCIMIS44AirTemperature5,False,Air Temperature,8184,8184,4000,4000,4000,0.980853,True
5,10,DISTORTEDCIMIS44AirTemperature1,DISTORTEDCIMIS44AirTemperature6,False,Air Temperature,8184,8184,4000,4000,4000,0.982231,True
5,95,DISTORTEDCIMIS44AirTemperature1,NOISECIMIS44AirTemperature4,False,Air Temperature,8184,8184,4000,4000,4000,0.986160,True
5,114,DISTORTEDCIMIS44AirTemperature1,CIMIS44AirTemperature2,False,Air Temperature,8184,8184,4000,4000,4000,0.991036,True
5,115,DISTORTEDCIMIS44AirTemperature1,CIMIS44AirTemperature3,False,Air Temperature,8184,8184,4000,4000,4000,0.991036,True
5,116,DISTORTEDCIMIS44AirTemperature1,CIMIS44AirTemperature4,False,Air Temperature,8184,8184,4000,4000,4000,0.991036,True
5,117,DISTORTEDCIMIS44AirTemperature1,CIMIS44AirTemperature5,False,Air Temperature,8184,8184,4000,4000,4000,0.991036,True
5,118,DISTORTEDCIMIS44AirTemperature1,CIMIS44AirTemperature6,False,Air Temperature,8184,8184,4000,4000,4000,0.991036,True
6,7,DISTORTEDCIMIS44AirTemperature2,DISTORTEDCIMIS44AirTemperature3,False,Air Temperature,8184,8184,4000,4000,4000,0.982206,True
6,8,DISTORTEDCIMIS44AirTemperature2,DISTORTEDCIMIS44AirTemperature4,False,Air Temperature,8184,8184,4000,4000,4000,0.981008,True
6,9,DISTORTEDCIMIS44AirTemperature2,DISTORTEDCIMIS44AirTemperature5,False,Air Temperature,8184,8184,4000,4000,4000,0.981213,True
6,10,DISTORTEDCIMIS44AirTemperature2,DISTORTEDCIMIS44AirTemperature6,False,Air Temperature,8184,8184,4000,4000,4000,0.979366,True
6,95,DISTORTEDCIMIS44AirTemperature2,NOISECIMIS44AirTemperature4,False,Air Temperature,8184,8184,4000,4000,4000,0.986873,True
6,113,DISTORTEDCIMIS44AirTemperature2,CIMIS44AirTemperature1,False,Air Temperature,8184,8184,4000,4000,4000,0.991938,True
6,115,DISTORTEDCIMIS44AirTemperature2,CIMIS44AirTemperature3,False,Air Temperature,8184,8184,4000,4000,4000,0.991938,True
6,116,DISTORTEDCIMIS44AirTemperature2,CIMIS44AirTemperature4,False,Air Temperature,8184,8184,4000,4000,4000,0.991938,True
6,117,DISTORTEDCIMIS44AirTemperature2,CIMIS44AirTemperature5,False,Air Temperature,8184,8184,4000,4000,4000,0.991938,True
6,118,DISTORTEDCIMIS44AirTemperature2,CIMIS44AirTemperature6,False,Air Temperature,8184,8184,4000,4000,4000,0.991938,True
7,8,DISTORTEDCIMIS44AirTemperature3,DISTORTEDCIMIS44AirTemperature4,False,Air Temperature,8184,8184,4000,4000,4000,0.978906,True
7,9,DISTORTEDCIMIS44AirTemperature3,DISTORTEDCIMIS44AirTemperature5,False,Air Temperature,8184,8184,4000,4000,4000,0.979561,True
7,10,DISTORTEDCIMIS44AirTemperature3,DISTORTEDCIMIS44AirTemperature6,False,Air Temperature,8184,8184,4000,4000,4000,0.981297,True
7,95,DISTORTEDCIMIS44AirTemperature3,NOISECIMIS44AirTemperature4,False,Air Temperature,8184,8184,4000,4000,4000,0.985416,True
7,113,DISTORTEDCIMIS44AirTemperature3,CIMIS44AirTemperature1,False,Air Temperature,8184,8184,4000,4000,4000,0.990614,True
7,114,DISTORTEDCIMIS44AirTemperature3,CIMIS44AirTemperature2,False,Air Temperature,8184,8184,4000,4000,4000,0.990614,True
7,116,DISTORTEDCIMIS44AirTemperature3,CIMIS44AirTemperature4,False,Air Temperature,8184,8184,4000,4000,4000,0.990614,True
7,117,DISTORTEDCIMIS44AirTemperature3,CIMIS44AirTemperature5,False,Air Temperature,8184,8184,4000,4000,4000,0.990614,True
7,118,DISTORTEDCIMIS44AirTemperature3,CIMIS44AirTemperature6,False,Air Temperature,8184,8184,4000,4000,4000,0.990614,True
8,9,DISTORTEDCIMIS44AirTemperature4,DISTORTEDCIMIS44AirTemperature5,False,Air Temperature,8184,8184,4000,4000,4000,0.975116,True
8,10,DISTORTEDCIMIS44AirTemperature4,DISTORTEDCIMIS44AirTemperature6,False,Air Temperature,8184,8184,4000,4000,4000,0.982763,True
8,113,DISTORTEDCIMIS44AirTemperature4,CIMIS44AirTemperature1,False,Air Temperature,8184,8184,4000,4000,4000,0.988279,True
8,114,DISTORTEDCIMIS44AirTemperature4,CIMIS44AirTemperature2,False,Air Temperature,8184,8184,4000,4000,4000,0.988279,True
8,115,DISTORTEDCIMIS44AirTemperature4,CIMIS44AirTemperature3,False,Air Temperature,8184,8184,4000,4000,4000,0.988279,True
8,117,DISTORTEDCIMIS44AirTemperature4,CIMIS44AirTemperature5,False,Air Temperature,8184,8184,4000,4000,4000,0.988279,True
8,118,DISTORTEDCIMIS44AirTemperature4,CIMIS44AirTemperature6,False,Air Temperature,8184,8184,4000,4000,4000,0.988279,True
9,10,DISTORTEDCIMIS44AirTemperature5,DISTORTEDCIMIS44AirTemperature6,False,Air Temperature,8184,8184,4000,4000,4000,0.979198,True
9,95,DISTORTEDCIMIS44AirTemperature5,NOISECIMIS44AirTemperature4,False,Air Temperature,8184,8184,4000,4000,4000,0.984552,True
9,113,DISTORTEDCIMIS44AirTemperature5,CIMIS44AirTemperature1,False,Air Temperature,8184,8184,4000,4000,4000,0.989482,True
9,114,DISTORTEDCIMIS44AirTemperature5,CIMIS44AirTemperature2,False,Air Temperature,8184,8184,4000,4000,4000,0.989482,True
9,115,DISTORTEDCIMIS44AirTemperature5,CIMIS44AirTemperature3,False,Air Temperature,8184,8184,4000,4000,4000,0.989482,True
9,116,DISTORTEDCIMIS44AirTemperature5,CIMIS44AirTemperature4,False,Air Temperature,8184,8184,4000,4000,4000,0.989482,True
9,118,DISTORTEDCIMIS44AirTemperature5,CIMIS44AirTemperature6,False,Air Temperature,8184,8184,4000,4000,4000,0.989482,True
10,95,DISTORTEDCIMIS44AirTemperature6,NOISECIMIS44AirTemperature4,False,Air Temperature,8184,8184,4000,4000,4000,0.983875,True
10,113,DISTORTEDCIMIS44AirTemperature6,CIMIS44AirTemperature1,False,Air Temperature,8184,8184,4000,4000,4000,0.988726,True
10,114,DISTORTEDCIMIS44AirTemperature6,CIMIS44AirTemperature2,False,Air Temperature,8184,8184,4000,4000,4000,0.988726,True
10,115,DISTORTEDCIMIS44AirTemperature6,CIMIS44AirTemperature3,False,Air Temperature,8184,8184,4000,4000,4000,0.988726,True
10,116,DISTORTEDCIMIS44AirTemperature6,CIMIS44AirTemperature4,False,Air Temperature,8184,8184,4000,4000,4000,0.988726,True
10,117,DISTORTEDCIMIS44AirTemperature6,CIMIS44AirTemperature5,False,Air Temperature,8184,8184,4000,4000,4000,0.988726,True
95,113,NOISECIMIS44AirTemperature4,CIMIS44AirTemperature1,False,Air Temperature,8184,8184,4000,4000,4000,0.994874,True
95,114,NOISECIMIS44AirTemperature4,CIMIS44AirTemperature2,False,Air Temperature,8184,8184,4000,4000,4000,0.994874,True
95,115,NOISECIMIS44AirTemperature4,CIMIS44AirTemperature3,False,Air Temperature,8184,8184,4000,4000,4000,0.994874,True
95,117,NOISECIMIS44AirTemperature4,CIMIS44AirTemperature5,False,Air Temperature,8184,8184,4000,4000,4000,0.994874,True
95,118,NOISECIMIS44AirTemperature4,CIMIS44AirTemperature6,False,Air Temperature,8184,8184,4000,4000,4000,0.994874,True
113,114,CIMIS44AirTemperature1,CIMIS44AirTemperature2,False,Air Temperature,8184,8184,4000,4000,4000,1.000000,True
113,115,CIMIS44AirTemperature1,CIMIS44AirTemperature3,False,Air Temperature,8184,8184,4000,4000,4000,1.000000,True
113,116,CIMIS44AirTemperature1,CIMIS44AirTemperature4,False,Air Temperature,8184,8184,4000,4000,4000,1.000000,True
113,117,CIMIS44AirTemperature1,CIMIS44AirTemperature5,False,Air Temperature,8184,8184,4000,4000,4000,1.000000,True
113,118,CIMIS44AirTemperature1,CIMIS44AirTemperature6,False,Air Temperature,8184,8184,4000,4000,4000,1.000000,True
114,115,CIMIS44AirTemperature2,CIMIS44AirTemperature3,False,Air Temperature,8184,8184,4000,4000,4000,1.000000,True
114,116,CIMIS44AirTemperature2,CIMIS44AirTemperature4,False,Air Temperature,8184,8184,4000,4000,4000,1.000000,True
114,117,CIMIS44AirTemperature2,CIMIS44AirTemperature5,False,Air Temperature,8184,8184,4000,4000,4000,1.000000,True
114,118,CIMIS44AirTemperature2,CIMIS44AirTemperature6,False,Air Temperature,8184,8184,4000,4000,4000,1.000000,True
115,116,CIMIS44AirTemperature3,CIMIS44AirTemperature4,False,Air Temperature,8184,8184,4000,4000,4000,1.000000,True
115,117,CIMIS44AirTemperature3,CIMIS44AirTemperature5,False,Air Temperature,8184,8184,4000,4000,4000,1.000000,True
115,118,CIMIS44AirTemperature3,CIMIS44AirTemperature6,False,Air Temperature,8184,8184,4000,4000,4000,1.000000,True
116,117,CIMIS44AirTemperature4,CIMIS44AirTemperature5,False,Air Temperature,8184,8184,4000,4000,4000,1.000000,True
116,118,CIMIS44AirTemperature4,CIMIS44AirTemperature6,False,Air Temperature,8184,8184,4000,4000,4000,1.000000,True
117,118,CIMIS44AirTemperature5,CIMIS44AirTemperature6,False,Air Temperature,8184,8184,4000,4000,4000,1.000000,True
19,20,DISTORTEDGP711MarkerLFM5z1,DISTORTEDGP711MarkerLFM5z2,False,Gait,12000,12000,5000,5000,5000,0.983720,True
19,21,DISTORTEDGP711MarkerLFM5z1,DISTORTEDGP711MarkerLFM5z3,False,Gait,12000,12000,5000,5000,5000,0.980950,True
19,22,DISTORTEDGP711MarkerLFM5z1,DISTORTEDGP711MarkerLFM5z4,False,Gait,12000,12000,5000,4000,4000,0.983521,True
19,23,DISTORTEDGP711MarkerLFM5z1,DISTORTEDGP711MarkerLFM5z5,False,Gait,12000,12000,5000,5000,5000,0.981576,True
19,97,DISTORTEDGP711MarkerLFM5z1,NOISEGP711MarkerLFM5z3,False,Gait,12000,12000,5000,5000,5000,0.986842,True
19,128,DISTORTEDGP711MarkerLFM5z1,GP711MarkerLFM5z2,False,Gait,12000,12000,5000,5000,5000,0.991467,True
19,129,DISTORTEDGP711MarkerLFM5z1,GP711MarkerLFM5z3,False,Gait,12000,12000,5000,5000,5000,0.991467,True
19,130,DISTORTEDGP711MarkerLFM5z1,GP711MarkerLFM5z4,False,Gait,12000,12000,5000,4000,4000,0.992593,True
19,131,DISTORTEDGP711MarkerLFM5z1,GP711MarkerLFM5z5,False,Gait,12000,12000,5000,5000,5000,0.991467,True
20,21,DISTORTEDGP711MarkerLFM5z2,DISTORTEDGP711MarkerLFM5z3,False,Gait,12000,12000,5000,5000,5000,0.980604,True
20,22,DISTORTEDGP711MarkerLFM5z2,DISTORTEDGP711MarkerLFM5z4,False,Gait,12000,12000,5000,4000,4000,0.982533,True
20,23,DISTORTEDGP711MarkerLFM5z2,DISTORTEDGP711MarkerLFM5z5,False,Gait,12000,12000,5000,5000,5000,0.981375,True
20,97,DISTORTEDGP711MarkerLFM5z2,NOISEGP711MarkerLFM5z3,False,Gait,12000,12000,5000,5000,5000,0.986459,True
20,127,DISTORTEDGP711MarkerLFM5z2,GP711MarkerLFM5z1,False,Gait,12000,12000,5000,5000,5000,0.991397,True
20,129,DISTORTEDGP711MarkerLFM5z2,GP711MarkerLFM5z3,False,Gait,12000,12000,5000,5000,5000,0.991397,True
20,130,DISTORTEDGP711MarkerLFM5z2,GP711MarkerLFM5z4,False,Gait,12000,12000,5000,4000,4000,0.990982,True
20,131,DISTORTEDGP711MarkerLFM5z2,GP711MarkerLFM5z5,False,Gait,12000,12000,5000,5000,5000,0.991397,True
21,22,DISTORTEDGP711MarkerLFM5z3,DISTORTEDGP711MarkerLFM5z4,False,Gait,12000,12000,5000,4000,4000,0.983177,True
21,23,DISTORTEDGP711MarkerLFM5z3,DISTORTEDGP711MarkerLFM5z5,False,Gait,12000,12000,5000,5000,5000,0.976747,True
21,127,DISTORTEDGP711MarkerLFM5z3,GP711MarkerLFM5z1,False,Gait,12000,12000,5000,5000,5000,0.989610,True
21,128,DISTORTEDGP711MarkerLFM5z3,GP711MarkerLFM5z2,False,Gait,12000,12000,5000,5000,5000,0.989610,True
21,130,DISTORTEDGP711MarkerLFM5z3,GP711MarkerLFM5z4,False,Gait,12000,12000,5000,4000,4000,0.989293,True
21,131,DISTORTEDGP711MarkerLFM5z3,GP711MarkerLFM5z5,False,Gait,12000,12000,5000,5000,5000,0.989610,True
22,23,DISTORTEDGP711MarkerLFM5z4,DISTORTEDGP711MarkerLFM5z5,False,Gait,12000,12000,4000,5000,4000,0.977422,True
22,97,DISTORTEDGP711MarkerLFM5z4,NOISEGP711MarkerLFM5z3,False,Gait,12000,12000,4000,5000,4000,0.985275,True
22,127,DISTORTEDGP711MarkerLFM5z4,GP711MarkerLFM5z1,False,Gait,12000,12000,4000,5000,4000,0.990249,True
22,128,DISTORTEDGP711MarkerLFM5z4,GP711MarkerLFM5z2,False,Gait,12000,12000,4000,5000,4000,0.990249,True
22,129,DISTORTEDGP711MarkerLFM5z4,GP711MarkerLFM5z3,False,Gait,12000,12000,4000,5000,4000,0.990249,True
22,131,DISTORTEDGP711MarkerLFM5z4,GP711MarkerLFM5z5,False,Gait,12000,12000,4000,5000,4000,0.990249,True
23,97,DISTORTEDGP711MarkerLFM5z5,NOISEGP711MarkerLFM5z3,False,Gait,12000,12000,5000,5000,5000,0.983913,True
23,127,DISTORTEDGP711MarkerLFM5z5,GP711MarkerLFM5z1,False,Gait,12000,12000,5000,5000,5000,0.988760,True
23,128,DISTORTEDGP711MarkerLFM5z5,GP711MarkerLFM5z2,False,Gait,12000,12000,5000,5000,5000,0.988760,True
23,129,DISTORTEDGP711MarkerLFM5z5,GP711MarkerLFM5z3,False,Gait,12000,12000,5000,5000,5000,0.988760,True
23,130,DISTORTEDGP711MarkerLFM5z5,GP711MarkerLFM5z4,False,Gait,12000,12000,5000,4000,4000,0.988355,True
59,60,DISTORTEDgait1,DISTORTEDgait2,False,Gait,65000,65000,20000,22000,5000,0.971214,True
59,61,DISTORTEDgait1,DISTORTEDgait3,False,Gait,65000,65000,20000,24500,5000,0.974369,True
59,105,DISTORTEDgait1,NOISEgait3,False,Gait,65000,65000,20000,24500,5000,0.979145,True
59,168,DISTORTEDgait1,gait2,False,Gait,65000,65000,20000,22000,5000,0.986135,True
59,169,DISTORTEDgait1,gait3,False,Gait,65000,65000,20000,24500,5000,0.986135,True
60,61,DISTORTEDgait2,DISTORTEDgait3,False,Gait,65000,65000,22000,24500,5000,0.971553,True
60,105,DISTORTEDgait2,NOISEgait3,False,Gait,65000,65000,22000,24500,5000,0.978481,True
60,167,DISTORTEDgait2,gait1,False,Gait,65000,65000,22000,20000,5000,0.985103,True
60,169,DISTORTEDgait2,gait3,False,Gait,65000,65000,22000,24500,5000,0.985103,True
61,167,DISTORTEDgait3,gait1,False,Gait,65000,65000,24500,20000,5000,0.987664,True
61,168,DISTORTEDgait3,gait2,False,Gait,65000,65000,24500,22000,5000,0.987664,True
62,63,DISTORTEDgaitHunt1,DISTORTEDgaitHunt2,False,Gait,64000,64000,18500,18500,5000,0.971315,True
62,64,DISTORTEDgaitHunt1,DISTORTEDgaitHunt3,False,Gait,64000,64000,18500,23400,5000,0.967558,True
62,106,DISTORTEDgaitHunt1,NOISEgaitHunt2,False,Gait,64000,64000,18500,18500,5000,0.975635,True
62,171,DISTORTEDgaitHunt1,gaitHunt2,False,Gait,64000,64000,18500,18500,5000,0.982729,True
62,172,DISTORTEDgaitHunt1,gaitHunt3,False,Gait,64000,64000,18500,23400,5000,0.982729,True
63,64,DISTORTEDgaitHunt2,DISTORTEDgaitHunt3,False,Gait,64000,64000,18500,23400,5000,0.969391,True
63,170,DISTORTEDgaitHunt2,gaitHunt1,False,Gait,64000,64000,18500,18500,5000,0.984218,True
63,172,DISTORTEDgaitHunt2,gaitHunt3,False,Gait,64000,64000,18500,23400,5000,0.984218,True
64,106,DISTORTEDgaitHunt3,NOISEgaitHunt2,False,Gait,64000,64000,23400,18500,5000,0.978527,True
64,170,DISTORTEDgaitHunt3,gaitHunt1,False,Gait,64000,64000,23400,18500,5000,0.985898,True
64,171,DISTORTEDgaitHunt3,gaitHunt2,False,Gait,64000,64000,23400,18500,5000,0.985898,True
97,127,NOISEGP711MarkerLFM5z3,GP711MarkerLFM5z1,False,Gait,12000,12000,5000,5000,5000,0.995163,True
97,128,NOISEGP711MarkerLFM5z3,GP711MarkerLFM5z2,False,Gait,12000,12000,5000,5000,5000,0.995163,True
97,130,NOISEGP711MarkerLFM5z3,GP711MarkerLFM5z4,False,Gait,12000,12000,5000,4000,4000,0.995188,True
97,131,NOISEGP711MarkerLFM5z3,GP711MarkerLFM5z5,False,Gait,12000,12000,5000,5000,5000,0.995163,True
105,167,NOISEgait3,gait1,False,Gait,65000,65000,24500,20000,5000,0.993089,True
105,168,NOISEgait3,gait2,False,Gait,65000,65000,24500,22000,5000,0.993089,True
106,170,NOISEgaitHunt2,gaitHunt1,False,Gait,64000,64000,18500,18500,5000,0.992595,True
106,172,NOISEgaitHunt2,gaitHunt3,False,Gait,64000,64000,18500,23400,5000,0.992595,True
127,128,GP711MarkerLFM5z1,GP711MarkerLFM5z2,False,Gait,12000,12000,5000,5000,5000,1.000000,True
127,129,GP711MarkerLFM5z1,GP711MarkerLFM5z3,False,Gait,12000,12000,5000,5000,5000,1.000000,True
127,130,GP711MarkerLFM5z1,GP711MarkerLFM5z4,False,Gait,12000,12000,5000,4000,4000,1.000000,True
127,131,GP711MarkerLFM5z1,GP711MarkerLFM5z5,False,Gait,12000,12000,5000,5000,5000,1.000000,True
128,129,GP711MarkerLFM5z2,GP711MarkerLFM5z3,False,Gait,12000,12000,5000,5000,5000,1.000000,True
128,130,GP711MarkerLFM5z2,GP711MarkerLFM5z4,False,Gait,12000,12000,5000,4000,4000,1.000000,True
128,131,GP711MarkerLFM5z2,GP711MarkerLFM5z5,False,Gait,12000,12000,5000,5000,5000,1.000000,True
129,130,GP711MarkerLFM5z3,GP711MarkerLFM5z4,False,Gait,12000,12000,5000,4000,4000,1.000000,True
129,131,GP711MarkerLFM5z3,GP711MarkerLFM5z5,False,Gait,12000,12000,5000,5000,5000,1.000000,True
130,131,GP711MarkerLFM5z4,GP711MarkerLFM5z5,False,Gait,12000,12000,4000,5000,4000,1.000000,True
167,168,gait1,gait2,False,Gait,65000,65000,20000,22000,5000,1.000000,True
167,169,gait1,gait3,False,Gait,65000,65000,20000,24500,5000,1.000000,True
168,169,gait2,gait3,False,Gait,65000,65000,22000,24500,5000,1.000000,True
170,171,gaitHunt1,gaitHunt2,False,Gait,64000,64000,18500,18500,5000,1.000000,True
170,172,gaitHunt1,gaitHunt3,False,Gait,64000,64000,18500,23400,5000,1.000000,True
171,172,gaitHunt2,gaitHunt3,False,Gait,64000,64000,18500,23400,5000,1.000000,True
24,25,DISTORTEDInternalBleeding10,DISTORTEDInternalBleeding14,False,ABP,7501,7501,3200,2800,2800,0.984182,True
24,27,DISTORTEDInternalBleeding10,DISTORTEDInternalBleeding16,False,ABP,7501,7501,3200,1200,1200,-0.110383,False
24,28,DISTORTEDInternalBleeding10,DISTORTEDInternalBleeding17,False,ABP,7501,7500,3200,1600,1600,0.043059,False
24,29,DISTORTEDInternalBleeding10,DISTORTEDInternalBleeding18,False,ABP,7501,7500,3200,2300,2300,-0.119813,False
24,30,DISTORTEDInternalBleeding10,DISTORTEDInternalBleeding19,False,ABP,7501,7500,3200,3000,3000,0.001696,False
24,31,DISTORTEDInternalBleeding10,DISTORTEDInternalBleeding20,False,ABP,7501,7500,3200,2700,2700,0.003112,False
24,35,DISTORTEDInternalBleeding10,DISTORTEDInternalBleeding8,False,ABP,7501,7501,3200,2500,2500,-0.004174,False
24,36,DISTORTEDInternalBleeding10,DISTORTEDInternalBleeding9,False,ABP,7501,7501,3200,4200,3200,-0.021109,False
24,98,DISTORTEDInternalBleeding10,NOISEInternalBleeding16,False,ABP,7501,7501,3200,1200,1200,-0.105772,False
24,133,DISTORTEDInternalBleeding10,InternalBleeding14,False,ABP,7501,7501,3200,2800,2800,0.992081,True
24,135,DISTORTEDInternalBleeding10,InternalBleeding16,False,ABP,7501,7501,3200,1200,1200,-0.105736,False
24,136,DISTORTEDInternalBleeding10,InternalBleeding17,False,ABP,7501,7500,3200,1600,1600,0.042032,False
24,137,DISTORTEDInternalBleeding10,InternalBleeding18,False,ABP,7501,7500,3200,2300,2300,-0.068196,False
24,138,DISTORTEDInternalBleeding10,InternalBleeding19,False,ABP,7501,7500,3200,3000,3000,-0.025318,False
24,139,DISTORTEDInternalBleeding10,InternalBleeding20,False,ABP,7501,7500,3200,2700,2700,0.012352,False
24,143,DISTORTEDInternalBleeding10,InternalBleeding8,False,ABP,7501,7501,3200,2500,2500,0.003280,False
24,144,DISTORTEDInternalBleeding10,InternalBleeding9,False,ABP,7501,7501,3200,4200,3200,-0.031610,False
25,27,DISTORTEDInternalBleeding14,DISTORTEDInternalBleeding16,False,ABP,7501,7501,2800,1200,1200,-0.073928,False
25,28,DISTORTEDInternalBleeding14,DISTORTEDInternalBleeding17,False,ABP,7501,7500,2800,1600,1600,0.073886,False
25,29,DISTORTEDInternalBleeding14,DISTORTEDInternalBleeding18,False,ABP,7501,7500,2800,2300,2300,-0.101902,False
25,30,DISTORTEDInternalBleeding14,DISTORTEDInternalBleeding19,False,ABP,7501,7500,2800,3000,2800,0.035282,False
25,31,DISTORTEDInternalBleeding14,DISTORTEDInternalBleeding20,False,ABP,7501,7500,2800,2700,2700,0.004204,False
25,35,DISTORTEDInternalBleeding14,DISTORTEDInternalBleeding8,False,ABP,7501,7501,2800,2500,2500,-0.009101,False
25,36,DISTORTEDInternalBleeding14,DISTORTEDInternalBleeding9,False,ABP,7501,7501,2800,4200,2800,0.008944,False
25,98,DISTORTEDInternalBleeding14,NOISEInternalBleeding16,False,ABP,7501,7501,2800,1200,1200,-0.078882,False
25,132,DISTORTEDInternalBleeding14,InternalBleeding10,False,ABP,7501,7501,2800,3200,2800,0.989107,True
25,135,DISTORTEDInternalBleeding14,InternalBleeding16,False,ABP,7501,7501,2800,1200,1200,-0.079081,False
25,136,DISTORTEDInternalBleeding14,InternalBleeding17,False,ABP,7501,7500,2800,1600,1600,0.067481,False
25,137,DISTORTEDInternalBleeding14,InternalBleeding18,False,ABP,7501,7500,2800,2300,2300,-0.048931,False
25,138,DISTORTEDInternalBleeding14,InternalBleeding19,False,ABP,7501,7500,2800,3000,2800,0.010940,False
25,139,DISTORTEDInternalBleeding14,InternalBleeding20,False,ABP,7501,7500,2800,2700,2700,0.014759,False
25,143,DISTORTEDInternalBleeding14,InternalBleeding8,False,ABP,7501,7501,2800,2500,2500,0.004293,False
25,144,DISTORTEDInternalBleeding14,InternalBleeding9,False,ABP,7501,7501,2800,4200,2800,-0.000795,False
26,34,DISTORTEDInternalBleeding15,DISTORTEDInternalBleeding6,False,ABP,7601,7654,1700,1500,1500,0.131587,False
26,99,DISTORTEDInternalBleeding15,NOISEInternalBleeding6,False,ABP,7601,7654,1700,1500,1500,0.127943,False
26,142,DISTORTEDInternalBleeding15,InternalBleeding6,False,ABP,7601,7654,1700,1500,1500,0.131379,False
27,28,DISTORTEDInternalBleeding16,DISTORTEDInternalBleeding17,False,ABP,7501,7500,1200,1600,1200,0.974066,True
27,29,DISTORTEDInternalBleeding16,DISTORTEDInternalBleeding18,False,ABP,7501,7500,1200,2300,1200,0.975772,True
27,30,DISTORTEDInternalBleeding16,DISTORTEDInternalBleeding19,False,ABP,7501,7500,1200,3000,1200,0.980827,True
27,31,DISTORTEDInternalBleeding16,DISTORTEDInternalBleeding20,False,ABP,7501,7500,1200,2700,1200,0.977274,True
27,35,DISTORTEDInternalBleeding16,DISTORTEDInternalBleeding8,False,ABP,7501,7501,1200,2500,1200,-0.094751,False
27,36,DISTORTEDInternalBleeding16,DISTORTEDInternalBleeding9,False,ABP,7501,7501,1200,4200,1200,-0.198725,False
27,132,DISTORTEDInternalBleeding16,InternalBleeding10,False,ABP,7501,7501,1200,3200,1200,-0.086579,False
27,133,DISTORTEDInternalBleeding16,InternalBleeding14,False,ABP,7501,7501,1200,2800,1200,-0.086579,False
27,136,DISTORTEDInternalBleeding16,InternalBleeding17,False,ABP,7501,7500,1200,1600,1200,0.988626,True
27,137,DISTORTEDInternalBleeding16,InternalBleeding18,False,ABP,7501,7500,1200,2300,1200,0.988626,True
27,138,DISTORTEDInternalBleeding16,InternalBleeding19,False,ABP,7501,7500,1200,3000,1200,0.988626,True
27,139,DISTORTEDInternalBleeding16,InternalBleeding20,False,ABP,7501,7500,1200,2700,1200,0.988626,True
27,143,DISTORTEDInternalBleeding16,InternalBleeding8,False,ABP,7501,7501,1200,2500,1200,-0.117279,False
27,144,DISTORTEDInternalBleeding16,InternalBleeding9,False,ABP,7501,7501,1200,4200,1200,-0.179391,False
28,29,DISTORTEDInternalBleeding17,DISTORTEDInternalBleeding18,False,ABP,7500,7500,1600,2300,1600,0.980644,True
28,30,DISTORTEDInternalBleeding17,DISTORTEDInternalBleeding19,False,ABP,7500,7500,1600,3000,1600,0.979355,True
28,31,DISTORTEDInternalBleeding17,DISTORTEDInternalBleeding20,False,ABP,7500,7500,1600,2700,1600,0.983486,True
28,35,DISTORTEDInternalBleeding17,DISTORTEDInternalBleeding8,False,ABP,7500,7501,1600,2500,1600,0.063612,False
28,36,DISTORTEDInternalBleeding17,DISTORTEDInternalBleeding9,False,ABP,7500,7501,1600,4200,1600,-0.288024,False
28,98,DISTORTEDInternalBleeding17,NOISEInternalBleeding16,False,ABP,7500,7501,1600,1200,1200,0.983858,True
28,132,DISTORTEDInternalBleeding17,InternalBleeding10,False,ABP,7500,7501,1600,3200,1600,0.055578,False
28,133,DISTORTEDInternalBleeding17,InternalBleeding14,False,ABP,7500,7501,1600,2800,1600,0.055578,False
28,135,DISTORTEDInternalBleeding17,InternalBleeding16,False,ABP,7500,7501,1600,1200,1200,0.988581,True
28,137,DISTORTEDInternalBleeding17,InternalBleeding18,False,ABP,7500,7500,1600,2300,1600,0.989378,True
28,138,DISTORTEDInternalBleeding17,InternalBleeding19,False,ABP,7500,7500,1600,3000,1600,0.989378,True
28,139,DISTORTEDInternalBleeding17,InternalBleeding20,False,ABP,7500,7500,1600,2700,1600,0.989378,True
28,143,DISTORTEDInternalBleeding17,InternalBleeding8,False,ABP,7500,7501,1600,2500,1600,0.059469,False
28,144,DISTORTEDInternalBleeding17,InternalBleeding9,False,ABP,7500,7501,1600,4200,1600,-0.286324,False
29,30,DISTORTEDInternalBleeding18,DISTORTEDInternalBleeding19,False,ABP,7500,7500,2300,3000,2300,0.974968,True
29,31,DISTORTEDInternalBleeding18,DISTORTEDInternalBleeding20,False,ABP,7500,7500,2300,2700,2300,0.975984,True
29,35,DISTORTEDInternalBleeding18,DISTORTEDInternalBleeding8,False,ABP,7500,7501,2300,2500,2300,-0.085778,False
29,36,DISTORTEDInternalBleeding18,DISTORTEDInternalBleeding9,False,ABP,7500,7501,2300,4200,2300,-0.304329,False
29,98,DISTORTEDInternalBleeding18,NOISEInternalBleeding16,False,ABP,7500,7501,2300,1200,1200,0.977633,True
29,132,DISTORTEDInternalBleeding18,InternalBleeding10,False,ABP,7500,7501,2300,3200,2300,-0.109343,False
29,133,DISTORTEDInternalBleeding18,InternalBleeding14,False,ABP,7500,7501,2300,2800,2300,-0.109343,False
29,135,DISTORTEDInternalBleeding18,InternalBleeding16,False,ABP,7500,7501,2300,1200,1200,0.983117,True
29,136,DISTORTEDInternalBleeding18,InternalBleeding17,False,ABP,7500,7500,2300,1600,1600,0.984519,True
29,138,DISTORTEDInternalBleeding18,InternalBleeding19,False,ABP,7500,7500,2300,3000,2300,0.985848,True
29,139,DISTORTEDInternalBleeding18,InternalBleeding20,False,ABP,7500,7500,2300,2700,2300,0.985848,True
29,143,DISTORTEDInternalBleeding18,InternalBleeding8,False,ABP,7500,7501,2300,2500,2300,-0.089722,False
29,144,DISTORTEDInternalBleeding18,InternalBleeding9,False,ABP,7500,7501,2300,4200,2300,-0.303057,False
30,31,DISTORTEDInternalBleeding19,DISTORTEDInternalBleeding20,False,ABP,7500,7500,3000,2700,2700,0.984100,True
30,35,DISTORTEDInternalBleeding19,DISTORTEDInternalBleeding8,False,ABP,7500,7501,3000,2500,2500,-0.127259,False
30,36,DISTORTEDInternalBleeding19,DISTORTEDInternalBleeding9,False,ABP,7500,7501,3000,4200,3000,-0.126003,False
30,98,DISTORTEDInternalBleeding19,NOISEInternalBleeding16,False,ABP,7500,7501,3000,1200,1200,0.987552,True
30,132,DISTORTEDInternalBleeding19,InternalBleeding10,False,ABP,7500,7501,3000,3200,3000,0.004553,False
30,133,DISTORTEDInternalBleeding19,InternalBleeding14,False,ABP,7500,7501,3000,2800,2800,0.044292,False
30,135,DISTORTEDInternalBleeding19,InternalBleeding16,False,ABP,7500,7501,3000,1200,1200,0.992822,True
30,136,DISTORTEDInternalBleeding19,InternalBleeding17,False,ABP,7500,7500,3000,1600,1600,0.991205,True
30,137,DISTORTEDInternalBleeding19,InternalBleeding18,False,ABP,7500,7500,3000,2300,2300,0.989749,True
30,139,DISTORTEDInternalBleeding19,InternalBleeding20,False,ABP,7500,7500,3000,2700,2700,0.989459,True
30,143,DISTORTEDInternalBleeding19,InternalBleeding8,False,ABP,7500,7501,3000,2500,2500,-0.133713,False
30,144,DISTORTEDInternalBleeding19,InternalBleeding9,False,ABP,7500,7501,3000,4200,3000,-0.125221,False
31,35,DISTORTEDInternalBleeding20,DISTORTEDInternalBleeding8,False,ABP,7500,7501,2700,2500,2500,-0.118374,False
31,36,DISTORTEDInternalBleeding20,DISTORTEDInternalBleeding9,False,ABP,7500,7501,2700,4200,2700,-0.220772,False
31,98,DISTORTEDInternalBleeding20,NOISEInternalBleeding16,False,ABP,7500,7501,2700,1200,1200,0.987812,True
31,132,DISTORTEDInternalBleeding20,InternalBleeding10,False,ABP,7500,7501,2700,3200,2700,0.012705,False
31,133,DISTORTEDInternalBleeding20,InternalBleeding14,False,ABP,7500,7501,2700,2800,2700,0.012705,False
31,135,DISTORTEDInternalBleeding20,InternalBleeding16,False,ABP,7500,7501,2700,1200,1200,0.993077,True
31,136,DISTORTEDInternalBleeding20,InternalBleeding17,False,ABP,7500,7500,2700,1600,1600,0.991516,True
31,137,DISTORTEDInternalBleeding20,InternalBleeding18,False,ABP,7500,7500,2700,2300,2300,0.990005,True
31,138,DISTORTEDInternalBleeding20,InternalBleeding19,False,ABP,7500,7500,2700,3000,2700,0.989756,True
31,143,DISTORTEDInternalBleeding20,InternalBleeding8,False,ABP,7500,7501,2700,2500,2500,-0.125330,False
31,144,DISTORTEDInternalBleeding20,InternalBleeding9,False,ABP,7500,7501,2700,4200,2700,-0.217335,False
34,134,DISTORTEDInternalBleeding6,InternalBleeding15,False,ABP,7654,7601,1500,1700,1500,0.139174,False
35,36,DISTORTEDInternalBleeding8,DISTORTEDInternalBleeding9,False,ABP,7501,7501,2500,4200,2500,-0.318981,False
35,98,DISTORTEDInternalBleeding8,NOISEInternalBleeding16,False,ABP,7501,7501,2500,1200,1200,-0.100520,False
35,132,DISTORTEDInternalBleeding8,InternalBleeding10,False,ABP,7501,7501,2500,3200,2500,-0.006934,False
35,133,DISTORTEDInternalBleeding8,InternalBleeding14,False,ABP,7501,7501,2500,2800,2500,-0.006934,False
35,135,DISTORTEDInternalBleeding8,InternalBleeding16,False,ABP,7501,7501,2500,1200,1200,-0.104340,False
35,136,DISTORTEDInternalBleeding8,InternalBleeding17,False,ABP,7501,7500,2500,1600,1600,0.048155,False
35,137,DISTORTEDInternalBleeding8,InternalBleeding18,False,ABP,7501,7500,2500,2300,2300,-0.108184,False
35,138,DISTORTEDInternalBleeding8,InternalBleeding19,False,ABP,7501,7500,2500,3000,2500,-0.137257,False
35,139,DISTORTEDInternalBleeding8,InternalBleeding20,False,ABP,7501,7500,2500,2700,2500,-0.137257,False
35,144,DISTORTEDInternalBleeding8,InternalBleeding9,False,ABP,7501,7501,2500,4200,2500,-0.329231,False
36,98,DISTORTEDInternalBleeding9,NOISEInternalBleeding16,False,ABP,7501,7501,4200,1200,1200,-0.181929,False
36,132,DISTORTEDInternalBleeding9,InternalBleeding10,False,ABP,7501,7501,4200,3200,3200,-0.029823,False
36,133,DISTORTEDInternalBleeding9,InternalBleeding14,False,ABP,7501,7501,4200,2800,2800,0.041498,False
36,135,DISTORTEDInternalBleeding9,InternalBleeding16,False,ABP,7501,7501,4200,1200,1200,-0.181015,False
36,136,DISTORTEDInternalBleeding9,InternalBleeding17,False,ABP,7501,7500,4200,1600,1600,-0.280828,False
36,137,DISTORTEDInternalBleeding9,InternalBleeding18,False,ABP,7501,7500,4200,2300,2300,-0.318820,False
36,138,DISTORTEDInternalBleeding9,InternalBleeding19,False,ABP,7501,7500,4200,3000,3000,-0.147708,False
36,139,DISTORTEDInternalBleeding9,InternalBleeding20,False,ABP,7501,7500,4200,2700,2700,-0.247427,False
36,143,DISTORTEDInternalBleeding9,InternalBleeding8,False,ABP,7501,7501,4200,2500,2500,-0.322196,False
89,90,DISTORTEDtiltAPB1,DISTORTEDtiltAPB2,False,ABP,130001,128767,100000,50000,5000,0.983722,True
89,91,DISTORTEDtiltAPB1,DISTORTEDtiltAPB3,False,ABP,130001,129489,100000,40000,5000,0.981224,True
89,198,DISTORTEDtiltAPB1,tiltAPB2,False,ABP,130001,128767,100000,50000,5000,0.989832,True
89,199,DISTORTEDtiltAPB1,tiltAPB3,False,ABP,130001,129489,100000,40000,5000,0.989832,True
90,91,DISTORTEDtiltAPB2,DISTORTEDtiltAPB3,False,ABP,128767,129489,50000,40000,5000,0.981954,True
90,92,DISTORTEDtiltAPB2,DISTORTEDtiltAPB4,False,ABP,128767,128001,50000,20000,5000,0.984270,True
90,197,DISTORTEDtiltAPB2,tiltAPB1,False,ABP,128767,130001,50000,100000,5000,0.992241,True
90,199,DISTORTEDtiltAPB2,tiltAPB3,False,ABP,128767,129489,50000,40000,5000,0.992241,True
90,200,DISTORTEDtiltAPB2,tiltAPB4,False,ABP,128767,128001,50000,20000,5000,0.992241,True
91,197,DISTORTEDtiltAPB3,tiltAPB1,False,ABP,129489,130001,40000,100000,5000,0.991364,True
91,198,DISTORTEDtiltAPB3,tiltAPB2,False,ABP,129489,128767,40000,50000,5000,0.991364,True
92,198,DISTORTEDtiltAPB4,tiltAPB2,False,ABP,128001,128767,20000,50000,5000,0.991657,True
98,132,NOISEInternalBleeding16,InternalBleeding10,False,ABP,7501,7501,1200,3200,1200,-0.087100,False
98,133,NOISEInternalBleeding16,InternalBleeding14,False,ABP,7501,7501,1200,2800,1200,-0.087100,False
98,136,NOISEInternalBleeding16,InternalBleeding17,False,ABP,7501,7500,1200,1600,1200,0.994961,True
98,137,NOISEInternalBleeding16,InternalBleeding18,False,ABP,7501,7500,1200,2300,1200,0.994961,True
98,138,NOISEInternalBleeding16,InternalBleeding19,False,ABP,7501,7500,1200,3000,1200,0.994961,True
98,139,NOISEInternalBleeding16,InternalBleeding20,False,ABP,7501,7500,1200,2700,1200,0.994961,True
98,143,NOISEInternalBleeding16,InternalBleeding8,False,ABP,7501,7501,1200,2500,1200,-0.122465,False
98,144,NOISEInternalBleeding16,InternalBleeding9,False,ABP,7501,7501,1200,4200,1200,-0.169269,False
99,134,NOISEInternalBleeding6,InternalBleeding15,False,ABP,7654,7601,1500,1700,1500,0.137553,False
132,133,InternalBleeding10,InternalBleeding14,False,ABP,7501,7501,3200,2800,2800,1.000000,True
132,135,InternalBleeding10,InternalBleeding16,False,ABP,7501,7501,3200,1200,1200,-0.087907,False
132,136,InternalBleeding10,InternalBleeding17,False,ABP,7501,7500,3200,1600,1600,0.053801,False
132,137,InternalBleeding10,InternalBleeding18,False,ABP,7501,7500,3200,2300,2300,-0.053663,False
132,138,InternalBleeding10,InternalBleeding19,False,ABP,7501,7500,3200,3000,3000,-0.021792,False
132,139,InternalBleeding10,InternalBleeding20,False,ABP,7501,7500,3200,2700,2700,0.022698,False
132,143,InternalBleeding10,InternalBleeding8,False,ABP,7501,7501,3200,2500,2500,0.003033,False
132,144,InternalBleeding10,InternalBleeding9,False,ABP,7501,7501,3200,4200,3200,-0.040949,False
133,135,InternalBleeding14,InternalBleeding16,False,ABP,7501,7501,2800,1200,1200,-0.087907,False
133,136,InternalBleeding14,InternalBleeding17,False,ABP,7501,7500,2800,1600,1600,0.053801,False
133,137,InternalBleeding14,InternalBleeding18,False,ABP,7501,7500,2800,2300,2300,-0.053663,False
133,138,InternalBleeding14,InternalBleeding19,False,ABP,7501,7500,2800,3000,2800,0.020716,False
133,139,InternalBleeding14,InternalBleeding20,False,ABP,7501,7500,2800,2700,2700,0.022698,False
133,143,InternalBleeding14,InternalBleeding8,False,ABP,7501,7501,2800,2500,2500,0.003033,False
133,144,InternalBleeding14,InternalBleeding9,False,ABP,7501,7501,2800,4200,2800,0.029323,False
134,142,InternalBleeding15,InternalBleeding6,False,ABP,7601,7654,1700,1500,1500,0.140888,False
135,136,InternalBleeding16,InternalBleeding17,False,ABP,7501,7500,1200,1600,1200,1.000000,True
135,137,InternalBleeding16,InternalBleeding18,False,ABP,7501,7500,1200,2300,1200,1.000000,True
135,138,InternalBleeding16,InternalBleeding19,False,ABP,7501,7500,1200,3000,1200,1.000000,True
135,139,InternalBleeding16,InternalBleeding20,False,ABP,7501,7500,1200,2700,1200,1.000000,True
135,143,InternalBleeding16,InternalBleeding8,False,ABP,7501,7501,1200,2500,1200,-0.126483,False
135,144,InternalBleeding16,InternalBleeding9,False,ABP,7501,7501,1200,4200,1200,-0.167786,False
136,137,InternalBleeding17,InternalBleeding18,False,ABP,7500,7500,1600,2300,1600,1.000000,True
136,138,InternalBleeding17,InternalBleeding19,False,ABP,7500,7500,1600,3000,1600,1.000000,True
136,139,InternalBleeding17,InternalBleeding20,False,ABP,7500,7500,1600,2700,1600,1.000000,True
136,143,InternalBleeding17,InternalBleeding8,False,ABP,7500,7501,1600,2500,1600,0.040907,False
136,144,InternalBleeding17,InternalBleeding9,False,ABP,7500,7501,1600,4200,1600,-0.278850,False
137,138,InternalBleeding18,InternalBleeding19,False,ABP,7500,7500,2300,3000,2300,1.000000,True
137,139,InternalBleeding18,InternalBleeding20,False,ABP,7500,7500,2300,2700,2300,1.000000,True
137,143,InternalBleeding18,InternalBleeding8,False,ABP,7500,7501,2300,2500,2300,-0.109477,False
137,144,InternalBleeding18,InternalBleeding9,False,ABP,7500,7501,2300,4200,2300,-0.319566,False
138,139,InternalBleeding19,InternalBleeding20,False,ABP,7500,7500,3000,2700,2700,1.000000,True
138,143,InternalBleeding19,InternalBleeding8,False,ABP,7500,7501,3000,2500,2500,-0.143553,False
138,144,InternalBleeding19,InternalBleeding9,False,ABP,7500,7501,3000,4200,3000,-0.146781,False
139,143,InternalBleeding20,InternalBleeding8,False,ABP,7500,7501,2700,2500,2500,-0.143553,False
139,144,InternalBleeding20,InternalBleeding9,False,ABP,7500,7501,2700,4200,2700,-0.243351,False
143,144,InternalBleeding8,InternalBleeding9,False,ABP,7501,7501,2500,4200,2500,-0.334454,False
197,198,tiltAPB1,tiltAPB2,False,ABP,130001,128767,100000,50000,5000,1.000000,True
197,199,tiltAPB1,tiltAPB3,False,ABP,130001,129489,100000,40000,5000,1.000000,True
198,199,tiltAPB2,tiltAPB3,False,ABP,128767,129489,50000,40000,5000,1.000000,True
198,200,tiltAPB2,tiltAPB4,False,ABP,128767,128001,50000,20000,5000,1.000000,True
244,246,tilt12754table,tilt12755mtable,False,ABP,300262,299867,100013,100211,5000,0.011082,False
245,246,tilt12754table,tilt12755mtable,False,ABP,298747,299867,100211,100211,5000,0.287594,False
37,38,DISTORTEDLab2Cmac011215EPG1,DISTORTEDLab2Cmac011215EPG2,False,EPG,30001,29950,5000,5000,5000,0.981226,True
37,39,DISTORTEDLab2Cmac011215EPG1,DISTORTEDLab2Cmac011215EPG3,False,EPG,30001,29950,5000,5000,5000,0.981569,True
37,40,DISTORTEDLab2Cmac011215EPG1,DISTORTEDLab2Cmac011215EPG4,False,EPG,30001,30066,5000,6000,5000,0.009972,False
37,41,DISTORTEDLab2Cmac011215EPG1,DISTORTEDLab2Cmac011215EPG5,False,EPG,30001,29826,5000,7000,5000,-0.036710,False
37,42,DISTORTEDLab2Cmac011215EPG1,DISTORTEDLab2Cmac011215EPG6,False,EPG,30001,29859,5000,7000,5000,-0.041320,False
37,101,DISTORTEDLab2Cmac011215EPG1,NOISELab2Cmac011215EPG4,False,EPG,30001,30066,5000,6000,5000,0.009383,False
37,146,DISTORTEDLab2Cmac011215EPG1,Lab2Cmac011215EPG2,False,EPG,30001,29950,5000,5000,5000,0.990959,True
37,147,DISTORTEDLab2Cmac011215EPG1,Lab2Cmac011215EPG3,False,EPG,30001,29950,5000,5000,5000,0.990959,True
37,148,DISTORTEDLab2Cmac011215EPG1,Lab2Cmac011215EPG4,False,EPG,30001,30066,5000,6000,5000,0.010365,False
37,149,DISTORTEDLab2Cmac011215EPG1,Lab2Cmac011215EPG5,False,EPG,30001,29826,5000,7000,5000,-0.033813,False
37,150,DISTORTEDLab2Cmac011215EPG1,Lab2Cmac011215EPG6,False,EPG,30001,29859,5000,7000,5000,-0.040884,False
38,39,DISTORTEDLab2Cmac011215EPG2,DISTORTEDLab2Cmac011215EPG3,False,EPG,29950,29950,5000,5000,5000,0.981226,True
38,40,DISTORTEDLab2Cmac011215EPG2,DISTORTEDLab2Cmac011215EPG4,False,EPG,29950,30066,5000,6000,5000,0.005388,False
38,41,DISTORTEDLab2Cmac011215EPG2,DISTORTEDLab2Cmac011215EPG5,False,EPG,29950,29826,5000,7000,5000,-0.037526,False
38,42,DISTORTEDLab2Cmac011215EPG2,DISTORTEDLab2Cmac011215EPG6,False,EPG,29950,29859,5000,7000,5000,-0.040301,False
38,100,DISTORTEDLab2Cmac011215EPG2,NOISELab2Cmac011215EPG1,False,EPG,29950,30001,5000,5000,5000,0.986466,True
38,101,DISTORTEDLab2Cmac011215EPG2,NOISELab2Cmac011215EPG4,False,EPG,29950,30066,5000,6000,5000,0.003357,False
38,145,DISTORTEDLab2Cmac011215EPG2,Lab2Cmac011215EPG1,False,EPG,29950,30001,5000,5000,5000,0.991130,True
38,147,DISTORTEDLab2Cmac011215EPG2,Lab2Cmac011215EPG3,False,EPG,29950,29950,5000,5000,5000,0.991130,True
38,148,DISTORTEDLab2Cmac011215EPG2,Lab2Cmac011215EPG4,False,EPG,29950,30066,5000,6000,5000,0.004583,False
38,149,DISTORTEDLab2Cmac011215EPG2,Lab2Cmac011215EPG5,False,EPG,29950,29826,5000,7000,5000,-0.034137,False
38,150,DISTORTEDLab2Cmac011215EPG2,Lab2Cmac011215EPG6,False,EPG,29950,29859,5000,7000,5000,-0.040871,False
39,40,DISTORTEDLab2Cmac011215EPG3,DISTORTEDLab2Cmac011215EPG4,False,EPG,29950,30066,5000,6000,5000,0.015003,False
39,41,DISTORTEDLab2Cmac011215EPG3,DISTORTEDLab2Cmac011215EPG5,False,EPG,29950,29826,5000,7000,5000,-0.040282,False
39,42,DISTORTEDLab2Cmac011215EPG3,DISTORTEDLab2Cmac011215EPG6,False,EPG,29950,29859,5000,7000,5000,-0.041147,False
39,100,DISTORTEDLab2Cmac011215EPG3,NOISELab2Cmac011215EPG1,False,EPG,29950,30001,5000,5000,5000,0.986561,True
39,101,DISTORTEDLab2Cmac011215EPG3,NOISELab2Cmac011215EPG4,False,EPG,29950,30066,5000,6000,5000,0.008040,False
39,145,DISTORTEDLab2Cmac011215EPG3,Lab2Cmac011215EPG1,False,EPG,29950,30001,5000,5000,5000,0.991206,True
39,146,DISTORTEDLab2Cmac011215EPG3,Lab2Cmac011215EPG2,False,EPG,29950,29950,5000,5000,5000,0.991206,True
39,148,DISTORTEDLab2Cmac011215EPG3,Lab2Cmac011215EPG4,False,EPG,29950,30066,5000,6000,5000,0.009458,False
39,149,DISTORTEDLab2Cmac011215EPG3,Lab2Cmac011215EPG5,False,EPG,29950,29826,5000,7000,5000,-0.035062,False
39,150,DISTORTEDLab2Cmac011215EPG3,Lab2Cmac011215EPG6,False,EPG,29950,29859,5000,7000,5000,-0.041952,False
40,41,DISTORTEDLab2Cmac011215EPG4,DISTORTEDLab2Cmac011215EPG5,False,EPG,30066,29826,6000,7000,5000,-0.184325,False
40,42,DISTORTEDLab2Cmac011215EPG4,DISTORTEDLab2Cmac011215EPG6,False,EPG,30066,29859,6000,7000,5000,-0.130014,False
40,100,DISTORTEDLab2Cmac011215EPG4,NOISELab2Cmac011215EPG1,False,EPG,30066,30001,6000,5000,5000,0.013080,False
40,145,DISTORTEDLab2Cmac011215EPG4,Lab2Cmac011215EPG1,False,EPG,30066,30001,6000,5000,5000,0.012755,False
40,146,DISTORTEDLab2Cmac011215EPG4,Lab2Cmac011215EPG2,False,EPG,30066,29950,6000,5000,5000,0.012755,False
40,147,DISTORTEDLab2Cmac011215EPG4,Lab2Cmac011215EPG3,False,EPG,30066,29950,6000,5000,5000,0.012755,False
40,149,DISTORTEDLab2Cmac011215EPG4,Lab2Cmac011215EPG5,False,EPG,30066,29826,6000,7000,5000,-0.182547,False
40,150,DISTORTEDLab2Cmac011215EPG4,Lab2Cmac011215EPG6,False,EPG,30066,29859,6000,7000,5000,-0.132315,False
41,42,DISTORTEDLab2Cmac011215EPG5,DISTORTEDLab2Cmac011215EPG6,False,EPG,29826,29859,7000,7000,5000,0.603440,False
41,100,DISTORTEDLab2Cmac011215EPG5,NOISELab2Cmac011215EPG1,False,EPG,29826,30001,7000,5000,5000,-0.040226,False
41,101,DISTORTEDLab2Cmac011215EPG5,NOISELab2Cmac011215EPG4,False,EPG,29826,30066,7000,6000,5000,-0.184148,False
41,145,DISTORTEDLab2Cmac011215EPG5,Lab2Cmac011215EPG1,False,EPG,29826,30001,7000,5000,5000,-0.038568,False
41,146,DISTORTEDLab2Cmac011215EPG5,Lab2Cmac011215EPG2,False,EPG,29826,29950,7000,5000,5000,-0.038568,False
41,147,DISTORTEDLab2Cmac011215EPG5,Lab2Cmac011215EPG3,False,EPG,29826,29950,7000,5000,5000,-0.038568,False
41,148,DISTORTEDLab2Cmac011215EPG5,Lab2Cmac011215EPG4,False,EPG,29826,30066,7000,6000,5000,-0.186716,False
41,150,DISTORTEDLab2Cmac011215EPG5,Lab2Cmac011215EPG6,False,EPG,29826,29859,7000,7000,5000,0.605406,False
42,100,DISTORTEDLab2Cmac011215EPG6,NOISELab2Cmac011215EPG1,False,EPG,29859,30001,7000,5000,5000,-0.043817,False
42,101,DISTORTEDLab2Cmac011215EPG6,NOISELab2Cmac011215EPG4,False,EPG,29859,30066,7000,6000,5000,-0.132544,False
42,145,DISTORTEDLab2Cmac011215EPG6,Lab2Cmac011215EPG1,False,EPG,29859,30001,7000,5000,5000,-0.041526,False
42,146,DISTORTEDLab2Cmac011215EPG6,Lab2Cmac011215EPG2,False,EPG,29859,29950,7000,5000,5000,-0.041526,False
42,147,DISTORTEDLab2Cmac011215EPG6,Lab2Cmac011215EPG3,False,EPG,29859,29950,7000,5000,5000,-0.041526,False
42,148,DISTORTEDLab2Cmac011215EPG6,Lab2Cmac011215EPG4,False,EPG,29859,30066,7000,6000,5000,-0.134983,False
42,149,DISTORTEDLab2Cmac011215EPG6,Lab2Cmac011215EPG5,False,EPG,29859,29826,7000,7000,5000,0.607497,False
65,66,DISTORTEDinsectEPG1,DISTORTEDinsectEPG2,False,EPG,10001,9998,3000,3700,3000,0.977941,True
65,67,DISTORTEDinsectEPG1,DISTORTEDinsectEPG3,False,EPG,10001,9998,3000,5200,3000,0.982536,True
65,68,DISTORTEDinsectEPG1,DISTORTEDinsectEPG4,False,EPG,10001,9998,3000,1300,1300,0.980284,True
65,69,DISTORTEDinsectEPG1,DISTORTEDinsectEPG5,False,EPG,10001,10028,3000,3200,3000,0.977578,True
65,107,DISTORTEDinsectEPG1,NOISEinsectEPG3,False,EPG,10001,9998,3000,5200,3000,0.984069,True
65,174,DISTORTEDinsectEPG1,insectEPG2,False,EPG,10001,9998,3000,3700,3000,0.988936,True
65,175,DISTORTEDinsectEPG1,insectEPG3,False,EPG,10001,9998,3000,5200,3000,0.988936,True
65,176,DISTORTEDinsectEPG1,insectEPG4,False,EPG,10001,9998,3000,1300,1300,0.990379,True
65,177,DISTORTEDinsectEPG1,insectEPG5,False,EPG,10001,10028,3000,3200,3000,0.988936,True
66,67,DISTORTEDinsectEPG2,DISTORTEDinsectEPG3,False,EPG,9998,9998,3700,5200,3700,0.982242,True
66,68,DISTORTEDinsectEPG2,DISTORTEDinsectEPG4,False,EPG,9998,9998,3700,1300,1300,0.979340,True
66,69,DISTORTEDinsectEPG2,DISTORTEDinsectEPG5,False,EPG,9998,10028,3700,3200,3200,0.974561,True
66,107,DISTORTEDinsectEPG2,NOISEinsectEPG3,False,EPG,9998,9998,3700,5200,3700,0.982597,True
66,173,DISTORTEDinsectEPG2,insectEPG1,False,EPG,9998,10001,3700,3000,3000,0.988580,True
66,175,DISTORTEDinsectEPG2,insectEPG3,False,EPG,9998,9998,3700,5200,3700,0.987947,True
66,176,DISTORTEDinsectEPG2,insectEPG4,False,EPG,9998,9998,3700,1300,1300,0.987971,True
66,177,DISTORTEDinsectEPG2,insectEPG5,False,EPG,9998,10028,3700,3200,3200,0.987860,True
67,68,DISTORTEDinsectEPG3,DISTORTEDinsectEPG4,False,EPG,9998,9998,5200,1300,1300,0.984893,True
67,69,DISTORTEDinsectEPG3,DISTORTEDinsectEPG5,False,EPG,9998,10028,5200,3200,3200,0.979542,True
67,173,DISTORTEDinsectEPG3,insectEPG1,False,EPG,9998,10001,5200,3000,3000,0.991842,True
67,174,DISTORTEDinsectEPG3,insectEPG2,False,EPG,9998,9998,5200,3700,3700,0.992179,True
67,176,DISTORTEDinsectEPG3,insectEPG4,False,EPG,9998,9998,5200,1300,1300,0.991848,True
67,177,DISTORTEDinsectEPG3,insectEPG5,False,EPG,9998,10028,5200,3200,3200,0.992104,True
68,69,DISTORTEDinsectEPG4,DISTORTEDinsectEPG5,False,EPG,9998,10028,1300,3200,1300,0.980459,True
68,107,DISTORTEDinsectEPG4,NOISEinsectEPG3,False,EPG,9998,9998,1300,5200,1300,0.985286,True
68,173,DISTORTEDinsectEPG4,insectEPG1,False,EPG,9998,10001,1300,3000,1300,0.990252,True
68,174,DISTORTEDinsectEPG4,insectEPG2,False,EPG,9998,9998,1300,3700,1300,0.990252,True
68,175,DISTORTEDinsectEPG4,insectEPG3,False,EPG,9998,9998,1300,5200,1300,0.990252,True
68,177,DISTORTEDinsectEPG4,insectEPG5,False,EPG,9998,10028,1300,3200,1300,0.990252,True
69,107,DISTORTEDinsectEPG5,NOISEinsectEPG3,False,EPG,10028,9998,3200,5200,3200,0.983523,True
69,173,DISTORTEDinsectEPG5,insectEPG1,False,EPG,10028,10001,3200,3000,3000,0.989257,True
69,174,DISTORTEDinsectEPG5,insectEPG2,False,EPG,10028,9998,3200,3700,3200,0.988732,True
69,175,DISTORTEDinsectEPG5,insectEPG3,False,EPG,10028,9998,3200,5200,3200,0.988732,True
69,176,DISTORTEDinsectEPG5,insectEPG4,False,EPG,10028,9998,3200,1300,1300,0.990391,True
100,101,NOISELab2Cmac011215EPG1,NOISELab2Cmac011215EPG4,False,EPG,30001,30066,5000,6000,5000,0.008994,False
100,146,NOISELab2Cmac011215EPG1,Lab2Cmac011215EPG2,False,EPG,30001,29950,5000,5000,5000,0.995123,True
100,147,NOISELab2Cmac011215EPG1,Lab2Cmac011215EPG3,False,EPG,30001,29950,5000,5000,5000,0.995123,True
100,148,NOISELab2Cmac011215EPG1,Lab2Cmac011215EPG4,False,EPG,30001,30066,5000,6000,5000,0.010478,False
100,149,NOISELab2Cmac011215EPG1,Lab2Cmac011215EPG5,False,EPG,30001,29826,5000,7000,5000,-0.036175,False
100,150,NOISELab2Cmac011215EPG1,Lab2Cmac011215EPG6,False,EPG,30001,29859,5000,7000,5000,-0.043936,False
101,145,NOISELab2Cmac011215EPG4,Lab2Cmac011215EPG1,False,EPG,30066,30001,6000,5000,5000,0.009316,False
101,146,NOISELab2Cmac011215EPG4,Lab2Cmac011215EPG2,False,EPG,30066,29950,6000,5000,5000,0.009316,False
101,147,NOISELab2Cmac011215EPG4,Lab2Cmac011215EPG3,False,EPG,30066,29950,6000,5000,5000,0.009316,False
101,149,NOISELab2Cmac011215EPG4,Lab2Cmac011215EPG5,False,EPG,30066,29826,6000,7000,5000,-0.183798,False
101,150,NOISELab2Cmac011215EPG4,Lab2Cmac011215EPG6,False,EPG,30066,29859,6000,7000,5000,-0.136103,False
107,173,NOISEinsectEPG3,insectEPG1,False,EPG,9998,10001,5200,3000,3000,0.994879,True
107,174,NOISEinsectEPG3,insectEPG2,False,EPG,9998,9998,5200,3700,3700,0.994831,True
107,176,NOISEinsectEPG3,insectEPG4,False,EPG,9998,9998,5200,1300,1300,0.994985,True
107,177,NOISEinsectEPG3,insectEPG5,False,EPG,9998,10028,5200,3200,3200,0.994845,True
145,146,Lab2Cmac011215EPG1,Lab2Cmac011215EPG2,False,EPG,30001,29950,5000,5000,5000,1.000000,True
145,147,Lab2Cmac011215EPG1,Lab2Cmac011215EPG3,False,EPG,30001,29950,5000,5000,5000,1.000000,True
145,148,Lab2Cmac011215EPG1,Lab2Cmac011215EPG4,False,EPG,30001,30066,5000,6000,5000,0.010522,False
145,149,Lab2Cmac011215EPG1,Lab2Cmac011215EPG5,False,EPG,30001,29826,5000,7000,5000,-0.034817,False
145,150,Lab2Cmac011215EPG1,Lab2Cmac011215EPG6,False,EPG,30001,29859,5000,7000,5000,-0.042033,False
146,147,Lab2Cmac011215EPG2,Lab2Cmac011215EPG3,False,EPG,29950,29950,5000,5000,5000,1.000000,True
146,148,Lab2Cmac011215EPG2,Lab2Cmac011215EPG4,False,EPG,29950,30066,5000,6000,5000,0.010522,False
146,149,Lab2Cmac011215EPG2,Lab2Cmac011215EPG5,False,EPG,29950,29826,5000,7000,5000,-0.034817,False
146,150,Lab2Cmac011215EPG2,Lab2Cmac011215EPG6,False,EPG,29950,29859,5000,7000,5000,-0.042033,False
147,148,Lab2Cmac011215EPG3,Lab2Cmac011215EPG4,False,EPG,29950,30066,5000,6000,5000,0.010522,False
147,149,Lab2Cmac011215EPG3,Lab2Cmac011215EPG5,False,EPG,29950,29826,5000,7000,5000,-0.034817,False
147,150,Lab2Cmac011215EPG3,Lab2Cmac011215EPG6,False,EPG,29950,29859,5000,7000,5000,-0.042033,False
148,149,Lab2Cmac011215EPG4,Lab2Cmac011215EPG5,False,EPG,30066,29826,6000,7000,5000,-0.186381,False
148,150,Lab2Cmac011215EPG4,Lab2Cmac011215EPG6,False,EPG,30066,29859,6000,7000,5000,-0.138496,False
149,150,Lab2Cmac011215EPG5,Lab2Cmac011215EPG6,False,EPG,29826,29859,7000,7000,5000,0.610015,False
173,174,insectEPG1,insectEPG2,False,EPG,10001,9998,3000,3700,3000,1.000000,True
173,175,insectEPG1,insectEPG3,False,EPG,10001,9998,3000,5200,3000,1.000000,True
173,176,insectEPG1,insectEPG4,False,EPG,10001,9998,3000,1300,1300,1.000000,True
173,177,insectEPG1,insectEPG5,False,EPG,10001,10028,3000,3200,3000,1.000000,True
174,175,insectEPG2,insectEPG3,False,EPG,9998,9998,3700,5200,3700,1.000000,True
174,176,insectEPG2,insectEPG4,False,EPG,9998,9998,3700,1300,1300,1.000000,True
174,177,insectEPG2,insectEPG5,False,EPG,9998,10028,3700,3200,3200,1.000000,True
175,176,insectEPG3,insectEPG4,False,EPG,9998,9998,5200,1300,1300,1.000000,True
175,177,insectEPG3,insectEPG5,False,EPG,9998,10028,5200,3200,3200,1.000000,True
176,177,insectEPG4,insectEPG5,False,EPG,9998,10028,1300,3200,1300,1.000000,True
53,54,DISTORTEDWalkingAceleration1,DISTORTEDWalkingAceleration5,False,Acceleration,6684,6684,1500,2700,1500,0.981379,True
53,162,DISTORTEDWalkingAceleration1,WalkingAceleration5,False,Acceleration,6684,6684,1500,2700,1500,0.991492,True
54,161,DISTORTEDWalkingAceleration5,WalkingAceleration1,False,Acceleration,6684,6684,2700,1500,1500,0.991088,True
161,162,WalkingAceleration1,WalkingAceleration5,False,Acceleration,6684,6684,1500,2700,1500,1.000000,True
44,45,DISTORTEDPowerDemand1,DISTORTEDPowerDemand2,False,Power Demand,29931,29931,9000,14000,5000,0.981056,True
44,46,DISTORTEDPowerDemand1,DISTORTEDPowerDemand3,False,Power Demand,29931,29931,9000,16000,5000,0.979856,True
44,47,DISTORTEDPowerDemand1,DISTORTEDPowerDemand4,False,Power Demand,29931,29931,9000,18000,5000,0.980851,True
44,153,DISTORTEDPowerDemand1,PowerDemand2,False,Power Demand,29931,29931,9000,14000,5000,0.990244,True
44,154,DISTORTEDPowerDemand1,PowerDemand3,False,Power Demand,29931,29931,9000,16000,5000,0.990244,True
44,155,DISTORTEDPowerDemand1,PowerDemand4,False,Power Demand,29931,29931,9000,18000,5000,0.990244,True
44,212,DISTORTEDPowerDemand1,Italianpowerdemand,False,Power Demand,29931,29931,9000,8913,5000,0.990244,True
45,46,DISTORTEDPowerDemand2,DISTORTEDPowerDemand3,False,Power Demand,29931,29931,14000,16000,5000,0.977533,True
45,47,DISTORTEDPowerDemand2,DISTORTEDPowerDemand4,False,Power Demand,29931,29931,14000,18000,5000,0.978384,True
45,152,DISTORTEDPowerDemand2,PowerDemand1,False,Power Demand,29931,29931,14000,9000,5000,0.990215,True
45,154,DISTORTEDPowerDemand2,PowerDemand3,False,Power Demand,29931,29931,14000,16000,5000,0.990215,True
45,155,DISTORTEDPowerDemand2,PowerDemand4,False,Power Demand,29931,29931,14000,18000,5000,0.990215,True
45,212,DISTORTEDPowerDemand2,Italianpowerdemand,False,Power Demand,29931,29931,14000,8913,5000,0.990215,True
46,47,DISTORTEDPowerDemand3,DISTORTEDPowerDemand4,False,Power Demand,29931,29931,16000,18000,5000,0.984267,True
46,152,DISTORTEDPowerDemand3,PowerDemand1,False,Power Demand,29931,29931,16000,9000,5000,0.989530,True
46,153,DISTORTEDPowerDemand3,PowerDemand2,False,Power Demand,29931,29931,16000,14000,5000,0.989530,True
46,155,DISTORTEDPowerDemand3,PowerDemand4,False,Power Demand,29931,29931,16000,18000,5000,0.989530,True
46,212,DISTORTEDPowerDemand3,Italianpowerdemand,False,Power Demand,29931,29931,16000,8913,5000,0.989530,True
47,152,DISTORTEDPowerDemand4,PowerDemand1,False,Power Demand,29931,29931,18000,9000,5000,0.989378,True
47,153,DISTORTEDPowerDemand4,PowerDemand2,False,Power Demand,29931,29931,18000,14000,5000,0.989378,True
47,154,DISTORTEDPowerDemand4,PowerDemand3,False,Power Demand,29931,29931,18000,16000,5000,0.989378,True
47,212,DISTORTEDPowerDemand4,Italianpowerdemand,False,Power Demand,29931,29931,18000,8913,5000,0.989378,True
152,153,PowerDemand1,PowerDemand2,False,Power Demand,29931,29931,9000,14000,5000,1.000000,True
152,154,PowerDemand1,PowerDemand3,False,Power Demand,29931,29931,9000,16000,5000,1.000000,True
152,155,PowerDemand1,PowerDemand4,False,Power Demand,29931,29931,9000,18000,5000,1.000000,True
152,212,PowerDemand1,Italianpowerdemand,False,Power Demand,29931,29931,9000,8913,5000,1.000000,True
153,154,PowerDemand2,PowerDemand3,False,Power Demand,29931,29931,14000,16000,5000,1.000000,True
153,155,PowerDemand2,PowerDemand4,False,Power Demand,29931,29931,14000,18000,5000,1.000000,True
153,212,PowerDemand2,Italianpowerdemand,False,Power Demand,29931,29931,14000,8913,5000,1.000000,True
154,155,PowerDemand3,PowerDemand4,False,Power Demand,29931,29931,16000,18000,5000,1.000000,True
154,212,PowerDemand3,Italianpowerdemand,False,Power Demand,29931,29931,16000,8913,5000,1.000000,True
155,212,PowerDemand4,Italianpowerdemand,False,Power Demand,29931,29931,18000,8913,5000,1.000000,True
48,49,DISTORTEDTkeepFifthMARS,DISTORTEDTkeepFirstMARS,False,NASA,11334,11406,3500,3500,3500,0.980218,True
48,50,DISTORTEDTkeepFifthMARS,DISTORTEDTkeepForthMARS,False,NASA,11334,11308,3500,3500,3500,0.984234,True
48,51,DISTORTEDTkeepFifthMARS,DISTORTEDTkeepSecondMARS,False,NASA,11334,11388,3500,3500,3500,0.977056,True
48,52,DISTORTEDTkeepFifthMARS,DISTORTEDTkeepThirdMARS,False,NASA,11334,11308,3500,3500,3500,0.983481,True
48,103,DISTORTEDTkeepFifthMARS,NOISETkeepThirdMARS,False,NASA,11334,11308,3500,3500,3500,0.985967,True
48,157,DISTORTEDTkeepFifthMARS,TkeepFirstMARS,False,NASA,11334,11406,3500,3500,3500,0.990512,True
48,158,DISTORTEDTkeepFifthMARS,TkeepForthMARS,False,NASA,11334,11308,3500,3500,3500,0.990512,True
48,159,DISTORTEDTkeepFifthMARS,TkeepSecondMARS,False,NASA,11334,11388,3500,3500,3500,0.990512,True
48,160,DISTORTEDTkeepFifthMARS,TkeepThirdMARS,False,NASA,11334,11308,3500,3500,3500,0.990512,True
49,50,DISTORTEDTkeepFirstMARS,DISTORTEDTkeepForthMARS,False,NASA,11406,11308,3500,3500,3500,0.982547,True
49,51,DISTORTEDTkeepFirstMARS,DISTORTEDTkeepSecondMARS,False,NASA,11406,11388,3500,3500,3500,0.979629,True
49,52,DISTORTEDTkeepFirstMARS,DISTORTEDTkeepThirdMARS,False,NASA,11406,11308,3500,3500,3500,0.983699,True
49,103,DISTORTEDTkeepFirstMARS,NOISETkeepThirdMARS,False,NASA,11406,11308,3500,3500,3500,0.985962,True
49,156,DISTORTEDTkeepFirstMARS,TkeepFifthMARS,False,NASA,11406,11334,3500,3500,3500,0.990652,True
49,158,DISTORTEDTkeepFirstMARS,TkeepForthMARS,False,NASA,11406,11308,3500,3500,3500,0.990652,True
49,159,DISTORTEDTkeepFirstMARS,TkeepSecondMARS,False,NASA,11406,11388,3500,3500,3500,0.990652,True
49,160,DISTORTEDTkeepFirstMARS,TkeepThirdMARS,False,NASA,11406,11308,3500,3500,3500,0.990652,True
50,51,DISTORTEDTkeepForthMARS,DISTORTEDTkeepSecondMARS,False,NASA,11308,11388,3500,3500,3500,0.978552,True
50,52,DISTORTEDTkeepForthMARS,DISTORTEDTkeepThirdMARS,False,NASA,11308,11308,3500,3500,3500,0.985272,True
50,103,DISTORTEDTkeepForthMARS,NOISETkeepThirdMARS,False,NASA,11308,11308,3500,3500,3500,0.987872,True
50,156,DISTORTEDTkeepForthMARS,TkeepFifthMARS,False,NASA,11308,11334,3500,3500,3500,0.992322,True
50,157,DISTORTEDTkeepForthMARS,TkeepFirstMARS,False,NASA,11308,11406,3500,3500,3500,0.992322,True
50,159,DISTORTEDTkeepForthMARS,TkeepSecondMARS,False,NASA,11308,11388,3500,3500,3500,0.992322,True
50,160,DISTORTEDTkeepForthMARS,TkeepThirdMARS,False,NASA,11308,11308,3500,3500,3500,0.992322,True
51,52,DISTORTEDTkeepSecondMARS,DISTORTEDTkeepThirdMARS,False,NASA,11388,11308,3500,3500,3500,0.980202,True
51,103,DISTORTEDTkeepSecondMARS,NOISETkeepThirdMARS,False,NASA,11388,11308,3500,3500,3500,0.981886,True
51,156,DISTORTEDTkeepSecondMARS,TkeepFifthMARS,False,NASA,11388,11334,3500,3500,3500,0.986851,True
51,157,DISTORTEDTkeepSecondMARS,TkeepFirstMARS,False,NASA,11388,11406,3500,3500,3500,0.986851,True
51,158,DISTORTEDTkeepSecondMARS,TkeepForthMARS,False,NASA,11388,11308,3500,3500,3500,0.986851,True
51,160,DISTORTEDTkeepSecondMARS,TkeepThirdMARS,False,NASA,11388,11308,3500,3500,3500,0.986851,True
52,156,DISTORTEDTkeepThirdMARS,TkeepFifthMARS,False,NASA,11308,11334,3500,3500,3500,0.992701,True
52,157,DISTORTEDTkeepThirdMARS,TkeepFirstMARS,False,NASA,11308,11406,3500,3500,3500,0.992701,True
52,158,DISTORTEDTkeepThirdMARS,TkeepForthMARS,False,NASA,11308,11308,3500,3500,3500,0.992701,True
52,159,DISTORTEDTkeepThirdMARS,TkeepSecondMARS,False,NASA,11308,11388,3500,3500,3500,0.992701,True
103,156,NOISETkeepThirdMARS,TkeepFifthMARS,False,NASA,11308,11334,3500,3500,3500,0.995292,True
103,157,NOISETkeepThirdMARS,TkeepFirstMARS,False,NASA,11308,11406,3500,3500,3500,0.995292,True
103,158,NOISETkeepThirdMARS,TkeepForthMARS,False,NASA,11308,11308,3500,3500,3500,0.995292,True
103,159,NOISETkeepThirdMARS,TkeepSecondMARS,False,NASA,11308,11388,3500,3500,3500,0.995292,True
156,157,TkeepFifthMARS,TkeepFirstMARS,False,NASA,11334,11406,3500,3500,3500,1.000000,True
156,158,TkeepFifthMARS,TkeepForthMARS,False,NASA,11334,11308,3500,3500,3500,1.000000,True
156,159,TkeepFifthMARS,TkeepSecondMARS,False,NASA,11334,11388,3500,3500,3500,1.000000,True
156,160,TkeepFifthMARS,TkeepThirdMARS,False,NASA,11334,11308,3500,3500,3500,1.000000,True
157,158,TkeepFirstMARS,TkeepForthMARS,False,NASA,11406,11308,3500,3500,3500,1.000000,True
157,159,TkeepFirstMARS,TkeepSecondMARS,False,NASA,11406,11388,3500,3500,3500,1.000000,True
157,160,TkeepFirstMARS,TkeepThirdMARS,False,NASA,11406,11308,3500,3500,3500,1.000000,True
158,159,TkeepForthMARS,TkeepSecondMARS,False,NASA,11308,11388,3500,3500,3500,1.000000,True
158,160,TkeepForthMARS,TkeepThirdMARS,False,NASA,11308,11308,3500,3500,3500,1.000000,True
159,160,TkeepSecondMARS,TkeepThirdMARS,False,NASA,11388,11308,3500,3500,3500,1.000000,True
76,77,DISTORTEDresperation10,DISTORTEDresperation11,False,RESP,195000,195000,48000,58000,5000,0.983693,True
76,82,DISTORTEDresperation10,DISTORTEDresperation4,False,RESP,195000,195250,48000,70000,5000,0.975571,True
76,83,DISTORTEDresperation10,DISTORTEDresperation9,False,RESP,195000,195000,48000,38000,5000,0.976217,True
76,185,DISTORTEDresperation10,resperation11,False,RESP,195000,195000,48000,58000,5000,0.990037,True
76,190,DISTORTEDresperation10,resperation4,False,RESP,195000,195250,48000,70000,5000,0.990037,True
76,191,DISTORTEDresperation10,resperation9,False,RESP,195000,195000,48000,38000,5000,0.990037,True
77,82,DISTORTEDresperation11,DISTORTEDresperation4,False,RESP,195000,195250,58000,70000,5000,0.981609,True
77,83,DISTORTEDresperation11,DISTORTEDresperation9,False,RESP,195000,195000,58000,38000,5000,0.975617,True
77,184,DISTORTEDresperation11,resperation10,False,RESP,195000,195000,58000,48000,5000,0.990424,True
77,190,DISTORTEDresperation11,resperation4,False,RESP,195000,195250,58000,70000,5000,0.990424,True
77,191,DISTORTEDresperation11,resperation9,False,RESP,195000,195000,58000,38000,5000,0.990424,True
78,79,DISTORTEDresperation1,DISTORTEDresperation2,False,RESP,200000,200051,100000,30000,5000,0.982080,True
78,108,DISTORTEDresperation1,NOISEresperation2,False,RESP,200000,200051,100000,30000,5000,0.986588,True
78,187,DISTORTEDresperation1,resperation2,False,RESP,200000,200051,100000,30000,5000,0.991555,True
79,186,DISTORTEDresperation2,resperation1,False,RESP,200051,200000,30000,100000,5000,0.989036,True
80,81,DISTORTEDresperation2,DISTORTEDresperation3,False,RESP,190050,190100,30000,45000,5000,0.978802,True
80,189,DISTORTEDresperation2,resperation3,False,RESP,190050,190100,30000,45000,5000,0.988998,True
81,188,DISTORTEDresperation3,resperation2,False,RESP,190100,190050,45000,30000,5000,0.991035,True
82,83,DISTORTEDresperation4,DISTORTEDresperation9,False,RESP,195250,195000,70000,38000,5000,0.979918,True
82,184,DISTORTEDresperation4,resperation10,False,RESP,195250,195000,70000,48000,5000,0.989828,True
82,185,DISTORTEDresperation4,resperation11,False,RESP,195250,195000,70000,58000,5000,0.989828,True
82,191,DISTORTEDresperation4,resperation9,False,RESP,195250,195000,70000,38000,5000,0.989828,True
83,184,DISTORTEDresperation9,resperation10,False,RESP,195000,195000,38000,48000,5000,0.989582,True
83,185,DISTORTEDresperation9,resperation11,False,RESP,195000,195000,38000,58000,5000,0.989582,True
83,190,DISTORTEDresperation9,resperation4,False,RESP,195000,195250,38000,70000,5000,0.989582,True
108,186,NOISEresperation2,resperation1,False,RESP,200051,200000,30000,100000,5000,0.995079,True
184,185,resperation10,resperation11,False,RESP,195000,195000,48000,58000,5000,1.000000,True
184,190,resperation10,resperation4,False,RESP,195000,195250,48000,70000,5000,1.000000,True
184,191,resperation10,resperation9,False,RESP,195000,195000,48000,38000,5000,1.000000,True
185,190,resperation11,resperation4,False,RESP,195000,195250,58000,70000,5000,1.000000,True
185,191,resperation11,resperation9,False,RESP,195000,195000,58000,38000,5000,1.000000,True
186,187,resperation1,resperation2,False,RESP,200000,200051,100000,30000,5000,1.000000,True
188,189,resperation2,resperation3,False,RESP,190050,190100,30000,45000,5000,1.000000,True
190,191,resperation4,resperation9,False,RESP,195250,195000,70000,38000,5000,1.000000,True
