num,name,variant,domain_goswami,is_medical,content_group,name_group,fit_on,max_features,seed,n_fit,window,n_estimators,n,train_end,start0,stop0,max_anom,thr_b0,thr_bw,n_normal_b0,n_normal_bw,p1_b0,p1_bw,argmax0,p2_archive,p2_brief,fit_s,score_s,score_file
1,DISTORTED1sddb40,DISTORTED,ECG,True,cg001,1sddb40,full,1,0,79795,100,200,79795,35000,51999,52620,0.1642104578618307,0.09909506560156842,0.09917227952176118,44174,43974,True,True,71010,False,False,0.8817,0.3189,results/gate1/scores/001_full_mf1_seed0.npy
1,DISTORTED1sddb40,DISTORTED,ECG,True,cg001,1sddb40,full,1,1,79795,100,200,79795,35000,51999,52620,0.1711369791416128,0.09930435430427406,0.09956873080612863,44174,43974,True,True,71013,False,False,0.889,0.3145,results/gate1/scores/001_full_mf1_seed1.npy
1,DISTORTED1sddb40,DISTORTED,ECG,True,cg001,1sddb40,full,1,2,79795,100,200,79795,35000,51999,52620,0.1574191499112917,0.09856781275073717,0.09861560291385052,44174,43974,True,True,71006,False,False,0.9024,0.3629,results/gate1/scores/001_full_mf1_seed2.npy
1,DISTORTED1sddb40,DISTORTED,ECG,True,cg001,1sddb40,full,1.0,0,79795,100,200,79795,35000,51999,52620,0.2590925619848011,0.10869876306445748,0.10925784627709861,44174,43974,True,True,52320,True,True,0.8857,0.3262,results/gate1/scores/001_full_mf1.0_seed0.npy
1,DISTORTED1sddb40,DISTORTED,ECG,True,cg001,1sddb40,full,1.0,1,79795,100,200,79795,35000,51999,52620,0.2748174184519563,0.10833690434846525,0.10858417655095282,44174,43974,True,True,52309,True,True,0.8794,0.324,results/gate1/scores/001_full_mf1.0_seed1.npy
1,DISTORTED1sddb40,DISTORTED,ECG,True,cg001,1sddb40,full,1.0,2,79795,100,200,79795,35000,51999,52620,0.2524276572251756,0.11660339823046917,0.11687314037579967,44174,43974,True,True,52315,True,True,0.9302,0.2868,results/gate1/scores/001_full_mf1.0_seed2.npy
1,DISTORTED1sddb40,DISTORTED,ECG,True,cg001,1sddb40,train_prefix,1,0,35000,100,200,79795,35000,51999,52620,0.16089020322145337,0.10504628264059684,0.10533324562059385,44174,43974,True,True,71010,False,False,1.7388,0.3124,results/gate1/scores/001_train_prefix_mf1_seed0.npy
1,DISTORTED1sddb40,DISTORTED,ECG,True,cg001,1sddb40,train_prefix,1,1,35000,100,200,79795,35000,51999,52620,0.16566809542095046,0.10110896458630211,0.10125399511309302,44174,43974,True,True,71009,False,False,0.4182,0.3182,results/gate1/scores/001_train_prefix_mf1_seed1.npy
1,DISTORTED1sddb40,DISTORTED,ECG,True,cg001,1sddb40,train_prefix,1,2,35000,100,200,79795,35000,51999,52620,0.1574433501146747,0.0990917794439056,0.0993438276838716,44174,43974,True,True,71009,False,False,0.4327,0.32,results/gate1/scores/001_train_prefix_mf1_seed2.npy
1,DISTORTED1sddb40,DISTORTED,ECG,True,cg001,1sddb40,train_prefix,1.0,0,35000,100,200,79795,35000,51999,52620,0.26272471275986325,0.1085916481645235,0.10883549311745884,44174,43974,True,True,52321,True,True,0.3559,0.2892,results/gate1/scores/001_train_prefix_mf1.0_seed0.npy
1,DISTORTED1sddb40,DISTORTED,ECG,True,cg001,1sddb40,train_prefix,1.0,1,35000,100,200,79795,35000,51999,52620,0.2715838747519521,0.11498772015340127,0.11523888296341935,44174,43974,True,True,52309,True,True,0.3814,0.2855,results/gate1/scores/001_train_prefix_mf1.0_seed1.npy
1,DISTORTED1sddb40,DISTORTED,ECG,True,cg001,1sddb40,train_prefix,1.0,2,35000,100,200,79795,35000,51999,52620,0.2514950528373322,0.10954947707930866,0.10990773095138867,44174,43974,True,True,52315,True,True,0.3601,0.3031,results/gate1/scores/001_train_prefix_mf1.0_seed2.npy
2,DISTORTED2sddb40,DISTORTED,ECG,True,cg001,2sddb40,full,1,0,80001,100,200,80001,35000,56599,56900,-0.037272760957267115,0.11103632396233953,0.11120858653250208,44700,44500,False,False,71219,False,False,0.8932,0.3044,results/gate1/scores/002_full_mf1_seed0.npy
2,DISTORTED2sddb40,DISTORTED,ECG,True,cg001,2sddb40,full,1,1,80001,100,200,80001,35000,56599,56900,-0.037343754646476324,0.11904904327252998,0.1190779174304765,44700,44500,False,False,71215,False,False,0.8895,0.3089,results/gate1/scores/002_full_mf1_seed1.npy
2,DISTORTED2sddb40,DISTORTED,ECG,True,cg001,2sddb40,full,1,2,80001,100,200,80001,35000,56599,56900,-0.033794302713761826,0.1041402076667254,0.10459159527120086,44700,44500,False,False,71216,False,False,0.908,0.3605,results/gate1/scores/002_full_mf1_seed2.npy
2,DISTORTED2sddb40,DISTORTED,ECG,True,cg001,2sddb40,full,1.0,0,80001,100,200,80001,35000,56599,56900,-0.021842801927696054,0.1173290156060309,0.11764619151130824,44700,44500,False,False,69839,False,False,0.8377,0.3713,results/gate1/scores/002_full_mf1.0_seed0.npy
2,DISTORTED2sddb40,DISTORTED,ECG,True,cg001,2sddb40,full,1.0,1,80001,100,200,80001,35000,56599,56900,-0.009638998550945355,0.12704099385552395,0.12771118479317614,44700,44500,False,False,69837,False,False,0.8084,0.3363,results/gate1/scores/002_full_mf1.0_seed1.npy
2,DISTORTED2sddb40,DISTORTED,ECG,True,cg001,2sddb40,full,1.0,2,80001,100,200,80001,35000,56599,56900,-0.014640044794012375,0.12003866323755424,0.1205081803786047,44700,44500,False,False,69830,False,False,0.9112,0.3289,results/gate1/scores/002_full_mf1.0_seed2.npy
2,DISTORTED2sddb40,DISTORTED,ECG,True,cg001,2sddb40,train_prefix,1,0,35000,100,200,80001,35000,56599,56900,-0.030667956189643186,0.1055961524683517,0.10566175526530518,44700,44500,False,False,71217,False,False,1.7106,0.3082,results/gate1/scores/002_train_prefix_mf1_seed0.npy
2,DISTORTED2sddb40,DISTORTED,ECG,True,cg001,2sddb40,train_prefix,1,1,35000,100,200,80001,35000,56599,56900,-0.042058795152977946,0.10426452182008646,0.10437262239760917,44700,44500,False,False,71215,False,False,0.4271,0.3173,results/gate1/scores/002_train_prefix_mf1_seed1.npy
2,DISTORTED2sddb40,DISTORTED,ECG,True,cg001,2sddb40,train_prefix,1,2,35000,100,200,80001,35000,56599,56900,-0.03910417138923716,0.09827407288558218,0.09844191394937149,44700,44500,False,False,71216,False,False,0.4228,0.3152,results/gate1/scores/002_train_prefix_mf1_seed2.npy
2,DISTORTED2sddb40,DISTORTED,ECG,True,cg001,2sddb40,train_prefix,1.0,0,35000,100,200,80001,35000,56599,56900,-0.021805711222821378,0.11270733153550835,0.11282526818153425,44700,44500,False,False,69834,False,False,0.3457,0.2888,results/gate1/scores/002_train_prefix_mf1.0_seed0.npy
2,DISTORTED2sddb40,DISTORTED,ECG,True,cg001,2sddb40,train_prefix,1.0,1,35000,100,200,80001,35000,56599,56900,-0.006880180016254178,0.1202549044056413,0.1212264074667534,44700,44500,False,False,69852,False,False,0.3423,0.3062,results/gate1/scores/002_train_prefix_mf1.0_seed1.npy
2,DISTORTED2sddb40,DISTORTED,ECG,True,cg001,2sddb40,train_prefix,1.0,2,35000,100,200,80001,35000,56599,56900,-0.016861652587524922,0.11792751397584009,0.11818310695930617,44700,44500,False,False,69838,False,False,0.336,0.3142,results/gate1/scores/002_train_prefix_mf1.0_seed2.npy
3,DISTORTED3sddb40,DISTORTED,ECG,True,cg001,3sddb40,full,1,0,80000,100,200,80000,35000,46599,46900,0.015184083654913139,0.1072248211549774,0.10733140450971293,44699,44499,False,False,71238,False,False,0.9116,0.3174,results/gate1/scores/003_full_mf1_seed0.npy
3,DISTORTED3sddb40,DISTORTED,ECG,True,cg001,3sddb40,full,1,1,80000,100,200,80000,35000,46599,46900,0.024861024127238618,0.10429060325502516,0.10434790007426815,44699,44499,False,False,71215,False,False,0.8846,0.307,results/gate1/scores/003_full_mf1_seed1.npy
3,DISTORTED3sddb40,DISTORTED,ECG,True,cg001,3sddb40,full,1,2,80000,100,200,80000,35000,46599,46900,0.023651225744113547,0.10276917421066059,0.10289516561690662,44699,44499,False,False,71211,False,False,0.8969,0.3629,results/gate1/scores/003_full_mf1_seed2.npy
3,DISTORTED3sddb40,DISTORTED,ECG,True,cg001,3sddb40,full,1.0,0,80000,100,200,80000,35000,46599,46900,0.040198523060511915,0.11626553768679701,0.1163666084292811,44699,44499,False,False,69836,False,False,0.9015,0.3104,results/gate1/scores/003_full_mf1.0_seed0.npy
3,DISTORTED3sddb40,DISTORTED,ECG,True,cg001,3sddb40,full,1.0,1,80000,100,200,80000,35000,46599,46900,0.02450644247382211,0.11784000048838722,0.11808216741544209,44699,44499,False,False,69836,False,False,0.8681,0.3338,results/gate1/scores/003_full_mf1.0_seed1.npy
3,DISTORTED3sddb40,DISTORTED,ECG,True,cg001,3sddb40,full,1.0,2,80000,100,200,80000,35000,46599,46900,0.03754049529701381,0.11952771360951532,0.12026224218920345,44699,44499,False,False,69835,False,False,0.9098,0.2865,results/gate1/scores/003_full_mf1.0_seed2.npy
3,DISTORTED3sddb40,DISTORTED,ECG,True,cg001,3sddb40,train_prefix,1,0,35000,100,200,80000,35000,46599,46900,0.01240340746436086,0.10401250738491338,0.10426002909312211,44699,44499,False,False,71249,False,False,1.7399,0.3215,results/gate1/scores/003_train_prefix_mf1_seed0.npy
3,DISTORTED3sddb40,DISTORTED,ECG,True,cg001,3sddb40,train_prefix,1,1,35000,100,200,80000,35000,46599,46900,0.02221283589256029,0.10216385507308944,0.10235386912913767,44699,44499,False,False,71216,False,False,0.4147,0.3148,results/gate1/scores/003_train_prefix_mf1_seed1.npy
3,DISTORTED3sddb40,DISTORTED,ECG,True,cg001,3sddb40,train_prefix,1,2,35000,100,200,80000,35000,46599,46900,0.013808107062660835,0.09948938526553722,0.09970470907348383,44699,44499,False,False,71238,False,False,0.4324,0.3217,results/gate1/scores/003_train_prefix_mf1_seed2.npy
3,DISTORTED3sddb40,DISTORTED,ECG,True,cg001,3sddb40,train_prefix,1.0,0,35000,100,200,80000,35000,46599,46900,0.03518713054532563,0.10932225430637985,0.10958190237469367,44699,44499,False,False,69833,False,False,0.3605,0.2883,results/gate1/scores/003_train_prefix_mf1.0_seed0.npy
3,DISTORTED3sddb40,DISTORTED,ECG,True,cg001,3sddb40,train_prefix,1.0,1,35000,100,200,80000,35000,46599,46900,0.01530169606552284,0.11589612765506374,0.11639746169488796,44699,44499,False,False,69851,False,False,0.3788,0.2883,results/gate1/scores/003_train_prefix_mf1.0_seed1.npy
3,DISTORTED3sddb40,DISTORTED,ECG,True,cg001,3sddb40,train_prefix,1.0,2,35000,100,200,80000,35000,46599,46900,0.029648099558462593,0.1127102286917279,0.11293273377190947,44699,44499,False,False,69633,False,False,0.3621,0.3085,results/gate1/scores/003_train_prefix_mf1.0_seed2.npy
4,DISTORTEDBIDMC1,DISTORTED,ECG,True,cg004,BIDMC1,full,1,0,11000,100,200,11000,2500,5399,5600,0.019823806945654554,0.024848549128837782,0.024328582490552638,8299,8099,False,False,4206,False,False,0.2052,0.0526,results/gate1/scores/004_full_mf1_seed0.npy
4,DISTORTEDBIDMC1,DISTORTED,ECG,True,cg004,BIDMC1,full,1,1,11000,100,200,11000,2500,5399,5600,0.014144346689978549,0.02230234405891439,0.022317140185743524,8299,8099,False,False,4144,False,False,0.2124,0.0513,results/gate1/scores/004_full_mf1_seed1.npy
4,DISTORTEDBIDMC1,DISTORTED,ECG,True,cg004,BIDMC1,full,1,2,11000,100,200,11000,2500,5399,5600,0.021320295097141284,0.021335270408685433,0.021404817532620277,8299,8099,False,False,4161,False,False,0.2062,0.0532,results/gate1/scores/004_full_mf1_seed2.npy
4,DISTORTEDBIDMC1,DISTORTED,ECG,True,cg004,BIDMC1,full,1.0,0,11000,100,200,11000,2500,5399,5600,0.1048465509543346,0.03553195897807731,0.03348165886596347,8299,8099,True,True,5556,True,True,0.1672,0.0351,results/gate1/scores/004_full_mf1.0_seed0.npy
4,DISTORTEDBIDMC1,DISTORTED,ECG,True,cg004,BIDMC1,full,1.0,1,11000,100,200,11000,2500,5399,5600,0.08898837531566839,0.032422395738706936,0.027423160533061628,8299,8099,True,True,5557,True,True,0.1727,0.0349,results/gate1/scores/004_full_mf1.0_seed1.npy
4,DISTORTEDBIDMC1,DISTORTED,ECG,True,cg004,BIDMC1,full,1.0,2,11000,100,200,11000,2500,5399,5600,0.10513088899384515,0.03014483003849586,0.02760907947275926,8299,8099,True,True,5561,True,True,0.1649,0.0313,results/gate1/scores/004_full_mf1.0_seed2.npy
4,DISTORTEDBIDMC1,DISTORTED,ECG,True,cg004,BIDMC1,train_prefix,1,0,2500,100,200,11000,2500,5399,5600,0.017947181861380113,0.02943671765372863,0.029655727792704225,8299,8099,False,False,4168,False,False,1.4274,0.0514,results/gate1/scores/004_train_prefix_mf1_seed0.npy
4,DISTORTEDBIDMC1,DISTORTED,ECG,True,cg004,BIDMC1,train_prefix,1,1,2500,100,200,11000,2500,5399,5600,0.027170761353278117,0.027125399940172108,0.02667078693573062,8299,8099,True,True,4213,False,False,0.1054,0.0515,results/gate1/scores/004_train_prefix_mf1_seed1.npy
4,DISTORTEDBIDMC1,DISTORTED,ECG,True,cg004,BIDMC1,train_prefix,1,2,2500,100,200,11000,2500,5399,5600,0.02346001324563929,0.028646728905565265,0.028722573578479314,8299,8099,False,False,4161,False,False,0.107,0.0518,results/gate1/scores/004_train_prefix_mf1_seed2.npy
4,DISTORTEDBIDMC1,DISTORTED,ECG,True,cg004,BIDMC1,train_prefix,1.0,0,2500,100,200,11000,2500,5399,5600,0.08132782683350248,0.035304719822268245,0.03464869894363263,8299,8099,True,True,5554,True,True,0.0979,0.0412,results/gate1/scores/004_train_prefix_mf1.0_seed0.npy
4,DISTORTEDBIDMC1,DISTORTED,ECG,True,cg004,BIDMC1,train_prefix,1.0,1,2500,100,200,11000,2500,5399,5600,0.07930800150687678,0.03697896863785176,0.036719835316299625,8299,8099,True,True,5561,True,True,0.1007,0.037,results/gate1/scores/004_train_prefix_mf1.0_seed1.npy
4,DISTORTEDBIDMC1,DISTORTED,ECG,True,cg004,BIDMC1,train_prefix,1.0,2,2500,100,200,11000,2500,5399,5600,0.09548994936449062,0.032765970827632496,0.03120641574510476,8299,8099,True,True,5558,True,True,0.0969,0.0362,results/gate1/scores/004_train_prefix_mf1.0_seed2.npy
5,DISTORTEDCIMIS44AirTemperature1,DISTORTED,Air Temperature,False,cg005,CIMIS44AirTemperature1,full,1,0,8184,100,200,8184,4000,5390,5392,-0.038604580535374966,0.03874602633497418,0.03877955644851634,4182,3982,False,False,4801,False,False,0.1811,0.0437,results/gate1/scores/005_full_mf1_seed0.npy
5,DISTORTEDCIMIS44AirTemperature1,DISTORTED,Air Temperature,False,cg005,CIMIS44AirTemperature1,full,1,1,8184,100,200,8184,4000,5390,5392,-0.024603374779015363,0.03724615457816739,0.03788638588664919,4182,3982,False,False,4784,False,False,0.1774,0.0445,results/gate1/scores/005_full_mf1_seed1.npy
5,DISTORTEDCIMIS44AirTemperature1,DISTORTED,Air Temperature,False,cg005,CIMIS44AirTemperature1,full,1,2,8184,100,200,8184,4000,5390,5392,-0.030198951367628346,0.04514951725715389,0.045280318541343255,4182,3982,False,False,4792,False,False,0.1923,0.0481,results/gate1/scores/005_full_mf1_seed2.npy
5,DISTORTEDCIMIS44AirTemperature1,DISTORTED,Air Temperature,False,cg005,CIMIS44AirTemperature1,full,1.0,0,8184,100,200,8184,4000,5390,5392,-0.03641016959569077,0.07445274090813592,0.0746171924635317,4182,3982,False,False,4790,False,False,0.1719,0.0392,results/gate1/scores/005_full_mf1.0_seed0.npy
5,DISTORTEDCIMIS44AirTemperature1,DISTORTED,Air Temperature,False,cg005,CIMIS44AirTemperature1,full,1.0,1,8184,100,200,8184,4000,5390,5392,-0.04451510065592473,0.06962183019121002,0.06988109358680737,4182,3982,False,False,4789,False,False,0.1638,0.0353,results/gate1/scores/005_full_mf1.0_seed1.npy
5,DISTORTEDCIMIS44AirTemperature1,DISTORTED,Air Temperature,False,cg005,CIMIS44AirTemperature1,full,1.0,2,8184,100,200,8184,4000,5390,5392,-0.03413967112146288,0.07148745327021673,0.07180476970019692,4182,3982,False,False,4787,False,False,0.1622,0.0371,results/gate1/scores/005_full_mf1.0_seed2.npy
5,DISTORTEDCIMIS44AirTemperature1,DISTORTED,Air Temperature,False,cg005,CIMIS44AirTemperature1,train_prefix,1,0,4000,100,200,8184,4000,5390,5392,-0.02696809605716316,0.06278877156485847,0.06338680010608073,4182,3982,False,False,4797,False,False,0.1197,0.0447,results/gate1/scores/005_train_prefix_mf1_seed0.npy
5,DISTORTEDCIMIS44AirTemperature1,DISTORTED,Air Temperature,False,cg005,CIMIS44AirTemperature1,train_prefix,1,1,4000,100,200,8184,4000,5390,5392,-0.018146240894631016,0.05780361105596802,0.05811934019997725,4182,3982,False,False,4788,False,False,0.1276,0.044,results/gate1/scores/005_train_prefix_mf1_seed1.npy
5,DISTORTEDCIMIS44AirTemperature1,DISTORTED,Air Temperature,False,cg005,CIMIS44AirTemperature1,train_prefix,1,2,4000,100,200,8184,4000,5390,5392,-0.019997148992071945,0.06161574086144146,0.06172561089673785,4182,3982,False,False,4791,False,False,0.1291,0.0449,results/gate1/scores/005_train_prefix_mf1_seed2.npy
5,DISTORTEDCIMIS44AirTemperature1,DISTORTED,Air Temperature,False,cg005,CIMIS44AirTemperature1,train_prefix,1.0,0,4000,100,200,8184,4000,5390,5392,-0.05182693481580347,0.11024888206947024,0.11043776645039935,4182,3982,False,False,4794,False,False,0.1083,0.0318,results/gate1/scores/005_train_prefix_mf1.0_seed0.npy
5,DISTORTEDCIMIS44AirTemperature1,DISTORTED,Air Temperature,False,cg005,CIMIS44AirTemperature1,train_prefix,1.0,1,4000,100,200,8184,4000,5390,5392,-0.05077634584924756,0.1115284507357383,0.11193643420846068,4182,3982,False,False,4787,False,False,0.1099,0.0389,results/gate1/scores/005_train_prefix_mf1.0_seed1.npy
5,DISTORTEDCIMIS44AirTemperature1,DISTORTED,Air Temperature,False,cg005,CIMIS44AirTemperature1,train_prefix,1.0,2,4000,100,200,8184,4000,5390,5392,-0.03815310883245904,0.10697517918550374,0.10748150184699637,4182,3982,False,False,4787,False,False,0.1159,0.0392,results/gate1/scores/005_train_prefix_mf1.0_seed2.npy
6,DISTORTEDCIMIS44AirTemperature2,DISTORTED,Air Temperature,False,cg005,CIMIS44AirTemperature2,full,1,0,8184,100,200,8184,4000,5702,5727,-0.009761481492527924,0.043373334287296866,0.0441826552511082,4159,3959,False,False,5091,False,False,0.1916,0.0457,results/gate1/scores/006_full_mf1_seed0.npy
6,DISTORTEDCIMIS44AirTemperature2,DISTORTED,Air Temperature,False,cg005,CIMIS44AirTemperature2,full,1,1,8184,100,200,8184,4000,5702,5727,-0.014300192543717283,0.03430199077719471,0.03473978704487624,4159,3959,False,False,5101,False,False,0.1871,0.0489,results/gate1/scores/006_full_mf1_seed1.npy
6,DISTORTEDCIMIS44AirTemperature2,DISTORTED,Air Temperature,False,cg005,CIMIS44AirTemperature2,full,1,2,8184,100,200,8184,4000,5702,5727,-0.0147990956219205,0.041422299984972356,0.04243017315128997,4159,3959,False,False,5103,False,False,0.1864,0.0453,results/gate1/scores/006_full_mf1_seed2.npy
6,DISTORTEDCIMIS44AirTemperature2,DISTORTED,Air Temperature,False,cg005,CIMIS44AirTemperature2,full,1.0,0,8184,100,200,8184,4000,5702,5727,-0.021571182294877644,0.06931917878106192,0.06960488732555371,4159,3959,False,False,5103,False,False,0.154,0.0316,results/gate1/scores/006_full_mf1.0_seed0.npy
6,DISTORTEDCIMIS44AirTemperature2,DISTORTED,Air Temperature,False,cg005,CIMIS44AirTemperature2,full,1.0,1,8184,100,200,8184,4000,5702,5727,-0.013255203946892058,0.07207292149629899,0.07255474843540499,4159,3959,False,False,5107,False,False,0.1584,0.0358,results/gate1/scores/006_full_mf1.0_seed1.npy
6,DISTORTEDCIMIS44AirTemperature2,DISTORTED,Air Temperature,False,cg005,CIMIS44AirTemperature2,full,1.0,2,8184,100,200,8184,4000,5702,5727,0.0012844990380886934,0.0753270134617744,0.07567526851746934,4159,3959,False,False,5100,False,False,0.1672,0.0372,results/gate1/scores/006_full_mf1.0_seed2.npy
6,DISTORTEDCIMIS44AirTemperature2,DISTORTED,Air Temperature,False,cg005,CIMIS44AirTemperature2,train_prefix,1,0,4000,100,200,8184,4000,5702,5727,0.006772452911996796,0.06409598563668314,0.06464021627528266,4159,3959,False,False,5095,False,False,0.1292,0.0455,results/gate1/scores/006_train_prefix_mf1_seed0.npy
6,DISTORTEDCIMIS44AirTemperature2,DISTORTED,Air Temperature,False,cg005,CIMIS44AirTemperature2,train_prefix,1,1,4000,100,200,8184,4000,5702,5727,-0.0011899450864868433,0.059979067461980805,0.06028748314558625,4159,3959,False,False,5122,False,False,0.1291,0.0452,results/gate1/scores/006_train_prefix_mf1_seed1.npy
6,DISTORTEDCIMIS44AirTemperature2,DISTORTED,Air Temperature,False,cg005,CIMIS44AirTemperature2,train_prefix,1,2,4000,100,200,8184,4000,5702,5727,0.007036069740333439,0.06351590008360912,0.0637353078229826,4159,3959,False,False,5101,False,False,0.1317,0.0461,results/gate1/scores/006_train_prefix_mf1_seed2.npy
6,DISTORTEDCIMIS44AirTemperature2,DISTORTED,Air Temperature,False,cg005,CIMIS44AirTemperature2,train_prefix,1.0,0,4000,100,200,8184,4000,5702,5727,0.011399863809936628,0.11027945573986245,0.11202433721368985,4159,3959,False,False,5103,False,False,0.1137,0.0354,results/gate1/scores/006_train_prefix_mf1.0_seed0.npy
6,DISTORTEDCIMIS44AirTemperature2,DISTORTED,Air Temperature,False,cg005,CIMIS44AirTemperature2,train_prefix,1.0,1,4000,100,200,8184,4000,5702,5727,0.009983520555364445,0.11340454324375825,0.11399136855797079,4159,3959,False,False,5100,False,False,0.1159,0.0356,results/gate1/scores/006_train_prefix_mf1.0_seed1.npy
6,DISTORTEDCIMIS44AirTemperature2,DISTORTED,Air Temperature,False,cg005,CIMIS44AirTemperature2,train_prefix,1.0,2,4000,100,200,8184,4000,5702,5727,0.009632751333471856,0.1133108064992096,0.11352927270588586,4159,3959,False,False,5100,False,False,0.1164,0.0377,results/gate1/scores/006_train_prefix_mf1.0_seed2.npy
7,DISTORTEDCIMIS44AirTemperature3,DISTORTED,Air Temperature,False,cg005,CIMIS44AirTemperature3,full,1,0,8184,100,200,8184,4000,6519,6544,-0.029600629680025137,0.041683698361198,0.0420523856326309,4159,3959,False,False,4788,False,False,0.1989,0.0568,results/gate1/scores/007_full_mf1_seed0.npy
7,DISTORTEDCIMIS44AirTemperature3,DISTORTED,Air Temperature,False,cg005,CIMIS44AirTemperature3,full,1,1,8184,100,200,8184,4000,6519,6544,-0.03504171102187309,0.0362475218510119,0.036381568199163015,4159,3959,False,False,4786,False,False,0.2521,0.0573,results/gate1/scores/007_full_mf1_seed1.npy
7,DISTORTEDCIMIS44AirTemperature3,DISTORTED,Air Temperature,False,cg005,CIMIS44AirTemperature3,full,1,2,8184,100,200,8184,4000,6519,6544,-0.03149132471866034,0.04175003583740995,0.04248126486159107,4159,3959,False,False,4793,False,False,0.2726,0.0607,results/gate1/scores/007_full_mf1_seed2.npy
7,DISTORTEDCIMIS44AirTemperature3,DISTORTED,Air Temperature,False,cg005,CIMIS44AirTemperature3,full,1.0,0,8184,100,200,8184,4000,6519,6544,-0.054945195870197916,0.07036818470901465,0.0721149167023099,4159,3959,False,False,4791,False,False,0.1914,0.0404,results/gate1/scores/007_full_mf1.0_seed0.npy
7,DISTORTEDCIMIS44AirTemperature3,DISTORTED,Air Temperature,False,cg005,CIMIS44AirTemperature3,full,1.0,1,8184,100,200,8184,4000,6519,6544,-0.056268499267718486,0.07240623101967117,0.07288304976911424,4159,3959,False,False,4793,False,False,0.1669,0.0321,results/gate1/scores/007_full_mf1.0_seed1.npy
7,DISTORTEDCIMIS44AirTemperature3,DISTORTED,Air Temperature,False,cg005,CIMIS44AirTemperature3,full,1.0,2,8184,100,200,8184,4000,6519,6544,-0.05431659421691054,0.07623249543388881,0.07738066096188766,4159,3959,False,False,4787,False,False,0.2139,0.0458,results/gate1/scores/007_full_mf1.0_seed2.npy
7,DISTORTEDCIMIS44AirTemperature3,DISTORTED,Air Temperature,False,cg005,CIMIS44AirTemperature3,train_prefix,1,0,4000,100,200,8184,4000,6519,6544,-0.02127035633490687,0.06759926183079745,0.06781167118779474,4159,3959,False,False,4788,False,False,0.1297,0.0446,results/gate1/scores/007_train_prefix_mf1_seed0.npy
7,DISTORTEDCIMIS44AirTemperature3,DISTORTED,Air Temperature,False,cg005,CIMIS44AirTemperature3,train_prefix,1,1,4000,100,200,8184,4000,6519,6544,-0.020029495061200997,0.06403036693732209,0.06435830968499547,4159,3959,False,False,4810,False,False,0.1285,0.0452,results/gate1/scores/007_train_prefix_mf1_seed1.npy
7,DISTORTEDCIMIS44AirTemperature3,DISTORTED,Air Temperature,False,cg005,CIMIS44AirTemperature3,train_prefix,1,2,4000,100,200,8184,4000,6519,6544,-0.018745382802615063,0.06751791296931416,0.06784828156269893,4159,3959,False,False,4788,False,False,0.1283,0.0457,results/gate1/scores/007_train_prefix_mf1_seed2.npy
7,DISTORTEDCIMIS44AirTemperature3,DISTORTED,Air Temperature,False,cg005,CIMIS44AirTemperature3,train_prefix,1.0,0,4000,100,200,8184,4000,6519,6544,-0.0406845041871593,0.1099801324818214,0.11029302048928995,4159,3959,False,False,4791,False,False,0.1133,0.0349,results/gate1/scores/007_train_prefix_mf1.0_seed0.npy
7,DISTORTEDCIMIS44AirTemperature3,DISTORTED,Air Temperature,False,cg005,CIMIS44AirTemperature3,train_prefix,1.0,1,4000,100,200,8184,4000,6519,6544,-0.030790101300458728,0.12213904439457489,0.12277275322767343,4159,3959,False,False,4790,False,False,0.113,0.0395,results/gate1/scores/007_train_prefix_mf1.0_seed1.npy
7,DISTORTEDCIMIS44AirTemperature3,DISTORTED,Air Temperature,False,cg005,CIMIS44AirTemperature3,train_prefix,1.0,2,4000,100,200,8184,4000,6519,6544,-0.031103892971218183,0.12445528264323026,0.12504398797103058,4159,3959,False,False,4792,False,False,0.1584,0.0371,results/gate1/scores/007_train_prefix_mf1.0_seed2.npy
8,DISTORTEDCIMIS44AirTemperature4,DISTORTED,Air Temperature,False,cg005,CIMIS44AirTemperature4,full,1,0,8184,100,200,8184,4000,5548,5597,0.0024168076986706977,0.04908350802015069,0.04972833881282733,4135,3935,False,False,4787,False,False,0.2877,0.0527,results/gate1/scores/008_full_mf1_seed0.npy
8,DISTORTEDCIMIS44AirTemperature4,DISTORTED,Air Temperature,False,cg005,CIMIS44AirTemperature4,full,1,1,8184,100,200,8184,4000,5548,5597,-0.0017161541784540546,0.04130321120993495,0.042165106519671446,4135,3935,False,False,4792,False,False,0.2227,0.0538,results/gate1/scores/008_full_mf1_seed1.npy
8,DISTORTEDCIMIS44AirTemperature4,DISTORTED,Air Temperature,False,cg005,CIMIS44AirTemperature4,full,1,2,8184,100,200,8184,4000,5548,5597,0.0031368425219883145,0.04774444417294119,0.04797542951454865,4135,3935,False,False,4792,False,False,0.2072,0.0446,results/gate1/scores/008_full_mf1_seed2.npy
8,DISTORTEDCIMIS44AirTemperature4,DISTORTED,Air Temperature,False,cg005,CIMIS44AirTemperature4,full,1.0,0,8184,100,200,8184,4000,5548,5597,0.006955332821222571,0.09066886146048353,0.0918315611767955,4135,3935,False,False,4802,False,False,0.1529,0.0303,results/gate1/scores/008_full_mf1.0_seed0.npy
8,DISTORTEDCIMIS44AirTemperature4,DISTORTED,Air Temperature,False,cg005,CIMIS44AirTemperature4,full,1.0,1,8184,100,200,8184,4000,5548,5597,0.0021761556625198852,0.08680853026417187,0.08770647295599199,4135,3935,False,False,4794,False,False,0.1506,0.0305,results/gate1/scores/008_full_mf1.0_seed1.npy
8,DISTORTEDCIMIS44AirTemperature4,DISTORTED,Air Temperature,False,cg005,CIMIS44AirTemperature4,full,1.0,2,8184,100,200,8184,4000,5548,5597,0.004663751884164624,0.09810141410935876,0.09873424706441505,4135,3935,False,False,4786,False,False,0.153,0.0303,results/gate1/scores/008_full_mf1.0_seed2.npy
8,DISTORTEDCIMIS44AirTemperature4,DISTORTED,Air Temperature,False,cg005,CIMIS44AirTemperature4,train_prefix,1,0,4000,100,200,8184,4000,5548,5597,0.01568266791974815,0.0708057895982778,0.07118266133927943,4135,3935,False,False,4785,False,False,0.1801,0.0573,results/gate1/scores/008_train_prefix_mf1_seed0.npy
8,DISTORTEDCIMIS44AirTemperature4,DISTORTED,Air Temperature,False,cg005,CIMIS44AirTemperature4,train_prefix,1,1,4000,100,200,8184,4000,5548,5597,0.011552841686740534,0.0647556806812103,0.06498382330025047,4135,3935,False,False,4790,False,False,0.1586,0.0565,results/gate1/scores/008_train_prefix_mf1_seed1.npy
8,DISTORTEDCIMIS44AirTemperature4,DISTORTED,Air Temperature,False,cg005,CIMIS44AirTemperature4,train_prefix,1,2,4000,100,200,8184,4000,5548,5597,0.022508801476411877,0.06605970491494272,0.0666074381095142,4135,3935,False,False,4793,False,False,0.158,0.0564,results/gate1/scores/008_train_prefix_mf1_seed2.npy
8,DISTORTEDCIMIS44AirTemperature4,DISTORTED,Air Temperature,False,cg005,CIMIS44AirTemperature4,train_prefix,1.0,0,4000,100,200,8184,4000,5548,5597,0.02811726570177342,0.12757853089535026,0.12794966066413638,4135,3935,False,False,4791,False,False,0.1362,0.0911,results/gate1/scores/008_train_prefix_mf1.0_seed0.npy
8,DISTORTEDCIMIS44AirTemperature4,DISTORTED,Air Temperature,False,cg005,CIMIS44AirTemperature4,train_prefix,1.0,1,4000,100,200,8184,4000,5548,5597,0.042106467671071346,0.12780548401640765,0.12832518830148057,4135,3935,False,False,4793,False,False,0.1371,0.039,results/gate1/scores/008_train_prefix_mf1.0_seed1.npy
8,DISTORTEDCIMIS44AirTemperature4,DISTORTED,Air Temperature,False,cg005,CIMIS44AirTemperature4,train_prefix,1.0,2,4000,100,200,8184,4000,5548,5597,0.03022222722082457,0.11672214669917931,0.11735212017262212,4135,3935,False,False,4787,False,False,0.1372,0.0411,results/gate1/scores/008_train_prefix_mf1.0_seed2.npy
9,DISTORTEDCIMIS44AirTemperature5,DISTORTED,Air Temperature,False,cg005,CIMIS44AirTemperature5,full,1,0,8184,100,200,8184,4000,4851,4900,0.01665773281477334,0.04069652962952101,0.0400594236790221,4135,3935,False,False,5094,False,False,0.1797,0.0457,results/gate1/scores/009_full_mf1_seed0.npy
9,DISTORTEDCIMIS44AirTemperature5,DISTORTED,Air Temperature,False,cg005,CIMIS44AirTemperature5,full,1,1,8184,100,200,8184,4000,4851,4900,0.008255342860419068,0.03482049067156462,0.03352777745772539,4135,3935,False,False,5107,False,False,0.1869,0.0483,results/gate1/scores/009_full_mf1_seed1.npy
9,DISTORTEDCIMIS44AirTemperature5,DISTORTED,Air Temperature,False,cg005,CIMIS44AirTemperature5,full,1,2,8184,100,200,8184,4000,4851,4900,0.013027060908771926,0.03908708914566514,0.037317166360909336,4135,3935,False,False,5079,False,False,0.1906,0.0484,results/gate1/scores/009_full_mf1_seed2.npy
9,DISTORTEDCIMIS44AirTemperature5,DISTORTED,Air Temperature,False,cg005,CIMIS44AirTemperature5,full,1.0,0,8184,100,200,8184,4000,4851,4900,0.03802850006397934,0.07391739119978123,0.07161416283564746,4135,3935,False,False,5103,False,False,0.1574,0.0312,results/gate1/scores/009_full_mf1.0_seed0.npy
9,DISTORTEDCIMIS44AirTemperature5,DISTORTED,Air Temperature,False,cg005,CIMIS44AirTemperature5,full,1.0,1,8184,100,200,8184,4000,4851,4900,0.04912700835075284,0.07492306979701362,0.07052342929225135,4135,3935,False,False,5091,False,False,0.1579,0.0336,results/gate1/scores/009_full_mf1.0_seed1.npy
9,DISTORTEDCIMIS44AirTemperature5,DISTORTED,Air Temperature,False,cg005,CIMIS44AirTemperature5,full,1.0,2,8184,100,200,8184,4000,4851,4900,0.039879202809705694,0.07101818620615191,0.06774960743932593,4135,3935,False,False,5076,False,False,0.1551,0.0319,results/gate1/scores/009_full_mf1.0_seed2.npy
9,DISTORTEDCIMIS44AirTemperature5,DISTORTED,Air Temperature,False,cg005,CIMIS44AirTemperature5,train_prefix,1,0,4000,100,200,8184,4000,4851,4900,0.033153550371675666,0.06062916649946016,0.059411516030614744,4135,3935,False,False,5101,False,False,0.1386,0.0434,results/gate1/scores/009_train_prefix_mf1_seed0.npy
9,DISTORTEDCIMIS44AirTemperature5,DISTORTED,Air Temperature,False,cg005,CIMIS44AirTemperature5,train_prefix,1,1,4000,100,200,8184,4000,4851,4900,0.023599827173781174,0.0566209852180836,0.05489542116507554,4135,3935,False,False,5103,False,False,0.1277,0.0438,results/gate1/scores/009_train_prefix_mf1_seed1.npy
9,DISTORTEDCIMIS44AirTemperature5,DISTORTED,Air Temperature,False,cg005,CIMIS44AirTemperature5,train_prefix,1,2,4000,100,200,8184,4000,4851,4900,0.024581198666643767,0.06085942957940984,0.05974164251119257,4135,3935,False,False,5076,False,False,0.1281,0.0446,results/gate1/scores/009_train_prefix_mf1_seed2.npy
9,DISTORTEDCIMIS44AirTemperature5,DISTORTED,Air Temperature,False,cg005,CIMIS44AirTemperature5,train_prefix,1.0,0,4000,100,200,8184,4000,4851,4900,0.0808842144427539,0.11227687367505508,0.11061714092026585,4135,3935,False,False,5105,False,False,0.1144,0.0322,results/gate1/scores/009_train_prefix_mf1.0_seed0.npy
9,DISTORTEDCIMIS44AirTemperature5,DISTORTED,Air Temperature,False,cg005,CIMIS44AirTemperature5,train_prefix,1.0,1,4000,100,200,8184,4000,4851,4900,0.0717708374356531,0.11452683256990388,0.11270907103189218,4135,3935,False,False,5092,False,False,0.1155,0.0311,results/gate1/scores/009_train_prefix_mf1.0_seed1.npy
9,DISTORTEDCIMIS44AirTemperature5,DISTORTED,Air Temperature,False,cg005,CIMIS44AirTemperature5,train_prefix,1.0,2,4000,100,200,8184,4000,4851,4900,0.07886131791763484,0.10740629200216127,0.10237439441128991,4135,3935,False,False,5101,False,False,0.1176,0.0315,results/gate1/scores/009_train_prefix_mf1.0_seed2.npy
10,DISTORTEDCIMIS44AirTemperature6,DISTORTED,Air Temperature,False,cg005,CIMIS44AirTemperature6,full,1,0,8184,100,200,8184,4000,6005,6054,-0.004026822433188082,0.04617169337023901,0.046781384622294385,4135,3935,False,False,5123,False,False,0.1862,0.044,results/gate1/scores/010_full_mf1_seed0.npy
10,DISTORTEDCIMIS44AirTemperature6,DISTORTED,Air Temperature,False,cg005,CIMIS44AirTemperature6,full,1,1,8184,100,200,8184,4000,6005,6054,0.00022907227441060218,0.039662957124279224,0.03997028856657984,4135,3935,False,False,5106,False,False,0.1891,0.0457,results/gate1/scores/010_full_mf1_seed1.npy
10,DISTORTEDCIMIS44AirTemperature6,DISTORTED,Air Temperature,False,cg005,CIMIS44AirTemperature6,full,1,2,8184,100,200,8184,4000,6005,6054,-0.011485824104355002,0.045552809189570255,0.0470169439216722,4135,3935,False,False,5104,False,False,0.1948,0.0466,results/gate1/scores/010_full_mf1_seed2.npy
10,DISTORTEDCIMIS44AirTemperature6,DISTORTED,Air Temperature,False,cg005,CIMIS44AirTemperature6,full,1.0,0,8184,100,200,8184,4000,6005,6054,-0.0010551068011965814,0.08032512109218534,0.08056735950231432,4135,3935,False,False,5103,False,False,0.1555,0.033,results/gate1/scores/010_full_mf1.0_seed0.npy
10,DISTORTEDCIMIS44AirTemperature6,DISTORTED,Air Temperature,False,cg005,CIMIS44AirTemperature6,full,1.0,1,8184,100,200,8184,4000,6005,6054,0.0019366730401323418,0.08351047021345946,0.08399499414373182,4135,3935,False,False,5102,False,False,0.16,0.0313,results/gate1/scores/010_full_mf1.0_seed1.npy
10,DISTORTEDCIMIS44AirTemperature6,DISTORTED,Air Temperature,False,cg005,CIMIS44AirTemperature6,full,1.0,2,8184,100,200,8184,4000,6005,6054,-0.004461551272889774,0.08091643918927191,0.08164297161293088,4135,3935,False,False,5101,False,False,0.1598,0.034,results/gate1/scores/010_full_mf1.0_seed2.npy
10,DISTORTEDCIMIS44AirTemperature6,DISTORTED,Air Temperature,False,cg005,CIMIS44AirTemperature6,train_prefix,1,0,4000,100,200,8184,4000,6005,6054,-0.004751703674339192,0.061692856655186146,0.062207407444700734,4135,3935,False,False,5094,False,False,0.1254,0.0432,results/gate1/scores/010_train_prefix_mf1_seed0.npy
10,DISTORTEDCIMIS44AirTemperature6,DISTORTED,Air Temperature,False,cg005,CIMIS44AirTemperature6,train_prefix,1,1,4000,100,200,8184,4000,6005,6054,-0.001969434064657105,0.05971070144849902,0.059994546800599055,4135,3935,False,False,5100,False,False,0.1308,0.0436,results/gate1/scores/010_train_prefix_mf1_seed1.npy
10,DISTORTEDCIMIS44AirTemperature6,DISTORTED,Air Temperature,False,cg005,CIMIS44AirTemperature6,train_prefix,1,2,4000,100,200,8184,4000,6005,6054,-0.005347387635925016,0.059371562944011594,0.05995154865989481,4135,3935,False,False,5100,False,False,0.127,0.0451,results/gate1/scores/010_train_prefix_mf1_seed2.npy
10,DISTORTEDCIMIS44AirTemperature6,DISTORTED,Air Temperature,False,cg005,CIMIS44AirTemperature6,train_prefix,1.0,0,4000,100,200,8184,4000,6005,6054,0.0002838358006056474,0.11866469271373688,0.11957987373797618,4135,3935,False,False,5093,False,False,0.117,0.0307,results/gate1/scores/010_train_prefix_mf1.0_seed0.npy
10,DISTORTEDCIMIS44AirTemperature6,DISTORTED,Air Temperature,False,cg005,CIMIS44AirTemperature6,train_prefix,1.0,1,4000,100,200,8184,4000,6005,6054,-0.004537177692827854,0.10743949316914385,0.10840512011038918,4135,3935,False,False,5110,False,False,0.1162,0.0318,results/gate1/scores/010_train_prefix_mf1.0_seed1.npy
10,DISTORTEDCIMIS44AirTemperature6,DISTORTED,Air Temperature,False,cg005,CIMIS44AirTemperature6,train_prefix,1.0,2,4000,100,200,8184,4000,6005,6054,-0.0014183040609282438,0.10442581316319065,0.10543324057645259,4135,3935,False,False,5098,False,False,0.1167,0.0308,results/gate1/scores/010_train_prefix_mf1.0_seed2.npy
11,DISTORTEDECG1,DISTORTED,ECG,True,cg011,ECG1,full,1,0,30000,100,200,30000,10000,11799,12100,0.10681061929708913,0.055939479083239256,0.05603855633524772,19699,19499,True,True,22857,False,False,0.3945,0.1087,results/gate1/scores/011_full_mf1_seed0.npy
11,DISTORTEDECG1,DISTORTED,ECG,True,cg011,ECG1,full,1,1,30000,100,200,30000,10000,11799,12100,0.1337149491056917,0.050160893040078446,0.050256239505576734,19699,19499,True,True,11911,True,True,0.4156,0.1374,results/gate1/scores/011_full_mf1_seed1.npy
11,DISTORTEDECG1,DISTORTED,ECG,True,cg011,ECG1,full,1,2,30000,100,200,30000,10000,11799,12100,0.13314172464728474,0.056897231125212444,0.057182074870512294,19699,19499,True,True,11900,True,True,0.4277,0.1254,results/gate1/scores/011_full_mf1_seed2.npy
11,DISTORTEDECG1,DISTORTED,ECG,True,cg011,ECG1,full,1.0,0,30000,100,200,30000,10000,11799,12100,0.16940369074436407,0.06642158533357703,0.06667569073655247,19699,19499,True,True,11893,True,True,0.3042,0.0838,results/gate1/scores/011_full_mf1.0_seed0.npy
11,DISTORTEDECG1,DISTORTED,ECG,True,cg011,ECG1,full,1.0,1,30000,100,200,30000,10000,11799,12100,0.15487475867295114,0.061212908447946385,0.06135111882656748,19699,19499,True,True,11904,True,True,0.3046,0.119,results/gate1/scores/011_full_mf1.0_seed1.npy
11,DISTORTEDECG1,DISTORTED,ECG,True,cg011,ECG1,full,1.0,2,30000,100,200,30000,10000,11799,12100,0.1722313735803499,0.06542788337452314,0.06625357333886989,19699,19499,True,True,11911,True,True,0.3178,0.0807,results/gate1/scores/011_full_mf1.0_seed2.npy
11,DISTORTEDECG1,DISTORTED,ECG,True,cg011,ECG1,train_prefix,1,0,10000,100,200,30000,10000,11799,12100,0.11743825567878347,0.05379620053731644,0.05392916833065288,19699,19499,True,True,22870,False,False,0.176,0.113,results/gate1/scores/011_train_prefix_mf1_seed0.npy
11,DISTORTEDECG1,DISTORTED,ECG,True,cg011,ECG1,train_prefix,1,1,10000,100,200,30000,10000,11799,12100,0.13528589560134724,0.05306265604221096,0.05343508775748474,19699,19499,True,True,11903,True,True,0.1748,0.1167,results/gate1/scores/011_train_prefix_mf1_seed1.npy
11,DISTORTEDECG1,DISTORTED,ECG,True,cg011,ECG1,train_prefix,1,2,10000,100,200,30000,10000,11799,12100,0.12950735739244867,0.06117521395983807,0.061517575773336566,19699,19499,True,True,11901,True,True,0.1774,0.1173,results/gate1/scores/011_train_prefix_mf1_seed2.npy
11,DISTORTEDECG1,DISTORTED,ECG,True,cg011,ECG1,train_prefix,1.0,0,10000,100,200,30000,10000,11799,12100,0.1653437411413981,0.05632304538786544,0.05649112026564688,19699,19499,True,True,11904,True,True,0.1479,0.0749,results/gate1/scores/011_train_prefix_mf1.0_seed0.npy
11,DISTORTEDECG1,DISTORTED,ECG,True,cg011,ECG1,train_prefix,1.0,1,10000,100,200,30000,10000,11799,12100,0.16520052132967544,0.06178287298122223,0.06182767023620556,19699,19499,True,True,11902,True,True,0.1466,0.0783,results/gate1/scores/011_train_prefix_mf1.0_seed1.npy
11,DISTORTEDECG1,DISTORTED,ECG,True,cg011,ECG1,train_prefix,1.0,2,10000,100,200,30000,10000,11799,12100,0.1595616362790359,0.054836194992809936,0.05555374828561543,19699,19499,True,True,11908,True,True,0.1481,0.0776,results/gate1/scores/011_train_prefix_mf1.0_seed2.npy
12,DISTORTEDECG2,DISTORTED,ECG,True,cg011,ECG2,full,1,0,30000,100,200,30000,15000,15999,16100,0.044239378027469745,0.050803674487733375,0.051265030210951024,14899,14699,False,False,22858,False,False,0.4431,0.128,results/gate1/scores/012_full_mf1_seed0.npy
12,DISTORTEDECG2,DISTORTED,ECG,True,cg011,ECG2,full,1,1,30000,100,200,30000,15000,15999,16100,0.052980602329296966,0.050922936734228826,0.05079073412842111,14899,14699,True,True,22871,False,False,0.4373,0.1382,results/gate1/scores/012_full_mf1_seed1.npy
12,DISTORTEDECG2,DISTORTED,ECG,True,cg011,ECG2,full,1,2,30000,100,200,30000,15000,15999,16100,0.04978767159107722,0.05164088874969512,0.05168707821461134,14899,14699,False,False,22849,False,False,0.4378,0.1436,results/gate1/scores/012_full_mf1_seed2.npy
12,DISTORTEDECG2,DISTORTED,ECG,True,cg011,ECG2,full,1.0,0,30000,100,200,30000,15000,15999,16100,0.055943773451390566,0.06302917527306345,0.06327728314322897,14899,14699,False,False,22849,False,False,0.3009,0.0977,results/gate1/scores/012_full_mf1.0_seed0.npy
12,DISTORTEDECG2,DISTORTED,ECG,True,cg011,ECG2,full,1.0,1,30000,100,200,30000,15000,15999,16100,0.055047147398592455,0.059796108672538165,0.059796108672538165,14899,14699,False,False,17829,False,False,0.3565,0.0997,results/gate1/scores/012_full_mf1.0_seed1.npy
12,DISTORTEDECG2,DISTORTED,ECG,True,cg011,ECG2,full,1.0,2,30000,100,200,30000,15000,15999,16100,0.07237107750596866,0.06135895110479073,0.06135895110479073,14899,14699,True,True,17828,False,False,0.3359,0.0812,results/gate1/scores/012_full_mf1.0_seed2.npy
12,DISTORTEDECG2,DISTORTED,ECG,True,cg011,ECG2,train_prefix,1,0,15000,100,200,30000,15000,15999,16100,0.05206494977350362,0.055949339478724776,0.0560928208596776,14899,14699,False,False,22862,False,False,0.229,0.1123,results/gate1/scores/012_train_prefix_mf1_seed0.npy
12,DISTORTEDECG2,DISTORTED,ECG,True,cg011,ECG2,train_prefix,1,1,15000,100,200,30000,15000,15999,16100,0.05412666099133712,0.05436816679022362,0.05403777351065303,14899,14699,False,True,22872,False,False,0.2336,0.128,results/gate1/scores/012_train_prefix_mf1_seed1.npy
12,DISTORTEDECG2,DISTORTED,ECG,True,cg011,ECG2,train_prefix,1,2,15000,100,200,30000,15000,15999,16100,0.05400500495619043,0.0559628229082715,0.056068153254466256,14899,14699,False,False,22866,False,False,0.2405,0.1228,results/gate1/scores/012_train_prefix_mf1_seed2.npy
12,DISTORTEDECG2,DISTORTED,ECG,True,cg011,ECG2,train_prefix,1.0,0,15000,100,200,30000,15000,15999,16100,0.06538395726261537,0.0644672519066461,0.0644672519066461,14899,14699,True,True,22839,False,False,0.1895,0.0791,results/gate1/scores/012_train_prefix_mf1.0_seed0.npy
12,DISTORTEDECG2,DISTORTED,ECG,True,cg011,ECG2,train_prefix,1.0,1,15000,100,200,30000,15000,15999,16100,0.06555004023525879,0.06755181902598226,0.06782738151968233,14899,14699,False,False,17830,False,False,0.1828,0.0871,results/gate1/scores/012_train_prefix_mf1.0_seed1.npy
12,DISTORTEDECG2,DISTORTED,ECG,True,cg011,ECG2,train_prefix,1.0,2,15000,100,200,30000,15000,15999,16100,0.07906972307421062,0.059534008046536614,0.05948772208818868,14899,14699,True,True,22815,False,False,0.1941,0.0976,results/gate1/scores/012_train_prefix_mf1.0_seed2.npy
13,DISTORTEDECG3,DISTORTED,ECG,True,cg013,ECG3,full,1,0,30000,100,200,30000,15000,15999,16100,-0.040861415974480064,0.02004025559346428,0.020133724704527536,14899,14699,False,False,20082,False,False,0.4631,0.1633,results/gate1/scores/013_full_mf1_seed0.npy
13,DISTORTEDECG3,DISTORTED,ECG,True,cg013,ECG3,full,1,1,30000,100,200,30000,15000,15999,16100,-0.04503114616930137,0.018775511902756906,0.018905929226728183,14899,14699,False,False,17547,False,False,0.4988,0.144,results/gate1/scores/013_full_mf1_seed1.npy
13,DISTORTEDECG3,DISTORTED,ECG,True,cg013,ECG3,full,1,2,30000,100,200,30000,15000,15999,16100,-0.045871832533986356,0.019336133095070464,0.019345914340770362,14899,14699,False,False,19562,False,False,0.4797,0.1501,results/gate1/scores/013_full_mf1_seed2.npy
13,DISTORTEDECG3,DISTORTED,ECG,True,cg013,ECG3,full,1.0,0,30000,100,200,30000,15000,15999,16100,-0.07605336627686793,0.018494225329442008,0.018624238478471545,14899,14699,False,False,17556,False,False,0.3182,0.1027,results/gate1/scores/013_full_mf1.0_seed0.npy
13,DISTORTEDECG3,DISTORTED,ECG,True,cg013,ECG3,full,1.0,1,30000,100,200,30000,15000,15999,16100,-0.07548354963601339,0.021732631442277675,0.021857244766270077,14899,14699,False,False,19564,False,False,0.3466,0.1157,results/gate1/scores/013_full_mf1.0_seed1.npy
13,DISTORTEDECG3,DISTORTED,ECG,True,cg013,ECG3,full,1.0,2,30000,100,200,30000,15000,15999,16100,-0.07253875464965209,0.019549716990573583,0.01966490739340366,14899,14699,False,False,16575,False,False,0.3399,0.0921,results/gate1/scores/013_full_mf1.0_seed2.npy
13,DISTORTEDECG3,DISTORTED,ECG,True,cg013,ECG3,train_prefix,1,0,15000,100,200,30000,15000,15999,16100,-0.04426497744589919,0.019965807238129716,0.020171275450420273,14899,14699,False,False,20083,False,False,0.2486,0.1442,results/gate1/scores/013_train_prefix_mf1_seed0.npy
13,DISTORTEDECG3,DISTORTED,ECG,True,cg013,ECG3,train_prefix,1,1,15000,100,200,30000,15000,15999,16100,-0.04455647459301243,0.01797728773566286,0.01799346724000608,14899,14699,False,False,19556,False,False,0.2692,0.1457,results/gate1/scores/013_train_prefix_mf1_seed1.npy
13,DISTORTEDECG3,DISTORTED,ECG,True,cg013,ECG3,train_prefix,1,2,15000,100,200,30000,15000,15999,16100,-0.05407945106599471,0.01671350269502355,0.016770847210198343,14899,14699,False,False,19560,False,False,0.2628,0.1352,results/gate1/scores/013_train_prefix_mf1_seed2.npy
13,DISTORTEDECG3,DISTORTED,ECG,True,cg013,ECG3,train_prefix,1.0,0,15000,100,200,30000,15000,15999,16100,-0.07817976523289749,0.018350033973945218,0.018465704206879194,14899,14699,False,False,17555,False,False,0.2078,0.0891,results/gate1/scores/013_train_prefix_mf1.0_seed0.npy
13,DISTORTEDECG3,DISTORTED,ECG,True,cg013,ECG3,train_prefix,1.0,1,15000,100,200,30000,15000,15999,16100,-0.07730013236667516,0.019285723525643086,0.019607065400867384,14899,14699,False,False,19565,False,False,0.212,0.1208,results/gate1/scores/013_train_prefix_mf1.0_seed1.npy
13,DISTORTEDECG3,DISTORTED,ECG,True,cg013,ECG3,train_prefix,1.0,2,15000,100,200,30000,15000,15999,16100,-0.06722226333809783,0.013161456232920194,0.013237281624689026,14899,14699,False,False,28332,False,False,0.2002,0.104,results/gate1/scores/013_train_prefix_mf1.0_seed2.npy
14,DISTORTEDECG3,DISTORTED,ECG,True,cg013,ECG3,full,1,0,30000,100,200,30000,8000,16999,17100,-0.005624386312619967,0.02368369566865323,0.023830278598828282,21899,21699,False,False,21382,False,False,0.4432,0.1439,results/gate1/scores/014_full_mf1_seed0.npy
14,DISTORTEDECG3,DISTORTED,ECG,True,cg013,ECG3,full,1,1,30000,100,200,30000,8000,16999,17100,-0.030415761771471317,0.02143905813804353,0.021482575252344784,21899,21699,False,False,21391,False,False,0.4909,0.1466,results/gate1/scores/014_full_mf1_seed1.npy
14,DISTORTEDECG3,DISTORTED,ECG,True,cg013,ECG3,full,1,2,30000,100,200,30000,8000,16999,17100,-0.02403528686061107,0.024003676109370698,0.024100657631489962,21899,21699,False,False,21394,False,False,0.4567,0.1599,results/gate1/scores/014_full_mf1_seed2.npy
14,DISTORTEDECG3,DISTORTED,ECG,True,cg013,ECG3,full,1.0,0,30000,100,200,30000,8000,16999,17100,-0.06753010708047119,0.025607420318510783,0.02561791672786064,21899,21699,False,False,21401,False,False,0.3427,0.0912,results/gate1/scores/014_full_mf1.0_seed0.npy
14,DISTORTEDECG3,DISTORTED,ECG,True,cg013,ECG3,full,1.0,1,30000,100,200,30000,8000,16999,17100,-0.07064002825876448,0.028947149432787915,0.028983428588218365,21899,21699,False,False,9473,False,False,0.3217,0.0918,results/gate1/scores/014_full_mf1.0_seed1.npy
14,DISTORTEDECG3,DISTORTED,ECG,True,cg013,ECG3,full,1.0,2,30000,100,200,30000,8000,16999,17100,-0.06876886988431913,0.020899725507177138,0.02090964902603171,21899,21699,False,False,20044,False,False,0.3488,0.1106,results/gate1/scores/014_full_mf1.0_seed2.npy
14,DISTORTEDECG3,DISTORTED,ECG,True,cg013,ECG3,train_prefix,1,0,8000,100,200,30000,8000,16999,17100,-0.01386198820925355,0.02603954258132889,0.02612723745910753,21899,21699,False,False,17572,False,False,0.1722,0.1508,results/gate1/scores/014_train_prefix_mf1_seed0.npy
14,DISTORTEDECG3,DISTORTED,ECG,True,cg013,ECG3,train_prefix,1,1,8000,100,200,30000,8000,16999,17100,-0.017146358731520206,0.023685502318799387,0.023910624565654206,21899,21699,False,False,20047,False,False,0.1818,0.1475,results/gate1/scores/014_train_prefix_mf1_seed1.npy
14,DISTORTEDECG3,DISTORTED,ECG,True,cg013,ECG3,train_prefix,1,2,8000,100,200,30000,8000,16999,17100,-0.021581238338849396,0.024450746412898784,0.024596703243046244,21899,21699,False,False,21395,False,False,0.1759,0.1413,results/gate1/scores/014_train_prefix_mf1_seed2.npy
14,DISTORTEDECG3,DISTORTED,ECG,True,cg013,ECG3,train_prefix,1.0,0,8000,100,200,30000,8000,16999,17100,-0.0670177534373998,0.02154630467426008,0.02165208855493682,21899,21699,False,False,21400,False,False,0.1459,0.0959,results/gate1/scores/014_train_prefix_mf1.0_seed0.npy
14,DISTORTEDECG3,DISTORTED,ECG,True,cg013,ECG3,train_prefix,1.0,1,8000,100,200,30000,8000,16999,17100,-0.07195866206708185,0.02608288448153744,0.026177549248117174,21899,21699,False,False,20049,False,False,0.1494,0.0883,results/gate1/scores/014_train_prefix_mf1.0_seed1.npy
14,DISTORTEDECG3,DISTORTED,ECG,True,cg013,ECG3,train_prefix,1.0,2,8000,100,200,30000,8000,16999,17100,-0.06975870397003775,0.019215487610435983,0.019281492059387634,21899,21699,False,False,28333,False,False,0.1526,0.1198,results/gate1/scores/014_train_prefix_mf1.0_seed2.npy
15,DISTORTEDECG4,DISTORTED,ECG,True,cg015,ECG4,full,1,0,200000,100,200,200000,5000,16799,17100,0.09174216134537849,0.0700090448224776,0.07001768936469172,194699,194499,True,True,27682,False,False,2.291,0.8243,results/gate1/scores/015_full_mf1_seed0.npy
15,DISTORTEDECG4,DISTORTED,ECG,True,cg015,ECG4,full,1,1,200000,100,200,200000,5000,16799,17100,0.08215095470091183,0.06302684815054488,0.06305234615137502,194699,194499,True,True,27684,False,False,2.161,0.8189,results/gate1/scores/015_full_mf1_seed1.npy
15,DISTORTEDECG4,DISTORTED,ECG,True,cg015,ECG4,full,1,2,200000,100,200,200000,5000,16799,17100,0.07628642752371606,0.06912526216756804,0.0691426349076452,194699,194499,True,True,27678,False,False,2.1308,0.8393,results/gate1/scores/015_full_mf1_seed2.npy
15,DISTORTEDECG4,DISTORTED,ECG,True,cg015,ECG4,full,1.0,0,200000,100,200,200000,5000,16799,17100,0.08294988483494192,0.0919042485955366,0.09191781161093363,194699,194499,False,False,27681,False,False,1.2249,0.5146,results/gate1/scores/015_full_mf1.0_seed0.npy
15,DISTORTEDECG4,DISTORTED,ECG,True,cg015,ECG4,full,1.0,1,200000,100,200,200000,5000,16799,17100,0.09258458977274198,0.1012856628801202,0.10130276424204128,194699,194499,False,False,27686,False,False,1.2237,0.5042,results/gate1/scores/015_full_mf1.0_seed1.npy
15,DISTORTEDECG4,DISTORTED,ECG,True,cg015,ECG4,full,1.0,2,200000,100,200,200000,5000,16799,17100,0.09175711212479998,0.09373740820499236,0.09377261968251054,194699,194499,False,False,27684,False,False,1.2488,0.5146,results/gate1/scores/015_full_mf1.0_seed2.npy
15,DISTORTEDECG4,DISTORTED,ECG,True,cg015,ECG4,train_prefix,1,0,5000,100,200,200000,5000,16799,17100,0.07164288097603966,0.0696815501965739,0.06971835954697718,194699,194499,True,True,27673,False,False,0.1439,0.9048,results/gate1/scores/015_train_prefix_mf1_seed0.npy
15,DISTORTEDECG4,DISTORTED,ECG,True,cg015,ECG4,train_prefix,1,1,5000,100,200,200000,5000,16799,17100,0.059549311456498444,0.05767369873923892,0.05769144204143737,194699,194499,True,True,27679,False,False,0.1391,0.889,results/gate1/scores/015_train_prefix_mf1_seed1.npy
15,DISTORTEDECG4,DISTORTED,ECG,True,cg015,ECG4,train_prefix,1,2,5000,100,200,200000,5000,16799,17100,0.04611452089968826,0.06296810717845513,0.06297683985529025,194699,194499,False,False,27676,False,False,0.15,0.8847,results/gate1/scores/015_train_prefix_mf1_seed2.npy
15,DISTORTEDECG4,DISTORTED,ECG,True,cg015,ECG4,train_prefix,1.0,0,5000,100,200,200000,5000,16799,17100,0.06867554832680456,0.09507073652301799,0.09508709137871282,194699,194499,False,False,27680,False,False,0.1197,0.5981,results/gate1/scores/015_train_prefix_mf1.0_seed0.npy
15,DISTORTEDECG4,DISTORTED,ECG,True,cg015,ECG4,train_prefix,1.0,1,5000,100,200,200000,5000,16799,17100,0.10124628135547031,0.08942774128967265,0.08936053805173459,194699,194499,True,True,27685,False,False,0.1215,0.6498,results/gate1/scores/015_train_prefix_mf1.0_seed1.npy
15,DISTORTEDECG4,DISTORTED,ECG,True,cg015,ECG4,train_prefix,1.0,2,5000,100,200,200000,5000,16799,17100,0.07663614607481173,0.09178869838135296,0.09185267346259528,194699,194499,False,False,51645,False,False,0.1416,0.811,results/gate1/scores/015_train_prefix_mf1.0_seed2.npy
16,DISTORTEDECG4,DISTORTED,ECG,True,cg013,ECG4,full,1,0,30000,100,200,30000,5000,16899,17100,0.04241027435468314,0.021578418164313648,0.021594780134043163,24799,24599,True,True,17571,False,False,0.4483,0.1313,results/gate1/scores/016_full_mf1_seed0.npy
16,DISTORTEDECG4,DISTORTED,ECG,True,cg013,ECG4,full,1,1,30000,100,200,30000,5000,16899,17100,0.0218423952059415,0.020893173797713743,0.020929350036483087,24799,24599,True,True,17547,False,False,0.4563,0.1331,results/gate1/scores/016_full_mf1_seed1.npy
16,DISTORTEDECG4,DISTORTED,ECG,True,cg013,ECG4,full,1,2,30000,100,200,30000,5000,16899,17100,0.02996822963645923,0.02097321000558686,0.02072407914748066,24799,24599,True,True,17549,False,False,0.4563,0.1439,results/gate1/scores/016_full_mf1_seed2.npy
16,DISTORTEDECG4,DISTORTED,ECG,True,cg013,ECG4,full,1.0,0,30000,100,200,30000,5000,16899,17100,0.023272174424234793,0.01876294818342661,0.01878278357404231,24799,24599,True,True,17565,False,False,0.4128,0.1618,results/gate1/scores/016_full_mf1.0_seed0.npy
16,DISTORTEDECG4,DISTORTED,ECG,True,cg013,ECG4,full,1.0,1,30000,100,200,30000,5000,16899,17100,0.025740241039426515,0.022445344882698257,0.022397331029049596,24799,24599,True,True,12619,False,False,0.3773,0.1033,results/gate1/scores/016_full_mf1.0_seed1.npy
16,DISTORTEDECG4,DISTORTED,ECG,True,cg013,ECG4,full,1.0,2,30000,100,200,30000,5000,16899,17100,0.03227870253811482,0.021170556002623117,0.02115430668543046,24799,24599,True,True,12621,False,False,0.349,0.1085,results/gate1/scores/016_full_mf1.0_seed2.npy
16,DISTORTEDECG4,DISTORTED,ECG,True,cg013,ECG4,train_prefix,1,0,5000,100,200,30000,5000,16899,17100,0.04992028967312384,0.022791582145381375,0.022791582145381375,24799,24599,True,True,17571,False,False,0.1331,0.1601,results/gate1/scores/016_train_prefix_mf1_seed0.npy
16,DISTORTEDECG4,DISTORTED,ECG,True,cg013,ECG4,train_prefix,1,1,5000,100,200,30000,5000,16899,17100,0.04160549992442214,0.022033717627883462,0.021850532415478362,24799,24599,True,True,12622,False,False,0.1403,0.1506,results/gate1/scores/016_train_prefix_mf1_seed1.npy
16,DISTORTEDECG4,DISTORTED,ECG,True,cg013,ECG4,train_prefix,1,2,5000,100,200,30000,5000,16899,17100,0.0367257561735323,0.02164902425572857,0.021394060219298166,24799,24599,True,True,17552,False,False,0.1465,0.1403,results/gate1/scores/016_train_prefix_mf1_seed2.npy
16,DISTORTEDECG4,DISTORTED,ECG,True,cg013,ECG4,train_prefix,1.0,0,5000,100,200,30000,5000,16899,17100,0.027635847431549954,0.01959065918575159,0.019537230859122803,24799,24599,True,True,17571,False,False,0.1231,0.1067,results/gate1/scores/016_train_prefix_mf1.0_seed0.npy
16,DISTORTEDECG4,DISTORTED,ECG,True,cg013,ECG4,train_prefix,1.0,1,5000,100,200,30000,5000,16899,17100,0.004574249389334983,0.022899236478715168,0.0228910142771635,24799,24599,False,False,17557,False,False,0.1181,0.1097,results/gate1/scores/016_train_prefix_mf1.0_seed1.npy
16,DISTORTEDECG4,DISTORTED,ECG,True,cg013,ECG4,train_prefix,1.0,2,5000,100,200,30000,5000,16899,17100,0.05005355938747613,0.020121120353674717,0.019962376771867966,24799,24599,True,True,12622,False,False,0.1269,0.1202,results/gate1/scores/016_train_prefix_mf1.0_seed2.npy
17,DISTORTEDECG4,DISTORTED,ECG,True,cg013,ECG4,full,1,0,30000,100,200,30000,5000,16999,17100,0.03904990093012872,0.027809598416659864,0.02786135701932342,24899,24699,True,True,14591,False,False,0.4721,0.2103,results/gate1/scores/017_full_mf1_seed0.npy
17,DISTORTEDECG4,DISTORTED,ECG,True,cg013,ECG4,full,1,1,30000,100,200,30000,5000,16999,17100,0.030141212846020893,0.02443295588740182,0.024459195263127426,24899,24699,True,True,14566,False,False,0.5479,0.1417,results/gate1/scores/017_full_mf1_seed1.npy
17,DISTORTEDECG4,DISTORTED,ECG,True,cg013,ECG4,full,1,2,30000,100,200,30000,5000,16999,17100,0.037989266506622044,0.027600946225694166,0.02764023863645526,24899,24699,True,True,14569,False,False,0.4884,0.1407,results/gate1/scores/017_full_mf1_seed2.npy
17,DISTORTEDECG4,DISTORTED,ECG,True,cg013,ECG4,full,1.0,0,30000,100,200,30000,5000,16999,17100,0.003083119171756188,0.02573006459892568,0.02573726131910787,24899,24699,False,False,14589,False,False,0.3115,0.0914,results/gate1/scores/017_full_mf1.0_seed0.npy
17,DISTORTEDECG4,DISTORTED,ECG,True,cg013,ECG4,full,1.0,1,30000,100,200,30000,5000,16999,17100,-0.002159977563889137,0.02969393365129299,0.029712292151613796,24899,24699,False,False,12438,False,False,0.3181,0.0892,results/gate1/scores/017_full_mf1.0_seed1.npy
17,DISTORTEDECG4,DISTORTED,ECG,True,cg013,ECG4,full,1.0,2,30000,100,200,30000,5000,16999,17100,0.011109050746994475,0.019331424137312602,0.019332974291931117,24899,24699,False,False,9327,False,False,0.3179,0.0916,results/gate1/scores/017_full_mf1.0_seed2.npy
17,DISTORTEDECG4,DISTORTED,ECG,True,cg013,ECG4,train_prefix,1,0,5000,100,200,30000,5000,16999,17100,0.033167090130059085,0.03626000949073612,0.03627240497640029,24899,24699,False,False,14591,False,False,0.137,0.1488,results/gate1/scores/017_train_prefix_mf1_seed0.npy
17,DISTORTEDECG4,DISTORTED,ECG,True,cg013,ECG4,train_prefix,1,1,5000,100,200,30000,5000,16999,17100,0.024061360526361597,0.028834169778299015,0.02888341340878424,24899,24699,False,False,12443,False,False,0.1347,0.1352,results/gate1/scores/017_train_prefix_mf1_seed1.npy
17,DISTORTEDECG4,DISTORTED,ECG,True,cg013,ECG4,train_prefix,1,2,5000,100,200,30000,5000,16999,17100,0.03087851492210597,0.03167705363907789,0.03174985086617598,24899,24699,False,False,9298,False,False,0.1391,0.1462,results/gate1/scores/017_train_prefix_mf1_seed2.npy
17,DISTORTEDECG4,DISTORTED,ECG,True,cg013,ECG4,train_prefix,1.0,0,5000,100,200,30000,5000,16999,17100,0.00986294154028966,0.031068000633563776,0.031127901660049636,24899,24699,False,False,12445,False,False,0.1195,0.1053,results/gate1/scores/017_train_prefix_mf1.0_seed0.npy
17,DISTORTEDECG4,DISTORTED,ECG,True,cg013,ECG4,train_prefix,1.0,1,5000,100,200,30000,5000,16999,17100,-0.011191322792806546,0.029260669610845513,0.029378084423818448,24899,24699,False,False,9307,False,False,0.1181,0.0951,results/gate1/scores/017_train_prefix_mf1.0_seed1.npy
17,DISTORTEDECG4,DISTORTED,ECG,True,cg013,ECG4,train_prefix,1.0,2,5000,100,200,30000,5000,16999,17100,0.002662702256349403,0.023176602223749645,0.02326048405951614,24899,24699,False,False,9320,False,False,0.1222,0.105,results/gate1/scores/017_train_prefix_mf1.0_seed2.npy
18,DISTORTEDECG4,DISTORTED,ECG,True,cg013,ECG4,full,1,0,30000,100,200,30000,8000,16999,17100,-0.03010995398665267,0.021875393670333365,0.021940422956261224,21899,21699,False,False,11807,False,False,0.5255,0.1367,results/gate1/scores/018_full_mf1_seed0.npy
18,DISTORTEDECG4,DISTORTED,ECG,True,cg013,ECG4,full,1,1,30000,100,200,30000,8000,16999,17100,-0.028733040172227664,0.019597460670180603,0.019650430953321918,21899,21699,False,False,11790,False,False,0.4962,0.1411,results/gate1/scores/018_full_mf1_seed1.npy
18,DISTORTEDECG4,DISTORTED,ECG,True,cg013,ECG4,full,1,2,30000,100,200,30000,8000,16999,17100,-0.03984488567271616,0.021333870674528937,0.021429896420170496,21899,21699,False,False,11790,False,False,0.4519,0.1447,results/gate1/scores/018_full_mf1_seed2.npy
18,DISTORTEDECG4,DISTORTED,ECG,True,cg013,ECG4,full,1.0,0,30000,100,200,30000,8000,16999,17100,-0.0722725060855231,0.0242288958771106,0.02432310868123055,21899,21699,False,False,11805,False,False,0.319,0.1017,results/gate1/scores/018_full_mf1.0_seed0.npy
18,DISTORTEDECG4,DISTORTED,ECG,True,cg013,ECG4,full,1.0,1,30000,100,200,30000,8000,16999,17100,-0.06860802551664341,0.023123271555617688,0.02325931959826574,21899,21699,False,False,11797,False,False,0.3222,0.091,results/gate1/scores/018_full_mf1.0_seed1.npy
18,DISTORTEDECG4,DISTORTED,ECG,True,cg013,ECG4,full,1.0,2,30000,100,200,30000,8000,16999,17100,-0.0690979605373162,0.019022768379576813,0.019060231091152072,21899,21699,False,False,12582,False,False,0.2948,0.0824,results/gate1/scores/018_full_mf1.0_seed2.npy
18,DISTORTEDECG4,DISTORTED,ECG,True,cg013,ECG4,train_prefix,1,0,8000,100,200,30000,8000,16999,17100,-0.021969076513526198,0.025827711074056105,0.025908990857680846,21899,21699,False,False,11808,False,False,0.1701,0.1444,results/gate1/scores/018_train_prefix_mf1_seed0.npy
18,DISTORTEDECG4,DISTORTED,ECG,True,cg013,ECG4,train_prefix,1,1,8000,100,200,30000,8000,16999,17100,-0.016434790109325026,0.022315600185480924,0.02232176465778747,21899,21699,False,False,11791,False,False,0.1785,0.1487,results/gate1/scores/018_train_prefix_mf1_seed1.npy
18,DISTORTEDECG4,DISTORTED,ECG,True,cg013,ECG4,train_prefix,1,2,8000,100,200,30000,8000,16999,17100,-0.03014416881156695,0.022897290426690302,0.02298156402593295,21899,21699,False,False,11791,False,False,0.172,0.1466,results/gate1/scores/018_train_prefix_mf1_seed2.npy
18,DISTORTEDECG4,DISTORTED,ECG,True,cg013,ECG4,train_prefix,1.0,0,8000,100,200,30000,8000,16999,17100,-0.06568592161882669,0.022689653028660724,0.022742413631007093,21899,21699,False,False,11806,False,False,0.1524,0.1047,results/gate1/scores/018_train_prefix_mf1.0_seed0.npy
18,DISTORTEDECG4,DISTORTED,ECG,True,cg013,ECG4,train_prefix,1.0,1,8000,100,200,30000,8000,16999,17100,-0.07053823346631272,0.024947779981860495,0.024984626272512654,21899,21699,False,False,11796,False,False,0.153,0.112,results/gate1/scores/018_train_prefix_mf1.0_seed1.npy
18,DISTORTEDECG4,DISTORTED,ECG,True,cg013,ECG4,train_prefix,1.0,2,8000,100,200,30000,8000,16999,17100,-0.0693692808066183,0.017970264466293222,0.018003671083890314,21899,21699,False,False,12621,False,False,0.1556,0.2094,results/gate1/scores/018_train_prefix_mf1.0_seed2.npy
19,DISTORTEDGP711MarkerLFM5z1,DISTORTED,Gait,False,cg019,GP711MarkerLFM5z1,full,1,0,12000,100,200,12000,5000,6167,6212,-0.02883253044918399,0.02303070689922893,0.023289129264023684,6955,6755,False,False,10675,False,False,0.2383,0.0574,results/gate1/scores/019_full_mf1_seed0.npy
19,DISTORTEDGP711MarkerLFM5z1,DISTORTED,Gait,False,cg019,GP711MarkerLFM5z1,full,1,1,12000,100,200,12000,5000,6167,6212,-0.03348557610848768,0.025936622112716235,0.026177391775519088,6955,6755,False,False,10697,False,False,0.2373,0.0567,results/gate1/scores/019_full_mf1_seed1.npy
19,DISTORTEDGP711MarkerLFM5z1,DISTORTED,Gait,False,cg019,GP711MarkerLFM5z1,full,1,2,12000,100,200,12000,5000,6167,6212,-0.04474921212882471,0.02159685264436157,0.021826424291818174,6955,6755,False,False,10688,False,False,0.2255,0.0566,results/gate1/scores/019_full_mf1_seed2.npy
19,DISTORTEDGP711MarkerLFM5z1,DISTORTED,Gait,False,cg019,GP711MarkerLFM5z1,full,1.0,0,12000,100,200,12000,5000,6167,6212,-0.0011620639903847652,0.028325931559982746,0.02815407195552207,6955,6755,False,False,10965,False,False,0.1786,0.0395,results/gate1/scores/019_full_mf1.0_seed0.npy
19,DISTORTEDGP711MarkerLFM5z1,DISTORTED,Gait,False,cg019,GP711MarkerLFM5z1,full,1.0,1,12000,100,200,12000,5000,6167,6212,0.009483528164429433,0.027263791318624192,0.026504155320791225,6955,6755,False,False,10959,False,False,0.1782,0.0381,results/gate1/scores/019_full_mf1.0_seed1.npy
19,DISTORTEDGP711MarkerLFM5z1,DISTORTED,Gait,False,cg019,GP711MarkerLFM5z1,full,1.0,2,12000,100,200,12000,5000,6167,6212,0.009239312904326114,0.024071481486295662,0.023830666396142678,6955,6755,False,False,10956,False,False,0.1731,0.04,results/gate1/scores/019_full_mf1.0_seed2.npy
19,DISTORTEDGP711MarkerLFM5z1,DISTORTED,Gait,False,cg019,GP711MarkerLFM5z1,train_prefix,1,0,5000,100,200,12000,5000,6167,6212,-0.02912303628021351,0.021585881198219484,0.021837049958324688,6955,6755,False,False,10675,False,False,0.1517,0.0602,results/gate1/scores/019_train_prefix_mf1_seed0.npy
19,DISTORTEDGP711MarkerLFM5z1,DISTORTED,Gait,False,cg019,GP711MarkerLFM5z1,train_prefix,1,1,5000,100,200,12000,5000,6167,6212,-0.040470298144246186,0.02849124427667288,0.0285180694766282,6955,6755,False,False,10692,False,False,0.1418,0.0586,results/gate1/scores/019_train_prefix_mf1_seed1.npy
19,DISTORTEDGP711MarkerLFM5z1,DISTORTED,Gait,False,cg019,GP711MarkerLFM5z1,train_prefix,1,2,5000,100,200,12000,5000,6167,6212,-0.03411263419929855,0.02068138139431628,0.020764473268009304,6955,6755,False,False,10697,False,False,0.1499,0.0629,results/gate1/scores/019_train_prefix_mf1_seed2.npy
19,DISTORTEDGP711MarkerLFM5z1,DISTORTED,Gait,False,cg019,GP711MarkerLFM5z1,train_prefix,1.0,0,5000,100,200,12000,5000,6167,6212,0.0135805842321165,0.03171705300732484,0.032224116615168934,6955,6755,False,False,10967,False,False,0.1325,0.0427,results/gate1/scores/019_train_prefix_mf1.0_seed0.npy
19,DISTORTEDGP711MarkerLFM5z1,DISTORTED,Gait,False,cg019,GP711MarkerLFM5z1,train_prefix,1.0,1,5000,100,200,12000,5000,6167,6212,0.005369439051089664,0.031903903478319416,0.03236902817058978,6955,6755,False,False,10969,False,False,0.131,0.0475,results/gate1/scores/019_train_prefix_mf1.0_seed1.npy
19,DISTORTEDGP711MarkerLFM5z1,DISTORTED,Gait,False,cg019,GP711MarkerLFM5z1,train_prefix,1.0,2,5000,100,200,12000,5000,6167,6212,0.004834707675594463,0.026718582303157597,0.026718582303157597,6955,6755,False,False,10959,False,False,0.1282,0.043,results/gate1/scores/019_train_prefix_mf1.0_seed2.npy
20,DISTORTEDGP711MarkerLFM5z2,DISTORTED,Gait,False,cg019,GP711MarkerLFM5z2,full,1,0,12000,100,200,12000,5000,7174,7388,0.004104233526482259,0.02603569868884296,0.026159618026733274,6786,6586,False,False,9421,False,False,0.2256,0.0597,results/gate1/scores/020_full_mf1_seed0.npy
20,DISTORTEDGP711MarkerLFM5z2,DISTORTED,Gait,False,cg019,GP711MarkerLFM5z2,full,1,1,12000,100,200,12000,5000,7174,7388,0.006577544808193836,0.019644207395631972,0.01979802544568683,6786,6586,False,False,9431,False,False,0.2365,0.059,results/gate1/scores/020_full_mf1_seed1.npy
20,DISTORTEDGP711MarkerLFM5z2,DISTORTED,Gait,False,cg019,GP711MarkerLFM5z2,full,1,2,12000,100,200,12000,5000,7174,7388,0.005612255338919847,0.02038890419499488,0.020643558317515857,6786,6586,False,False,9633,False,False,0.2238,0.0567,results/gate1/scores/020_full_mf1_seed2.npy
20,DISTORTEDGP711MarkerLFM5z2,DISTORTED,Gait,False,cg019,GP711MarkerLFM5z2,full,1.0,0,12000,100,200,12000,5000,7174,7388,0.06867052685158104,0.03751664768952862,0.03509970595711237,6786,6586,True,True,7392,True,True,0.1831,0.0397,results/gate1/scores/020_full_mf1.0_seed0.npy
20,DISTORTEDGP711MarkerLFM5z2,DISTORTED,Gait,False,cg019,GP711MarkerLFM5z2,full,1.0,1,12000,100,200,12000,5000,7174,7388,0.06222448031513861,0.04381794861353647,0.0428313309201997,6786,6586,True,True,7385,True,True,0.1849,0.0392,results/gate1/scores/020_full_mf1.0_seed1.npy
20,DISTORTEDGP711MarkerLFM5z2,DISTORTED,Gait,False,cg019,GP711MarkerLFM5z2,full,1.0,2,12000,100,200,12000,5000,7174,7388,0.06347033544714609,0.03851391822534652,0.037488546960073206,6786,6586,True,True,7386,True,True,0.1806,0.0381,results/gate1/scores/020_full_mf1.0_seed2.npy
20,DISTORTEDGP711MarkerLFM5z2,DISTORTED,Gait,False,cg019,GP711MarkerLFM5z2,train_prefix,1,0,5000,100,200,12000,5000,7174,7388,0.004738616646403071,0.02586700123379086,0.026172085801607344,6786,6586,False,False,9417,False,False,0.1428,0.0603,results/gate1/scores/020_train_prefix_mf1_seed0.npy
20,DISTORTEDGP711MarkerLFM5z2,DISTORTED,Gait,False,cg019,GP711MarkerLFM5z2,train_prefix,1,1,5000,100,200,12000,5000,7174,7388,0.00961892837733691,0.021864013283621316,0.021975613981267548,6786,6586,False,False,9649,False,False,0.1409,0.0552,results/gate1/scores/020_train_prefix_mf1_seed1.npy
20,DISTORTEDGP711MarkerLFM5z2,DISTORTED,Gait,False,cg019,GP711MarkerLFM5z2,train_prefix,1,2,5000,100,200,12000,5000,7174,7388,0.010855029382561776,0.020338989393849597,0.02045711184472044,6786,6586,False,False,9633,False,False,0.1432,0.0575,results/gate1/scores/020_train_prefix_mf1_seed2.npy
20,DISTORTEDGP711MarkerLFM5z2,DISTORTED,Gait,False,cg019,GP711MarkerLFM5z2,train_prefix,1.0,0,5000,100,200,12000,5000,7174,7388,0.0644705666365274,0.037270915266714305,0.03601489479890198,6786,6586,True,True,7383,True,True,0.1223,0.0389,results/gate1/scores/020_train_prefix_mf1.0_seed0.npy
20,DISTORTEDGP711MarkerLFM5z2,DISTORTED,Gait,False,cg019,GP711MarkerLFM5z2,train_prefix,1.0,1,5000,100,200,12000,5000,7174,7388,0.05417187698508874,0.03524591334130854,0.034613794354963305,6786,6586,True,True,7373,True,True,0.1222,0.0393,results/gate1/scores/020_train_prefix_mf1.0_seed1.npy
20,DISTORTEDGP711MarkerLFM5z2,DISTORTED,Gait,False,cg019,GP711MarkerLFM5z2,train_prefix,1.0,2,5000,100,200,12000,5000,7174,7388,0.05135027597131403,0.03605779478482292,0.035827069100016505,6786,6586,True,True,7393,True,True,0.1193,0.0375,results/gate1/scores/020_train_prefix_mf1.0_seed2.npy
21,DISTORTEDGP711MarkerLFM5z3,DISTORTED,Gait,False,cg019,GP711MarkerLFM5z3,full,1,0,12000,100,200,12000,5000,5947,5993,0.003506232865580383,0.030054570450959054,0.030217034046009505,6954,6754,False,False,6946,False,False,0.2209,0.0555,results/gate1/scores/021_full_mf1_seed0.npy
21,DISTORTEDGP711MarkerLFM5z3,DISTORTED,Gait,False,cg019,GP711MarkerLFM5z3,full,1,1,12000,100,200,12000,5000,5947,5993,0.016346154656205925,0.02674499564696366,0.026809195487424702,6954,6754,False,False,6959,False,False,0.2195,0.0518,results/gate1/scores/021_full_mf1_seed1.npy
21,DISTORTEDGP711MarkerLFM5z3,DISTORTED,Gait,False,cg019,GP711MarkerLFM5z3,full,1,2,12000,100,200,12000,5000,5947,5993,0.005346075907199155,0.02168911950217487,0.021630265386272603,6954,6754,False,False,6959,False,False,0.2239,0.0533,results/gate1/scores/021_full_mf1_seed2.npy
21,DISTORTEDGP711MarkerLFM5z3,DISTORTED,Gait,False,cg019,GP711MarkerLFM5z3,full,1.0,0,12000,100,200,12000,5000,5947,5993,0.0580978706455626,0.02527125207616761,0.023085440738209236,6954,6754,True,True,5936,True,True,0.1777,0.036,results/gate1/scores/021_full_mf1.0_seed0.npy
21,DISTORTEDGP711MarkerLFM5z3,DISTORTED,Gait,False,cg019,GP711MarkerLFM5z3,full,1.0,1,12000,100,200,12000,5000,5947,5993,0.06590350256462596,0.029190055363310024,0.026459940111092033,6954,6754,True,True,5943,True,True,0.1848,0.0373,results/gate1/scores/021_full_mf1.0_seed1.npy
21,DISTORTEDGP711MarkerLFM5z3,DISTORTED,Gait,False,cg019,GP711MarkerLFM5z3,full,1.0,2,12000,100,200,12000,5000,5947,5993,0.07405823639703912,0.023881314361842456,0.02043411094853795,6954,6754,True,True,5935,True,True,0.1818,0.0375,results/gate1/scores/021_full_mf1.0_seed2.npy
21,DISTORTEDGP711MarkerLFM5z3,DISTORTED,Gait,False,cg019,GP711MarkerLFM5z3,train_prefix,1,0,5000,100,200,12000,5000,5947,5993,0.007953247286842213,0.029130722780522558,0.02965704730201468,6954,6754,False,False,6944,False,False,0.1355,0.0532,results/gate1/scores/021_train_prefix_mf1_seed0.npy
21,DISTORTEDGP711MarkerLFM5z3,DISTORTED,Gait,False,cg019,GP711MarkerLFM5z3,train_prefix,1,1,5000,100,200,12000,5000,5947,5993,0.01985845979391243,0.02997195191976959,0.030202934742933254,6954,6754,False,False,6952,False,False,0.1396,0.0518,results/gate1/scores/021_train_prefix_mf1_seed1.npy
21,DISTORTEDGP711MarkerLFM5z3,DISTORTED,Gait,False,cg019,GP711MarkerLFM5z3,train_prefix,1,2,5000,100,200,12000,5000,5947,5993,0.014544046148160072,0.022038689872561506,0.021669887577375074,6954,6754,False,False,6959,False,False,0.1368,0.0569,results/gate1/scores/021_train_prefix_mf1_seed2.npy
21,DISTORTEDGP711MarkerLFM5z3,DISTORTED,Gait,False,cg019,GP711MarkerLFM5z3,train_prefix,1.0,0,5000,100,200,12000,5000,5947,5993,0.04905532054325057,0.024583172498554115,0.022125574236366456,6954,6754,True,True,5935,True,True,0.1266,0.0394,results/gate1/scores/021_train_prefix_mf1.0_seed0.npy
21,DISTORTEDGP711MarkerLFM5z3,DISTORTED,Gait,False,cg019,GP711MarkerLFM5z3,train_prefix,1.0,1,5000,100,200,12000,5000,5947,5993,0.05571699786334072,0.025826276309726084,0.02303802537770805,6954,6754,True,True,5939,True,True,0.1281,0.0411,results/gate1/scores/021_train_prefix_mf1.0_seed1.npy
21,DISTORTEDGP711MarkerLFM5z3,DISTORTED,Gait,False,cg019,GP711MarkerLFM5z3,train_prefix,1.0,2,5000,100,200,12000,5000,5947,5993,0.05722104405793038,0.025580081462814586,0.023215600433444655,6954,6754,True,True,5940,True,True,0.1284,0.0412,results/gate1/scores/021_train_prefix_mf1.0_seed2.npy
22,DISTORTEDGP711MarkerLFM5z4,DISTORTED,Gait,False,cg019,GP711MarkerLFM5z4,full,1,0,12000,100,200,12000,4000,6526,6645,0.016265397718405517,0.020116275665819472,0.02050282985114191,7881,7681,False,False,8928,False,False,0.2316,0.0569,results/gate1/scores/022_full_mf1_seed0.npy
22,DISTORTEDGP711MarkerLFM5z4,DISTORTED,Gait,False,cg019,GP711MarkerLFM5z4,full,1,1,12000,100,200,12000,4000,6526,6645,0.025889651506626477,0.0232241965055855,0.023459604770029147,7881,7681,True,True,8955,False,False,0.225,0.0548,results/gate1/scores/022_full_mf1_seed1.npy
22,DISTORTEDGP711MarkerLFM5z4,DISTORTED,Gait,False,cg019,GP711MarkerLFM5z4,full,1,2,12000,100,200,12000,4000,6526,6645,0.018288197528328998,0.019101097307120306,0.019142585796807637,7881,7681,False,False,8946,False,False,0.2331,0.0588,results/gate1/scores/022_full_mf1_seed2.npy
22,DISTORTEDGP711MarkerLFM5z4,DISTORTED,Gait,False,cg019,GP711MarkerLFM5z4,full,1.0,0,12000,100,200,12000,4000,6526,6645,0.06934679772478014,0.028104273597915227,0.028123300093059536,7881,7681,True,True,6572,True,True,0.1814,0.0381,results/gate1/scores/022_full_mf1.0_seed0.npy
22,DISTORTEDGP711MarkerLFM5z4,DISTORTED,Gait,False,cg019,GP711MarkerLFM5z4,full,1.0,1,12000,100,200,12000,4000,6526,6645,0.06521484408450973,0.02993526853041232,0.02944353551199566,7881,7681,True,True,6581,True,True,0.178,0.0345,results/gate1/scores/022_full_mf1.0_seed1.npy
22,DISTORTEDGP711MarkerLFM5z4,DISTORTED,Gait,False,cg019,GP711MarkerLFM5z4,full,1.0,2,12000,100,200,12000,4000,6526,6645,0.06664333313928517,0.028634845218073926,0.029680660383021234,7881,7681,True,True,6596,True,True,0.181,0.0415,results/gate1/scores/022_full_mf1.0_seed2.npy
22,DISTORTEDGP711MarkerLFM5z4,DISTORTED,Gait,False,cg019,GP711MarkerLFM5z4,train_prefix,1,0,4000,100,200,12000,4000,6526,6645,0.015311448397934635,0.025254684109258522,0.025535023006287,7881,7681,False,False,8933,False,False,0.1289,0.0602,results/gate1/scores/022_train_prefix_mf1_seed0.npy
22,DISTORTEDGP711MarkerLFM5z4,DISTORTED,Gait,False,cg019,GP711MarkerLFM5z4,train_prefix,1,1,4000,100,200,12000,4000,6526,6645,0.02785427695803877,0.028658935202542,0.02884049001714851,7881,7681,False,False,8953,False,False,0.1291,0.0614,results/gate1/scores/022_train_prefix_mf1_seed1.npy
22,DISTORTEDGP711MarkerLFM5z4,DISTORTED,Gait,False,cg019,GP711MarkerLFM5z4,train_prefix,1,2,4000,100,200,12000,4000,6526,6645,0.0201561466668414,0.027257486399776258,0.027515100489606887,7881,7681,False,False,8954,False,False,0.1799,0.0576,results/gate1/scores/022_train_prefix_mf1_seed2.npy
22,DISTORTEDGP711MarkerLFM5z4,DISTORTED,Gait,False,cg019,GP711MarkerLFM5z4,train_prefix,1.0,0,4000,100,200,12000,4000,6526,6645,0.06068187950611148,0.032680415375595816,0.03280104423712855,7881,7681,True,True,10965,False,False,0.1163,0.04,results/gate1/scores/022_train_prefix_mf1.0_seed0.npy
22,DISTORTEDGP711MarkerLFM5z4,DISTORTED,Gait,False,cg019,GP711MarkerLFM5z4,train_prefix,1.0,1,4000,100,200,12000,4000,6526,6645,0.05695036701377032,0.03092696607301819,0.031133009837981066,7881,7681,True,True,10957,False,False,0.1141,0.0419,results/gate1/scores/022_train_prefix_mf1.0_seed1.npy
22,DISTORTEDGP711MarkerLFM5z4,DISTORTED,Gait,False,cg019,GP711MarkerLFM5z4,train_prefix,1.0,2,4000,100,200,12000,4000,6526,6645,0.06805673020019953,0.033775217852650516,0.033897144834398346,7881,7681,True,True,6579,True,True,0.1134,0.0406,results/gate1/scores/022_train_prefix_mf1.0_seed2.npy
23,DISTORTEDGP711MarkerLFM5z5,DISTORTED,Gait,False,cg019,GP711MarkerLFM5z5,full,1,0,12000,100,200,12000,5000,8611,8716,0.024989024286295236,0.043266017248601414,0.045072685210708195,6895,6695,False,False,11949,False,False,0.2248,0.0549,results/gate1/scores/023_full_mf1_seed0.npy
23,DISTORTEDGP711MarkerLFM5z5,DISTORTED,Gait,False,cg019,GP711MarkerLFM5z5,full,1,1,12000,100,200,12000,5000,8611,8716,0.021529337442775964,0.05453929090659872,0.055979994553611905,6895,6695,False,False,11949,False,False,0.2164,0.058,results/gate1/scores/023_full_mf1_seed1.npy
23,DISTORTEDGP711MarkerLFM5z5,DISTORTED,Gait,False,cg019,GP711MarkerLFM5z5,full,1,2,12000,100,200,12000,5000,8611,8716,0.027627098314905396,0.04719221752732461,0.04799848321246434,6895,6695,False,False,11947,False,False,0.2335,0.0583,results/gate1/scores/023_full_mf1_seed2.npy
23,DISTORTEDGP711MarkerLFM5z5,DISTORTED,Gait,False,cg019,GP711MarkerLFM5z5,full,1.0,0,12000,100,200,12000,5000,8611,8716,0.0756641742778279,0.03312786045839867,0.023879169530728564,6895,6695,True,True,8619,True,True,0.1821,0.0397,results/gate1/scores/023_full_mf1.0_seed0.npy
23,DISTORTEDGP711MarkerLFM5z5,DISTORTED,Gait,False,cg019,GP711MarkerLFM5z5,full,1.0,1,12000,100,200,12000,5000,8611,8716,0.08076692867688717,0.0293601671559409,0.024628426725505897,6895,6695,True,True,8621,True,True,0.1797,0.0388,results/gate1/scores/023_full_mf1.0_seed1.npy
23,DISTORTEDGP711MarkerLFM5z5,DISTORTED,Gait,False,cg019,GP711MarkerLFM5z5,full,1.0,2,12000,100,200,12000,5000,8611,8716,0.07640586491328816,0.029247704699822887,0.023978053355299293,6895,6695,True,True,8617,True,True,0.186,0.0394,results/gate1/scores/023_full_mf1.0_seed2.npy
23,DISTORTEDGP711MarkerLFM5z5,DISTORTED,Gait,False,cg019,GP711MarkerLFM5z5,train_prefix,1,0,5000,100,200,12000,5000,8611,8716,0.027969362095121353,0.050936187383022295,0.051303369499223594,6895,6695,False,False,11949,False,False,0.1425,0.0566,results/gate1/scores/023_train_prefix_mf1_seed0.npy
23,DISTORTEDGP711MarkerLFM5z5,DISTORTED,Gait,False,cg019,GP711MarkerLFM5z5,train_prefix,1,1,5000,100,200,12000,5000,8611,8716,0.017557560883248002,0.06501986088790446,0.06719879866190591,6895,6695,False,False,11950,False,False,0.1456,0.0588,results/gate1/scores/023_train_prefix_mf1_seed1.npy
23,DISTORTEDGP711MarkerLFM5z5,DISTORTED,Gait,False,cg019,GP711MarkerLFM5z5,train_prefix,1,2,5000,100,200,12000,5000,8611,8716,0.02121568911471483,0.055391849469574504,0.05588186720025438,6895,6695,False,False,11950,False,False,0.1437,0.0566,results/gate1/scores/023_train_prefix_mf1_seed2.npy
23,DISTORTEDGP711MarkerLFM5z5,DISTORTED,Gait,False,cg019,GP711MarkerLFM5z5,train_prefix,1.0,0,5000,100,200,12000,5000,8611,8716,0.07166398572455068,0.03723275648779832,0.028049723512364597,6895,6695,True,True,8610,True,True,0.1245,0.0374,results/gate1/scores/023_train_prefix_mf1.0_seed0.npy
23,DISTORTEDGP711MarkerLFM5z5,DISTORTED,Gait,False,cg019,GP711MarkerLFM5z5,train_prefix,1.0,1,5000,100,200,12000,5000,8611,8716,0.06750827588740094,0.03553540942429457,0.0322360126285478,6895,6695,True,True,8620,True,True,0.1203,0.0421,results/gate1/scores/023_train_prefix_mf1.0_seed1.npy
23,DISTORTEDGP711MarkerLFM5z5,DISTORTED,Gait,False,cg019,GP711MarkerLFM5z5,train_prefix,1.0,2,5000,100,200,12000,5000,8611,8716,0.07451917427919541,0.031268235768315646,0.026821213743770483,6895,6695,True,True,8622,True,True,0.1239,0.0393,results/gate1/scores/023_train_prefix_mf1.0_seed2.npy
24,DISTORTEDInternalBleeding10,DISTORTED,ABP,True,cg024,InternalBleeding10,full,1,0,7501,100,200,7501,3200,4525,4556,-0.021403062612076584,0.020369298173252615,0.020369298173252615,4270,4070,False,False,6775,False,False,0.1678,0.0392,results/gate1/scores/024_full_mf1_seed0.npy
24,DISTORTEDInternalBleeding10,DISTORTED,ABP,True,cg024,InternalBleeding10,full,1,1,7501,100,200,7501,3200,4525,4556,-0.01723594887927893,0.021355386564551604,0.021355386564551604,4270,4070,False,False,7399,False,False,0.1813,0.0376,results/gate1/scores/024_full_mf1_seed1.npy
24,DISTORTEDInternalBleeding10,DISTORTED,ABP,True,cg024,InternalBleeding10,full,1,2,7501,100,200,7501,3200,4525,4556,-0.017580720993850663,0.015013573948433192,0.015075296021418882,4270,4070,False,False,7410,False,False,0.1823,0.0378,results/gate1/scores/024_full_mf1_seed2.npy
24,DISTORTEDInternalBleeding10,DISTORTED,ABP,True,cg024,InternalBleeding10,full,1.0,0,7501,100,200,7501,3200,4525,4556,-0.03517944223938835,0.051719527977805435,0.051719527977805435,4270,4070,False,False,7441,False,False,0.1454,0.0268,results/gate1/scores/024_full_mf1.0_seed0.npy
24,DISTORTEDInternalBleeding10,DISTORTED,ABP,True,cg024,InternalBleeding10,full,1.0,1,7501,100,200,7501,3200,4525,4556,-0.035646313970148336,0.06823291150311606,0.06823291150311606,4270,4070,False,False,7448,False,False,0.1485,0.0268,results/gate1/scores/024_full_mf1.0_seed1.npy
24,DISTORTEDInternalBleeding10,DISTORTED,ABP,True,cg024,InternalBleeding10,full,1.0,2,7501,100,200,7501,3200,4525,4556,-0.030132883575311575,0.06279964947071137,0.06279964947071137,4270,4070,False,False,7448,False,False,0.1469,0.0284,results/gate1/scores/024_full_mf1.0_seed2.npy
24,DISTORTEDInternalBleeding10,DISTORTED,ABP,True,cg024,InternalBleeding10,train_prefix,1,0,3200,100,200,7501,3200,4525,4556,-0.017284000200852745,0.0330066283617787,0.0330066283617787,4270,4070,False,False,5294,False,False,0.1179,0.0368,results/gate1/scores/024_train_prefix_mf1_seed0.npy
24,DISTORTEDInternalBleeding10,DISTORTED,ABP,True,cg024,InternalBleeding10,train_prefix,1,1,3200,100,200,7501,3200,4525,4556,-0.013977983205009648,0.01622809134678302,0.016314263812224287,4270,4070,False,False,7402,False,False,0.1195,0.0354,results/gate1/scores/024_train_prefix_mf1_seed1.npy
24,DISTORTEDInternalBleeding10,DISTORTED,ABP,True,cg024,InternalBleeding10,train_prefix,1,2,3200,100,200,7501,3200,4525,4556,-0.01472418755303817,0.016212549378214702,0.016212549378214702,4270,4070,False,False,5256,False,False,0.1202,0.0378,results/gate1/scores/024_train_prefix_mf1_seed2.npy
24,DISTORTEDInternalBleeding10,DISTORTED,ABP,True,cg024,InternalBleeding10,train_prefix,1.0,0,3200,100,200,7501,3200,4525,4556,-0.03657377248799348,0.04663445199431049,0.04663445199431049,4270,4070,False,False,7446,False,False,0.1081,0.0276,results/gate1/scores/024_train_prefix_mf1.0_seed0.npy
24,DISTORTEDInternalBleeding10,DISTORTED,ABP,True,cg024,InternalBleeding10,train_prefix,1.0,1,3200,100,200,7501,3200,4525,4556,-0.02028265911127569,0.0652645335643357,0.0652645335643357,4270,4070,False,False,7446,False,False,0.1075,0.0267,results/gate1/scores/024_train_prefix_mf1.0_seed1.npy
24,DISTORTEDInternalBleeding10,DISTORTED,ABP,True,cg024,InternalBleeding10,train_prefix,1.0,2,3200,100,200,7501,3200,4525,4556,-0.026977876202968598,0.04787222200610797,0.04787222200610797,4270,4070,False,False,7439,False,False,0.1067,0.0254,results/gate1/scores/024_train_prefix_mf1.0_seed2.npy
25,DISTORTEDInternalBleeding14,DISTORTED,ABP,True,cg024,InternalBleeding14,full,1,0,7501,100,200,7501,2800,5606,5634,-0.006220560657274277,0.03275129829879442,0.03275129829879442,4673,4473,False,False,6369,False,False,0.1704,0.0366,results/gate1/scores/025_full_mf1_seed0.npy
25,DISTORTEDInternalBleeding14,DISTORTED,ABP,True,cg024,InternalBleeding14,full,1,1,7501,100,200,7501,2800,5606,5634,-0.013283880654931135,0.021548771771839306,0.0216456068494347,4673,4473,False,False,5258,False,False,0.1713,0.0374,results/gate1/scores/025_full_mf1_seed1.npy
25,DISTORTEDInternalBleeding14,DISTORTED,ABP,True,cg024,InternalBleeding14,full,1,2,7501,100,200,7501,2800,5606,5634,-0.012360741431769573,0.021310146900790104,0.021452064342976383,4673,4473,False,False,5256,False,False,0.1702,0.0411,results/gate1/scores/025_full_mf1_seed2.npy
25,DISTORTEDInternalBleeding14,DISTORTED,ABP,True,cg024,InternalBleeding14,full,1.0,0,7501,100,200,7501,2800,5606,5634,0.020252529164223376,0.062314729433062044,0.062314729433062044,4673,4473,False,False,7434,False,False,0.1538,0.0278,results/gate1/scores/025_full_mf1.0_seed0.npy
25,DISTORTEDInternalBleeding14,DISTORTED,ABP,True,cg024,InternalBleeding14,full,1.0,1,7501,100,200,7501,2800,5606,5634,0.013354421777231673,0.05799861493627889,0.05799861493627889,4673,4473,False,False,7449,False,False,0.1418,0.0251,results/gate1/scores/025_full_mf1.0_seed1.npy
25,DISTORTEDInternalBleeding14,DISTORTED,ABP,True,cg024,InternalBleeding14,full,1.0,2,7501,100,200,7501,2800,5606,5634,0.031309205476782176,0.059582292455883805,0.05969570095196434,4673,4473,False,False,7433,False,False,0.1453,0.0242,results/gate1/scores/025_full_mf1.0_seed2.npy
25,DISTORTEDInternalBleeding14,DISTORTED,ABP,True,cg024,InternalBleeding14,train_prefix,1,0,2800,100,200,7501,2800,5606,5634,0.007687507409163241,0.0343425966486957,0.034804740458797924,4673,4473,False,False,5297,False,False,0.1107,0.0355,results/gate1/scores/025_train_prefix_mf1_seed0.npy
25,DISTORTEDInternalBleeding14,DISTORTED,ABP,True,cg024,InternalBleeding14,train_prefix,1,1,2800,100,200,7501,2800,5606,5634,-0.0006951843733451479,0.026497608470616777,0.02654165650251771,4673,4473,False,False,5256,False,False,0.1109,0.0352,results/gate1/scores/025_train_prefix_mf1_seed1.npy
25,DISTORTEDInternalBleeding14,DISTORTED,ABP,True,cg024,InternalBleeding14,train_prefix,1,2,2800,100,200,7501,2800,5606,5634,-0.01248501418125092,0.032130677217566794,0.032130677217566794,4673,4473,False,False,7447,False,False,0.1121,0.0383,results/gate1/scores/025_train_prefix_mf1_seed2.npy
25,DISTORTEDInternalBleeding14,DISTORTED,ABP,True,cg024,InternalBleeding14,train_prefix,1.0,0,2800,100,200,7501,2800,5606,5634,0.025574918297585292,0.08140571577299494,0.08140571577299494,4673,4473,False,False,7449,False,False,0.1074,0.0274,results/gate1/scores/025_train_prefix_mf1.0_seed0.npy
25,DISTORTEDInternalBleeding14,DISTORTED,ABP,True,cg024,InternalBleeding14,train_prefix,1.0,1,2800,100,200,7501,2800,5606,5634,0.0252111398517596,0.0766655586858409,0.0766655586858409,4673,4473,False,False,7447,False,False,0.1101,0.0268,results/gate1/scores/025_train_prefix_mf1.0_seed1.npy
25,DISTORTEDInternalBleeding14,DISTORTED,ABP,True,cg024,InternalBleeding14,train_prefix,1.0,2,2800,100,200,7501,2800,5606,5634,0.02254845307988307,0.07012134292213275,0.07025959032034562,4673,4473,False,False,7443,False,False,0.1052,0.0277,results/gate1/scores/025_train_prefix_mf1.0_seed2.npy
26,DISTORTEDInternalBleeding15,DISTORTED,ABP,True,cg026,InternalBleeding15,full,1,0,7601,100,200,7601,1700,5683,5854,0.0071414379111103266,0.019313834796003255,0.01933656613814021,5730,5530,False,False,7237,False,False,0.1693,0.0364,results/gate1/scores/026_full_mf1_seed0.npy
26,DISTORTEDInternalBleeding15,DISTORTED,ABP,True,cg026,InternalBleeding15,full,1,1,7601,100,200,7601,1700,5683,5854,0.008272594378924247,0.013740547615453956,0.013805885317620612,5730,5530,False,False,6851,False,False,0.1726,0.0366,results/gate1/scores/026_full_mf1_seed1.npy
26,DISTORTEDInternalBleeding15,DISTORTED,ABP,True,cg026,InternalBleeding15,full,1,2,7601,100,200,7601,1700,5683,5854,0.013171257191283203,0.01643063741575777,0.01683736145872316,5730,5530,False,False,4869,False,False,0.1727,0.038,results/gate1/scores/026_full_mf1_seed2.npy
26,DISTORTEDInternalBleeding15,DISTORTED,ABP,True,cg026,InternalBleeding15,full,1.0,0,7601,100,200,7601,1700,5683,5854,0.06298688285528165,0.027304690721798086,0.027470839616706617,5730,5530,True,True,5752,True,True,0.1502,0.0268,results/gate1/scores/026_full_mf1.0_seed0.npy
26,DISTORTEDInternalBleeding15,DISTORTED,ABP,True,cg026,InternalBleeding15,full,1.0,1,7601,100,200,7601,1700,5683,5854,0.0778035212138044,0.03757800098315157,0.03776003846371951,5730,5530,True,True,5752,True,True,0.1517,0.024,results/gate1/scores/026_full_mf1.0_seed1.npy
26,DISTORTEDInternalBleeding15,DISTORTED,ABP,True,cg026,InternalBleeding15,full,1.0,2,7601,100,200,7601,1700,5683,5854,0.07452401849214163,0.03258497290338029,0.03275177175708763,5730,5530,True,True,5757,True,True,0.1436,0.0231,results/gate1/scores/026_full_mf1.0_seed2.npy
26,DISTORTEDInternalBleeding15,DISTORTED,ABP,True,cg026,InternalBleeding15,train_prefix,1,0,1700,100,200,7601,1700,5683,5854,0.01414689209473241,0.023748892638614905,0.02421990030495899,5730,5530,False,False,6820,False,False,0.1077,0.0379,results/gate1/scores/026_train_prefix_mf1_seed0.npy
26,DISTORTEDInternalBleeding15,DISTORTED,ABP,True,cg026,InternalBleeding15,train_prefix,1,1,1700,100,200,7601,1700,5683,5854,0.005132489958620257,0.023257579175034057,0.023418302444643727,5730,5530,False,False,6829,False,False,0.1095,0.0367,results/gate1/scores/026_train_prefix_mf1_seed1.npy
26,DISTORTEDInternalBleeding15,DISTORTED,ABP,True,cg026,InternalBleeding15,train_prefix,1,2,1700,100,200,7601,1700,5683,5854,0.011145596704622784,0.021917342077537056,0.021992231590089693,5730,5530,False,False,6828,False,False,0.104,0.038,results/gate1/scores/026_train_prefix_mf1_seed2.npy
26,DISTORTEDInternalBleeding15,DISTORTED,ABP,True,cg026,InternalBleeding15,train_prefix,1.0,0,1700,100,200,7601,1700,5683,5854,0.07663411420686883,0.03699169936382754,0.03724557012830503,5730,5530,True,True,5751,True,True,0.0948,0.0258,results/gate1/scores/026_train_prefix_mf1.0_seed0.npy
26,DISTORTEDInternalBleeding15,DISTORTED,ABP,True,cg026,InternalBleeding15,train_prefix,1.0,1,1700,100,200,7601,1700,5683,5854,0.07039306431095615,0.04391110961456321,0.04426176094840182,5730,5530,True,True,5758,True,True,0.0961,0.0268,results/gate1/scores/026_train_prefix_mf1.0_seed1.npy
26,DISTORTEDInternalBleeding15,DISTORTED,ABP,True,cg026,InternalBleeding15,train_prefix,1.0,2,1700,100,200,7601,1700,5683,5854,0.06261124348901581,0.04384372828452793,0.04424659814985466,5730,5530,True,True,7206,False,False,0.097,0.0266,results/gate1/scores/026_train_prefix_mf1.0_seed2.npy
27,DISTORTEDInternalBleeding16,DISTORTED,ABP,True,cg027,InternalBleeding16,full,1,0,7501,100,200,7501,1200,4186,4199,0.0193263836523887,0.030142961200915017,0.029963847475018762,6288,6088,False,False,3073,False,False,0.1701,0.0354,results/gate1/scores/027_full_mf1_seed0.npy
27,DISTORTEDInternalBleeding16,DISTORTED,ABP,True,cg027,InternalBleeding16,full,1,1,7501,100,200,7501,1200,4186,4199,0.017818955434231953,0.023689458188000907,0.02376180086618267,6288,6088,False,False,3948,False,False,0.1673,0.0355,results/gate1/scores/027_full_mf1_seed1.npy
27,DISTORTEDInternalBleeding16,DISTORTED,ABP,True,cg027,InternalBleeding16,full,1,2,7501,100,200,7501,1200,4186,4199,0.010260196618711248,0.025333320017144438,0.025333320017144438,6288,6088,False,False,3950,False,False,0.167,0.037,results/gate1/scores/027_full_mf1_seed2.npy
27,DISTORTEDInternalBleeding16,DISTORTED,ABP,True,cg027,InternalBleeding16,full,1.0,0,7501,100,200,7501,1200,4186,4199,0.03344475244888412,0.056484206975037,0.055195973174221535,6288,6088,False,False,4166,True,True,0.1427,0.0276,results/gate1/scores/027_full_mf1.0_seed0.npy
27,DISTORTEDInternalBleeding16,DISTORTED,ABP,True,cg027,InternalBleeding16,full,1.0,1,7501,100,200,7501,1200,4186,4199,0.04344415255897516,0.06013369830078206,0.05806311156272429,6288,6088,False,False,4157,True,True,0.1483,0.0251,results/gate1/scores/027_full_mf1.0_seed1.npy
27,DISTORTEDInternalBleeding16,DISTORTED,ABP,True,cg027,InternalBleeding16,full,1.0,2,7501,100,200,7501,1200,4186,4199,0.030026059490466217,0.059103632386764034,0.05613887818867737,6288,6088,False,False,4167,True,True,0.145,0.0272,results/gate1/scores/027_full_mf1.0_seed2.npy
27,DISTORTEDInternalBleeding16,DISTORTED,ABP,True,cg027,InternalBleeding16,train_prefix,1,0,1200,100,200,7501,1200,4186,4199,0.03173609436017655,0.045616653075825714,0.04531993438010675,6288,6088,False,False,1789,False,False,0.105,0.0353,results/gate1/scores/027_train_prefix_mf1_seed0.npy
27,DISTORTEDInternalBleeding16,DISTORTED,ABP,True,cg027,InternalBleeding16,train_prefix,1,1,1200,100,200,7501,1200,4186,4199,0.030778930939255766,0.03828674484561009,0.03828674484561009,6288,6088,False,False,3944,False,False,0.0999,0.034,results/gate1/scores/027_train_prefix_mf1_seed1.npy
27,DISTORTEDInternalBleeding16,DISTORTED,ABP,True,cg027,InternalBleeding16,train_prefix,1,2,1200,100,200,7501,1200,4186,4199,0.02327799858970392,0.0410596113525595,0.04082142208442263,6288,6088,False,False,1789,False,False,0.0935,0.0359,results/gate1/scores/027_train_prefix_mf1_seed2.npy
27,DISTORTEDInternalBleeding16,DISTORTED,ABP,True,cg027,InternalBleeding16,train_prefix,1.0,0,1200,100,200,7501,1200,4186,4199,0.05527757780199993,0.0723744925638289,0.07132083321508549,6288,6088,False,False,4164,True,True,0.0895,0.0257,results/gate1/scores/027_train_prefix_mf1.0_seed0.npy
27,DISTORTEDInternalBleeding16,DISTORTED,ABP,True,cg027,InternalBleeding16,train_prefix,1.0,1,1200,100,200,7501,1200,4186,4199,0.07470850338992996,0.07565716515582722,0.0739412532635038,6288,6088,False,True,1800,False,False,0.0935,0.025,results/gate1/scores/027_train_prefix_mf1.0_seed1.npy
27,DISTORTEDInternalBleeding16,DISTORTED,ABP,True,cg027,InternalBleeding16,train_prefix,1.0,2,1200,100,200,7501,1200,4186,4199,0.0552251973405955,0.07771381203569898,0.0767251498145185,6288,6088,False,False,1771,False,False,0.0919,0.0245,results/gate1/scores/027_train_prefix_mf1.0_seed2.npy
28,DISTORTEDInternalBleeding17,DISTORTED,ABP,True,cg027,InternalBleeding17,full,1,0,7500,100,200,7500,1600,3197,3309,-0.004105413876459574,0.02049096228935483,0.020813326502637477,5788,5588,False,False,4164,False,False,0.1676,0.0355,results/gate1/scores/028_full_mf1_seed0.npy
28,DISTORTEDInternalBleeding17,DISTORTED,ABP,True,cg027,InternalBleeding17,full,1,1,7500,100,200,7500,1600,3197,3309,-0.008448941967473811,0.02855931966589687,0.029298819316505454,5788,5588,False,False,7056,False,False,0.1705,0.0347,results/gate1/scores/028_full_mf1_seed1.npy
28,DISTORTEDInternalBleeding17,DISTORTED,ABP,True,cg027,InternalBleeding17,full,1,2,7500,100,200,7500,1600,3197,3309,-0.0038646141388652966,0.022346882042339342,0.022542752598268854,5788,5588,False,False,7054,False,False,0.1649,0.0332,results/gate1/scores/028_full_mf1_seed2.npy
28,DISTORTEDInternalBleeding17,DISTORTED,ABP,True,cg027,InternalBleeding17,full,1.0,0,7500,100,200,7500,1600,3197,3309,0.004647574833023249,0.025381423153630015,0.025646502068812596,5788,5588,False,False,4125,False,False,0.1373,0.0235,results/gate1/scores/028_full_mf1.0_seed0.npy
28,DISTORTEDInternalBleeding17,DISTORTED,ABP,True,cg027,InternalBleeding17,full,1.0,1,7500,100,200,7500,1600,3197,3309,0.0057074755675107225,0.02747664117684643,0.0275765238523852,5788,5588,False,False,4166,False,False,0.1457,0.0258,results/gate1/scores/028_full_mf1.0_seed1.npy
28,DISTORTEDInternalBleeding17,DISTORTED,ABP,True,cg027,InternalBleeding17,full,1.0,2,7500,100,200,7500,1600,3197,3309,-0.0018761772687964084,0.028375326865331472,0.029003168234427484,5788,5588,False,False,4165,False,False,0.1479,0.0267,results/gate1/scores/028_full_mf1.0_seed2.npy
28,DISTORTEDInternalBleeding17,DISTORTED,ABP,True,cg027,InternalBleeding17,train_prefix,1,0,1600,100,200,7500,1600,3197,3309,0.00178750310654463,0.031435838226971685,0.031601121424819634,5788,5588,False,False,4173,False,False,0.0988,0.0348,results/gate1/scores/028_train_prefix_mf1_seed0.npy
28,DISTORTEDInternalBleeding17,DISTORTED,ABP,True,cg027,InternalBleeding17,train_prefix,1,1,1600,100,200,7500,1600,3197,3309,0.005031799707538753,0.02545201242169311,0.025993358406868873,5788,5588,False,False,7064,False,False,0.0983,0.037,results/gate1/scores/028_train_prefix_mf1_seed1.npy
28,DISTORTEDInternalBleeding17,DISTORTED,ABP,True,cg027,InternalBleeding17,train_prefix,1,2,1600,100,200,7500,1600,3197,3309,0.0005576723541432793,0.02651736286170067,0.02663285763575307,5788,5588,False,False,7063,False,False,0.1001,0.036,results/gate1/scores/028_train_prefix_mf1_seed2.npy
28,DISTORTEDInternalBleeding17,DISTORTED,ABP,True,cg027,InternalBleeding17,train_prefix,1.0,0,1600,100,200,7500,1600,3197,3309,-0.002301815813855135,0.05068426172105606,0.05156165544076486,5788,5588,False,False,4159,False,False,0.095,0.0249,results/gate1/scores/028_train_prefix_mf1.0_seed0.npy
28,DISTORTEDInternalBleeding17,DISTORTED,ABP,True,cg027,InternalBleeding17,train_prefix,1.0,1,1600,100,200,7500,1600,3197,3309,0.004513483218938741,0.05033291102672399,0.05036521239977663,5788,5588,False,False,4156,False,False,0.0947,0.0255,results/gate1/scores/028_train_prefix_mf1.0_seed1.npy
28,DISTORTEDInternalBleeding17,DISTORTED,ABP,True,cg027,InternalBleeding17,train_prefix,1.0,2,1600,100,200,7500,1600,3197,3309,0.0046475285356841756,0.05128991895445389,0.05149363944080759,5788,5588,False,False,4143,False,False,0.0932,0.0255,results/gate1/scores/028_train_prefix_mf1.0_seed2.npy
29,DISTORTEDInternalBleeding18,DISTORTED,ABP,True,cg027,InternalBleeding18,full,1,0,7500,100,200,7500,2300,4484,4587,-0.020817653077272236,0.029251808220581932,0.029251808220581932,5097,4897,False,False,2448,False,False,0.1632,0.0338,results/gate1/scores/029_full_mf1_seed0.npy
29,DISTORTEDInternalBleeding18,DISTORTED,ABP,True,cg027,InternalBleeding18,full,1,1,7500,100,200,7500,2300,4484,4587,-0.011814071767370149,0.021721311282757835,0.022592292920687512,5097,4897,False,False,2472,False,False,0.1668,0.0368,results/gate1/scores/029_full_mf1_seed1.npy
29,DISTORTEDInternalBleeding18,DISTORTED,ABP,True,cg027,InternalBleeding18,full,1,2,7500,100,200,7500,2300,4484,4587,-0.010845229779715249,0.020683240051642217,0.02073698926575273,5097,4897,False,False,2463,False,False,0.168,0.0364,results/gate1/scores/029_full_mf1_seed2.npy
29,DISTORTEDInternalBleeding18,DISTORTED,ABP,True,cg027,InternalBleeding18,full,1.0,0,7500,100,200,7500,2300,4484,4587,-0.029384683438463788,0.03362167305998675,0.033714167757093245,5097,4897,False,False,5283,False,False,0.1416,0.0254,results/gate1/scores/029_full_mf1.0_seed0.npy
29,DISTORTEDInternalBleeding18,DISTORTED,ABP,True,cg027,InternalBleeding18,full,1.0,1,7500,100,200,7500,2300,4484,4587,-0.014009925069056739,0.03694634018097586,0.03710440303433924,5097,4897,False,False,7441,False,False,0.148,0.0248,results/gate1/scores/029_full_mf1.0_seed1.npy
29,DISTORTEDInternalBleeding18,DISTORTED,ABP,True,cg027,InternalBleeding18,full,1.0,2,7500,100,200,7500,2300,4484,4587,-0.022902503760848125,0.03348447707458117,0.033846638507658525,5097,4897,False,False,5279,False,False,0.1391,0.0252,results/gate1/scores/029_full_mf1.0_seed2.npy
29,DISTORTEDInternalBleeding18,DISTORTED,ABP,True,cg027,InternalBleeding18,train_prefix,1,0,2300,100,200,7500,2300,4484,4587,-0.018008955991967723,0.030786964076852507,0.030964438133167942,5097,4897,False,False,2450,False,False,0.1043,0.0326,results/gate1/scores/029_train_prefix_mf1_seed0.npy
29,DISTORTEDInternalBleeding18,DISTORTED,ABP,True,cg027,InternalBleeding18,train_prefix,1,1,2300,100,200,7500,2300,4484,4587,-0.017983200773518004,0.026298109651686278,0.026982786457552945,5097,4897,False,False,2471,False,False,0.1056,0.0324,results/gate1/scores/029_train_prefix_mf1_seed1.npy
29,DISTORTEDInternalBleeding18,DISTORTED,ABP,True,cg027,InternalBleeding18,train_prefix,1,2,2300,100,200,7500,2300,4484,4587,-0.015562227866421696,0.03038482452625181,0.0310401227856964,5097,4897,False,False,2466,False,False,0.1116,0.0333,results/gate1/scores/029_train_prefix_mf1_seed2.npy
29,DISTORTEDInternalBleeding18,DISTORTED,ABP,True,cg027,InternalBleeding18,train_prefix,1.0,0,2300,100,200,7500,2300,4484,4587,-0.03293225042849918,0.03775535995252351,0.03818629696295102,5097,4897,False,False,5275,False,False,0.0991,0.0269,results/gate1/scores/029_train_prefix_mf1.0_seed0.npy
29,DISTORTEDInternalBleeding18,DISTORTED,ABP,True,cg027,InternalBleeding18,train_prefix,1.0,1,2300,100,200,7500,2300,4484,4587,-0.02119708813956145,0.04089287614584442,0.04136251027036556,5097,4897,False,False,5248,False,False,0.102,0.0256,results/gate1/scores/029_train_prefix_mf1.0_seed1.npy
29,DISTORTEDInternalBleeding18,DISTORTED,ABP,True,cg027,InternalBleeding18,train_prefix,1.0,2,2300,100,200,7500,2300,4484,4587,-0.03144406204949646,0.04771906931405967,0.04799614523878648,5097,4897,False,False,7449,False,False,0.1,0.0263,results/gate1/scores/029_train_prefix_mf1.0_seed2.npy
30,DISTORTEDInternalBleeding19,DISTORTED,ABP,True,cg027,InternalBleeding19,full,1,0,7500,100,200,7500,3000,4186,4197,0.006180737025518579,0.019403997433335887,0.01921042761229094,4489,4289,False,False,3969,False,False,0.1673,0.0351,results/gate1/scores/030_full_mf1_seed0.npy
30,DISTORTEDInternalBleeding19,DISTORTED,ABP,True,cg027,InternalBleeding19,full,1,1,7500,100,200,7500,3000,4186,4197,-0.002427240806043174,0.0197391967764641,0.019992070766198217,4489,4289,False,False,3960,False,False,0.1685,0.0339,results/gate1/scores/030_full_mf1_seed1.npy
30,DISTORTEDInternalBleeding19,DISTORTED,ABP,True,cg027,InternalBleeding19,full,1,2,7500,100,200,7500,3000,4186,4197,-0.005614167748495991,0.017709437951950596,0.01771836545374903,4489,4289,False,False,3951,False,False,0.1705,0.0358,results/gate1/scores/030_full_mf1_seed2.npy
30,DISTORTEDInternalBleeding19,DISTORTED,ABP,True,cg027,InternalBleeding19,full,1.0,0,7500,100,200,7500,3000,4186,4197,0.01680741106250072,0.03195966094858116,0.0302729506027315,4489,4289,False,False,7424,False,False,0.1449,0.0241,results/gate1/scores/030_full_mf1.0_seed0.npy
30,DISTORTEDInternalBleeding19,DISTORTED,ABP,True,cg027,InternalBleeding19,full,1.0,1,7500,100,200,7500,3000,4186,4197,0.015252495265920984,0.032489931648472914,0.032489931648472914,4489,4289,False,False,3963,False,False,0.1461,0.0252,results/gate1/scores/030_full_mf1.0_seed1.npy
30,DISTORTEDInternalBleeding19,DISTORTED,ABP,True,cg027,InternalBleeding19,full,1.0,2,7500,100,200,7500,3000,4186,4197,0.019672619979903327,0.04981746185322644,0.04981746185322644,4489,4289,False,False,4166,True,True,0.1408,0.0246,results/gate1/scores/030_full_mf1.0_seed2.npy
30,DISTORTEDInternalBleeding19,DISTORTED,ABP,True,cg027,InternalBleeding19,train_prefix,1,0,3000,100,200,7500,3000,4186,4197,0.007993656603821786,0.021019979483261297,0.020322515311027422,4489,4289,False,False,3974,False,False,0.1117,0.0369,results/gate1/scores/030_train_prefix_mf1_seed0.npy
30,DISTORTEDInternalBleeding19,DISTORTED,ABP,True,cg027,InternalBleeding19,train_prefix,1,1,3000,100,200,7500,3000,4186,4197,0.009375177483312847,0.0175407500206325,0.017605787244795022,4489,4289,False,False,3961,False,False,0.1149,0.0382,results/gate1/scores/030_train_prefix_mf1_seed1.npy
30,DISTORTEDInternalBleeding19,DISTORTED,ABP,True,cg027,InternalBleeding19,train_prefix,1,2,3000,100,200,7500,3000,4186,4197,0.009159867289971535,0.019474996103136043,0.019740046291061242,4489,4289,False,False,3952,False,False,0.117,0.0351,results/gate1/scores/030_train_prefix_mf1_seed2.npy
30,DISTORTEDInternalBleeding19,DISTORTED,ABP,True,cg027,InternalBleeding19,train_prefix,1.0,0,3000,100,200,7500,3000,4186,4197,0.016265436321466487,0.03787030465199046,0.03647464508457402,4489,4289,False,False,4166,True,True,0.1082,0.0248,results/gate1/scores/030_train_prefix_mf1.0_seed0.npy
30,DISTORTEDInternalBleeding19,DISTORTED,ABP,True,cg027,InternalBleeding19,train_prefix,1.0,1,3000,100,200,7500,3000,4186,4197,0.02491167963574692,0.04550195607219709,0.04550195607219709,4489,4289,False,False,4178,True,True,0.1073,0.0243,results/gate1/scores/030_train_prefix_mf1.0_seed1.npy
30,DISTORTEDInternalBleeding19,DISTORTED,ABP,True,cg027,InternalBleeding19,train_prefix,1.0,2,3000,100,200,7500,3000,4186,4197,0.02451084147261573,0.03728298639356956,0.03490303843078088,4489,4289,False,False,4167,True,True,0.1048,0.0225,results/gate1/scores/030_train_prefix_mf1.0_seed2.npy
31,DISTORTEDInternalBleeding20,DISTORTED,ABP,True,cg027,InternalBleeding20,full,1,0,7500,100,200,7500,2700,5758,5919,0.006552022272361069,0.03910653052337698,0.03910653052337698,4639,4439,False,False,7448,False,False,0.1672,0.0358,results/gate1/scores/031_full_mf1_seed0.npy
31,DISTORTEDInternalBleeding20,DISTORTED,ABP,True,cg027,InternalBleeding20,full,1,1,7500,100,200,7500,2700,5758,5919,0.014123484916385376,0.04281868512232345,0.04281868512232345,4639,4439,False,False,7448,False,False,0.1708,0.0329,results/gate1/scores/031_full_mf1_seed1.npy
31,DISTORTEDInternalBleeding20,DISTORTED,ABP,True,cg027,InternalBleeding20,full,1,2,7500,100,200,7500,2700,5758,5919,0.016569243858850724,0.03442344172231815,0.03442344172231815,4639,4439,False,False,7431,False,False,0.1585,0.0334,results/gate1/scores/031_full_mf1_seed2.npy
31,DISTORTEDInternalBleeding20,DISTORTED,ABP,True,cg027,InternalBleeding20,full,1.0,0,7500,100,200,7500,2700,5758,5919,0.03322223643574129,0.06377710204110609,0.06377710204110609,4639,4439,False,False,7446,False,False,0.1413,0.0254,results/gate1/scores/031_full_mf1.0_seed0.npy
31,DISTORTEDInternalBleeding20,DISTORTED,ABP,True,cg027,InternalBleeding20,full,1.0,1,7500,100,200,7500,2700,5758,5919,0.03138420270877773,0.07429821402192627,0.07429821402192627,4639,4439,False,False,7448,False,False,0.1402,0.024,results/gate1/scores/031_full_mf1.0_seed1.npy
31,DISTORTEDInternalBleeding20,DISTORTED,ABP,True,cg027,InternalBleeding20,full,1.0,2,7500,100,200,7500,2700,5758,5919,0.03168828631462195,0.0834380349734618,0.0834380349734618,4639,4439,False,False,7450,False,False,0.1455,0.0271,results/gate1/scores/031_full_mf1.0_seed2.npy
31,DISTORTEDInternalBleeding20,DISTORTED,ABP,True,cg027,InternalBleeding20,train_prefix,1,0,2700,100,200,7500,2700,5758,5919,0.002020833433587832,0.04180511055234293,0.04180511055234293,4639,4439,False,False,4161,False,False,0.1118,0.034,results/gate1/scores/031_train_prefix_mf1_seed0.npy
31,DISTORTEDInternalBleeding20,DISTORTED,ABP,True,cg027,InternalBleeding20,train_prefix,1,1,2700,100,200,7500,2700,5758,5919,0.01074443477551179,0.03938304318737207,0.03938304318737207,4639,4439,False,False,7450,False,False,0.112,0.0355,results/gate1/scores/031_train_prefix_mf1_seed1.npy
31,DISTORTEDInternalBleeding20,DISTORTED,ABP,True,cg027,InternalBleeding20,train_prefix,1,2,2700,100,200,7500,2700,5758,5919,0.0029425737742120317,0.03238577446913515,0.03238577446913515,4639,4439,False,False,7447,False,False,0.1122,0.0354,results/gate1/scores/031_train_prefix_mf1_seed2.npy
31,DISTORTEDInternalBleeding20,DISTORTED,ABP,True,cg027,InternalBleeding20,train_prefix,1.0,0,2700,100,200,7500,2700,5758,5919,0.0302052844695746,0.06557708361646297,0.06557708361646297,4639,4439,False,False,7447,False,False,0.101,0.0243,results/gate1/scores/031_train_prefix_mf1.0_seed0.npy
31,DISTORTEDInternalBleeding20,DISTORTED,ABP,True,cg027,InternalBleeding20,train_prefix,1.0,1,2700,100,200,7500,2700,5758,5919,0.04145538463167886,0.062304899306121264,0.062304899306121264,4639,4439,False,False,7448,False,False,0.1036,0.025,results/gate1/scores/031_train_prefix_mf1.0_seed1.npy
31,DISTORTEDInternalBleeding20,DISTORTED,ABP,True,cg027,InternalBleeding20,train_prefix,1.0,2,2700,100,200,7500,2700,5758,5919,0.03186114826116171,0.07678329866597222,0.07678329866597222,4639,4439,False,False,7448,False,False,0.1031,0.0255,results/gate1/scores/031_train_prefix_mf1.0_seed2.npy
32,DISTORTEDInternalBleeding4,DISTORTED,ABP,True,cg032,InternalBleeding4,full,1,0,7321,100,200,7321,1000,4674,5033,0.03455576015995976,0.025765438059899146,0.026030522776769923,5962,5762,True,True,3831,False,False,0.1647,0.0351,results/gate1/scores/032_full_mf1_seed0.npy
32,DISTORTEDInternalBleeding4,DISTORTED,ABP,True,cg032,InternalBleeding4,full,1,1,7321,100,200,7321,1000,4674,5033,0.02076509791844028,0.015918670194145078,0.016038384939821754,5962,5762,True,True,3796,False,False,0.1635,0.0351,results/gate1/scores/032_full_mf1_seed1.npy
32,DISTORTEDInternalBleeding4,DISTORTED,ABP,True,cg032,InternalBleeding4,full,1,2,7321,100,200,7321,1000,4674,5033,0.01955484969689547,0.017936057121757717,0.018062183442323777,5962,5762,True,True,3812,False,False,0.1679,0.0338,results/gate1/scores/032_full_mf1_seed2.npy
32,DISTORTEDInternalBleeding4,DISTORTED,ABP,True,cg032,InternalBleeding4,full,1.0,0,7321,100,200,7321,1000,4674,5033,0.08690919959516086,0.03408332718636896,0.03455221977241082,5962,5762,True,True,4833,True,True,0.1401,0.0244,results/gate1/scores/032_full_mf1.0_seed0.npy
32,DISTORTEDInternalBleeding4,DISTORTED,ABP,True,cg032,InternalBleeding4,full,1.0,1,7321,100,200,7321,1000,4674,5033,0.08156148592500945,0.037221032632079806,0.03794043927165053,5962,5762,True,True,4823,True,True,0.1442,0.0236,results/gate1/scores/032_full_mf1.0_seed1.npy
32,DISTORTEDInternalBleeding4,DISTORTED,ABP,True,cg032,InternalBleeding4,full,1.0,2,7321,100,200,7321,1000,4674,5033,0.08434831861296166,0.038175788928419725,0.040279026854258757,5962,5762,True,True,4836,True,True,0.1371,0.0224,results/gate1/scores/032_full_mf1.0_seed2.npy
32,DISTORTEDInternalBleeding4,DISTORTED,ABP,True,cg032,InternalBleeding4,train_prefix,1,0,1000,100,200,7321,1000,4674,5033,0.026356347200518715,0.019461843933685594,0.019559286636266868,5962,5762,True,True,3828,False,False,0.0882,0.0326,results/gate1/scores/032_train_prefix_mf1_seed0.npy
32,DISTORTEDInternalBleeding4,DISTORTED,ABP,True,cg032,InternalBleeding4,train_prefix,1,1,1000,100,200,7321,1000,4674,5033,0.013731579448781228,0.013101129985290963,0.013315524581701214,5962,5762,True,True,3790,False,False,0.0888,0.0341,results/gate1/scores/032_train_prefix_mf1_seed1.npy
32,DISTORTEDInternalBleeding4,DISTORTED,ABP,True,cg032,InternalBleeding4,train_prefix,1,2,1000,100,200,7321,1000,4674,5033,0.014632559412762092,0.01392570010063641,0.014108019268454857,5962,5762,True,True,3789,False,False,0.146,0.0325,results/gate1/scores/032_train_prefix_mf1_seed2.npy
32,DISTORTEDInternalBleeding4,DISTORTED,ABP,True,cg032,InternalBleeding4,train_prefix,1.0,0,1000,100,200,7321,1000,4674,5033,0.05919514696739303,0.030704266865712607,0.03134159706200554,5962,5762,True,True,4834,True,True,0.0852,0.0239,results/gate1/scores/032_train_prefix_mf1.0_seed0.npy
32,DISTORTEDInternalBleeding4,DISTORTED,ABP,True,cg032,InternalBleeding4,train_prefix,1.0,1,1000,100,200,7321,1000,4674,5033,0.053646318892797584,0.027255767852554617,0.027728526834676862,5962,5762,True,True,3813,False,False,0.0898,0.0253,results/gate1/scores/032_train_prefix_mf1.0_seed1.npy
32,DISTORTEDInternalBleeding4,DISTORTED,ABP,True,cg032,InternalBleeding4,train_prefix,1.0,2,1000,100,200,7321,1000,4674,5033,0.05112129899690687,0.03091575756846189,0.031571933588500474,5962,5762,True,True,3812,False,False,0.0891,0.0238,results/gate1/scores/032_train_prefix_mf1.0_seed2.npy
33,DISTORTEDInternalBleeding5,DISTORTED,ABP,True,cg033,InternalBleeding5,full,1,0,7415,100,200,7415,4000,6199,6370,-0.006493469739412339,0.012116336892960232,0.01213795868917428,3244,3044,False,False,7041,False,False,0.1707,0.037,results/gate1/scores/033_full_mf1_seed0.npy
33,DISTORTEDInternalBleeding5,DISTORTED,ABP,True,cg033,InternalBleeding5,full,1,1,7415,100,200,7415,4000,6199,6370,-0.00575112169669767,0.015787425592708605,0.0159150990897487,3244,3044,False,False,4483,False,False,0.1698,0.0368,results/gate1/scores/033_full_mf1_seed1.npy
33,DISTORTEDInternalBleeding5,DISTORTED,ABP,True,cg033,InternalBleeding5,full,1,2,7415,100,200,7415,4000,6199,6370,-0.006231351440099675,0.016277376601944785,0.016856371953276977,3244,3044,False,False,4493,False,False,0.1725,0.0344,results/gate1/scores/033_full_mf1_seed2.npy
33,DISTORTEDInternalBleeding5,DISTORTED,ABP,True,cg033,InternalBleeding5,full,1.0,0,7415,100,200,7415,4000,6199,6370,0.03933691834062358,0.020753309974850417,0.02128257910040071,3244,3044,True,True,6244,True,True,0.1387,0.0241,results/gate1/scores/033_full_mf1.0_seed0.npy
33,DISTORTEDInternalBleeding5,DISTORTED,ABP,True,cg033,InternalBleeding5,full,1.0,1,7415,100,200,7415,4000,6199,6370,0.04255490605332646,0.025936357425683787,0.026138829605887034,3244,3044,True,True,6239,True,True,0.1454,0.0249,results/gate1/scores/033_full_mf1.0_seed1.npy
33,DISTORTEDInternalBleeding5,DISTORTED,ABP,True,cg033,InternalBleeding5,full,1.0,2,7415,100,200,7415,4000,6199,6370,0.04496521606198989,0.027011086613671083,0.027263138970058966,3244,3044,True,True,6243,True,True,0.148,0.024,results/gate1/scores/033_full_mf1.0_seed2.npy
33,DISTORTEDInternalBleeding5,DISTORTED,ABP,True,cg033,InternalBleeding5,train_prefix,1,0,4000,100,200,7415,4000,6199,6370,-0.007120280609966612,0.011269379080648984,0.01136106672014727,3244,3044,False,False,4506,False,False,0.1271,0.0367,results/gate1/scores/033_train_prefix_mf1_seed0.npy
33,DISTORTEDInternalBleeding5,DISTORTED,ABP,True,cg033,InternalBleeding5,train_prefix,1,1,4000,100,200,7415,4000,6199,6370,-0.006907602928862611,0.011202641747067187,0.011607955299112866,3244,3044,False,False,4487,False,False,0.1279,0.0358,results/gate1/scores/033_train_prefix_mf1_seed1.npy
33,DISTORTEDInternalBleeding5,DISTORTED,ABP,True,cg033,InternalBleeding5,train_prefix,1,2,4000,100,200,7415,4000,6199,6370,-0.006007005778277064,0.011189066365272476,0.011241320843524924,3244,3044,False,False,4493,False,False,0.1836,0.0375,results/gate1/scores/033_train_prefix_mf1_seed2.npy
33,DISTORTEDInternalBleeding5,DISTORTED,ABP,True,cg033,InternalBleeding5,train_prefix,1.0,0,4000,100,200,7415,4000,6199,6370,0.03490961280688776,0.022525274389883915,0.023716510281985632,3244,3044,True,True,6245,True,True,0.1163,0.0236,results/gate1/scores/033_train_prefix_mf1.0_seed0.npy
33,DISTORTEDInternalBleeding5,DISTORTED,ABP,True,cg033,InternalBleeding5,train_prefix,1.0,1,4000,100,200,7415,4000,6199,6370,0.037817570651979104,0.028949726246088155,0.029114471700162046,3244,3044,True,True,7043,False,False,0.1169,0.024,results/gate1/scores/033_train_prefix_mf1.0_seed1.npy
33,DISTORTEDInternalBleeding5,DISTORTED,ABP,True,cg033,InternalBleeding5,train_prefix,1.0,2,4000,100,200,7415,4000,6199,6370,0.037845242316001504,0.02605441887091451,0.02720650373739446,3244,3044,True,True,7038,False,False,0.1117,0.0246,results/gate1/scores/033_train_prefix_mf1.0_seed2.npy
34,DISTORTEDInternalBleeding6,DISTORTED,ABP,True,cg034,InternalBleeding6,full,1,0,7654,100,200,7654,1500,3473,3629,0.05973957850875844,0.02943461968994305,0.029735354098206795,5998,5798,True,True,3582,True,True,0.1761,0.0379,results/gate1/scores/034_full_mf1_seed0.npy
34,DISTORTEDInternalBleeding6,DISTORTED,ABP,True,cg034,InternalBleeding6,full,1,1,7654,100,200,7654,1500,3473,3629,0.04730699358264945,0.025286118508962563,0.025418547555627627,5998,5798,True,True,3582,True,True,0.1684,0.0369,results/gate1/scores/034_full_mf1_seed1.npy
34,DISTORTEDInternalBleeding6,DISTORTED,ABP,True,cg034,InternalBleeding6,full,1,2,7654,100,200,7654,1500,3473,3629,0.06200972064001031,0.02298414240463843,0.02314947919997845,5998,5798,True,True,3550,True,True,0.1766,0.0387,results/gate1/scores/034_full_mf1_seed2.npy
34,DISTORTEDInternalBleeding6,DISTORTED,ABP,True,cg034,InternalBleeding6,full,1.0,0,7654,100,200,7654,1500,3473,3629,0.14046007158859486,0.027904742211676735,0.02813660123707404,5998,5798,True,True,3558,True,True,0.1446,0.0247,results/gate1/scores/034_full_mf1.0_seed0.npy
34,DISTORTEDInternalBleeding6,DISTORTED,ABP,True,cg034,InternalBleeding6,full,1.0,1,7654,100,200,7654,1500,3473,3629,0.14572464410298513,0.02855524332146799,0.029206239144102763,5998,5798,True,True,3570,True,True,0.1465,0.0243,results/gate1/scores/034_full_mf1.0_seed1.npy
34,DISTORTEDInternalBleeding6,DISTORTED,ABP,True,cg034,InternalBleeding6,full,1.0,2,7654,100,200,7654,1500,3473,3629,0.15193591997964395,0.026711368043791178,0.027594819421338807,5998,5798,True,True,3556,True,True,0.1413,0.0237,results/gate1/scores/034_full_mf1.0_seed2.npy
34,DISTORTEDInternalBleeding6,DISTORTED,ABP,True,cg034,InternalBleeding6,train_prefix,1,0,1500,100,200,7654,1500,3473,3629,0.047307681302171556,0.03506794288218208,0.03519042110636337,5998,5798,True,True,5177,False,False,0.0995,0.0371,results/gate1/scores/034_train_prefix_mf1_seed0.npy
34,DISTORTEDInternalBleeding6,DISTORTED,ABP,True,cg034,InternalBleeding6,train_prefix,1,1,1500,100,200,7654,1500,3473,3629,0.027255232706623445,0.029572829453340468,0.029623843391433008,5998,5798,False,False,5313,False,False,0.1006,0.038,results/gate1/scores/034_train_prefix_mf1_seed1.npy
34,DISTORTEDInternalBleeding6,DISTORTED,ABP,True,cg034,InternalBleeding6,train_prefix,1,2,1500,100,200,7654,1500,3473,3629,0.03950717797138115,0.030535479509914122,0.030575301875499422,5998,5798,True,True,5310,False,False,0.0998,0.0365,results/gate1/scores/034_train_prefix_mf1_seed2.npy
34,DISTORTEDInternalBleeding6,DISTORTED,ABP,True,cg034,InternalBleeding6,train_prefix,1.0,0,1500,100,200,7654,1500,3473,3629,0.10827226289407721,0.026839713227586773,0.027446307288998634,5998,5798,True,True,3553,True,True,0.0911,0.025,results/gate1/scores/034_train_prefix_mf1.0_seed0.npy
34,DISTORTEDInternalBleeding6,DISTORTED,ABP,True,cg034,InternalBleeding6,train_prefix,1.0,1,1500,100,200,7654,1500,3473,3629,0.10153901744559357,0.022939212796025548,0.023292832335588955,5998,5798,True,True,3561,True,True,0.0936,0.026,results/gate1/scores/034_train_prefix_mf1.0_seed1.npy
34,DISTORTEDInternalBleeding6,DISTORTED,ABP,True,cg034,InternalBleeding6,train_prefix,1.0,2,1500,100,200,7654,1500,3473,3629,0.12151535878507669,0.017108344461176032,0.017339940929358037,5998,5798,True,True,3566,True,True,0.0955,0.0267,results/gate1/scores/034_train_prefix_mf1.0_seed2.npy
35,DISTORTEDInternalBleeding8,DISTORTED,ABP,True,cg035,InternalBleeding8,full,1,0,7501,100,200,7501,2500,5864,5974,0.0023219290630390743,0.018865957847129283,0.019045128921833302,4891,4691,False,False,6672,False,False,0.1733,0.0363,results/gate1/scores/035_full_mf1_seed0.npy
35,DISTORTEDInternalBleeding8,DISTORTED,ABP,True,cg035,InternalBleeding8,full,1,1,7501,100,200,7501,2500,5864,5974,0.0004244500409800178,0.015734077869303125,0.015849051711107932,4891,4691,False,False,6319,False,False,0.1696,0.0357,results/gate1/scores/035_full_mf1_seed1.npy
35,DISTORTEDInternalBleeding8,DISTORTED,ABP,True,cg035,InternalBleeding8,full,1,2,7501,100,200,7501,2500,5864,5974,0.0033210564389601904,0.017760246869256664,0.018130200009930705,4891,4691,False,False,6323,False,False,0.179,0.0378,results/gate1/scores/035_full_mf1_seed2.npy
35,DISTORTEDInternalBleeding8,DISTORTED,ABP,True,cg035,InternalBleeding8,full,1.0,0,7501,100,200,7501,2500,5864,5974,-0.0037400526605455564,0.0367474601493771,0.03685022525441992,4891,4691,False,False,5536,False,False,0.1401,0.0249,results/gate1/scores/035_full_mf1.0_seed0.npy
35,DISTORTEDInternalBleeding8,DISTORTED,ABP,True,cg035,InternalBleeding8,full,1.0,1,7501,100,200,7501,2500,5864,5974,-0.006003830665103793,0.034083961086301615,0.03453799368185286,4891,4691,False,False,5536,False,False,0.1436,0.0259,results/gate1/scores/035_full_mf1.0_seed1.npy
35,DISTORTEDInternalBleeding8,DISTORTED,ABP,True,cg035,InternalBleeding8,full,1.0,2,7501,100,200,7501,2500,5864,5974,-0.021305303229372574,0.03499625423400957,0.03518673262673544,4891,4691,False,False,6675,False,False,0.1464,0.0252,results/gate1/scores/035_full_mf1.0_seed2.npy
35,DISTORTEDInternalBleeding8,DISTORTED,ABP,True,cg035,InternalBleeding8,train_prefix,1,0,2500,100,200,7501,2500,5864,5974,0.010948441228275319,0.022886030591661367,0.023035267965519315,4891,4691,False,False,5534,False,False,0.1102,0.0356,results/gate1/scores/035_train_prefix_mf1_seed0.npy
35,DISTORTEDInternalBleeding8,DISTORTED,ABP,True,cg035,InternalBleeding8,train_prefix,1,1,2500,100,200,7501,2500,5864,5974,0.015483291634302843,0.02245062394222955,0.023107938653616312,4891,4691,False,False,6329,False,False,0.1096,0.0359,results/gate1/scores/035_train_prefix_mf1_seed1.npy
35,DISTORTEDInternalBleeding8,DISTORTED,ABP,True,cg035,InternalBleeding8,train_prefix,1,2,2500,100,200,7501,2500,5864,5974,0.0224687861359133,0.023925712452033294,0.024145423256783403,4891,4691,False,False,6323,False,False,0.1122,0.0385,results/gate1/scores/035_train_prefix_mf1_seed2.npy
35,DISTORTEDInternalBleeding8,DISTORTED,ABP,True,cg035,InternalBleeding8,train_prefix,1.0,0,2500,100,200,7501,2500,5864,5974,0.009062700391679668,0.03669503099076178,0.036894750190372645,4891,4691,False,False,5536,False,False,0.1037,0.0254,results/gate1/scores/035_train_prefix_mf1.0_seed0.npy
35,DISTORTEDInternalBleeding8,DISTORTED,ABP,True,cg035,InternalBleeding8,train_prefix,1.0,1,2500,100,200,7501,2500,5864,5974,-0.00048653135762644073,0.03303827760414286,0.03326744962571821,4891,4691,False,False,6664,False,False,0.1031,0.0257,results/gate1/scores/035_train_prefix_mf1.0_seed1.npy
35,DISTORTEDInternalBleeding8,DISTORTED,ABP,True,cg035,InternalBleeding8,train_prefix,1.0,2,2500,100,200,7501,2500,5864,5974,-0.007878849351812267,0.03462687302517368,0.03475192760841979,4891,4691,False,False,5529,False,False,0.1027,0.0303,results/gate1/scores/035_train_prefix_mf1.0_seed2.npy
36,DISTORTEDInternalBleeding9,DISTORTED,ABP,True,cg036,InternalBleeding9,full,1,0,7501,100,200,7501,4200,6598,6681,-0.015420048376690088,0.021856497051288566,0.02276950193038784,3218,3018,False,False,5890,False,False,0.17,0.0339,results/gate1/scores/036_full_mf1_seed0.npy
36,DISTORTEDInternalBleeding9,DISTORTED,ABP,True,cg036,InternalBleeding9,full,1,1,7501,100,200,7501,4200,6598,6681,-0.01863777334319816,0.011863952987106045,0.011871494815479892,3218,3018,False,False,5901,False,False,0.1624,0.0348,results/gate1/scores/036_full_mf1_seed1.npy
36,DISTORTEDInternalBleeding9,DISTORTED,ABP,True,cg036,InternalBleeding9,full,1,2,7501,100,200,7501,4200,6598,6681,-0.02585261546400941,0.016331903401997708,0.016679602290307925,3218,3018,False,False,5843,False,False,0.1671,0.0353,results/gate1/scores/036_full_mf1_seed2.npy
36,DISTORTEDInternalBleeding9,DISTORTED,ABP,True,cg036,InternalBleeding9,full,1.0,0,7501,100,200,7501,4200,6598,6681,-0.05718898608453782,0.03176554832395437,0.03212375809180941,3218,3018,False,False,5847,False,False,0.1402,0.0236,results/gate1/scores/036_full_mf1.0_seed0.npy
36,DISTORTEDInternalBleeding9,DISTORTED,ABP,True,cg036,InternalBleeding9,full,1.0,1,7501,100,200,7501,4200,6598,6681,-0.05187934185231935,0.03545133264904035,0.03607105471947183,3218,3018,False,False,5884,False,False,0.1396,0.0234,results/gate1/scores/036_full_mf1.0_seed1.npy
36,DISTORTEDInternalBleeding9,DISTORTED,ABP,True,cg036,InternalBleeding9,full,1.0,2,7501,100,200,7501,4200,6598,6681,-0.0555719693902203,0.04077372314072697,0.04134592412751232,3218,3018,False,False,5881,False,False,0.1421,0.0275,results/gate1/scores/036_full_mf1.0_seed2.npy
36,DISTORTEDInternalBleeding9,DISTORTED,ABP,True,cg036,InternalBleeding9,train_prefix,1,0,4200,100,200,7501,4200,6598,6681,-0.01579075021279397,0.020292353114183637,0.020693622939427534,3218,3018,False,False,5893,False,False,0.1352,0.0353,results/gate1/scores/036_train_prefix_mf1_seed0.npy
36,DISTORTEDInternalBleeding9,DISTORTED,ABP,True,cg036,InternalBleeding9,train_prefix,1,1,4200,100,200,7501,4200,6598,6681,-0.01818606749521523,0.01812812713888239,0.01838448157917664,3218,3018,False,False,5857,False,False,0.1315,0.0368,results/gate1/scores/036_train_prefix_mf1_seed1.npy
36,DISTORTEDInternalBleeding9,DISTORTED,ABP,True,cg036,InternalBleeding9,train_prefix,1,2,4200,100,200,7501,4200,6598,6681,-0.01982686297140268,0.019690753873799798,0.019801407092736967,3218,3018,False,False,5865,False,False,0.1362,0.0367,results/gate1/scores/036_train_prefix_mf1_seed2.npy
36,DISTORTEDInternalBleeding9,DISTORTED,ABP,True,cg036,InternalBleeding9,train_prefix,1.0,0,4200,100,200,7501,4200,6598,6681,-0.06376448687279435,0.032730047961512104,0.033060962129082584,3218,3018,False,False,5855,False,False,0.1248,0.0256,results/gate1/scores/036_train_prefix_mf1.0_seed0.npy
36,DISTORTEDInternalBleeding9,DISTORTED,ABP,True,cg036,InternalBleeding9,train_prefix,1.0,1,4200,100,200,7501,4200,6598,6681,-0.055737766759933915,0.04015819100037281,0.04040442190294263,3218,3018,False,False,5878,False,False,0.1241,0.0262,results/gate1/scores/036_train_prefix_mf1.0_seed1.npy
36,DISTORTEDInternalBleeding9,DISTORTED,ABP,True,cg036,InternalBleeding9,train_prefix,1.0,2,4200,100,200,7501,4200,6598,6681,-0.053664326644604465,0.04040003533711575,0.04085618954081712,3218,3018,False,False,5875,False,False,0.1199,0.027,results/gate1/scores/036_train_prefix_mf1.0_seed2.npy
37,DISTORTEDLab2Cmac011215EPG1,DISTORTED,EPG,False,cg037,Lab2Cmac011215EPG1,full,1,0,30001,100,200,30001,5000,17209,17260,0.07910636318795239,0.013095052390097586,0.01209635818612404,24950,24750,True,True,17241,True,True,0.5172,0.179,results/gate1/scores/037_full_mf1_seed0.npy
37,DISTORTEDLab2Cmac011215EPG1,DISTORTED,EPG,False,cg037,Lab2Cmac011215EPG1,full,1,1,30001,100,200,30001,5000,17209,17260,0.0792593067225773,0.013325369574148694,0.012213370133893805,24950,24750,True,True,17210,True,True,0.5175,0.1887,results/gate1/scores/037_full_mf1_seed1.npy
37,DISTORTEDLab2Cmac011215EPG1,DISTORTED,EPG,False,cg037,Lab2Cmac011215EPG1,full,1,2,30001,100,200,30001,5000,17209,17260,0.05369309316711135,0.010714389705192725,0.009788013757425341,24950,24750,True,True,17205,True,True,0.557,0.194,results/gate1/scores/037_full_mf1_seed2.npy
37,DISTORTEDLab2Cmac011215EPG1,DISTORTED,EPG,False,cg037,Lab2Cmac011215EPG1,full,1.0,0,30001,100,200,30001,5000,17209,17260,0.1050632448157584,0.018251150587184146,0.016439272517600956,24950,24750,True,True,17234,True,True,0.3904,0.1242,results/gate1/scores/037_full_mf1.0_seed0.npy
37,DISTORTEDLab2Cmac011215EPG1,DISTORTED,EPG,False,cg037,Lab2Cmac011215EPG1,full,1.0,1,30001,100,200,30001,5000,17209,17260,0.10792364034962515,0.019431295456367917,0.017518309957850236,24950,24750,True,True,17232,True,True,0.3817,0.1219,results/gate1/scores/037_full_mf1.0_seed1.npy
37,DISTORTEDLab2Cmac011215EPG1,DISTORTED,EPG,False,cg037,Lab2Cmac011215EPG1,full,1.0,2,30001,100,200,30001,5000,17209,17260,0.11574256299461294,0.018312255916496014,0.016751114558462035,24950,24750,True,True,17244,True,True,0.3944,0.1313,results/gate1/scores/037_full_mf1.0_seed2.npy
37,DISTORTEDLab2Cmac011215EPG1,DISTORTED,EPG,False,cg037,Lab2Cmac011215EPG1,train_prefix,1,0,5000,100,200,30001,5000,17209,17260,0.07205024246183339,0.015159860922997261,0.014084514190505352,24950,24750,True,True,17234,True,True,0.1545,0.191,results/gate1/scores/037_train_prefix_mf1_seed0.npy
37,DISTORTEDLab2Cmac011215EPG1,DISTORTED,EPG,False,cg037,Lab2Cmac011215EPG1,train_prefix,1,1,5000,100,200,30001,5000,17209,17260,0.07038662318850253,0.012865886305536955,0.011955764811930053,24950,24750,True,True,17210,True,True,0.1564,0.185,results/gate1/scores/037_train_prefix_mf1_seed1.npy
37,DISTORTEDLab2Cmac011215EPG1,DISTORTED,EPG,False,cg037,Lab2Cmac011215EPG1,train_prefix,1,2,5000,100,200,30001,5000,17209,17260,0.058080384463423895,0.012935103601880446,0.012166520872668563,24950,24750,True,True,17205,True,True,0.1559,0.1754,results/gate1/scores/037_train_prefix_mf1_seed2.npy
37,DISTORTEDLab2Cmac011215EPG1,DISTORTED,EPG,False,cg037,Lab2Cmac011215EPG1,train_prefix,1.0,0,5000,100,200,30001,5000,17209,17260,0.12458892039309788,0.023872829266065126,0.022212469091110906,24950,24750,True,True,17234,True,True,0.1317,0.1197,results/gate1/scores/037_train_prefix_mf1.0_seed0.npy
37,DISTORTEDLab2Cmac011215EPG1,DISTORTED,EPG,False,cg037,Lab2Cmac011215EPG1,train_prefix,1.0,1,5000,100,200,30001,5000,17209,17260,0.10420167217795212,0.02498513212323995,0.023011983058890104,24950,24750,True,True,17216,True,True,0.1332,0.1207,results/gate1/scores/037_train_prefix_mf1.0_seed1.npy
37,DISTORTEDLab2Cmac011215EPG1,DISTORTED,EPG,False,cg037,Lab2Cmac011215EPG1,train_prefix,1.0,2,5000,100,200,30001,5000,17209,17260,0.10906989468090306,0.02473370821007049,0.02273060482550006,24950,24750,True,True,17237,True,True,0.1341,0.1221,results/gate1/scores/037_train_prefix_mf1.0_seed2.npy
38,DISTORTEDLab2Cmac011215EPG2,DISTORTED,EPG,False,cg037,Lab2Cmac011215EPG2,full,1,0,29950,100,200,29950,5000,27861,27932,0.00901380296902693,0.013595800545675272,0.013420124789004728,24879,24679,False,False,20207,False,False,0.5555,0.1998,results/gate1/scores/038_full_mf1_seed0.npy
38,DISTORTEDLab2Cmac011215EPG2,DISTORTED,EPG,False,cg037,Lab2Cmac011215EPG2,full,1,1,29950,100,200,29950,5000,27861,27932,0.005131111988871895,0.012420131158606618,0.012420131158606618,24879,24679,False,False,20203,False,False,0.5542,0.1932,results/gate1/scores/038_full_mf1_seed1.npy
38,DISTORTEDLab2Cmac011215EPG2,DISTORTED,EPG,False,cg037,Lab2Cmac011215EPG2,full,1,2,29950,100,200,29950,5000,27861,27932,0.00760286946657307,0.01196541632287495,0.01196541632287495,24879,24679,False,False,20207,False,False,0.5792,0.2009,results/gate1/scores/038_full_mf1_seed2.npy
38,DISTORTEDLab2Cmac011215EPG2,DISTORTED,EPG,False,cg037,Lab2Cmac011215EPG2,full,1.0,0,29950,100,200,29950,5000,27861,27932,0.029012418049650823,0.0183487122319603,0.018241121987551633,24879,24679,True,True,20201,False,False,0.3962,0.1359,results/gate1/scores/038_full_mf1.0_seed0.npy
38,DISTORTEDLab2Cmac011215EPG2,DISTORTED,EPG,False,cg037,Lab2Cmac011215EPG2,full,1.0,1,29950,100,200,29950,5000,27861,27932,0.015994467939538848,0.017055112010095862,0.016682350748906817,24879,24679,False,False,29785,False,False,0.4019,0.1229,results/gate1/scores/038_full_mf1.0_seed1.npy
38,DISTORTEDLab2Cmac011215EPG2,DISTORTED,EPG,False,cg037,Lab2Cmac011215EPG2,full,1.0,2,29950,100,200,29950,5000,27861,27932,0.019109568032555035,0.017776907226584055,0.017470776187072917,24879,24679,True,True,20216,False,False,0.3939,0.1262,results/gate1/scores/038_full_mf1.0_seed2.npy
38,DISTORTEDLab2Cmac011215EPG2,DISTORTED,EPG,False,cg037,Lab2Cmac011215EPG2,train_prefix,1,0,5000,100,200,29950,5000,27861,27932,0.01638079021196981,0.01660404732515177,0.016516035062974863,24879,24679,False,False,20207,False,False,0.1486,0.1803,results/gate1/scores/038_train_prefix_mf1_seed0.npy
38,DISTORTEDLab2Cmac011215EPG2,DISTORTED,EPG,False,cg037,Lab2Cmac011215EPG2,train_prefix,1,1,5000,100,200,29950,5000,27861,27932,0.011943960947074284,0.015076199961465257,0.015076199961465257,24879,24679,False,False,20203,False,False,0.147,0.1809,results/gate1/scores/038_train_prefix_mf1_seed1.npy
38,DISTORTEDLab2Cmac011215EPG2,DISTORTED,EPG,False,cg037,Lab2Cmac011215EPG2,train_prefix,1,2,5000,100,200,29950,5000,27861,27932,0.005567607860287094,0.013803661152146176,0.013815025464067088,24879,24679,False,False,20205,False,False,0.1498,0.1891,results/gate1/scores/038_train_prefix_mf1_seed2.npy
38,DISTORTEDLab2Cmac011215EPG2,DISTORTED,EPG,False,cg037,Lab2Cmac011215EPG2,train_prefix,1.0,0,5000,100,200,29950,5000,27861,27932,0.030263556835435912,0.02758769052885566,0.027395993836764415,24879,24679,True,True,20201,False,False,0.1333,0.1284,results/gate1/scores/038_train_prefix_mf1.0_seed0.npy
38,DISTORTEDLab2Cmac011215EPG2,DISTORTED,EPG,False,cg037,Lab2Cmac011215EPG2,train_prefix,1.0,1,5000,100,200,29950,5000,27861,27932,0.023986467464010786,0.022059810468993392,0.021972715948264502,24879,24679,True,True,20203,False,False,0.1349,0.126,results/gate1/scores/038_train_prefix_mf1.0_seed1.npy
38,DISTORTEDLab2Cmac011215EPG2,DISTORTED,EPG,False,cg037,Lab2Cmac011215EPG2,train_prefix,1.0,2,5000,100,200,29950,5000,27861,27932,0.0353404437043669,0.028056665159514493,0.028020172288659693,24879,24679,True,True,20209,False,False,0.135,0.1258,results/gate1/scores/038_train_prefix_mf1.0_seed2.npy
39,DISTORTEDLab2Cmac011215EPG3,DISTORTED,EPG,False,cg037,Lab2Cmac011215EPG3,full,1,0,29950,100,200,29950,5000,16389,16420,0.028581401544181484,0.012702787009234107,0.012511936514197474,24919,24719,True,True,16420,True,True,0.5495,0.1968,results/gate1/scores/039_full_mf1_seed0.npy
39,DISTORTEDLab2Cmac011215EPG3,DISTORTED,EPG,False,cg037,Lab2Cmac011215EPG3,full,1,1,29950,100,200,29950,5000,16389,16420,0.01749466920898146,0.01243326942326169,0.01183324568092196,24919,24719,True,True,16439,True,True,0.5511,0.1854,results/gate1/scores/039_full_mf1_seed1.npy
39,DISTORTEDLab2Cmac011215EPG3,DISTORTED,EPG,False,cg037,Lab2Cmac011215EPG3,full,1,2,29950,100,200,29950,5000,16389,16420,0.018372400303174496,0.011284225198928717,0.010790362259605165,24919,24719,True,True,16376,True,True,0.5621,0.1988,results/gate1/scores/039_full_mf1_seed2.npy
39,DISTORTEDLab2Cmac011215EPG3,DISTORTED,EPG,False,cg037,Lab2Cmac011215EPG3,full,1.0,0,29950,100,200,29950,5000,16389,16420,0.04588958668410986,0.018499980406221167,0.017047389105116984,24919,24719,True,True,16425,True,True,0.3935,0.1264,results/gate1/scores/039_full_mf1.0_seed0.npy
39,DISTORTEDLab2Cmac011215EPG3,DISTORTED,EPG,False,cg037,Lab2Cmac011215EPG3,full,1.0,1,29950,100,200,29950,5000,16389,16420,0.03826980431717231,0.01758981289212664,0.016373988976556623,24919,24719,True,True,29785,False,False,0.3851,0.1262,results/gate1/scores/039_full_mf1.0_seed1.npy
39,DISTORTEDLab2Cmac011215EPG3,DISTORTED,EPG,False,cg037,Lab2Cmac011215EPG3,full,1.0,2,29950,100,200,29950,5000,16389,16420,0.040472394842285264,0.01942589130086771,0.017908524517565104,24919,24719,True,True,16439,True,True,0.3774,0.1302,results/gate1/scores/039_full_mf1.0_seed2.npy
39,DISTORTEDLab2Cmac011215EPG3,DISTORTED,EPG,False,cg037,Lab2Cmac011215EPG3,train_prefix,1,0,5000,100,200,29950,5000,16389,16420,0.03120088622499373,0.012587130119607408,0.01235806879651348,24919,24719,True,True,20417,False,False,0.151,0.1742,results/gate1/scores/039_train_prefix_mf1_seed0.npy
39,DISTORTEDLab2Cmac011215EPG3,DISTORTED,EPG,False,cg037,Lab2Cmac011215EPG3,train_prefix,1,1,5000,100,200,29950,5000,16389,16420,0.02542641942739371,0.013270107084451921,0.012879779568108577,24919,24719,True,True,16436,True,True,0.1537,0.1806,results/gate1/scores/039_train_prefix_mf1_seed1.npy
39,DISTORTEDLab2Cmac011215EPG3,DISTORTED,EPG,False,cg037,Lab2Cmac011215EPG3,train_prefix,1,2,5000,100,200,29950,5000,16389,16420,0.025648745664015704,0.011886072674091233,0.01149613921284156,24919,24719,True,True,16376,True,True,0.1579,0.186,results/gate1/scores/039_train_prefix_mf1_seed2.npy
39,DISTORTEDLab2Cmac011215EPG3,DISTORTED,EPG,False,cg037,Lab2Cmac011215EPG3,train_prefix,1.0,0,5000,100,200,29950,5000,16389,16420,0.045817467995313554,0.025389710103615074,0.024174780365491762,24919,24719,True,True,16439,True,True,0.132,0.1222,results/gate1/scores/039_train_prefix_mf1.0_seed0.npy
39,DISTORTEDLab2Cmac011215EPG3,DISTORTED,EPG,False,cg037,Lab2Cmac011215EPG3,train_prefix,1.0,1,5000,100,200,29950,5000,16389,16420,0.04913764228438672,0.023235659228438635,0.02184714170816351,24919,24719,True,True,16376,True,True,0.1351,0.1273,results/gate1/scores/039_train_prefix_mf1.0_seed1.npy
39,DISTORTEDLab2Cmac011215EPG3,DISTORTED,EPG,False,cg037,Lab2Cmac011215EPG3,train_prefix,1.0,2,5000,100,200,29950,5000,16389,16420,0.04165476208548324,0.022870287137018358,0.02152804268605329,24919,24719,True,True,16439,True,True,0.1318,0.1304,results/gate1/scores/039_train_prefix_mf1.0_seed2.npy
40,DISTORTEDLab2Cmac011215EPG4,DISTORTED,EPG,False,cg040,Lab2Cmac011215EPG4,full,1,0,30066,100,200,30066,6000,17389,17520,0.0047473065266372405,0.011569470216107203,0.011614893794442352,23935,23735,False,False,20495,False,False,0.5637,0.1989,results/gate1/scores/040_full_mf1_seed0.npy
40,DISTORTEDLab2Cmac011215EPG4,DISTORTED,EPG,False,cg040,Lab2Cmac011215EPG4,full,1,1,30066,100,200,30066,6000,17389,17520,0.010790839523389328,0.011405699131994103,0.011405699131994103,23935,23735,False,False,29904,False,False,0.5507,0.192,results/gate1/scores/040_full_mf1_seed1.npy
40,DISTORTEDLab2Cmac011215EPG4,DISTORTED,EPG,False,cg040,Lab2Cmac011215EPG4,full,1,2,30066,100,200,30066,6000,17389,17520,0.010346837775788487,0.010406468122604722,0.010406468122604722,23935,23735,False,False,29899,False,False,0.5722,0.1928,results/gate1/scores/040_full_mf1_seed2.npy
40,DISTORTEDLab2Cmac011215EPG4,DISTORTED,EPG,False,cg040,Lab2Cmac011215EPG4,full,1.0,0,30066,100,200,30066,6000,17389,17520,0.013662474494114674,0.016238396210613223,0.016151521792638006,23935,23735,False,False,29897,False,False,0.3956,0.1275,results/gate1/scores/040_full_mf1.0_seed0.npy
40,DISTORTEDLab2Cmac011215EPG4,DISTORTED,EPG,False,cg040,Lab2Cmac011215EPG4,full,1.0,1,30066,100,200,30066,6000,17389,17520,0.003119457064112874,0.015593376334537407,0.015646294350189518,23935,23735,False,False,29900,False,False,0.4015,0.1215,results/gate1/scores/040_full_mf1.0_seed1.npy
40,DISTORTEDLab2Cmac011215EPG4,DISTORTED,EPG,False,cg040,Lab2Cmac011215EPG4,full,1.0,2,30066,100,200,30066,6000,17389,17520,0.010652901154845629,0.01650695244945805,0.01645610379148061,23935,23735,False,False,29934,False,False,0.3886,0.1291,results/gate1/scores/040_full_mf1.0_seed2.npy
40,DISTORTEDLab2Cmac011215EPG4,DISTORTED,EPG,False,cg040,Lab2Cmac011215EPG4,train_prefix,1,0,6000,100,200,30066,6000,17389,17520,0.00824965896102664,0.011643028721743656,0.011672974252365029,23935,23735,False,False,20564,False,False,0.169,0.1867,results/gate1/scores/040_train_prefix_mf1_seed0.npy
40,DISTORTEDLab2Cmac011215EPG4,DISTORTED,EPG,False,cg040,Lab2Cmac011215EPG4,train_prefix,1,1,6000,100,200,30066,6000,17389,17520,0.013810533491198151,0.013347218664092572,0.013246270845724196,23935,23735,True,True,20719,False,False,0.1705,0.1859,results/gate1/scores/040_train_prefix_mf1_seed1.npy
40,DISTORTEDLab2Cmac011215EPG4,DISTORTED,EPG,False,cg040,Lab2Cmac011215EPG4,train_prefix,1,2,6000,100,200,30066,6000,17389,17520,0.008545236947049673,0.009987609266594076,0.009977672721438194,23935,23735,False,False,29901,False,False,0.1682,0.1979,results/gate1/scores/040_train_prefix_mf1_seed2.npy
40,DISTORTEDLab2Cmac011215EPG4,DISTORTED,EPG,False,cg040,Lab2Cmac011215EPG4,train_prefix,1.0,0,6000,100,200,30066,6000,17389,17520,0.008926086739438621,0.020848142502555185,0.02087328021737924,23935,23735,False,False,29936,False,False,0.1461,0.1275,results/gate1/scores/040_train_prefix_mf1.0_seed0.npy
40,DISTORTEDLab2Cmac011215EPG4,DISTORTED,EPG,False,cg040,Lab2Cmac011215EPG4,train_prefix,1.0,1,6000,100,200,30066,6000,17389,17520,0.018499965660773,0.01904224238629724,0.01904224238629724,23935,23735,False,False,29895,False,False,0.1535,0.1293,results/gate1/scores/040_train_prefix_mf1.0_seed1.npy
40,DISTORTEDLab2Cmac011215EPG4,DISTORTED,EPG,False,cg040,Lab2Cmac011215EPG4,train_prefix,1.0,2,6000,100,200,30066,6000,17389,17520,0.021741722806826402,0.018258312283354325,0.01803654349808768,23935,23735,True,True,29899,False,False,0.1486,0.1286,results/gate1/scores/040_train_prefix_mf1.0_seed2.npy
41,DISTORTEDLab2Cmac011215EPG5,DISTORTED,EPG,False,cg041,Lab2Cmac011215EPG5,full,1,0,29826,100,200,29826,7000,17389,17520,0.04392899358016972,0.01108587822382655,0.010764036088562131,22695,22495,True,True,17425,True,True,0.5255,0.182,results/gate1/scores/041_full_mf1_seed0.npy
41,DISTORTEDLab2Cmac011215EPG5,DISTORTED,EPG,False,cg041,Lab2Cmac011215EPG5,full,1,1,29826,100,200,29826,7000,17389,17520,0.03748807983869379,0.011894703554043925,0.011367937628297601,22695,22495,True,True,17388,True,True,0.536,0.1873,results/gate1/scores/041_full_mf1_seed1.npy
41,DISTORTEDLab2Cmac011215EPG5,DISTORTED,EPG,False,cg041,Lab2Cmac011215EPG5,full,1,2,29826,100,200,29826,7000,17389,17520,0.05182079199781309,0.011268756836178612,0.01056545002607607,22695,22495,True,True,17417,True,True,0.5577,0.1937,results/gate1/scores/041_full_mf1_seed2.npy
41,DISTORTEDLab2Cmac011215EPG5,DISTORTED,EPG,False,cg041,Lab2Cmac011215EPG5,full,1.0,0,29826,100,200,29826,7000,17389,17520,0.06617496279047258,0.01739932031775229,0.016767351640567644,22695,22495,True,True,17417,True,True,0.3894,0.1276,results/gate1/scores/041_full_mf1.0_seed0.npy
41,DISTORTEDLab2Cmac011215EPG5,DISTORTED,EPG,False,cg041,Lab2Cmac011215EPG5,full,1.0,1,29826,100,200,29826,7000,17389,17520,0.0701546857487742,0.018337391828107927,0.01752735718162759,22695,22495,True,True,17420,True,True,0.3893,0.1303,results/gate1/scores/041_full_mf1.0_seed1.npy
41,DISTORTEDLab2Cmac011215EPG5,DISTORTED,EPG,False,cg041,Lab2Cmac011215EPG5,full,1.0,2,29826,100,200,29826,7000,17389,17520,0.06939826965982976,0.01698972088989887,0.01621538830062235,22695,22495,True,True,17431,True,True,0.3947,0.1364,results/gate1/scores/041_full_mf1.0_seed2.npy
41,DISTORTEDLab2Cmac011215EPG5,DISTORTED,EPG,False,cg041,Lab2Cmac011215EPG5,train_prefix,1,0,7000,100,200,29826,7000,17389,17520,0.05121460287169943,0.011186445871399529,0.010692104879351197,22695,22495,True,True,17421,True,True,0.1766,0.1906,results/gate1/scores/041_train_prefix_mf1_seed0.npy
41,DISTORTEDLab2Cmac011215EPG5,DISTORTED,EPG,False,cg041,Lab2Cmac011215EPG5,train_prefix,1,1,7000,100,200,29826,7000,17389,17520,0.0542280061950452,0.01404479714247978,0.013512481789857565,22695,22495,True,True,17387,True,True,0.1721,0.184,results/gate1/scores/041_train_prefix_mf1_seed1.npy
41,DISTORTEDLab2Cmac011215EPG5,DISTORTED,EPG,False,cg041,Lab2Cmac011215EPG5,train_prefix,1,2,7000,100,200,29826,7000,17389,17520,0.039712447083804,0.011530423881929085,0.011024524919446565,22695,22495,True,True,17412,True,True,0.1872,0.1803,results/gate1/scores/041_train_prefix_mf1_seed2.npy
41,DISTORTEDLab2Cmac011215EPG5,DISTORTED,EPG,False,cg041,Lab2Cmac011215EPG5,train_prefix,1.0,0,7000,100,200,29826,7000,17389,17520,0.06736250310075098,0.019454864826934364,0.019072642115642004,22695,22495,True,True,17418,True,True,0.1522,0.1379,results/gate1/scores/041_train_prefix_mf1.0_seed0.npy
41,DISTORTEDLab2Cmac011215EPG5,DISTORTED,EPG,False,cg041,Lab2Cmac011215EPG5,train_prefix,1.0,1,7000,100,200,29826,7000,17389,17520,0.07794531923476944,0.019488617103766218,0.01878187252497139,22695,22495,True,True,17421,True,True,0.1513,0.1201,results/gate1/scores/041_train_prefix_mf1.0_seed1.npy
41,DISTORTEDLab2Cmac011215EPG5,DISTORTED,EPG,False,cg041,Lab2Cmac011215EPG5,train_prefix,1.0,2,7000,100,200,29826,7000,17389,17520,0.07045134165001826,0.02086878044016643,0.01999257717882726,22695,22495,True,True,17416,True,True,0.1585,0.1226,results/gate1/scores/041_train_prefix_mf1.0_seed2.npy
42,DISTORTEDLab2Cmac011215EPG6,DISTORTED,EPG,False,cg042,Lab2Cmac011215EPG6,full,1,0,29859,100,200,29859,7000,12189,12420,0.02460372463654137,0.010847600870798032,0.010870109812712412,22628,22428,True,True,27948,False,False,0.5525,0.1921,results/gate1/scores/042_full_mf1_seed0.npy
42,DISTORTEDLab2Cmac011215EPG6,DISTORTED,EPG,False,cg042,Lab2Cmac011215EPG6,full,1,1,29859,100,200,29859,7000,12189,12420,0.008183813064131629,0.010895533979573671,0.010925919492167676,22628,22428,False,False,18269,False,False,0.5632,0.1981,results/gate1/scores/042_full_mf1_seed1.npy
42,DISTORTEDLab2Cmac011215EPG6,DISTORTED,EPG,False,cg042,Lab2Cmac011215EPG6,full,1,2,29859,100,200,29859,7000,12189,12420,0.010748034698493558,0.010056947537772077,0.010088569824973841,22628,22428,True,True,29689,False,False,0.558,0.2004,results/gate1/scores/042_full_mf1_seed2.npy
42,DISTORTEDLab2Cmac011215EPG6,DISTORTED,EPG,False,cg042,Lab2Cmac011215EPG6,full,1.0,0,29859,100,200,29859,7000,12189,12420,-0.020655660038028156,0.015023704617845085,0.015072447439360804,22628,22428,False,False,18392,False,False,0.4019,0.1297,results/gate1/scores/042_full_mf1.0_seed0.npy
42,DISTORTEDLab2Cmac011215EPG6,DISTORTED,EPG,False,cg042,Lab2Cmac011215EPG6,full,1.0,1,29859,100,200,29859,7000,12189,12420,-0.014473716529309122,0.016138652021675783,0.016184528312934,22628,22428,False,False,7358,False,False,0.3849,0.1226,results/gate1/scores/042_full_mf1.0_seed1.npy
42,DISTORTEDLab2Cmac011215EPG6,DISTORTED,EPG,False,cg042,Lab2Cmac011215EPG6,full,1.0,2,29859,100,200,29859,7000,12189,12420,-0.019475375345820056,0.01586233601418866,0.01587736065000073,22628,22428,False,False,18394,False,False,0.3876,0.1306,results/gate1/scores/042_full_mf1.0_seed2.npy
42,DISTORTEDLab2Cmac011215EPG6,DISTORTED,EPG,False,cg042,Lab2Cmac011215EPG6,train_prefix,1,0,7000,100,200,29859,7000,12189,12420,0.011076845138638658,0.009082629651308358,0.009114740046585953,22628,22428,True,True,20461,False,False,0.1797,0.1993,results/gate1/scores/042_train_prefix_mf1_seed0.npy
42,DISTORTEDLab2Cmac011215EPG6,DISTORTED,EPG,False,cg042,Lab2Cmac011215EPG6,train_prefix,1,1,7000,100,200,29859,7000,12189,12420,0.0051785254048514195,0.01167211734970062,0.011742304506058166,22628,22428,False,False,20479,False,False,0.1791,0.1893,results/gate1/scores/042_train_prefix_mf1_seed1.npy
42,DISTORTEDLab2Cmac011215EPG6,DISTORTED,EPG,False,cg042,Lab2Cmac011215EPG6,train_prefix,1,2,7000,100,200,29859,7000,12189,12420,0.0008755536042847623,0.010736579795713389,0.010749783311194793,22628,22428,False,False,7393,False,False,0.186,0.198,results/gate1/scores/042_train_prefix_mf1_seed2.npy
42,DISTORTEDLab2Cmac011215EPG6,DISTORTED,EPG,False,cg042,Lab2Cmac011215EPG6,train_prefix,1.0,0,7000,100,200,29859,7000,12189,12420,-0.02999481702334561,0.02150943418210265,0.021609671729343135,22628,22428,False,False,21117,False,False,0.1574,0.1264,results/gate1/scores/042_train_prefix_mf1.0_seed0.npy
42,DISTORTEDLab2Cmac011215EPG6,DISTORTED,EPG,False,cg042,Lab2Cmac011215EPG6,train_prefix,1.0,1,7000,100,200,29859,7000,12189,12420,-0.013725873853393578,0.016606620388150892,0.016619561939579322,22628,22428,False,False,18419,False,False,0.1578,0.1239,results/gate1/scores/042_train_prefix_mf1.0_seed1.npy
42,DISTORTEDLab2Cmac011215EPG6,DISTORTED,EPG,False,cg042,Lab2Cmac011215EPG6,train_prefix,1.0,2,7000,100,200,29859,7000,12189,12420,-0.026896563705034016,0.017413214120746794,0.01752721405715148,22628,22428,False,False,29733,False,False,0.1576,0.1224,results/gate1/scores/042_train_prefix_mf1.0_seed2.npy
43,DISTORTEDMesoplodonDensirostris,DISTORTED,Acceleration,False,cg043,MesoplodonDensirostris,full,1,0,24667,100,200,24667,10000,19279,19440,-0.007237169515091901,0.017904074870078036,0.01797803114075383,14506,14306,False,False,20252,False,False,0.3809,0.1149,results/gate1/scores/043_full_mf1_seed0.npy
43,DISTORTEDMesoplodonDensirostris,DISTORTED,Acceleration,False,cg043,MesoplodonDensirostris,full,1,1,24667,100,200,24667,10000,19279,19440,-0.007820822385802617,0.016109828094629984,0.016134256730548475,14506,14306,False,False,21405,False,False,0.388,0.1127,results/gate1/scores/043_full_mf1_seed1.npy
43,DISTORTEDMesoplodonDensirostris,DISTORTED,Acceleration,False,cg043,MesoplodonDensirostris,full,1,2,24667,100,200,24667,10000,19279,19440,-0.013031435011000236,0.013509704708179275,0.013661189350327662,14506,14306,False,False,24515,False,False,0.391,0.1206,results/gate1/scores/043_full_mf1_seed2.npy
43,DISTORTEDMesoplodonDensirostris,DISTORTED,Acceleration,False,cg043,MesoplodonDensirostris,full,1.0,0,24667,100,200,24667,10000,19279,19440,0.02271054144067136,0.02871777711828163,0.028869748571174844,14506,14306,False,False,21395,False,False,0.2802,0.0765,results/gate1/scores/043_full_mf1.0_seed0.npy
43,DISTORTEDMesoplodonDensirostris,DISTORTED,Acceleration,False,cg043,MesoplodonDensirostris,full,1.0,1,24667,100,200,24667,10000,19279,19440,0.023143795042302906,0.030397435584471545,0.030590999509214824,14506,14306,False,False,21395,False,False,0.2727,0.0703,results/gate1/scores/043_full_mf1.0_seed1.npy
43,DISTORTEDMesoplodonDensirostris,DISTORTED,Acceleration,False,cg043,MesoplodonDensirostris,full,1.0,2,24667,100,200,24667,10000,19279,19440,0.027557861248303728,0.024749441640657958,0.024951657451728792,14506,14306,True,True,21426,False,False,0.2892,0.0868,results/gate1/scores/043_full_mf1.0_seed2.npy
43,DISTORTEDMesoplodonDensirostris,DISTORTED,Acceleration,False,cg043,MesoplodonDensirostris,train_prefix,1,0,10000,100,200,24667,10000,19279,19440,-0.021016718470880047,-0.005039700095055302,-0.0049525138861897,14506,14306,False,False,21396,False,False,0.1912,0.1157,results/gate1/scores/043_train_prefix_mf1_seed0.npy
43,DISTORTEDMesoplodonDensirostris,DISTORTED,Acceleration,False,cg043,MesoplodonDensirostris,train_prefix,1,1,10000,100,200,24667,10000,19279,19440,-0.02881926098338039,-0.014471980335285135,-0.014452031956375455,14506,14306,False,False,21414,False,False,0.198,0.1162,results/gate1/scores/043_train_prefix_mf1_seed1.npy
43,DISTORTEDMesoplodonDensirostris,DISTORTED,Acceleration,False,cg043,MesoplodonDensirostris,train_prefix,1,2,10000,100,200,24667,10000,19279,19440,-0.026546126656777136,-0.0055372307103830586,-0.0054215125369500815,14506,14306,False,False,21375,False,False,0.1962,0.1165,results/gate1/scores/043_train_prefix_mf1_seed2.npy
43,DISTORTEDMesoplodonDensirostris,DISTORTED,Acceleration,False,cg043,MesoplodonDensirostris,train_prefix,1.0,0,10000,100,200,24667,10000,19279,19440,0.02364920996599329,0.011065883381280995,0.011143953818903094,14506,14306,True,True,21774,False,False,0.1584,0.0747,results/gate1/scores/043_train_prefix_mf1.0_seed0.npy
43,DISTORTEDMesoplodonDensirostris,DISTORTED,Acceleration,False,cg043,MesoplodonDensirostris,train_prefix,1.0,1,10000,100,200,24667,10000,19279,19440,0.02044195287961137,0.006394027135377588,0.006433018411069222,14506,14306,True,True,21401,False,False,0.1659,0.0754,results/gate1/scores/043_train_prefix_mf1.0_seed1.npy
43,DISTORTEDMesoplodonDensirostris,DISTORTED,Acceleration,False,cg043,MesoplodonDensirostris,train_prefix,1.0,2,10000,100,200,24667,10000,19279,19440,0.007678511239354702,0.008765276717592585,0.008829815879270947,14506,14306,False,False,21409,False,False,0.1573,0.0725,results/gate1/scores/043_train_prefix_mf1.0_seed2.npy
44,DISTORTEDPowerDemand1,DISTORTED,Power Demand,False,cg044,PowerDemand1,full,1,0,29931,100,200,29931,9000,18484,18821,-0.02017480573297087,0.044779848809132945,0.04515324444568731,20594,20394,False,False,14227,False,False,0.555,0.1974,results/gate1/scores/044_full_mf1_seed0.npy
44,DISTORTEDPowerDemand1,DISTORTED,Power Demand,False,cg044,PowerDemand1,full,1,1,29931,100,200,29931,9000,18484,18821,-0.018872399402233397,0.046789385819296245,0.046856499486779,20594,20394,False,False,14259,False,False,0.546,0.2046,results/gate1/scores/044_full_mf1_seed1.npy
44,DISTORTEDPowerDemand1,DISTORTED,Power Demand,False,cg044,PowerDemand1,full,1,2,29931,100,200,29931,9000,18484,18821,-0.012019940303668708,0.04209339650271401,0.042187362143472455,20594,20394,False,False,14250,False,False,0.5555,0.1878,results/gate1/scores/044_full_mf1_seed2.npy
44,DISTORTEDPowerDemand1,DISTORTED,Power Demand,False,cg044,PowerDemand1,full,1.0,0,29931,100,200,29931,9000,18484,18821,-0.03005512411203287,0.03846314999380991,0.03859444347135593,20594,20394,False,False,14142,False,False,0.3781,0.1171,results/gate1/scores/044_full_mf1.0_seed0.npy
44,DISTORTEDPowerDemand1,DISTORTED,Power Demand,False,cg044,PowerDemand1,full,1.0,1,29931,100,200,29931,9000,18484,18821,-0.03536648602437564,0.040816686731172856,0.04086944008979029,20594,20394,False,False,14204,False,False,0.3864,0.1199,results/gate1/scores/044_full_mf1.0_seed1.npy
44,DISTORTEDPowerDemand1,DISTORTED,Power Demand,False,cg044,PowerDemand1,full,1.0,2,29931,100,200,29931,9000,18484,18821,-0.0201842604899779,0.031737272849792254,0.03189456236723263,20594,20394,False,False,17049,False,False,0.3716,0.1196,results/gate1/scores/044_full_mf1.0_seed2.npy
44,DISTORTEDPowerDemand1,DISTORTED,Power Demand,False,cg044,PowerDemand1,train_prefix,1,0,9000,100,200,29931,9000,18484,18821,-0.016942496799096318,0.0359941980451896,0.036299111110674354,20594,20394,False,False,14225,False,False,0.2185,0.1886,results/gate1/scores/044_train_prefix_mf1_seed0.npy
44,DISTORTEDPowerDemand1,DISTORTED,Power Demand,False,cg044,PowerDemand1,train_prefix,1,1,9000,100,200,29931,9000,18484,18821,-0.012481344192597055,0.04089755521207993,0.04172452250695939,20594,20394,False,False,14235,False,False,0.22,0.1932,results/gate1/scores/044_train_prefix_mf1_seed1.npy
44,DISTORTEDPowerDemand1,DISTORTED,Power Demand,False,cg044,PowerDemand1,train_prefix,1,2,9000,100,200,29931,9000,18484,18821,-0.01580204587463596,0.03944296251259037,0.04010057146705353,20594,20394,False,False,14260,False,False,0.2212,0.194,results/gate1/scores/044_train_prefix_mf1_seed2.npy
44,DISTORTEDPowerDemand1,DISTORTED,Power Demand,False,cg044,PowerDemand1,train_prefix,1.0,0,9000,100,200,29931,9000,18484,18821,-0.02770454762383978,0.03248858510778016,0.03257303556408606,20594,20394,False,False,14257,False,False,0.1829,0.1196,results/gate1/scores/044_train_prefix_mf1.0_seed0.npy
44,DISTORTEDPowerDemand1,DISTORTED,Power Demand,False,cg044,PowerDemand1,train_prefix,1.0,1,9000,100,200,29931,9000,18484,18821,-0.031575433175979106,0.03662058183105386,0.03663201851874512,20594,20394,False,False,26649,False,False,0.1833,0.123,results/gate1/scores/044_train_prefix_mf1.0_seed1.npy
44,DISTORTEDPowerDemand1,DISTORTED,Power Demand,False,cg044,PowerDemand1,train_prefix,1.0,2,9000,100,200,29931,9000,18484,18821,-0.02909674786107691,0.025337806906216932,0.025337806906216932,20594,20394,False,False,26636,False,False,0.1769,0.1159,results/gate1/scores/044_train_prefix_mf1.0_seed2.npy
45,DISTORTEDPowerDemand2,DISTORTED,Power Demand,False,cg044,PowerDemand2,full,1,0,29931,100,200,29931,14000,23356,23717,-0.022086441393354472,0.056023119135557936,0.056311490581392364,15570,15370,False,False,14226,False,False,0.5287,0.188,results/gate1/scores/045_full_mf1_seed0.npy
45,DISTORTEDPowerDemand2,DISTORTED,Power Demand,False,cg044,PowerDemand2,full,1,1,29931,100,200,29931,14000,23356,23717,-0.018895180329069394,0.0470903087230048,0.04766050557965789,15570,15370,False,False,14259,False,False,0.5353,0.189,results/gate1/scores/045_full_mf1_seed1.npy
45,DISTORTEDPowerDemand2,DISTORTED,Power Demand,False,cg044,PowerDemand2,full,1,2,29931,100,200,29931,14000,23356,23717,-0.022599613226229887,0.045514051067572454,0.04594830987289061,15570,15370,False,False,14249,False,False,0.5538,0.1898,results/gate1/scores/045_full_mf1_seed2.npy
45,DISTORTEDPowerDemand2,DISTORTED,Power Demand,False,cg044,PowerDemand2,full,1.0,0,29931,100,200,29931,14000,23356,23717,-0.054381181329198,0.04297076182470041,0.04306088648703862,15570,15370,False,False,17055,False,False,0.3637,0.1186,results/gate1/scores/045_full_mf1.0_seed0.npy
45,DISTORTEDPowerDemand2,DISTORTED,Power Demand,False,cg044,PowerDemand2,full,1.0,1,29931,100,200,29931,14000,23356,23717,-0.04543416276104645,0.04577004043557511,0.04592304812643126,15570,15370,False,False,17060,False,False,0.3613,0.1192,results/gate1/scores/045_full_mf1.0_seed1.npy
45,DISTORTEDPowerDemand2,DISTORTED,Power Demand,False,cg044,PowerDemand2,full,1.0,2,29931,100,200,29931,14000,23356,23717,-0.0441348951161874,0.033204246876004706,0.033278069242138254,15570,15370,False,False,17048,False,False,0.3638,0.1212,results/gate1/scores/045_full_mf1.0_seed2.npy
45,DISTORTEDPowerDemand2,DISTORTED,Power Demand,False,cg044,PowerDemand2,train_prefix,1,0,14000,100,200,29931,14000,23356,23717,-0.025279286670266743,0.04779638776252188,0.0482305513995061,15570,15370,False,False,14227,False,False,0.2939,0.1889,results/gate1/scores/045_train_prefix_mf1_seed0.npy
45,DISTORTEDPowerDemand2,DISTORTED,Power Demand,False,cg044,PowerDemand2,train_prefix,1,1,14000,100,200,29931,14000,23356,23717,-0.016180997434572797,0.04612251013467757,0.04639416237271406,15570,15370,False,False,14173,False,False,0.2963,0.1915,results/gate1/scores/045_train_prefix_mf1_seed1.npy
45,DISTORTEDPowerDemand2,DISTORTED,Power Demand,False,cg044,PowerDemand2,train_prefix,1,2,14000,100,200,29931,14000,23356,23717,-0.01542373866546598,0.04402043785498308,0.04431778667213784,15570,15370,False,False,14165,False,False,0.313,0.1981,results/gate1/scores/045_train_prefix_mf1_seed2.npy
45,DISTORTEDPowerDemand2,DISTORTED,Power Demand,False,cg044,PowerDemand2,train_prefix,1.0,0,14000,100,200,29931,14000,23356,23717,-0.050604221226168145,0.041328133668402545,0.041491647914278305,15570,15370,False,False,17050,False,False,0.2259,0.1169,results/gate1/scores/045_train_prefix_mf1.0_seed0.npy
45,DISTORTEDPowerDemand2,DISTORTED,Power Demand,False,cg044,PowerDemand2,train_prefix,1.0,1,14000,100,200,29931,14000,23356,23717,-0.04811879586124884,0.03944522615862164,0.03954862206680717,15570,15370,False,False,14228,False,False,0.2246,0.1211,results/gate1/scores/045_train_prefix_mf1.0_seed1.npy
45,DISTORTEDPowerDemand2,DISTORTED,Power Demand,False,cg044,PowerDemand2,train_prefix,1.0,2,14000,100,200,29931,14000,23356,23717,-0.05174794879874489,0.03250116515681948,0.03265433159514679,15570,15370,False,False,17052,False,False,0.2215,0.1112,results/gate1/scores/045_train_prefix_mf1.0_seed2.npy
46,DISTORTEDPowerDemand3,DISTORTED,Power Demand,False,cg044,PowerDemand3,full,1,0,29931,100,200,29931,16000,23404,23477,-0.014999911313908598,0.04289003106331171,0.043498204838087376,13858,13658,False,False,23038,False,False,0.5271,0.1835,results/gate1/scores/046_full_mf1_seed0.npy
46,DISTORTEDPowerDemand3,DISTORTED,Power Demand,False,cg044,PowerDemand3,full,1,1,29931,100,200,29931,16000,23404,23477,-0.021173646282511782,0.03983244268493302,0.04014476727064553,13858,13658,False,False,23051,False,False,0.5415,0.1942,results/gate1/scores/046_full_mf1_seed1.npy
46,DISTORTEDPowerDemand3,DISTORTED,Power Demand,False,cg044,PowerDemand3,full,1,2,29931,100,200,29931,16000,23404,23477,-0.026251401243725436,0.04073818589136658,0.04096302009903722,13858,13658,False,False,23047,False,False,0.5384,0.1805,results/gate1/scores/046_full_mf1_seed2.npy
46,DISTORTEDPowerDemand3,DISTORTED,Power Demand,False,cg044,PowerDemand3,full,1.0,0,29931,100,200,29931,16000,23404,23477,-0.04337195355934759,0.04300988173822904,0.04505453735451492,13858,13658,False,False,23046,False,False,0.3612,0.109,results/gate1/scores/046_full_mf1.0_seed0.npy
46,DISTORTEDPowerDemand3,DISTORTED,Power Demand,False,cg044,PowerDemand3,full,1.0,1,29931,100,200,29931,16000,23404,23477,-0.0399197369473574,0.040693198373096574,0.04125415294137374,13858,13658,False,False,23026,False,False,0.3689,0.1096,results/gate1/scores/046_full_mf1.0_seed1.npy
46,DISTORTEDPowerDemand3,DISTORTED,Power Demand,False,cg044,PowerDemand3,full,1.0,2,29931,100,200,29931,16000,23404,23477,-0.04306461394419325,0.03703831102982396,0.037414683482431085,13858,13658,False,False,26626,False,False,0.3714,0.1089,results/gate1/scores/046_full_mf1.0_seed2.npy
46,DISTORTEDPowerDemand3,DISTORTED,Power Demand,False,cg044,PowerDemand3,train_prefix,1,0,16000,100,200,29931,16000,23404,23477,-0.029256006492542508,0.032438187476577965,0.03383791806053517,13858,13658,False,False,23035,False,False,0.322,0.1898,results/gate1/scores/046_train_prefix_mf1_seed0.npy
46,DISTORTEDPowerDemand3,DISTORTED,Power Demand,False,cg044,PowerDemand3,train_prefix,1,1,16000,100,200,29931,16000,23404,23477,-0.022823456464270087,0.033245550894688045,0.03352154158166858,13858,13658,False,False,23022,False,False,0.3166,0.1935,results/gate1/scores/046_train_prefix_mf1_seed1.npy
46,DISTORTEDPowerDemand3,DISTORTED,Power Demand,False,cg044,PowerDemand3,train_prefix,1,2,16000,100,200,29931,16000,23404,23477,-0.03020246517978692,0.03265949804219289,0.03272538800530161,13858,13658,False,False,23023,False,False,0.3426,0.1855,results/gate1/scores/046_train_prefix_mf1_seed2.npy
46,DISTORTEDPowerDemand3,DISTORTED,Power Demand,False,cg044,PowerDemand3,train_prefix,1.0,0,16000,100,200,29931,16000,23404,23477,-0.044688411029544406,0.0381764898022663,0.03874058733756633,13858,13658,False,False,26617,False,False,0.2388,0.1121,results/gate1/scores/046_train_prefix_mf1.0_seed0.npy
46,DISTORTEDPowerDemand3,DISTORTED,Power Demand,False,cg044,PowerDemand3,train_prefix,1.0,1,16000,100,200,29931,16000,23404,23477,-0.05319756395062242,0.036437636973800196,0.03661805756067254,13858,13658,False,False,26629,False,False,0.2482,0.1091,results/gate1/scores/046_train_prefix_mf1.0_seed1.npy
46,DISTORTEDPowerDemand3,DISTORTED,Power Demand,False,cg044,PowerDemand3,train_prefix,1.0,2,16000,100,200,29931,16000,23404,23477,-0.05175335574999734,0.034489912987710064,0.034663873969492394,13858,13658,False,False,26628,False,False,0.2328,0.1125,results/gate1/scores/046_train_prefix_mf1.0_seed2.npy
47,DISTORTEDPowerDemand4,DISTORTED,Power Demand,False,cg044,PowerDemand4,full,1,0,29931,100,200,29931,18000,24004,24077,-0.011637761175716355,0.027449750089883627,0.027605006774724057,11858,11658,False,False,26630,False,False,0.5511,0.187,results/gate1/scores/047_full_mf1_seed0.npy
47,DISTORTEDPowerDemand4,DISTORTED,Power Demand,False,cg044,PowerDemand4,full,1,1,29931,100,200,29931,18000,24004,24077,-0.010827471720880943,0.024837685283638472,0.024859901753843998,11858,11658,False,False,26629,False,False,0.536,0.184,results/gate1/scores/047_full_mf1_seed1.npy
47,DISTORTEDPowerDemand4,DISTORTED,Power Demand,False,cg044,PowerDemand4,full,1,2,29931,100,200,29931,18000,24004,24077,-0.004734037086982168,0.025973104641217642,0.026620701376980783,11858,11658,False,False,26637,False,False,0.5584,0.1973,results/gate1/scores/047_full_mf1_seed2.npy
47,DISTORTEDPowerDemand4,DISTORTED,Power Demand,False,cg044,PowerDemand4,full,1.0,0,29931,100,200,29931,18000,24004,24077,-0.014922311767284757,0.03902585606776738,0.03942143164967868,11858,11658,False,False,26641,False,False,0.3538,0.111,results/gate1/scores/047_full_mf1.0_seed0.npy
47,DISTORTEDPowerDemand4,DISTORTED,Power Demand,False,cg044,PowerDemand4,full,1.0,1,29931,100,200,29931,18000,24004,24077,-0.01749216740642412,0.03741572776505509,0.037560340343997516,11858,11658,False,False,26625,False,False,0.3539,0.1134,results/gate1/scores/047_full_mf1.0_seed1.npy
47,DISTORTEDPowerDemand4,DISTORTED,Power Demand,False,cg044,PowerDemand4,full,1.0,2,29931,100,200,29931,18000,24004,24077,-0.014656925113511687,0.0404045535115263,0.04048592455748388,11858,11658,False,False,26630,False,False,0.355,0.115,results/gate1/scores/047_full_mf1.0_seed2.npy
47,DISTORTEDPowerDemand4,DISTORTED,Power Demand,False,cg044,PowerDemand4,train_prefix,1,0,18000,100,200,29931,18000,24004,24077,-0.011829012120653348,0.023507900164227425,0.02402510183018852,11858,11658,False,False,26621,False,False,0.3818,0.1909,results/gate1/scores/047_train_prefix_mf1_seed0.npy
47,DISTORTEDPowerDemand4,DISTORTED,Power Demand,False,cg044,PowerDemand4,train_prefix,1,1,18000,100,200,29931,18000,24004,24077,-0.009211981963903715,0.020036030792387062,0.020246708993518728,11858,11658,False,False,26627,False,False,0.3605,0.1964,results/gate1/scores/047_train_prefix_mf1_seed1.npy
47,DISTORTEDPowerDemand4,DISTORTED,Power Demand,False,cg044,PowerDemand4,train_prefix,1,2,18000,100,200,29931,18000,24004,24077,-0.01280068365764142,0.02325586656797454,0.02356665731957758,11858,11658,False,False,26613,False,False,0.3587,0.1915,results/gate1/scores/047_train_prefix_mf1_seed2.npy
47,DISTORTEDPowerDemand4,DISTORTED,Power Demand,False,cg044,PowerDemand4,train_prefix,1.0,0,18000,100,200,29931,18000,24004,24077,-0.026133590685777086,0.03442875047629202,0.03479219951201566,11858,11658,False,False,26618,False,False,0.2686,0.1183,results/gate1/scores/047_train_prefix_mf1.0_seed0.npy
47,DISTORTEDPowerDemand4,DISTORTED,Power Demand,False,cg044,PowerDemand4,train_prefix,1.0,1,18000,100,200,29931,18000,24004,24077,-0.02843370770019016,0.03504728507981217,0.03539025563235191,11858,11658,False,False,26632,False,False,0.2697,0.1197,results/gate1/scores/047_train_prefix_mf1.0_seed1.npy
47,DISTORTEDPowerDemand4,DISTORTED,Power Demand,False,cg044,PowerDemand4,train_prefix,1.0,2,18000,100,200,29931,18000,24004,24077,-0.02782177721599216,0.03558190814147407,0.03586622145112381,11858,11658,False,False,26628,False,False,0.2666,0.1201,results/gate1/scores/047_train_prefix_mf1.0_seed2.npy
48,DISTORTEDTkeepFifthMARS,DISTORTED,NASA,False,cg048,TkeepFifthMARS,full,1,0,11334,100,200,11334,3500,5987,6085,-0.008670302599707247,0.04540983760350444,0.04589257031958063,7736,7536,False,False,6597,False,False,0.2243,0.0598,results/gate1/scores/048_full_mf1_seed0.npy
48,DISTORTEDTkeepFifthMARS,DISTORTED,NASA,False,cg048,TkeepFifthMARS,full,1,1,11334,100,200,11334,3500,5987,6085,-0.0015510921440867742,0.042637438525644854,0.04293547700336642,7736,7536,False,False,6596,False,False,0.224,0.0548,results/gate1/scores/048_full_mf1_seed1.npy
48,DISTORTEDTkeepFifthMARS,DISTORTED,NASA,False,cg048,TkeepFifthMARS,full,1,2,11334,100,200,11334,3500,5987,6085,0.003304255896326602,0.0463461901606793,0.046857722954720016,7736,7536,False,False,6612,False,False,0.2289,0.0559,results/gate1/scores/048_full_mf1_seed2.npy
48,DISTORTEDTkeepFifthMARS,DISTORTED,NASA,False,cg048,TkeepFifthMARS,full,1.0,0,11334,100,200,11334,3500,5987,6085,-0.0002907170112826929,0.036056203046969604,0.036792646731513605,7736,7536,False,False,6594,False,False,0.1868,0.0386,results/gate1/scores/048_full_mf1.0_seed0.npy
48,DISTORTEDTkeepFifthMARS,DISTORTED,NASA,False,cg048,TkeepFifthMARS,full,1.0,1,11334,100,200,11334,3500,5987,6085,0.0023666224501226463,0.03160902200179744,0.03176215681555729,7736,7536,False,False,6603,False,False,0.1833,0.04,results/gate1/scores/048_full_mf1.0_seed1.npy
48,DISTORTEDTkeepFifthMARS,DISTORTED,NASA,False,cg048,TkeepFifthMARS,full,1.0,2,11334,100,200,11334,3500,5987,6085,0.01768620619754968,0.0358469195852227,0.03619000593186981,7736,7536,False,False,6602,False,False,0.1807,0.0375,results/gate1/scores/048_full_mf1.0_seed2.npy
48,DISTORTEDTkeepFifthMARS,DISTORTED,NASA,False,cg048,TkeepFifthMARS,train_prefix,1,0,3500,100,200,11334,3500,5987,6085,-0.018717957733645485,0.030195415861608777,0.030353801225033727,7736,7536,False,False,6598,False,False,0.1177,0.0512,results/gate1/scores/048_train_prefix_mf1_seed0.npy
48,DISTORTEDTkeepFifthMARS,DISTORTED,NASA,False,cg048,TkeepFifthMARS,train_prefix,1,1,3500,100,200,11334,3500,5987,6085,-0.01960924195975422,0.031175162524633242,0.03135620572335562,7736,7536,False,False,10473,False,False,0.1222,0.057,results/gate1/scores/048_train_prefix_mf1_seed1.npy
48,DISTORTEDTkeepFifthMARS,DISTORTED,NASA,False,cg048,TkeepFifthMARS,train_prefix,1,2,3500,100,200,11334,3500,5987,6085,-0.029735125642953775,0.034977722562911845,0.03513436290744338,7736,7536,False,False,10511,False,False,0.1246,0.0545,results/gate1/scores/048_train_prefix_mf1_seed2.npy
48,DISTORTEDTkeepFifthMARS,DISTORTED,NASA,False,cg048,TkeepFifthMARS,train_prefix,1.0,0,3500,100,200,11334,3500,5987,6085,-0.020281664673334254,0.045097311003682854,0.045210746618639316,7736,7536,False,False,10507,False,False,0.1125,0.0379,results/gate1/scores/048_train_prefix_mf1.0_seed0.npy
48,DISTORTEDTkeepFifthMARS,DISTORTED,NASA,False,cg048,TkeepFifthMARS,train_prefix,1.0,1,3500,100,200,11334,3500,5987,6085,-0.024115941752357983,0.049018581040337864,0.04935719627602076,7736,7536,False,False,10507,False,False,0.1135,0.0427,results/gate1/scores/048_train_prefix_mf1.0_seed1.npy
48,DISTORTEDTkeepFifthMARS,DISTORTED,NASA,False,cg048,TkeepFifthMARS,train_prefix,1.0,2,3500,100,200,11334,3500,5987,6085,-0.028346454558900225,0.03894467718093303,0.039163678266316816,7736,7536,False,False,10519,False,False,0.1148,0.0408,results/gate1/scores/048_train_prefix_mf1.0_seed2.npy
49,DISTORTEDTkeepFirstMARS,DISTORTED,NASA,False,cg048,TkeepFirstMARS,full,1,0,11406,100,200,11406,3500,5364,5380,-0.04625204939439903,0.008471946963534892,0.007635381892115345,7890,7690,False,False,5491,False,False,0.2232,0.0569,results/gate1/scores/049_full_mf1_seed0.npy
49,DISTORTEDTkeepFirstMARS,DISTORTED,NASA,False,cg048,TkeepFirstMARS,full,1,1,11406,100,200,11406,3500,5364,5380,-0.030445841458728973,0.007190804524066166,0.007117488043201951,7890,7690,False,False,6489,False,False,0.2241,0.0492,results/gate1/scores/049_full_mf1_seed1.npy
49,DISTORTEDTkeepFirstMARS,DISTORTED,NASA,False,cg048,TkeepFirstMARS,full,1,2,11406,100,200,11406,3500,5364,5380,-0.03341787841183991,0.006711187508001281,0.005661229471172983,7890,7690,False,False,5479,False,True,0.2128,0.055,results/gate1/scores/049_full_mf1_seed2.npy
49,DISTORTEDTkeepFirstMARS,DISTORTED,NASA,False,cg048,TkeepFirstMARS,full,1.0,0,11406,100,200,11406,3500,5364,5380,-0.02287040038073268,0.01758084893976364,0.017807478018221672,7890,7690,False,False,5236,False,False,0.1726,0.0396,results/gate1/scores/049_full_mf1.0_seed0.npy
49,DISTORTEDTkeepFirstMARS,DISTORTED,NASA,False,cg048,TkeepFirstMARS,full,1.0,1,11406,100,200,11406,3500,5364,5380,-0.03513636000229148,0.012486110789950156,0.011553416779679014,7890,7690,False,False,5239,False,False,0.1762,0.0385,results/gate1/scores/049_full_mf1.0_seed1.npy
49,DISTORTEDTkeepFirstMARS,DISTORTED,NASA,False,cg048,TkeepFirstMARS,full,1.0,2,11406,100,200,11406,3500,5364,5380,-0.03590654583429442,0.013886669032115585,0.013811625842453991,7890,7690,False,False,4423,False,False,0.1802,0.0378,results/gate1/scores/049_full_mf1.0_seed2.npy
49,DISTORTEDTkeepFirstMARS,DISTORTED,NASA,False,cg048,TkeepFirstMARS,train_prefix,1,0,3500,100,200,11406,3500,5364,5380,-0.035647034876637895,0.0159401115926826,0.01605979051582433,7890,7690,False,False,4422,False,False,0.1218,0.0551,results/gate1/scores/049_train_prefix_mf1_seed0.npy
49,DISTORTEDTkeepFirstMARS,DISTORTED,NASA,False,cg048,TkeepFirstMARS,train_prefix,1,1,3500,100,200,11406,3500,5364,5380,-0.01888455766216046,0.010224953730012311,0.010363161025499926,7890,7690,False,False,9281,False,False,0.1295,0.0567,results/gate1/scores/049_train_prefix_mf1_seed1.npy
49,DISTORTEDTkeepFirstMARS,DISTORTED,NASA,False,cg048,TkeepFirstMARS,train_prefix,1,2,3500,100,200,11406,3500,5364,5380,-0.028046001229303008,0.01069643514821991,0.010727303666889289,7890,7690,False,False,9244,False,False,0.1215,0.0534,results/gate1/scores/049_train_prefix_mf1_seed2.npy
49,DISTORTEDTkeepFirstMARS,DISTORTED,NASA,False,cg048,TkeepFirstMARS,train_prefix,1.0,0,3500,100,200,11406,3500,5364,5380,-0.024123418033983046,0.02614591591959366,0.02648511227614945,7890,7690,False,False,4454,False,False,0.1125,0.0404,results/gate1/scores/049_train_prefix_mf1.0_seed0.npy
49,DISTORTEDTkeepFirstMARS,DISTORTED,NASA,False,cg048,TkeepFirstMARS,train_prefix,1.0,1,3500,100,200,11406,3500,5364,5380,-0.013503136677928518,0.028901449792324178,0.028968873106778065,7890,7690,False,False,5247,False,False,0.1145,0.043,results/gate1/scores/049_train_prefix_mf1.0_seed1.npy
49,DISTORTEDTkeepFirstMARS,DISTORTED,NASA,False,cg048,TkeepFirstMARS,train_prefix,1.0,2,3500,100,200,11406,3500,5364,5380,-0.0073546096188091825,0.03023138427259259,0.03046945116170189,7890,7690,False,False,4434,False,False,0.1113,0.0384,results/gate1/scores/049_train_prefix_mf1.0_seed2.npy
50,DISTORTEDTkeepForthMARS,DISTORTED,NASA,False,cg048,TkeepForthMARS,full,1,0,11308,100,200,11308,3500,5987,6085,0.004703051464577612,0.03312941585488942,0.033670344505334036,7710,7510,False,False,5347,False,False,0.2168,0.0549,results/gate1/scores/050_full_mf1_seed0.npy
50,DISTORTEDTkeepForthMARS,DISTORTED,NASA,False,cg048,TkeepForthMARS,full,1,1,11308,100,200,11308,3500,5987,6085,0.003978337532392517,0.03203163594611798,0.0331683477446148,7710,7510,False,False,5336,False,False,0.2214,0.0547,results/gate1/scores/050_full_mf1_seed1.npy
50,DISTORTEDTkeepForthMARS,DISTORTED,NASA,False,cg048,TkeepForthMARS,full,1,2,11308,100,200,11308,3500,5987,6085,-7.35410210401799e-05,0.02915584050948233,0.031202504672355726,7710,7510,False,False,5353,False,False,0.2064,0.0507,results/gate1/scores/050_full_mf1_seed2.npy
50,DISTORTEDTkeepForthMARS,DISTORTED,NASA,False,cg048,TkeepForthMARS,full,1.0,0,11308,100,200,11308,3500,5987,6085,0.005384947038109322,0.028893245335042093,0.02919983003951608,7710,7510,False,False,5344,False,False,0.1772,0.0366,results/gate1/scores/050_full_mf1.0_seed0.npy
50,DISTORTEDTkeepForthMARS,DISTORTED,NASA,False,cg048,TkeepForthMARS,full,1.0,1,11308,100,200,11308,3500,5987,6085,0.011371540263496405,0.026901500202528576,0.027024788022458335,7710,7510,False,False,5345,False,False,0.1773,0.0361,results/gate1/scores/050_full_mf1.0_seed1.npy
50,DISTORTEDTkeepForthMARS,DISTORTED,NASA,False,cg048,TkeepForthMARS,full,1.0,2,11308,100,200,11308,3500,5987,6085,0.011759196851157783,0.026748540371126166,0.02757222792678426,7710,7510,False,False,5339,False,False,0.1759,0.0396,results/gate1/scores/050_full_mf1.0_seed2.npy
50,DISTORTEDTkeepForthMARS,DISTORTED,NASA,False,cg048,TkeepForthMARS,train_prefix,1,0,3500,100,200,11308,3500,5987,6085,-0.008683947479566134,0.02805766773542439,0.028315887624774085,7710,7510,False,False,5343,False,False,0.1252,0.0532,results/gate1/scores/050_train_prefix_mf1_seed0.npy
50,DISTORTEDTkeepForthMARS,DISTORTED,NASA,False,cg048,TkeepForthMARS,train_prefix,1,1,3500,100,200,11308,3500,5987,6085,0.0017276130849407378,0.03183400007612643,0.03186594311365197,7710,7510,False,False,5309,False,False,0.118,0.053,results/gate1/scores/050_train_prefix_mf1_seed1.npy
50,DISTORTEDTkeepForthMARS,DISTORTED,NASA,False,cg048,TkeepForthMARS,train_prefix,1,2,3500,100,200,11308,3500,5987,6085,-0.010956488456773883,0.03478847797813754,0.034837037555181104,7710,7510,False,False,5310,False,False,0.1199,0.0514,results/gate1/scores/050_train_prefix_mf1_seed2.npy
50,DISTORTEDTkeepForthMARS,DISTORTED,NASA,False,cg048,TkeepForthMARS,train_prefix,1.0,0,3500,100,200,11308,3500,5987,6085,0.002601834624269328,0.04157518241566499,0.04233463290963624,7710,7510,False,False,7987,False,False,0.1089,0.0363,results/gate1/scores/050_train_prefix_mf1.0_seed0.npy
50,DISTORTEDTkeepForthMARS,DISTORTED,NASA,False,cg048,TkeepForthMARS,train_prefix,1.0,1,3500,100,200,11308,3500,5987,6085,0.0002301241603900328,0.04634309572969296,0.04649306947278718,7710,7510,False,False,8768,False,False,0.1126,0.04,results/gate1/scores/050_train_prefix_mf1.0_seed1.npy
50,DISTORTEDTkeepForthMARS,DISTORTED,NASA,False,cg048,TkeepForthMARS,train_prefix,1.0,2,3500,100,200,11308,3500,5987,6085,-0.0009531147774397009,0.04527509103539072,0.045419313277150535,7710,7510,False,False,7995,False,False,0.1129,0.0391,results/gate1/scores/050_train_prefix_mf1.0_seed2.npy
51,DISTORTEDTkeepSecondMARS,DISTORTED,NASA,False,cg048,TkeepSecondMARS,full,1,0,11388,100,200,11388,3500,9329,9340,-0.05654854116874586,0.03227539703611961,0.03246146418537708,7877,7677,False,False,6532,False,False,0.2182,0.0524,results/gate1/scores/051_full_mf1_seed0.npy
51,DISTORTEDTkeepSecondMARS,DISTORTED,NASA,False,cg048,TkeepSecondMARS,full,1,1,11388,100,200,11388,3500,9329,9340,-0.05623483109991767,0.03349160532742374,0.033550075925993274,7877,7677,False,False,6505,False,False,0.2173,0.0503,results/gate1/scores/051_full_mf1_seed1.npy
51,DISTORTEDTkeepSecondMARS,DISTORTED,NASA,False,cg048,TkeepSecondMARS,full,1,2,11388,100,200,11388,3500,9329,9340,-0.053268903022540226,0.03572795541978338,0.035863083003909974,7877,7677,False,False,6549,False,False,0.2102,0.0511,results/gate1/scores/051_full_mf1_seed2.npy
51,DISTORTEDTkeepSecondMARS,DISTORTED,NASA,False,cg048,TkeepSecondMARS,full,1.0,0,11388,100,200,11388,3500,9329,9340,-0.045732653172961324,0.02880930812582568,0.02901262131183145,7877,7677,False,False,6515,False,False,0.1759,0.0379,results/gate1/scores/051_full_mf1.0_seed0.npy
51,DISTORTEDTkeepSecondMARS,DISTORTED,NASA,False,cg048,TkeepSecondMARS,full,1.0,1,11388,100,200,11388,3500,9329,9340,-0.0510279770534402,0.02892187481712727,0.029057972201376694,7877,7677,False,False,6521,False,False,0.1725,0.037,results/gate1/scores/051_full_mf1.0_seed1.npy
51,DISTORTEDTkeepSecondMARS,DISTORTED,NASA,False,cg048,TkeepSecondMARS,full,1.0,2,11388,100,200,11388,3500,9329,9340,-0.05217986306930816,0.02979987487701968,0.029892340088731977,7877,7677,False,False,6525,False,False,0.1727,0.0385,results/gate1/scores/051_full_mf1.0_seed2.npy
51,DISTORTEDTkeepSecondMARS,DISTORTED,NASA,False,cg048,TkeepSecondMARS,train_prefix,1,0,3500,100,200,11388,3500,9329,9340,-0.035787703560563655,0.007399710931310791,0.007696218344904561,7877,7677,False,False,3920,False,False,0.1166,0.0547,results/gate1/scores/051_train_prefix_mf1_seed0.npy
51,DISTORTEDTkeepSecondMARS,DISTORTED,NASA,False,cg048,TkeepSecondMARS,train_prefix,1,1,3500,100,200,11388,3500,9329,9340,-0.04154848570826908,0.007287774866771503,0.007409822843662674,7877,7677,False,False,3878,False,False,0.1197,0.0545,results/gate1/scores/051_train_prefix_mf1_seed1.npy
51,DISTORTEDTkeepSecondMARS,DISTORTED,NASA,False,cg048,TkeepSecondMARS,train_prefix,1,2,3500,100,200,11388,3500,9329,9340,-0.051439028782716945,0.008698604288643145,0.008837613654826403,7877,7677,False,False,3895,False,False,0.1192,0.0494,results/gate1/scores/051_train_prefix_mf1_seed2.npy
51,DISTORTEDTkeepSecondMARS,DISTORTED,NASA,False,cg048,TkeepSecondMARS,train_prefix,1.0,0,3500,100,200,11388,3500,9329,9340,-0.04420335171026679,0.01918923706206402,0.019536536498000502,7877,7677,False,False,3873,False,False,0.1067,0.0365,results/gate1/scores/051_train_prefix_mf1.0_seed0.npy
51,DISTORTEDTkeepSecondMARS,DISTORTED,NASA,False,cg048,TkeepSecondMARS,train_prefix,1.0,1,3500,100,200,11388,3500,9329,9340,-0.045025910757702015,0.021875824568193727,0.0218550216659757,7877,7677,False,False,3873,False,False,0.1099,0.037,results/gate1/scores/051_train_prefix_mf1.0_seed1.npy
51,DISTORTEDTkeepSecondMARS,DISTORTED,NASA,False,cg048,TkeepSecondMARS,train_prefix,1.0,2,3500,100,200,11388,3500,9329,9340,-0.033003579902548597,0.01729929568376487,0.01710960348961289,7877,7677,False,False,3888,False,False,0.11,0.0381,results/gate1/scores/051_train_prefix_mf1.0_seed2.npy
52,DISTORTEDTkeepThirdMARS,DISTORTED,NASA,False,cg048,TkeepThirdMARS,full,1,0,11308,100,200,11308,3500,4710,4809,-0.013998706878280753,0.018492976971480998,0.018911761918587244,7709,7509,False,False,6567,False,False,0.2042,0.0511,results/gate1/scores/052_full_mf1_seed0.npy
52,DISTORTEDTkeepThirdMARS,DISTORTED,NASA,False,cg048,TkeepThirdMARS,full,1,1,11308,100,200,11308,3500,4710,4809,-0.027883906582895635,0.0162761278190227,0.016645799101543752,7709,7509,False,False,5837,False,False,0.2085,0.0518,results/gate1/scores/052_full_mf1_seed1.npy
52,DISTORTEDTkeepThirdMARS,DISTORTED,NASA,False,cg048,TkeepThirdMARS,full,1,2,11308,100,200,11308,3500,4710,4809,-0.02484321338254325,0.018045793824377803,0.018423742267411718,7709,7509,False,False,5815,False,False,0.2123,0.052,results/gate1/scores/052_full_mf1_seed2.npy
52,DISTORTEDTkeepThirdMARS,DISTORTED,NASA,False,cg048,TkeepThirdMARS,full,1.0,0,11308,100,200,11308,3500,4710,4809,0.004365085126919799,0.01733476415927215,0.017494511633143018,7709,7509,False,False,5818,False,False,0.1768,0.0388,results/gate1/scores/052_full_mf1.0_seed0.npy
52,DISTORTEDTkeepThirdMARS,DISTORTED,NASA,False,cg048,TkeepThirdMARS,full,1.0,1,11308,100,200,11308,3500,4710,4809,0.0008844310803072242,0.01678582024980811,0.017275052181310164,7709,7509,False,False,5841,False,False,0.175,0.0368,results/gate1/scores/052_full_mf1.0_seed1.npy
52,DISTORTEDTkeepThirdMARS,DISTORTED,NASA,False,cg048,TkeepThirdMARS,full,1.0,2,11308,100,200,11308,3500,4710,4809,-0.000440751191840949,0.019545237284341214,0.019779574182537642,7709,7509,False,False,5826,False,False,0.1754,0.0408,results/gate1/scores/052_full_mf1.0_seed2.npy
52,DISTORTEDTkeepThirdMARS,DISTORTED,NASA,False,cg048,TkeepThirdMARS,train_prefix,1,0,3500,100,200,11308,3500,4710,4809,-0.00045806824459482254,0.019657135196670728,0.019697317552973468,7709,7509,False,False,6830,False,False,0.1232,0.0549,results/gate1/scores/052_train_prefix_mf1_seed0.npy
52,DISTORTEDTkeepThirdMARS,DISTORTED,NASA,False,cg048,TkeepThirdMARS,train_prefix,1,1,3500,100,200,11308,3500,4710,4809,0.0009440071156743279,0.02911721770276767,0.02911721770276767,7709,7509,False,False,6794,False,False,0.1207,0.0538,results/gate1/scores/052_train_prefix_mf1_seed1.npy
52,DISTORTEDTkeepThirdMARS,DISTORTED,NASA,False,cg048,TkeepThirdMARS,train_prefix,1,2,3500,100,200,11308,3500,4710,4809,-0.016847402842910753,0.02483220291859392,0.02456297283187999,7709,7509,False,False,6798,False,False,0.1183,0.0487,results/gate1/scores/052_train_prefix_mf1_seed2.npy
52,DISTORTEDTkeepThirdMARS,DISTORTED,NASA,False,cg048,TkeepThirdMARS,train_prefix,1.0,0,3500,100,200,11308,3500,4710,4809,0.030328793990510694,0.04440547171706305,0.043299513338907136,7709,7509,False,False,9618,False,False,0.1093,0.0368,results/gate1/scores/052_train_prefix_mf1.0_seed0.npy
52,DISTORTEDTkeepThirdMARS,DISTORTED,NASA,False,cg048,TkeepThirdMARS,train_prefix,1.0,1,3500,100,200,11308,3500,4710,4809,0.03286655719802367,0.04651886708996012,0.04669412006991969,7709,7509,False,False,6816,False,False,0.111,0.0365,results/gate1/scores/052_train_prefix_mf1.0_seed1.npy
52,DISTORTEDTkeepThirdMARS,DISTORTED,NASA,False,cg048,TkeepThirdMARS,train_prefix,1.0,2,3500,100,200,11308,3500,4710,4809,0.03437623935510109,0.04539768914938425,0.04570032093776833,7709,7509,False,False,6812,False,False,0.1093,0.0377,results/gate1/scores/052_train_prefix_mf1.0_seed2.npy
53,DISTORTEDWalkingAceleration1,DISTORTED,Acceleration,False,cg053,WalkingAceleration1,full,1,0,6684,100,200,6684,1500,2763,2995,0.002036136113085507,0.012613829754705078,0.012947667762915758,4952,4752,False,False,4106,False,False,0.1606,0.0372,results/gate1/scores/053_full_mf1_seed0.npy
53,DISTORTEDWalkingAceleration1,DISTORTED,Acceleration,False,cg053,WalkingAceleration1,full,1,1,6684,100,200,6684,1500,2763,2995,1.705288348213818e-05,0.012620818955186838,0.012738228172757377,4952,4752,False,False,4053,False,False,0.1593,0.0352,results/gate1/scores/053_full_mf1_seed1.npy
53,DISTORTEDWalkingAceleration1,DISTORTED,Acceleration,False,cg053,WalkingAceleration1,full,1,2,6684,100,200,6684,1500,2763,2995,-0.0021459301245077556,0.011008336173270674,0.011216619061885248,4952,4752,False,False,4043,False,False,0.1701,0.0364,results/gate1/scores/053_full_mf1_seed2.npy
53,DISTORTEDWalkingAceleration1,DISTORTED,Acceleration,False,cg053,WalkingAceleration1,full,1.0,0,6684,100,200,6684,1500,2763,2995,-0.015207384555128822,0.022477094652153355,0.02268091031374585,4952,4752,False,False,4033,False,False,0.1377,0.0285,results/gate1/scores/053_full_mf1.0_seed0.npy
53,DISTORTEDWalkingAceleration1,DISTORTED,Acceleration,False,cg053,WalkingAceleration1,full,1.0,1,6684,100,200,6684,1500,2763,2995,-0.01609080110003125,0.019384868277751,0.019595462145432563,4952,4752,False,False,6069,False,False,0.1386,0.0244,results/gate1/scores/053_full_mf1.0_seed1.npy
53,DISTORTEDWalkingAceleration1,DISTORTED,Acceleration,False,cg053,WalkingAceleration1,full,1.0,2,6684,100,200,6684,1500,2763,2995,-0.0160505171407766,0.02171165918786768,0.022079177190572008,4952,4752,False,False,4053,False,False,0.1358,0.0254,results/gate1/scores/053_full_mf1.0_seed2.npy
53,DISTORTEDWalkingAceleration1,DISTORTED,Acceleration,False,cg053,WalkingAceleration1,train_prefix,1,0,1500,100,200,6684,1500,2763,2995,0.009289427962590746,0.02210919747713399,0.022404623282373852,4952,4752,False,False,5547,False,False,0.0948,0.0349,results/gate1/scores/053_train_prefix_mf1_seed0.npy
53,DISTORTEDWalkingAceleration1,DISTORTED,Acceleration,False,cg053,WalkingAceleration1,train_prefix,1,1,1500,100,200,6684,1500,2763,2995,-0.0024931272788795145,0.022882336140843694,0.022942710035140295,4952,4752,False,False,5579,False,False,0.0943,0.0373,results/gate1/scores/053_train_prefix_mf1_seed1.npy
53,DISTORTEDWalkingAceleration1,DISTORTED,Acceleration,False,cg053,WalkingAceleration1,train_prefix,1,2,1500,100,200,6684,1500,2763,2995,-0.0016948343120233855,0.02460832318738189,0.02465872985596523,4952,4752,False,False,5037,False,False,0.0974,0.0376,results/gate1/scores/053_train_prefix_mf1_seed2.npy
53,DISTORTEDWalkingAceleration1,DISTORTED,Acceleration,False,cg053,WalkingAceleration1,train_prefix,1.0,0,1500,100,200,6684,1500,2763,2995,0.0020656448451928933,0.0570631416291897,0.057581764595806946,4952,4752,False,False,5813,False,False,0.0936,0.0264,results/gate1/scores/053_train_prefix_mf1.0_seed0.npy
53,DISTORTEDWalkingAceleration1,DISTORTED,Acceleration,False,cg053,WalkingAceleration1,train_prefix,1.0,1,1500,100,200,6684,1500,2763,2995,-0.0014179132542883055,0.06271498686963185,0.06281127131723657,4952,4752,False,False,6140,False,False,0.0912,0.0243,results/gate1/scores/053_train_prefix_mf1.0_seed1.npy
53,DISTORTEDWalkingAceleration1,DISTORTED,Acceleration,False,cg053,WalkingAceleration1,train_prefix,1.0,2,1500,100,200,6684,1500,2763,2995,0.003370049782058626,0.056844606030025786,0.05720536960497488,4952,4752,False,False,6142,False,False,0.0904,0.025,results/gate1/scores/053_train_prefix_mf1.0_seed2.npy
54,DISTORTEDWalkingAceleration5,DISTORTED,Acceleration,False,cg053,WalkingAceleration5,full,1,0,6684,100,200,6684,2700,5919,5979,0.10982274804161091,0.026112875749699158,0.012463075907778256,3924,3724,True,True,5949,True,True,0.1619,0.0337,results/gate1/scores/054_full_mf1_seed0.npy
54,DISTORTEDWalkingAceleration5,DISTORTED,Acceleration,False,cg053,WalkingAceleration5,full,1,1,6684,100,200,6684,2700,5919,5979,0.10490035165459294,0.04593450293507684,0.01064027644271123,3924,3724,True,True,5944,True,True,0.1731,0.0349,results/gate1/scores/054_full_mf1_seed1.npy
54,DISTORTEDWalkingAceleration5,DISTORTED,Acceleration,False,cg053,WalkingAceleration5,full,1,2,6684,100,200,6684,2700,5919,5979,0.11090950450309095,0.03573089303365796,0.012322948300159807,3924,3724,True,True,5946,True,True,0.1754,0.0381,results/gate1/scores/054_full_mf1_seed2.npy
54,DISTORTEDWalkingAceleration5,DISTORTED,Acceleration,False,cg053,WalkingAceleration5,full,1.0,0,6684,100,200,6684,2700,5919,5979,0.2018387004097656,0.09547828543158215,0.01679186466492605,3924,3724,True,True,5946,True,True,0.1371,0.0271,results/gate1/scores/054_full_mf1.0_seed0.npy
54,DISTORTEDWalkingAceleration5,DISTORTED,Acceleration,False,cg053,WalkingAceleration5,full,1.0,1,6684,100,200,6684,2700,5919,5979,0.20187301559514043,0.09607418385416149,0.01776353801324492,3924,3724,True,True,5940,True,True,0.1498,0.0255,results/gate1/scores/054_full_mf1.0_seed1.npy
54,DISTORTEDWalkingAceleration5,DISTORTED,Acceleration,False,cg053,WalkingAceleration5,full,1.0,2,6684,100,200,6684,2700,5919,5979,0.20882544959761679,0.10700709568699264,0.017587325316567683,3924,3724,True,True,5938,True,True,0.1491,0.0246,results/gate1/scores/054_full_mf1.0_seed2.npy
54,DISTORTEDWalkingAceleration5,DISTORTED,Acceleration,False,cg053,WalkingAceleration5,train_prefix,1,0,2700,100,200,6684,2700,5919,5979,0.1500513776192801,0.03986645904936618,0.02194979564107378,3924,3724,True,True,5947,True,True,0.112,0.0362,results/gate1/scores/054_train_prefix_mf1_seed0.npy
54,DISTORTEDWalkingAceleration5,DISTORTED,Acceleration,False,cg053,WalkingAceleration5,train_prefix,1,1,2700,100,200,6684,2700,5919,5979,0.13884400639568406,0.06413271869511816,0.0252097644443994,3924,3724,True,True,5966,True,True,0.112,0.0381,results/gate1/scores/054_train_prefix_mf1_seed1.npy
54,DISTORTEDWalkingAceleration5,DISTORTED,Acceleration,False,cg053,WalkingAceleration5,train_prefix,1,2,2700,100,200,6684,2700,5919,5979,0.15824430156380231,0.05416569427680178,0.02267174219996411,3924,3724,True,True,5946,True,True,0.1166,0.0369,results/gate1/scores/054_train_prefix_mf1_seed2.npy
54,DISTORTEDWalkingAceleration5,DISTORTED,Acceleration,False,cg053,WalkingAceleration5,train_prefix,1.0,0,2700,100,200,6684,2700,5919,5979,0.2250183078968167,0.13411434670572403,0.055331396392450154,3924,3724,True,True,5947,True,True,0.1024,0.0262,results/gate1/scores/054_train_prefix_mf1.0_seed0.npy
54,DISTORTEDWalkingAceleration5,DISTORTED,Acceleration,False,cg053,WalkingAceleration5,train_prefix,1.0,1,2700,100,200,6684,2700,5919,5979,0.23144736277021244,0.1441937081323648,0.0607486864287149,3924,3724,True,True,5951,True,True,0.1037,0.0249,results/gate1/scores/054_train_prefix_mf1.0_seed1.npy
54,DISTORTEDWalkingAceleration5,DISTORTED,Acceleration,False,cg053,WalkingAceleration5,train_prefix,1.0,2,2700,100,200,6684,2700,5919,5979,0.22191125871513478,0.12762166796535035,0.057152949978375056,3924,3724,True,True,5950,True,True,0.1003,0.0252,results/gate1/scores/054_train_prefix_mf1.0_seed2.npy
55,DISTORTEDapneaecg2,DISTORTED,ECG,True,cg055,apneaecg2,full,1,0,38501,100,200,38501,10000,20949,21100,0.13999512874199355,0.06425719038599248,0.06428514189805758,28350,28150,True,True,21043,True,True,0.445,0.145,results/gate1/scores/055_full_mf1_seed0.npy
55,DISTORTEDapneaecg2,DISTORTED,ECG,True,cg055,apneaecg2,full,1,1,38501,100,200,38501,10000,20949,21100,0.09810635181707461,0.05211627595974895,0.0522060798160098,28350,28150,True,True,21037,True,True,0.4984,0.1559,results/gate1/scores/055_full_mf1_seed1.npy
55,DISTORTEDapneaecg2,DISTORTED,ECG,True,cg055,apneaecg2,full,1,2,38501,100,200,38501,10000,20949,21100,0.11928298089695827,0.059442448205783274,0.059463667826148564,28350,28150,True,True,21052,True,True,0.5046,0.1637,results/gate1/scores/055_full_mf1_seed2.npy
55,DISTORTEDapneaecg2,DISTORTED,ECG,True,cg055,apneaecg2,full,1.0,0,38501,100,200,38501,10000,20949,21100,0.13428465510830395,0.10385015358193808,0.10407576552787098,28350,28150,True,True,21065,True,True,0.3847,0.1186,results/gate1/scores/055_full_mf1.0_seed0.npy
55,DISTORTEDapneaecg2,DISTORTED,ECG,True,cg055,apneaecg2,full,1.0,1,38501,100,200,38501,10000,20949,21100,0.12058103000864007,0.07706191566060198,0.07710418168927188,28350,28150,True,True,21055,True,True,0.3843,0.1036,results/gate1/scores/055_full_mf1.0_seed1.npy
55,DISTORTEDapneaecg2,DISTORTED,ECG,True,cg055,apneaecg2,full,1.0,2,38501,100,200,38501,10000,20949,21100,0.1436492794431375,0.09269050428045186,0.09272784159449837,28350,28150,True,True,21054,True,True,0.4108,0.1328,results/gate1/scores/055_full_mf1.0_seed2.npy
55,DISTORTEDapneaecg2,DISTORTED,ECG,True,cg055,apneaecg2,train_prefix,1,0,10000,100,200,38501,10000,20949,21100,0.12250440295551696,0.05845074134394496,0.058577650464489005,28350,28150,True,True,21043,True,True,0.1639,0.1316,results/gate1/scores/055_train_prefix_mf1_seed0.npy
55,DISTORTEDapneaecg2,DISTORTED,ECG,True,cg055,apneaecg2,train_prefix,1,1,10000,100,200,38501,10000,20949,21100,0.09243319693915414,0.0453102539490225,0.04560231397434584,28350,28150,True,True,21066,True,True,0.1629,0.1298,results/gate1/scores/055_train_prefix_mf1_seed1.npy
55,DISTORTEDapneaecg2,DISTORTED,ECG,True,cg055,apneaecg2,train_prefix,1,2,10000,100,200,38501,10000,20949,21100,0.1181713702752083,0.05371901205747268,0.05385341714625543,28350,28150,True,True,21039,True,True,0.1618,0.1314,results/gate1/scores/055_train_prefix_mf1_seed2.npy
55,DISTORTEDapneaecg2,DISTORTED,ECG,True,cg055,apneaecg2,train_prefix,1.0,0,10000,100,200,38501,10000,20949,21100,0.1391595398391277,0.10060096071619214,0.10068001602721997,28350,28150,True,True,21048,True,True,0.1467,0.0914,results/gate1/scores/055_train_prefix_mf1.0_seed0.npy
55,DISTORTEDapneaecg2,DISTORTED,ECG,True,cg055,apneaecg2,train_prefix,1.0,1,10000,100,200,38501,10000,20949,21100,0.14347163238463678,0.09403068650366571,0.09406246079581393,28350,28150,True,True,21063,True,True,0.1462,0.0932,results/gate1/scores/055_train_prefix_mf1.0_seed1.npy
55,DISTORTEDapneaecg2,DISTORTED,ECG,True,cg055,apneaecg2,train_prefix,1.0,2,10000,100,200,38501,10000,20949,21100,0.14512249659598503,0.11743680409935056,0.11768502275410551,28350,28150,True,True,14924,False,False,0.152,0.0991,results/gate1/scores/055_train_prefix_mf1.0_seed2.npy
56,DISTORTEDapneaecg3,DISTORTED,ECG,True,cg056,apneaecg3,full,1,0,38379,100,200,38379,5000,11110,11211,-0.01623931661430794,0.06749288862160856,0.06751348867252954,33278,33078,False,False,5160,False,False,0.5211,0.1577,results/gate1/scores/056_full_mf1_seed0.npy
56,DISTORTEDapneaecg3,DISTORTED,ECG,True,cg056,apneaecg3,full,1,1,38379,100,200,38379,5000,11110,11211,-0.026026502869090695,0.05182687452056076,0.051882643665740344,33278,33078,False,False,31117,False,False,0.5296,0.149,results/gate1/scores/056_full_mf1_seed1.npy
56,DISTORTEDapneaecg3,DISTORTED,ECG,True,cg056,apneaecg3,full,1,2,38379,100,200,38379,5000,11110,11211,-0.03170421938071166,0.05904589091943819,0.05909540100928982,33278,33078,False,False,31115,False,False,0.5382,0.1695,results/gate1/scores/056_full_mf1_seed2.npy
56,DISTORTEDapneaecg3,DISTORTED,ECG,True,cg056,apneaecg3,full,1.0,0,38379,100,200,38379,5000,11110,11211,-0.07056765071304072,0.09156523656002288,0.09167073529541618,33278,33078,False,False,26881,False,False,0.3746,0.1646,results/gate1/scores/056_full_mf1.0_seed0.npy
56,DISTORTEDapneaecg3,DISTORTED,ECG,True,cg056,apneaecg3,full,1.0,1,38379,100,200,38379,5000,11110,11211,-0.07133379116189364,0.08637832434935175,0.08640583180645964,33278,33078,False,False,20896,False,False,0.3576,0.1338,results/gate1/scores/056_full_mf1.0_seed1.npy
56,DISTORTEDapneaecg3,DISTORTED,ECG,True,cg056,apneaecg3,full,1.0,2,38379,100,200,38379,5000,11110,11211,-0.07050636529986837,0.09398537008107578,0.09411858138454278,33278,33078,False,False,26879,False,False,0.3733,0.1125,results/gate1/scores/056_full_mf1.0_seed2.npy
56,DISTORTEDapneaecg3,DISTORTED,ECG,True,cg056,apneaecg3,train_prefix,1,0,5000,100,200,38379,5000,11110,11211,-0.009608718110370507,0.08293917029104497,0.0829892664024586,33278,33078,False,False,5162,False,False,0.1255,0.143,results/gate1/scores/056_train_prefix_mf1_seed0.npy
56,DISTORTEDapneaecg3,DISTORTED,ECG,True,cg056,apneaecg3,train_prefix,1,1,5000,100,200,38379,5000,11110,11211,-0.0070213487791369045,0.06949825046290976,0.06954803532689412,33278,33078,False,False,31110,False,False,0.1257,0.1539,results/gate1/scores/056_train_prefix_mf1_seed1.npy
56,DISTORTEDapneaecg3,DISTORTED,ECG,True,cg056,apneaecg3,train_prefix,1,2,5000,100,200,38379,5000,11110,11211,-0.007734525214628418,0.07664387098669208,0.07669677667088251,33278,33078,False,False,31115,False,False,0.126,0.1533,results/gate1/scores/056_train_prefix_mf1_seed2.npy
56,DISTORTEDapneaecg3,DISTORTED,ECG,True,cg056,apneaecg3,train_prefix,1.0,0,5000,100,200,38379,5000,11110,11211,-0.005245410003744344,0.16414538276746904,0.16419080828892396,33278,33078,False,False,26848,False,False,0.1116,0.1052,results/gate1/scores/056_train_prefix_mf1.0_seed0.npy
56,DISTORTEDapneaecg3,DISTORTED,ECG,True,cg056,apneaecg3,train_prefix,1.0,1,5000,100,200,38379,5000,11110,11211,-0.016406400857544357,0.15016491119562023,0.15019609991313837,33278,33078,False,False,26847,False,False,0.1175,0.1201,results/gate1/scores/056_train_prefix_mf1.0_seed1.npy
56,DISTORTEDapneaecg3,DISTORTED,ECG,True,cg056,apneaecg3,train_prefix,1.0,2,5000,100,200,38379,5000,11110,11211,-0.019051164857842917,0.1571456642095442,0.15720928015439362,33278,33078,False,False,31116,False,False,0.1138,0.1178,results/gate1/scores/056_train_prefix_mf1.0_seed2.npy
57,DISTORTEDapneaecg4,DISTORTED,ECG,True,cg057,apneaecg4,full,1,0,38269,100,200,38269,6000,15999,16100,-0.062461091005388936,0.0607881957471962,0.060829794807752906,32168,31968,False,False,26773,False,False,0.5017,0.1612,results/gate1/scores/057_full_mf1_seed0.npy
57,DISTORTEDapneaecg4,DISTORTED,ECG,True,cg057,apneaecg4,full,1,1,38269,100,200,38269,6000,15999,16100,-0.06232800510613995,0.04998421710667271,0.05000157942778201,32168,31968,False,False,31898,False,False,0.5136,0.1654,results/gate1/scores/057_full_mf1_seed1.npy
57,DISTORTEDapneaecg4,DISTORTED,ECG,True,cg057,apneaecg4,full,1,2,38269,100,200,38269,6000,15999,16100,-0.05612682703628408,0.05622547682513839,0.05630706277400668,32168,31968,False,False,31913,False,False,0.532,0.1507,results/gate1/scores/057_full_mf1_seed2.npy
57,DISTORTEDapneaecg4,DISTORTED,ECG,True,cg057,apneaecg4,full,1.0,0,38269,100,200,38269,6000,15999,16100,-0.09050246622387281,0.11392621526425413,0.11406064584291084,32168,31968,False,False,20760,False,False,0.4418,0.1033,results/gate1/scores/057_full_mf1.0_seed0.npy
57,DISTORTEDapneaecg4,DISTORTED,ECG,True,cg057,apneaecg4,full,1.0,1,38269,100,200,38269,6000,15999,16100,-0.09791560942883998,0.08327070273112416,0.08331890559706084,32168,31968,False,False,20796,False,False,0.3873,0.1138,results/gate1/scores/057_full_mf1.0_seed1.npy
57,DISTORTEDapneaecg4,DISTORTED,ECG,True,cg057,apneaecg4,full,1.0,2,38269,100,200,38269,6000,15999,16100,-0.10264311551605787,0.09173395867388602,0.09179228366793023,32168,31968,False,False,14673,False,False,0.357,0.1178,results/gate1/scores/057_full_mf1.0_seed2.npy
57,DISTORTEDapneaecg4,DISTORTED,ECG,True,cg057,apneaecg4,train_prefix,1,0,6000,100,200,38269,6000,15999,16100,-0.04330756983784728,0.06722851305331573,0.06733247845552405,32168,31968,False,False,20790,False,False,0.1386,0.1346,results/gate1/scores/057_train_prefix_mf1_seed0.npy
57,DISTORTEDapneaecg4,DISTORTED,ECG,True,cg057,apneaecg4,train_prefix,1,1,6000,100,200,38269,6000,15999,16100,-0.048487062692069816,0.057701218788052504,0.057717526534946155,32168,31968,False,False,36980,False,False,0.1422,0.1416,results/gate1/scores/057_train_prefix_mf1_seed1.npy
57,DISTORTEDapneaecg4,DISTORTED,ECG,True,cg057,apneaecg4,train_prefix,1,2,6000,100,200,38269,6000,15999,16100,-0.053493280042378244,0.06485303031367823,0.064897335828226,32168,31968,False,False,31898,False,False,0.1414,0.1471,results/gate1/scores/057_train_prefix_mf1_seed2.npy
57,DISTORTEDapneaecg4,DISTORTED,ECG,True,cg057,apneaecg4,train_prefix,1.0,0,6000,100,200,38269,6000,15999,16100,-0.09808465113245918,0.09949508005743635,0.0995339203590391,32168,31968,False,False,35020,False,False,0.1222,0.116,results/gate1/scores/057_train_prefix_mf1.0_seed0.npy
57,DISTORTEDapneaecg4,DISTORTED,ECG,True,cg057,apneaecg4,train_prefix,1.0,1,6000,100,200,38269,6000,15999,16100,-0.08944769689003884,0.08762657148673542,0.08766341766078782,32168,31968,False,False,35036,False,False,0.1248,0.118,results/gate1/scores/057_train_prefix_mf1.0_seed1.npy
57,DISTORTEDapneaecg4,DISTORTED,ECG,True,cg057,apneaecg4,train_prefix,1.0,2,6000,100,200,38269,6000,15999,16100,-0.09535045455892521,0.10074903569724901,0.10081628418682469,32168,31968,False,False,35025,False,False,0.1292,0.1226,results/gate1/scores/057_train_prefix_mf1.0_seed2.npy
58,DISTORTEDapneaecg,DISTORTED,ECG,True,cg055,apneaecg,full,1,0,38501,100,200,38501,10000,12239,12308,-0.03687030829150828,0.06656456094416356,0.06658272471748157,28432,28232,False,False,21019,False,False,0.5233,0.1632,results/gate1/scores/058_full_mf1_seed0.npy
58,DISTORTEDapneaecg,DISTORTED,ECG,True,cg055,apneaecg,full,1,1,38501,100,200,38501,10000,12239,12308,-0.039177072083549536,0.056213879833723376,0.05624970681589206,28432,28232,False,False,26969,False,False,0.523,0.1563,results/gate1/scores/058_full_mf1_seed1.npy
58,DISTORTEDapneaecg,DISTORTED,ECG,True,cg055,apneaecg,full,1,2,38501,100,200,38501,10000,12239,12308,-0.04949121005024831,0.06153158792966828,0.061663116945313096,28432,28232,False,False,26974,False,False,0.5181,0.1529,results/gate1/scores/058_full_mf1_seed2.npy
58,DISTORTEDapneaecg,DISTORTED,ECG,True,cg055,apneaecg,full,1.0,0,38501,100,200,38501,10000,12239,12308,-0.07993151641123913,0.10286114187593164,0.10298877978459543,28432,28232,False,False,21018,False,False,0.3813,0.1064,results/gate1/scores/058_full_mf1.0_seed0.npy
58,DISTORTEDapneaecg,DISTORTED,ECG,True,cg055,apneaecg,full,1.0,1,38501,100,200,38501,10000,12239,12308,-0.09812287173402418,0.08292766995889082,0.08296697141324431,28432,28232,False,False,21029,False,False,0.3623,0.1035,results/gate1/scores/058_full_mf1.0_seed1.npy
58,DISTORTEDapneaecg,DISTORTED,ECG,True,cg055,apneaecg,full,1.0,2,38501,100,200,38501,10000,12239,12308,-0.0880105825754045,0.09273197195564856,0.09281588493369702,28432,28232,False,False,21017,False,False,0.3543,0.0979,results/gate1/scores/058_full_mf1.0_seed2.npy
58,DISTORTEDapneaecg,DISTORTED,ECG,True,cg055,apneaecg,train_prefix,1,0,10000,100,200,38501,10000,12239,12308,-0.043339248794705465,0.06490217972980315,0.06497029346094566,28432,28232,False,False,32165,False,False,0.1871,0.1396,results/gate1/scores/058_train_prefix_mf1_seed0.npy
58,DISTORTEDapneaecg,DISTORTED,ECG,True,cg055,apneaecg,train_prefix,1,1,10000,100,200,38501,10000,12239,12308,-0.05305471472869222,0.04901869337491484,0.04915623051510095,28432,28232,False,False,27986,False,False,0.1912,0.1599,results/gate1/scores/058_train_prefix_mf1_seed1.npy
58,DISTORTEDapneaecg,DISTORTED,ECG,True,cg055,apneaecg,train_prefix,1,2,10000,100,200,38501,10000,12239,12308,-0.041102325729858724,0.06069965588874617,0.06076025995040683,28432,28232,False,False,27985,False,False,0.1931,0.1611,results/gate1/scores/058_train_prefix_mf1_seed2.npy
58,DISTORTEDapneaecg,DISTORTED,ECG,True,cg055,apneaecg,train_prefix,1.0,0,10000,100,200,38501,10000,12239,12308,-0.08503368456414206,0.09150853622639349,0.09157491318863498,28432,28232,False,False,38207,False,False,0.1654,0.1197,results/gate1/scores/058_train_prefix_mf1.0_seed0.npy
58,DISTORTEDapneaecg,DISTORTED,ECG,True,cg055,apneaecg,train_prefix,1.0,1,10000,100,200,38501,10000,12239,12308,-0.07998494957680086,0.09503081883974583,0.09509906984670254,28432,28232,False,False,21030,False,False,0.1616,0.1251,results/gate1/scores/058_train_prefix_mf1.0_seed1.npy
58,DISTORTEDapneaecg,DISTORTED,ECG,True,cg055,apneaecg,train_prefix,1.0,2,10000,100,200,38501,10000,12239,12308,-0.07738865923012378,0.11181280595486973,0.11191235240560678,28432,28232,False,False,28000,False,False,0.1523,0.1303,results/gate1/scores/058_train_prefix_mf1.0_seed2.npy
59,DISTORTEDgait1,DISTORTED,Gait,False,cg059,gait1,full,1,0,65000,100,200,65000,20000,38499,38800,0.028549442794984503,0.05793633751798879,0.0580193938813995,44699,44499,False,False,53942,False,False,0.8971,0.3217,results/gate1/scores/059_full_mf1_seed0.npy
59,DISTORTEDgait1,DISTORTED,Gait,False,cg059,gait1,full,1,1,65000,100,200,65000,20000,38499,38800,0.015863925434637993,0.0550479382640502,0.055171238173791264,44699,44499,False,False,53914,False,False,0.9474,0.3364,results/gate1/scores/059_full_mf1_seed1.npy
59,DISTORTEDgait1,DISTORTED,Gait,False,cg059,gait1,full,1,2,65000,100,200,65000,20000,38499,38800,0.017422703951864627,0.05702576771601036,0.05708834791005571,44699,44499,False,False,53921,False,False,0.9395,0.3379,results/gate1/scores/059_full_mf1_seed2.npy
59,DISTORTEDgait1,DISTORTED,Gait,False,cg059,gait1,full,1.0,0,65000,100,200,65000,20000,38499,38800,0.02423323937634303,0.04613141820600058,0.04615772849566274,44699,44499,False,False,53928,False,False,0.6374,0.2301,results/gate1/scores/059_full_mf1.0_seed0.npy
59,DISTORTEDgait1,DISTORTED,Gait,False,cg059,gait1,full,1.0,1,65000,100,200,65000,20000,38499,38800,0.025386707454091995,0.0469364073666795,0.0469503281396595,44699,44499,False,False,53913,False,False,0.6012,0.2439,results/gate1/scores/059_full_mf1.0_seed1.npy
59,DISTORTEDgait1,DISTORTED,Gait,False,cg059,gait1,full,1.0,2,65000,100,200,65000,20000,38499,38800,0.02248098986620395,0.03809325552934509,0.03811557809235836,44699,44499,False,False,48425,False,False,0.7018,0.2876,results/gate1/scores/059_full_mf1.0_seed2.npy
59,DISTORTEDgait1,DISTORTED,Gait,False,cg059,gait1,train_prefix,1,0,20000,100,200,65000,20000,38499,38800,0.014443160757462992,0.06627740315180816,0.06646412173509735,44699,44499,False,False,51746,False,False,0.3609,0.3308,results/gate1/scores/059_train_prefix_mf1_seed0.npy
59,DISTORTEDgait1,DISTORTED,Gait,False,cg059,gait1,train_prefix,1,1,20000,100,200,65000,20000,38499,38800,0.013297572929377832,0.06097102677570846,0.061062842128978806,44699,44499,False,False,51745,False,False,0.3654,0.3262,results/gate1/scores/059_train_prefix_mf1_seed1.npy
59,DISTORTEDgait1,DISTORTED,Gait,False,cg059,gait1,train_prefix,1,2,20000,100,200,65000,20000,38499,38800,0.0036641674210110553,0.05700869917375165,0.0570748900369709,44699,44499,False,False,51749,False,False,0.3649,0.324,results/gate1/scores/059_train_prefix_mf1_seed2.npy
59,DISTORTEDgait1,DISTORTED,Gait,False,cg059,gait1,train_prefix,1.0,0,20000,100,200,65000,20000,38499,38800,0.020850303893128586,0.05493679361259505,0.05503997531080759,44699,44499,False,False,53928,False,False,0.2663,0.2027,results/gate1/scores/059_train_prefix_mf1.0_seed0.npy
59,DISTORTEDgait1,DISTORTED,Gait,False,cg059,gait1,train_prefix,1.0,1,20000,100,200,65000,20000,38499,38800,0.018312847203686422,0.0565492811487786,0.05662309393654298,44699,44499,False,False,53916,False,False,0.2506,0.2039,results/gate1/scores/059_train_prefix_mf1.0_seed1.npy
59,DISTORTEDgait1,DISTORTED,Gait,False,cg059,gait1,train_prefix,1.0,2,20000,100,200,65000,20000,38499,38800,0.022666719012263914,0.05362194639463042,0.05382694551216748,44699,44499,False,False,53920,False,False,0.2562,0.2169,results/gate1/scores/059_train_prefix_mf1.0_seed2.npy
60,DISTORTEDgait2,DISTORTED,Gait,False,cg059,gait2,full,1,0,65000,100,200,65000,22000,46499,46800,0.03344238061350924,0.04501655683379941,0.04507274970319898,42699,42499,False,False,28036,False,False,0.9662,0.3358,results/gate1/scores/060_full_mf1_seed0.npy
60,DISTORTEDgait2,DISTORTED,Gait,False,cg059,gait2,full,1,1,65000,100,200,65000,22000,46499,46800,0.03279571378221402,0.040940525697273446,0.04096894926264813,42699,42499,False,False,28033,False,False,0.9591,0.3408,results/gate1/scores/060_full_mf1_seed1.npy
60,DISTORTEDgait2,DISTORTED,Gait,False,cg059,gait2,full,1,2,65000,100,200,65000,22000,46499,46800,0.033315507255578414,0.03939050154722121,0.03946475839415753,42699,42499,False,False,28035,False,False,0.9344,0.3376,results/gate1/scores/060_full_mf1_seed2.npy
60,DISTORTEDgait2,DISTORTED,Gait,False,cg059,gait2,full,1.0,0,65000,100,200,65000,22000,46499,46800,0.029422624092594774,0.0351285222150624,0.035174331478144936,42699,42499,False,False,59648,False,False,0.6233,0.2702,results/gate1/scores/060_full_mf1.0_seed0.npy
60,DISTORTEDgait2,DISTORTED,Gait,False,cg059,gait2,full,1.0,1,65000,100,200,65000,22000,46499,46800,0.043297862666534126,0.034476807027048216,0.03449271581397837,42699,42499,True,True,25801,False,False,0.77,0.2286,results/gate1/scores/060_full_mf1.0_seed1.npy
60,DISTORTEDgait2,DISTORTED,Gait,False,cg059,gait2,full,1.0,2,65000,100,200,65000,22000,46499,46800,0.022883337024565464,0.03377396974006227,0.033175772145710984,42699,42499,False,False,40425,False,False,0.6724,0.2365,results/gate1/scores/060_full_mf1.0_seed2.npy
60,DISTORTEDgait2,DISTORTED,Gait,False,cg059,gait2,train_prefix,1,0,22000,100,200,65000,22000,46499,46800,0.032162118506359416,0.040026008764033165,0.040048064889131006,42699,42499,False,False,28034,False,False,0.4125,0.328,results/gate1/scores/060_train_prefix_mf1_seed0.npy
60,DISTORTEDgait2,DISTORTED,Gait,False,cg059,gait2,train_prefix,1,1,22000,100,200,65000,22000,46499,46800,0.021948185412639876,0.035023213028797205,0.03508381495450167,42699,42499,False,False,28030,False,False,0.3959,0.3292,results/gate1/scores/060_train_prefix_mf1_seed1.npy
60,DISTORTEDgait2,DISTORTED,Gait,False,cg059,gait2,train_prefix,1,2,22000,100,200,65000,22000,46499,46800,0.023460761397673946,0.033477941069701575,0.03349264844890028,42699,42499,False,False,28040,False,False,0.4459,0.3182,results/gate1/scores/060_train_prefix_mf1_seed2.npy
60,DISTORTEDgait2,DISTORTED,Gait,False,cg059,gait2,train_prefix,1.0,0,22000,100,200,65000,22000,46499,46800,0.03866328299383215,0.042218023797760504,0.04233123928431899,42699,42499,False,False,40444,False,False,0.3053,0.2296,results/gate1/scores/060_train_prefix_mf1.0_seed0.npy
60,DISTORTEDgait2,DISTORTED,Gait,False,cg059,gait2,train_prefix,1.0,1,22000,100,200,65000,22000,46499,46800,0.04450589605234467,0.0446129792646987,0.04462393227291123,42699,42499,False,False,61743,False,False,0.2897,0.2177,results/gate1/scores/060_train_prefix_mf1.0_seed1.npy
60,DISTORTEDgait2,DISTORTED,Gait,False,cg059,gait2,train_prefix,1.0,2,22000,100,200,65000,22000,46499,46800,0.030560189848395036,0.039587290575728476,0.039619807542131506,42699,42499,False,False,40427,False,False,0.2982,0.2119,results/gate1/scores/060_train_prefix_mf1.0_seed2.npy
61,DISTORTEDgait3,DISTORTED,Gait,False,cg059,gait3,full,1,0,65000,100,200,65000,24500,59899,60500,0.07938421097915371,0.051033489525885864,0.04675629312340327,39899,39699,True,True,41664,False,False,0.9257,0.329,results/gate1/scores/061_full_mf1_seed0.npy
61,DISTORTEDgait3,DISTORTED,Gait,False,cg059,gait3,full,1,1,65000,100,200,65000,24500,59899,60500,0.04887309771560289,0.04213894849143793,0.038587560494390896,39899,39699,True,True,41675,False,False,0.9426,0.328,results/gate1/scores/061_full_mf1_seed1.npy
61,DISTORTEDgait3,DISTORTED,Gait,False,cg059,gait3,full,1,2,65000,100,200,65000,24500,59899,60500,0.05381557588016195,0.04074106534058455,0.03805910211937781,39899,39699,True,True,41674,False,False,0.94,0.3318,results/gate1/scores/061_full_mf1_seed2.npy
61,DISTORTEDgait3,DISTORTED,Gait,False,cg059,gait3,full,1.0,0,65000,100,200,65000,24500,59899,60500,0.04599579967548861,0.04555428544529743,0.04302639102483087,39899,39699,True,True,41680,False,False,0.666,0.263,results/gate1/scores/061_full_mf1.0_seed0.npy
61,DISTORTEDgait3,DISTORTED,Gait,False,cg059,gait3,full,1.0,1,65000,100,200,65000,24500,59899,60500,0.04759723982803565,0.044281512502944494,0.04144828547974934,39899,39699,True,True,41670,False,False,0.7448,0.2208,results/gate1/scores/061_full_mf1.0_seed1.npy
61,DISTORTEDgait3,DISTORTED,Gait,False,cg059,gait3,full,1.0,2,65000,100,200,65000,24500,59899,60500,0.055869277221786584,0.040993881135578614,0.040075501018986714,39899,39699,True,True,52432,False,False,0.671,0.2266,results/gate1/scores/061_full_mf1.0_seed2.npy
61,DISTORTEDgait3,DISTORTED,Gait,False,cg059,gait3,train_prefix,1,0,24500,100,200,65000,24500,59899,60500,0.06844313276709668,0.05304834443944219,0.048256342743860356,39899,39699,True,True,41663,False,False,0.428,0.319,results/gate1/scores/061_train_prefix_mf1_seed0.npy
61,DISTORTEDgait3,DISTORTED,Gait,False,cg059,gait3,train_prefix,1,1,24500,100,200,65000,24500,59899,60500,0.05073412659887411,0.04243560435885941,0.038520704192297216,39899,39699,True,True,41665,False,False,0.4217,0.3325,results/gate1/scores/061_train_prefix_mf1_seed1.npy
61,DISTORTEDgait3,DISTORTED,Gait,False,cg059,gait3,train_prefix,1,2,24500,100,200,65000,24500,59899,60500,0.05525966095077961,0.041397562908175915,0.037737070538403875,39899,39699,True,True,41669,False,False,0.4102,0.309,results/gate1/scores/061_train_prefix_mf1_seed2.npy
61,DISTORTEDgait3,DISTORTED,Gait,False,cg059,gait3,train_prefix,1.0,0,24500,100,200,65000,24500,59899,60500,0.056355003461590725,0.05231976406565723,0.049031499413256956,39899,39699,True,True,41677,False,False,0.3247,0.2008,results/gate1/scores/061_train_prefix_mf1.0_seed0.npy
61,DISTORTEDgait3,DISTORTED,Gait,False,cg059,gait3,train_prefix,1.0,1,24500,100,200,65000,24500,59899,60500,0.05586539870271712,0.05094072821207063,0.047826869893870416,39899,39699,True,True,41663,False,False,0.3133,0.2094,results/gate1/scores/061_train_prefix_mf1.0_seed1.npy
61,DISTORTEDgait3,DISTORTED,Gait,False,cg059,gait3,train_prefix,1.0,2,24500,100,200,65000,24500,59899,60500,0.05228652641024456,0.043234722604329916,0.0419862251270521,39899,39699,True,True,52438,False,False,0.3146,0.2529,results/gate1/scores/061_train_prefix_mf1.0_seed2.npy
62,DISTORTEDgaitHunt1,DISTORTED,Gait,False,cg062,gaitHunt1,full,1,0,64000,100,200,64000,18500,33069,33180,0.03304313169080597,0.04724132203087978,0.04729581394121162,45389,45189,False,False,29077,False,False,0.9152,0.3189,results/gate1/scores/062_full_mf1_seed0.npy
62,DISTORTEDgaitHunt1,DISTORTED,Gait,False,cg062,gaitHunt1,full,1,1,64000,100,200,64000,18500,33069,33180,0.023832913581731008,0.04762595370855366,0.047645293465905104,45389,45189,False,False,29083,False,False,0.9149,0.3244,results/gate1/scores/062_full_mf1_seed1.npy
62,DISTORTEDgaitHunt1,DISTORTED,Gait,False,cg062,gaitHunt1,full,1,2,64000,100,200,64000,18500,33069,33180,0.0242306969515651,0.0432319815287796,0.04335952420236111,45389,45189,False,False,29081,False,False,0.8958,0.3226,results/gate1/scores/062_full_mf1_seed2.npy
62,DISTORTEDgaitHunt1,DISTORTED,Gait,False,cg062,gaitHunt1,full,1.0,0,64000,100,200,64000,18500,33069,33180,0.0435005411383127,0.039989299953789165,0.03973390046065677,45389,45189,True,True,29093,False,False,0.706,0.3201,results/gate1/scores/062_full_mf1.0_seed0.npy
62,DISTORTEDgaitHunt1,DISTORTED,Gait,False,cg062,gaitHunt1,full,1.0,1,64000,100,200,64000,18500,33069,33180,0.03481276673089695,0.039794257962441286,0.03976000549733735,45389,45189,False,False,61658,False,False,0.6033,0.2639,results/gate1/scores/062_full_mf1.0_seed1.npy
62,DISTORTEDgaitHunt1,DISTORTED,Gait,False,cg062,gaitHunt1,full,1.0,2,64000,100,200,64000,18500,33069,33180,0.03885022407918681,0.0342884854783064,0.0342884854783064,45389,45189,True,True,20148,False,False,0.5683,0.1947,results/gate1/scores/062_full_mf1.0_seed2.npy
62,DISTORTEDgaitHunt1,DISTORTED,Gait,False,cg062,gaitHunt1,train_prefix,1,0,18500,100,200,64000,18500,33069,33180,0.035924541819901123,0.0491738381576752,0.04934787751249315,45389,45189,False,False,29080,False,False,0.3268,0.2959,results/gate1/scores/062_train_prefix_mf1_seed0.npy
62,DISTORTEDgaitHunt1,DISTORTED,Gait,False,cg062,gaitHunt1,train_prefix,1,1,18500,100,200,64000,18500,33069,33180,0.028527034326177425,0.04871282675560689,0.048840759250400975,45389,45189,False,False,29096,False,False,0.3164,0.3088,results/gate1/scores/062_train_prefix_mf1_seed1.npy
62,DISTORTEDgaitHunt1,DISTORTED,Gait,False,cg062,gaitHunt1,train_prefix,1,2,18500,100,200,64000,18500,33069,33180,0.021464936668910806,0.04750918166822595,0.04756366931175809,45389,45189,False,False,29086,False,False,0.3264,0.3143,results/gate1/scores/062_train_prefix_mf1_seed2.npy
62,DISTORTEDgaitHunt1,DISTORTED,Gait,False,cg062,gaitHunt1,train_prefix,1.0,0,18500,100,200,64000,18500,33069,33180,0.05355869107213829,0.045852359592258723,0.04592000971041261,45389,45189,True,True,20134,False,False,0.2536,0.2185,results/gate1/scores/062_train_prefix_mf1.0_seed0.npy
62,DISTORTEDgaitHunt1,DISTORTED,Gait,False,cg062,gaitHunt1,train_prefix,1.0,1,18500,100,200,64000,18500,33069,33180,0.032605845114214604,0.038782536372965394,0.038874943605514356,45389,45189,False,False,61656,False,False,0.2673,0.2479,results/gate1/scores/062_train_prefix_mf1.0_seed1.npy
62,DISTORTEDgaitHunt1,DISTORTED,Gait,False,cg062,gaitHunt1,train_prefix,1.0,2,18500,100,200,64000,18500,33069,33180,0.051649089145395344,0.038424929840529,0.03845607527453425,45389,45189,True,True,20139,False,False,0.2574,0.2323,results/gate1/scores/062_train_prefix_mf1.0_seed2.npy
63,DISTORTEDgaitHunt2,DISTORTED,Gait,False,cg062,gaitHunt2,full,1,0,64000,100,200,64000,18500,31199,31850,0.038500374305333485,0.042444932156821685,0.04246020745178328,44849,44649,False,False,35441,False,False,0.8195,0.3027,results/gate1/scores/063_full_mf1_seed0.npy
63,DISTORTEDgaitHunt2,DISTORTED,Gait,False,cg062,gaitHunt2,full,1,1,64000,100,200,64000,18500,31199,31850,0.05115496832634581,0.04121704263981873,0.04128409530400086,44849,44649,True,True,35425,False,False,0.8202,0.3029,results/gate1/scores/063_full_mf1_seed1.npy
63,DISTORTEDgaitHunt2,DISTORTED,Gait,False,cg062,gaitHunt2,full,1,2,64000,100,200,64000,18500,31199,31850,0.03956500112912953,0.03955629337546665,0.03958592788811111,44849,44649,True,False,35424,False,False,0.8273,0.2969,results/gate1/scores/063_full_mf1_seed2.npy
63,DISTORTEDgaitHunt2,DISTORTED,Gait,False,cg062,gaitHunt2,full,1.0,0,64000,100,200,64000,18500,31199,31850,0.03908375881519932,0.04190883754967996,0.04204082476252139,44849,44649,False,False,35418,False,False,0.5245,0.1908,results/gate1/scores/063_full_mf1.0_seed0.npy
63,DISTORTEDgaitHunt2,DISTORTED,Gait,False,cg062,gaitHunt2,full,1.0,1,64000,100,200,64000,18500,31199,31850,0.04181033892687491,0.03951579458140599,0.03955470371318905,44849,44649,True,True,35431,False,False,0.5581,0.1931,results/gate1/scores/063_full_mf1.0_seed1.npy
63,DISTORTEDgaitHunt2,DISTORTED,Gait,False,cg062,gaitHunt2,full,1.0,2,64000,100,200,64000,18500,31199,31850,0.04979518508894132,0.03618205018873398,0.03627335323817056,44849,44649,True,True,35423,False,False,0.5658,0.2209,results/gate1/scores/063_full_mf1.0_seed2.npy
63,DISTORTEDgaitHunt2,DISTORTED,Gait,False,cg062,gaitHunt2,train_prefix,1,0,18500,100,200,64000,18500,31199,31850,0.05013502186815311,0.0549872063474206,0.055028480521448216,44849,44649,False,False,35440,False,False,0.3925,0.3167,results/gate1/scores/063_train_prefix_mf1_seed0.npy
63,DISTORTEDgaitHunt2,DISTORTED,Gait,False,cg062,gaitHunt2,train_prefix,1,1,18500,100,200,64000,18500,31199,31850,0.05328032143044348,0.052288640852959214,0.05232751176105639,44849,44649,True,True,35426,False,False,0.3419,0.3286,results/gate1/scores/063_train_prefix_mf1_seed1.npy
63,DISTORTEDgaitHunt2,DISTORTED,Gait,False,cg062,gaitHunt2,train_prefix,1,2,18500,100,200,64000,18500,31199,31850,0.04780031236532778,0.04962098155909661,0.04979205065799327,44849,44649,False,False,35428,False,False,0.3324,0.3066,results/gate1/scores/063_train_prefix_mf1_seed2.npy
63,DISTORTEDgaitHunt2,DISTORTED,Gait,False,cg062,gaitHunt2,train_prefix,1.0,0,18500,100,200,64000,18500,31199,31850,0.03337586633684497,0.048818782134017885,0.048825615283952226,44849,44649,False,False,35422,False,False,0.2116,0.1742,results/gate1/scores/063_train_prefix_mf1.0_seed0.npy
63,DISTORTEDgaitHunt2,DISTORTED,Gait,False,cg062,gaitHunt2,train_prefix,1.0,1,18500,100,200,64000,18500,31199,31850,0.04320614988470495,0.044732681742727536,0.04479112596672318,44849,44649,False,False,35401,False,False,0.2313,0.1761,results/gate1/scores/063_train_prefix_mf1.0_seed1.npy
63,DISTORTEDgaitHunt2,DISTORTED,Gait,False,cg062,gaitHunt2,train_prefix,1.0,2,18500,100,200,64000,18500,31199,31850,0.045170235801668235,0.04222162051867251,0.04224919590802167,44849,44649,True,True,35415,False,False,0.2305,0.1826,results/gate1/scores/063_train_prefix_mf1.0_seed2.npy
64,DISTORTEDgaitHunt3,DISTORTED,Gait,False,cg062,gaitHunt3,full,1,0,64000,100,200,64000,23400,38399,39200,0.06681963643162536,0.044775653979925556,0.04398971620945469,39799,39599,True,True,63826,False,False,0.8088,0.2924,results/gate1/scores/064_full_mf1_seed0.npy
64,DISTORTEDgaitHunt3,DISTORTED,Gait,False,cg062,gaitHunt3,full,1,1,64000,100,200,64000,23400,38399,39200,0.056931594056229606,0.04073152376547961,0.03989160384772075,39799,39599,True,True,28156,False,False,0.815,0.2957,results/gate1/scores/064_full_mf1_seed1.npy
64,DISTORTEDgaitHunt3,DISTORTED,Gait,False,cg062,gaitHunt3,full,1,2,64000,100,200,64000,23400,38399,39200,0.06364078591066558,0.03991495575104472,0.039747425711391206,39799,39599,True,True,28156,False,False,0.865,0.2977,results/gate1/scores/064_full_mf1_seed2.npy
64,DISTORTEDgaitHunt3,DISTORTED,Gait,False,cg062,gaitHunt3,full,1.0,0,64000,100,200,64000,23400,38399,39200,0.0478002659499529,0.03677583764767232,0.035939714703844224,39799,39599,True,True,28157,False,False,0.5782,0.2035,results/gate1/scores/064_full_mf1.0_seed0.npy
64,DISTORTEDgaitHunt3,DISTORTED,Gait,False,cg062,gaitHunt3,full,1.0,1,64000,100,200,64000,23400,38399,39200,0.036579874321023054,0.037158862151210996,0.03632986892260614,39799,39599,False,True,28162,False,False,0.5545,0.2162,results/gate1/scores/064_full_mf1.0_seed1.npy
64,DISTORTEDgaitHunt3,DISTORTED,Gait,False,cg062,gaitHunt3,full,1.0,2,64000,100,200,64000,23400,38399,39200,0.050365192072371,0.037562904093411065,0.036867488070468885,39799,39599,True,True,28157,False,False,0.5885,0.2221,results/gate1/scores/064_full_mf1.0_seed2.npy
64,DISTORTEDgaitHunt3,DISTORTED,Gait,False,cg062,gaitHunt3,train_prefix,1,0,23400,100,200,64000,23400,38399,39200,0.08251547069338694,0.04519114547179603,0.044415073840272074,39799,39599,True,True,39063,True,True,0.404,0.2875,results/gate1/scores/064_train_prefix_mf1_seed0.npy
64,DISTORTEDgaitHunt3,DISTORTED,Gait,False,cg062,gaitHunt3,train_prefix,1,1,23400,100,200,64000,23400,38399,39200,0.06163287488389879,0.03794324015057698,0.037216188031697045,39799,39599,True,True,28154,False,False,0.354,0.2822,results/gate1/scores/064_train_prefix_mf1_seed1.npy
64,DISTORTEDgaitHunt3,DISTORTED,Gait,False,cg062,gaitHunt3,train_prefix,1,2,23400,100,200,64000,23400,38399,39200,0.07040940133125129,0.04123949408032381,0.04053250750482493,39799,39599,True,True,28156,False,False,0.3553,0.3017,results/gate1/scores/064_train_prefix_mf1_seed2.npy
64,DISTORTEDgaitHunt3,DISTORTED,Gait,False,cg062,gaitHunt3,train_prefix,1.0,0,23400,100,200,64000,23400,38399,39200,0.052574710807281155,0.03961180672447128,0.038155464760274045,39799,39599,True,True,28158,False,False,0.2718,0.1785,results/gate1/scores/064_train_prefix_mf1.0_seed0.npy
64,DISTORTEDgaitHunt3,DISTORTED,Gait,False,cg062,gaitHunt3,train_prefix,1.0,1,23400,100,200,64000,23400,38399,39200,0.04474857702885504,0.03845402041960627,0.03726780501961722,39799,39599,True,True,28156,False,False,0.2697,0.1881,results/gate1/scores/064_train_prefix_mf1.0_seed1.npy
64,DISTORTEDgaitHunt3,DISTORTED,Gait,False,cg062,gaitHunt3,train_prefix,1.0,2,23400,100,200,64000,23400,38399,39200,0.05204318759611848,0.03800662301295469,0.036867415463353245,39799,39599,True,True,28157,False,False,0.2811,0.1804,results/gate1/scores/064_train_prefix_mf1.0_seed2.npy
65,DISTORTEDinsectEPG1,DISTORTED,EPG,False,cg065,insectEPG1,full,1,0,10001,100,200,10001,3000,6999,7030,0.0035832883080315625,0.019775997836428583,0.020064765123772144,6970,6770,False,False,7409,False,False,0.2252,0.0588,results/gate1/scores/065_full_mf1_seed0.npy
65,DISTORTEDinsectEPG1,DISTORTED,EPG,False,cg065,insectEPG1,full,1,1,10001,100,200,10001,3000,6999,7030,-0.003933521109714899,0.018009633923986745,0.018097893555595233,6970,6770,False,False,7438,False,False,0.2257,0.0617,results/gate1/scores/065_full_mf1_seed1.npy
65,DISTORTEDinsectEPG1,DISTORTED,EPG,False,cg065,insectEPG1,full,1,2,10001,100,200,10001,3000,6999,7030,-0.006388071290072461,0.016800069373529448,0.016956802295662717,6970,6770,False,False,7464,False,False,0.2395,0.0623,results/gate1/scores/065_full_mf1_seed2.npy
65,DISTORTEDinsectEPG1,DISTORTED,EPG,False,cg065,insectEPG1,full,1.0,0,10001,100,200,10001,3000,6999,7030,0.011158371565557546,0.026974818764374634,0.027383989732652103,6970,6770,False,False,6340,False,False,0.1941,0.0447,results/gate1/scores/065_full_mf1.0_seed0.npy
65,DISTORTEDinsectEPG1,DISTORTED,EPG,False,cg065,insectEPG1,full,1.0,1,10001,100,200,10001,3000,6999,7030,-0.0026482976639186084,0.028969115257332322,0.02946619247957265,6970,6770,False,False,6348,False,False,0.1955,0.045,results/gate1/scores/065_full_mf1.0_seed1.npy
65,DISTORTEDinsectEPG1,DISTORTED,EPG,False,cg065,insectEPG1,full,1.0,2,10001,100,200,10001,3000,6999,7030,0.0008013312016099672,0.027648800263289183,0.028398256111812306,6970,6770,False,False,6322,False,False,0.1975,0.0471,results/gate1/scores/065_full_mf1.0_seed2.npy
65,DISTORTEDinsectEPG1,DISTORTED,EPG,False,cg065,insectEPG1,train_prefix,1,0,3000,100,200,10001,3000,6999,7030,-0.003488999508541868,0.02351854349976361,0.023748499997708856,6970,6770,False,False,7384,False,False,0.1275,0.0599,results/gate1/scores/065_train_prefix_mf1_seed0.npy
65,DISTORTEDinsectEPG1,DISTORTED,EPG,False,cg065,insectEPG1,train_prefix,1,1,3000,100,200,10001,3000,6999,7030,-0.00025625196097411873,0.020924786897376355,0.02125410714434991,6970,6770,False,False,7465,False,False,0.1279,0.0659,results/gate1/scores/065_train_prefix_mf1_seed1.npy
65,DISTORTEDinsectEPG1,DISTORTED,EPG,False,cg065,insectEPG1,train_prefix,1,2,3000,100,200,10001,3000,6999,7030,0.001622812263198492,0.022038511548565287,0.022157356999814363,6970,6770,False,False,7399,False,False,0.1223,0.0556,results/gate1/scores/065_train_prefix_mf1_seed2.npy
65,DISTORTEDinsectEPG1,DISTORTED,EPG,False,cg065,insectEPG1,train_prefix,1.0,0,3000,100,200,10001,3000,6999,7030,0.0033747755481992048,0.027907158020311015,0.028588742363112,6970,6770,False,False,6350,False,False,0.1138,0.0459,results/gate1/scores/065_train_prefix_mf1.0_seed0.npy
65,DISTORTEDinsectEPG1,DISTORTED,EPG,False,cg065,insectEPG1,train_prefix,1.0,1,3000,100,200,10001,3000,6999,7030,0.003041827296231925,0.026248533632901486,0.026509858709282522,6970,6770,False,False,6338,False,False,0.1219,0.0462,results/gate1/scores/065_train_prefix_mf1.0_seed1.npy
65,DISTORTEDinsectEPG1,DISTORTED,EPG,False,cg065,insectEPG1,train_prefix,1.0,2,3000,100,200,10001,3000,6999,7030,0.0004710233642835071,0.027217615830441626,0.027397909434788537,6970,6770,False,False,6329,False,False,0.1155,0.0464,results/gate1/scores/065_train_prefix_mf1.0_seed2.npy
66,DISTORTEDinsectEPG2,DISTORTED,EPG,False,cg065,insectEPG2,full,1,0,9998,100,200,9998,3700,7999,8025,0.028923453120093923,0.028640313413050882,0.029008749789197097,6272,6072,True,False,6325,False,False,0.2364,0.0637,results/gate1/scores/066_full_mf1_seed0.npy
66,DISTORTEDinsectEPG2,DISTORTED,EPG,False,cg065,insectEPG2,full,1,1,9998,100,200,9998,3700,7999,8025,0.014341042578194907,0.02949988441903993,0.0304899798410528,6272,6072,False,False,6323,False,False,0.2334,0.0623,results/gate1/scores/066_full_mf1_seed1.npy
66,DISTORTEDinsectEPG2,DISTORTED,EPG,False,cg065,insectEPG2,full,1,2,9998,100,200,9998,3700,7999,8025,0.012265848469137475,0.028256158497265524,0.028595130258650674,6272,6072,False,False,6314,False,False,0.2326,0.062,results/gate1/scores/066_full_mf1_seed2.npy
66,DISTORTEDinsectEPG2,DISTORTED,EPG,False,cg065,insectEPG2,full,1.0,0,9998,100,200,9998,3700,7999,8025,0.038316787678398856,0.04694326634078549,0.04772998358058388,6272,6072,False,False,6323,False,False,0.1949,0.0477,results/gate1/scores/066_full_mf1.0_seed0.npy
66,DISTORTEDinsectEPG2,DISTORTED,EPG,False,cg065,insectEPG2,full,1.0,1,9998,100,200,9998,3700,7999,8025,0.037551940929940186,0.04682911063458211,0.04746716431552667,6272,6072,False,False,6316,False,False,0.2034,0.045,results/gate1/scores/066_full_mf1.0_seed1.npy
66,DISTORTEDinsectEPG2,DISTORTED,EPG,False,cg065,insectEPG2,full,1.0,2,9998,100,200,9998,3700,7999,8025,0.029206095280661093,0.044900474567121616,0.045741080220823564,6272,6072,False,False,6329,False,False,0.2005,0.0456,results/gate1/scores/066_full_mf1.0_seed2.npy
66,DISTORTEDinsectEPG2,DISTORTED,EPG,False,cg065,insectEPG2,train_prefix,1,0,3700,100,200,9998,3700,7999,8025,0.03582867625024444,0.03854130759511307,0.03946462716226099,6272,6072,False,False,6324,False,False,0.1313,0.0573,results/gate1/scores/066_train_prefix_mf1_seed0.npy
66,DISTORTEDinsectEPG2,DISTORTED,EPG,False,cg065,insectEPG2,train_prefix,1,1,3700,100,200,9998,3700,7999,8025,0.021818451777786962,0.03674187390324532,0.03721152046372356,6272,6072,False,False,6330,False,False,0.1308,0.0603,results/gate1/scores/066_train_prefix_mf1_seed1.npy
66,DISTORTEDinsectEPG2,DISTORTED,EPG,False,cg065,insectEPG2,train_prefix,1,2,3700,100,200,9998,3700,7999,8025,0.01925742004044384,0.03449323791057133,0.03472244140107655,6272,6072,False,False,6317,False,False,0.1382,0.061,results/gate1/scores/066_train_prefix_mf1_seed2.npy
66,DISTORTEDinsectEPG2,DISTORTED,EPG,False,cg065,insectEPG2,train_prefix,1.0,0,3700,100,200,9998,3700,7999,8025,0.033103127606532445,0.050343376821847724,0.050695388489578413,6272,6072,False,False,6321,False,False,0.1216,0.0474,results/gate1/scores/066_train_prefix_mf1.0_seed0.npy
66,DISTORTEDinsectEPG2,DISTORTED,EPG,False,cg065,insectEPG2,train_prefix,1.0,1,3700,100,200,9998,3700,7999,8025,0.03168933703265531,0.05207145473918474,0.052680541159130366,6272,6072,False,False,6328,False,False,0.1235,0.0479,results/gate1/scores/066_train_prefix_mf1.0_seed1.npy
66,DISTORTEDinsectEPG2,DISTORTED,EPG,False,cg065,insectEPG2,train_prefix,1.0,2,3700,100,200,9998,3700,7999,8025,0.04581631579797618,0.052920282659914344,0.05362330925659236,6272,6072,False,False,6322,False,False,0.12,0.0484,results/gate1/scores/066_train_prefix_mf1.0_seed2.npy
67,DISTORTEDinsectEPG3,DISTORTED,EPG,False,cg065,insectEPG3,full,1,0,9998,100,200,9998,5200,6999,7050,0.014715354772411482,0.024952000953076085,0.025101183994293307,4747,4547,False,False,6359,False,False,0.2348,0.0593,results/gate1/scores/067_full_mf1_seed0.npy
67,DISTORTEDinsectEPG3,DISTORTED,EPG,False,cg065,insectEPG3,full,1,1,9998,100,200,9998,5200,6999,7050,0.023676182358724485,0.022008842011821027,0.02209938393350579,4747,4547,True,True,6352,False,False,0.2358,0.061,results/gate1/scores/067_full_mf1_seed1.npy
67,DISTORTEDinsectEPG3,DISTORTED,EPG,False,cg065,insectEPG3,full,1,2,9998,100,200,9998,5200,6999,7050,0.025188450936688977,0.022066381426940614,0.022140670045329294,4747,4547,True,True,6316,False,False,0.2356,0.0595,results/gate1/scores/067_full_mf1_seed2.npy
67,DISTORTEDinsectEPG3,DISTORTED,EPG,False,cg065,insectEPG3,full,1.0,0,9998,100,200,9998,5200,6999,7050,0.017480103691017046,0.03891444736377547,0.04027457809455362,4747,4547,False,False,6360,False,False,0.1952,0.0448,results/gate1/scores/067_full_mf1.0_seed0.npy
67,DISTORTEDinsectEPG3,DISTORTED,EPG,False,cg065,insectEPG3,full,1.0,1,9998,100,200,9998,5200,6999,7050,0.020561999408828302,0.04271367344217367,0.043351288830356514,4747,4547,False,False,6333,False,False,0.1871,0.0455,results/gate1/scores/067_full_mf1.0_seed1.npy
67,DISTORTEDinsectEPG3,DISTORTED,EPG,False,cg065,insectEPG3,full,1.0,2,9998,100,200,9998,5200,6999,7050,0.016985707017230123,0.03748541520750363,0.03776169439121992,4747,4547,False,False,6337,False,False,0.2006,0.0473,results/gate1/scores/067_full_mf1.0_seed2.npy
67,DISTORTEDinsectEPG3,DISTORTED,EPG,False,cg065,insectEPG3,train_prefix,1,0,5200,100,200,9998,5200,6999,7050,0.024744813709273172,0.03292538218011247,0.03308557000946191,4747,4547,False,False,6354,False,False,0.1576,0.0608,results/gate1/scores/067_train_prefix_mf1_seed0.npy
67,DISTORTEDinsectEPG3,DISTORTED,EPG,False,cg065,insectEPG3,train_prefix,1,1,5200,100,200,9998,5200,6999,7050,0.026385716115231772,0.029261780209155392,0.029519968680101375,4747,4547,False,False,6321,False,False,0.166,0.0617,results/gate1/scores/067_train_prefix_mf1_seed1.npy
67,DISTORTEDinsectEPG3,DISTORTED,EPG,False,cg065,insectEPG3,train_prefix,1,2,5200,100,200,9998,5200,6999,7050,0.027586525648597315,0.030315934332508752,0.030564590590674377,4747,4547,False,False,6334,False,False,0.1621,0.0591,results/gate1/scores/067_train_prefix_mf1_seed2.npy
67,DISTORTEDinsectEPG3,DISTORTED,EPG,False,cg065,insectEPG3,train_prefix,1.0,0,5200,100,200,9998,5200,6999,7050,0.0304663974864004,0.04625584152653727,0.046608264708700706,4747,4547,False,False,6330,False,False,0.1446,0.046,results/gate1/scores/067_train_prefix_mf1.0_seed0.npy
67,DISTORTEDinsectEPG3,DISTORTED,EPG,False,cg065,insectEPG3,train_prefix,1.0,1,5200,100,200,9998,5200,6999,7050,0.034700795136459406,0.0475721935509585,0.047931148989226985,4747,4547,False,False,6353,False,False,0.1456,0.0468,results/gate1/scores/067_train_prefix_mf1.0_seed1.npy
67,DISTORTEDinsectEPG3,DISTORTED,EPG,False,cg065,insectEPG3,train_prefix,1.0,2,5200,100,200,9998,5200,6999,7050,0.043775249021843154,0.04550409001291234,0.04701205800766249,4747,4547,False,False,6332,False,False,0.1468,0.0498,results/gate1/scores/067_train_prefix_mf1.0_seed2.npy
68,DISTORTEDinsectEPG4,DISTORTED,EPG,False,cg065,insectEPG4,full,1,0,9998,100,200,9998,1300,6507,6558,0.006364114041624069,0.015645537725303114,0.015817714071939826,8647,8447,False,False,6325,False,False,0.2374,0.0626,results/gate1/scores/068_full_mf1_seed0.npy
68,DISTORTEDinsectEPG4,DISTORTED,EPG,False,cg065,insectEPG4,full,1,1,9998,100,200,9998,1300,6507,6558,0.009305538692317095,0.013648334509420403,0.013847581885603694,8647,8447,False,False,7846,False,False,0.2379,0.0619,results/gate1/scores/068_full_mf1_seed1.npy
68,DISTORTEDinsectEPG4,DISTORTED,EPG,False,cg065,insectEPG4,full,1,2,9998,100,200,9998,1300,6507,6558,0.008451739214370368,0.013482981667211161,0.01352555286925419,8647,8447,False,False,7820,False,False,0.2435,0.0636,results/gate1/scores/068_full_mf1_seed2.npy
68,DISTORTEDinsectEPG4,DISTORTED,EPG,False,cg065,insectEPG4,full,1.0,0,9998,100,200,9998,1300,6507,6558,-0.0005211639724228001,0.02780762391226882,0.027907243616301532,8647,8447,False,False,6322,False,False,0.1938,0.0462,results/gate1/scores/068_full_mf1.0_seed0.npy
68,DISTORTEDinsectEPG4,DISTORTED,EPG,False,cg065,insectEPG4,full,1.0,1,9998,100,200,9998,1300,6507,6558,0.008762852170993818,0.024125996312274117,0.024829596667086663,8647,8447,False,False,6327,False,False,0.1974,0.0478,results/gate1/scores/068_full_mf1.0_seed1.npy
68,DISTORTEDinsectEPG4,DISTORTED,EPG,False,cg065,insectEPG4,full,1.0,2,9998,100,200,9998,1300,6507,6558,0.008492397829548914,0.02967649318910854,0.030103268660188687,8647,8447,False,False,7837,False,False,0.1964,0.0506,results/gate1/scores/068_full_mf1.0_seed2.npy
68,DISTORTEDinsectEPG4,DISTORTED,EPG,False,cg065,insectEPG4,train_prefix,1,0,1300,100,200,9998,1300,6507,6558,0.004099263857592406,0.017771763979937558,0.01790260405577407,8647,8447,False,False,7805,False,False,0.0993,0.0641,results/gate1/scores/068_train_prefix_mf1_seed0.npy
68,DISTORTEDinsectEPG4,DISTORTED,EPG,False,cg065,insectEPG4,train_prefix,1,1,1300,100,200,9998,1300,6507,6558,0.000697438856192667,0.017863730918686017,0.01801088486676397,8647,8447,False,False,7822,False,False,0.1,0.0621,results/gate1/scores/068_train_prefix_mf1_seed1.npy
68,DISTORTEDinsectEPG4,DISTORTED,EPG,False,cg065,insectEPG4,train_prefix,1,2,1300,100,200,9998,1300,6507,6558,0.012385338873357132,0.01878324507341044,0.01884040213155385,8647,8447,False,False,7821,False,False,0.0998,0.0615,results/gate1/scores/068_train_prefix_mf1_seed2.npy
68,DISTORTEDinsectEPG4,DISTORTED,EPG,False,cg065,insectEPG4,train_prefix,1.0,0,1300,100,200,9998,1300,6507,6558,0.001267107304040782,0.02895149001071566,0.02902282631218807,8647,8447,False,False,6336,False,False,0.1007,0.049,results/gate1/scores/068_train_prefix_mf1.0_seed0.npy
68,DISTORTEDinsectEPG4,DISTORTED,EPG,False,cg065,insectEPG4,train_prefix,1.0,1,1300,100,200,9998,1300,6507,6558,0.00830094460476638,0.029541663901276702,0.029715586969992158,8647,8447,False,False,6326,False,False,0.0986,0.0484,results/gate1/scores/068_train_prefix_mf1.0_seed1.npy
68,DISTORTEDinsectEPG4,DISTORTED,EPG,False,cg065,insectEPG4,train_prefix,1.0,2,1300,100,200,9998,1300,6507,6558,0.00515904504214082,0.02769237750757866,0.028014281640987536,8647,8447,False,False,6333,False,False,0.0959,0.0475,results/gate1/scores/068_train_prefix_mf1.0_seed2.npy
69,DISTORTEDinsectEPG5,DISTORTED,EPG,False,cg065,insectEPG5,full,1,0,10028,100,200,10028,3200,8499,8501,-0.002704412094489239,0.015370958547479663,0.015431552310590485,6826,6626,False,False,6324,False,False,0.2406,0.0649,results/gate1/scores/069_full_mf1_seed0.npy
69,DISTORTEDinsectEPG5,DISTORTED,EPG,False,cg065,insectEPG5,full,1,1,10028,100,200,10028,3200,8499,8501,0.002614435526292924,0.02081321523388835,0.02081321523388835,6826,6626,False,False,7286,False,False,0.2477,0.0636,results/gate1/scores/069_full_mf1_seed1.npy
69,DISTORTEDinsectEPG5,DISTORTED,EPG,False,cg065,insectEPG5,full,1,2,10028,100,200,10028,3200,8499,8501,-0.008428032881222958,0.015016000845318817,0.015256706292851169,6826,6626,False,False,6338,False,False,0.2368,0.0634,results/gate1/scores/069_full_mf1_seed2.npy
69,DISTORTEDinsectEPG5,DISTORTED,EPG,False,cg065,insectEPG5,full,1.0,0,10028,100,200,10028,3200,8499,8501,0.0478596850470453,0.04420821034237951,0.022057308624516964,6826,6626,True,True,8507,True,True,0.2053,0.0479,results/gate1/scores/069_full_mf1.0_seed0.npy
69,DISTORTEDinsectEPG5,DISTORTED,EPG,False,cg065,insectEPG5,full,1.0,1,10028,100,200,10028,3200,8499,8501,0.0496007782466632,0.04341384569910059,0.022988802392685498,6826,6626,True,True,8519,True,True,0.2049,0.0492,results/gate1/scores/069_full_mf1.0_seed1.npy
69,DISTORTEDinsectEPG5,DISTORTED,EPG,False,cg065,insectEPG5,full,1.0,2,10028,100,200,10028,3200,8499,8501,0.05607373913254876,0.0457748267284718,0.023103485858388034,6826,6626,True,True,8516,True,True,0.1898,0.0443,results/gate1/scores/069_full_mf1.0_seed2.npy
69,DISTORTEDinsectEPG5,DISTORTED,EPG,False,cg065,insectEPG5,train_prefix,1,0,3200,100,200,10028,3200,8499,8501,-0.0006905947890826214,0.021514203133138482,0.021551482975939312,6826,6626,False,False,6325,False,False,0.1274,0.0625,results/gate1/scores/069_train_prefix_mf1_seed0.npy
69,DISTORTEDinsectEPG5,DISTORTED,EPG,False,cg065,insectEPG5,train_prefix,1,1,3200,100,200,10028,3200,8499,8501,-0.0020398707063774557,0.02201377319567785,0.022349605894789515,6826,6626,False,False,7282,False,False,0.1302,0.0639,results/gate1/scores/069_train_prefix_mf1_seed1.npy
69,DISTORTEDinsectEPG5,DISTORTED,EPG,False,cg065,insectEPG5,train_prefix,1,2,3200,100,200,10028,3200,8499,8501,-0.005085721344252558,0.020970783053966296,0.021101999174306302,6826,6626,False,False,7269,False,False,0.1287,0.0638,results/gate1/scores/069_train_prefix_mf1_seed2.npy
69,DISTORTEDinsectEPG5,DISTORTED,EPG,False,cg065,insectEPG5,train_prefix,1.0,0,3200,100,200,10028,3200,8499,8501,0.04557552726559466,0.04137591632076115,0.02963308096949649,6826,6626,True,True,8516,True,True,0.139,0.0476,results/gate1/scores/069_train_prefix_mf1.0_seed0.npy
69,DISTORTEDinsectEPG5,DISTORTED,EPG,False,cg065,insectEPG5,train_prefix,1.0,1,3200,100,200,10028,3200,8499,8501,0.043539456835286816,0.04466513160989227,0.031219286068624563,6826,6626,False,True,8539,True,True,0.1219,0.0494,results/gate1/scores/069_train_prefix_mf1.0_seed1.npy
69,DISTORTEDinsectEPG5,DISTORTED,EPG,False,cg065,insectEPG5,train_prefix,1.0,2,3200,100,200,10028,3200,8499,8501,0.039780552056396634,0.045831605342072396,0.03187677817682444,6826,6626,False,True,8517,True,True,0.1213,0.0448,results/gate1/scores/069_train_prefix_mf1.0_seed2.npy
70,DISTORTEDltstdbs30791AI,DISTORTED,ECG,True,cg070,ltstdbs30791AI,full,1,0,56123,100,200,56123,17555,52599,52800,0.15535161385459456,0.04352591682672881,0.043782059653162314,38367,38167,True,True,52684,True,True,0.749,0.253,results/gate1/scores/070_full_mf1_seed0.npy
70,DISTORTEDltstdbs30791AI,DISTORTED,ECG,True,cg070,ltstdbs30791AI,full,1,1,56123,100,200,56123,17555,52599,52800,0.17455318665273267,0.039841545957237205,0.0398787702661081,38367,38167,True,True,52678,True,True,0.7453,0.2679,results/gate1/scores/070_full_mf1_seed1.npy
70,DISTORTEDltstdbs30791AI,DISTORTED,ECG,True,cg070,ltstdbs30791AI,full,1,2,56123,100,200,56123,17555,52599,52800,0.17402857372947544,0.03853663400595229,0.03857421368950291,38367,38167,True,True,52675,True,True,0.7679,0.2657,results/gate1/scores/070_full_mf1_seed2.npy
70,DISTORTEDltstdbs30791AI,DISTORTED,ECG,True,cg070,ltstdbs30791AI,full,1.0,0,56123,100,200,56123,17555,52599,52800,0.21381560579071973,0.0305941364115935,0.030630717043683187,38367,38167,True,True,52685,True,True,0.542,0.1812,results/gate1/scores/070_full_mf1.0_seed0.npy
70,DISTORTEDltstdbs30791AI,DISTORTED,ECG,True,cg070,ltstdbs30791AI,full,1.0,1,56123,100,200,56123,17555,52599,52800,0.19754416161030086,0.03283714243661978,0.03285608768550718,38367,38167,True,True,52673,True,True,0.5462,0.1793,results/gate1/scores/070_full_mf1.0_seed1.npy
70,DISTORTEDltstdbs30791AI,DISTORTED,ECG,True,cg070,ltstdbs30791AI,full,1.0,2,56123,100,200,56123,17555,52599,52800,0.2109413535226482,0.023775330241966167,0.02349159184219173,38367,38167,True,True,52701,True,True,0.5766,0.1941,results/gate1/scores/070_full_mf1.0_seed2.npy
70,DISTORTEDltstdbs30791AI,DISTORTED,ECG,True,cg070,ltstdbs30791AI,train_prefix,1,0,17555,100,200,56123,17555,52599,52800,0.1479009373845787,0.04398528345387027,0.04401770060652795,38367,38167,True,True,52673,True,True,0.2784,0.2573,results/gate1/scores/070_train_prefix_mf1_seed0.npy
70,DISTORTEDltstdbs30791AI,DISTORTED,ECG,True,cg070,ltstdbs30791AI,train_prefix,1,1,17555,100,200,56123,17555,52599,52800,0.1696100051927354,0.04075379332159543,0.04083750622390643,38367,38167,True,True,52678,True,True,0.2902,0.234,results/gate1/scores/070_train_prefix_mf1_seed1.npy
70,DISTORTEDltstdbs30791AI,DISTORTED,ECG,True,cg070,ltstdbs30791AI,train_prefix,1,2,17555,100,200,56123,17555,52599,52800,0.17736554439857594,0.04002566336516061,0.04018249168056193,38367,38167,True,True,52675,True,True,0.2967,0.2588,results/gate1/scores/070_train_prefix_mf1_seed2.npy
70,DISTORTEDltstdbs30791AI,DISTORTED,ECG,True,cg070,ltstdbs30791AI,train_prefix,1.0,0,17555,100,200,56123,17555,52599,52800,0.2107847206069805,0.026618344075455505,0.026639301058172655,38367,38167,True,True,52681,True,True,0.1975,0.1737,results/gate1/scores/070_train_prefix_mf1.0_seed0.npy
70,DISTORTEDltstdbs30791AI,DISTORTED,ECG,True,cg070,ltstdbs30791AI,train_prefix,1.0,1,17555,100,200,56123,17555,52599,52800,0.20400232512364003,0.03145828184058072,0.031471048001174944,38367,38167,True,True,52686,True,True,0.2241,0.1871,results/gate1/scores/070_train_prefix_mf1.0_seed1.npy
70,DISTORTEDltstdbs30791AI,DISTORTED,ECG,True,cg070,ltstdbs30791AI,train_prefix,1.0,2,17555,100,200,56123,17555,52599,52800,0.20840197337163952,0.02334672085106602,0.023018211397956633,38367,38167,True,True,52698,True,True,0.1904,0.1903,results/gate1/scores/070_train_prefix_mf1.0_seed2.npy
71,DISTORTEDltstdbs30791AS,DISTORTED,ECG,True,cg071,ltstdbs30791AS,full,1,0,55000,100,200,55000,23000,52599,52800,0.17030111643943718,0.03587658733614774,0.03591956370167028,31799,31599,True,True,52678,True,True,0.7502,0.2505,results/gate1/scores/071_full_mf1_seed0.npy
71,DISTORTEDltstdbs30791AS,DISTORTED,ECG,True,cg071,ltstdbs30791AS,full,1,1,55000,100,200,55000,23000,52599,52800,0.20055940246459325,0.03498024901934323,0.03509439112714819,31799,31599,True,True,52677,True,True,0.7614,0.2539,results/gate1/scores/071_full_mf1_seed1.npy
71,DISTORTEDltstdbs30791AS,DISTORTED,ECG,True,cg071,ltstdbs30791AS,full,1,2,55000,100,200,55000,23000,52599,52800,0.19385304322797398,0.03909004917941026,0.039334154815748854,31799,31599,True,True,52674,True,True,0.7599,0.2631,results/gate1/scores/071_full_mf1_seed2.npy
71,DISTORTEDltstdbs30791AS,DISTORTED,ECG,True,cg071,ltstdbs30791AS,full,1.0,0,55000,100,200,55000,23000,52599,52800,0.25394602578051517,0.033640907505150516,0.033670361474063444,31799,31599,True,True,52688,True,True,0.5348,0.1928,results/gate1/scores/071_full_mf1.0_seed0.npy
71,DISTORTEDltstdbs30791AS,DISTORTED,ECG,True,cg071,ltstdbs30791AS,full,1.0,1,55000,100,200,55000,23000,52599,52800,0.24284229475700536,0.028976258547788156,0.029025787716532303,31799,31599,True,True,52675,True,True,0.5087,0.2293,results/gate1/scores/071_full_mf1.0_seed1.npy
71,DISTORTEDltstdbs30791AS,DISTORTED,ECG,True,cg071,ltstdbs30791AS,full,1.0,2,55000,100,200,55000,23000,52599,52800,0.24838014823452242,0.027194304967193966,0.02715361710133293,31799,31599,True,True,52696,True,True,0.565,0.2275,results/gate1/scores/071_full_mf1.0_seed2.npy
71,DISTORTEDltstdbs30791AS,DISTORTED,ECG,True,cg071,ltstdbs30791AS,train_prefix,1,0,23000,100,200,55000,23000,52599,52800,0.1691302157041416,0.03642074204730138,0.03656796197998975,31799,31599,True,True,52681,True,True,0.3416,0.2477,results/gate1/scores/071_train_prefix_mf1_seed0.npy
71,DISTORTEDltstdbs30791AS,DISTORTED,ECG,True,cg071,ltstdbs30791AS,train_prefix,1,1,23000,100,200,55000,23000,52599,52800,0.197023525800948,0.03786977326436636,0.037992520498133106,31799,31599,True,True,52677,True,True,0.3466,0.2619,results/gate1/scores/071_train_prefix_mf1_seed1.npy
71,DISTORTEDltstdbs30791AS,DISTORTED,ECG,True,cg071,ltstdbs30791AS,train_prefix,1,2,23000,100,200,55000,23000,52599,52800,0.18821451621177293,0.036154276185867515,0.03623178229880561,31799,31599,True,True,52677,True,True,0.3876,0.254,results/gate1/scores/071_train_prefix_mf1_seed2.npy
71,DISTORTEDltstdbs30791AS,DISTORTED,ECG,True,cg071,ltstdbs30791AS,train_prefix,1.0,0,23000,100,200,55000,23000,52599,52800,0.24072927104291097,0.027495597166958194,0.027532765357157665,31799,31599,True,True,52674,True,True,0.2836,0.174,results/gate1/scores/071_train_prefix_mf1.0_seed0.npy
71,DISTORTEDltstdbs30791AS,DISTORTED,ECG,True,cg071,ltstdbs30791AS,train_prefix,1.0,1,23000,100,200,55000,23000,52599,52800,0.22782226057598054,0.029233894006590887,0.029260710751904003,31799,31599,True,True,52677,True,True,0.2955,0.182,results/gate1/scores/071_train_prefix_mf1.0_seed1.npy
71,DISTORTEDltstdbs30791AS,DISTORTED,ECG,True,cg071,ltstdbs30791AS,train_prefix,1.0,2,23000,100,200,55000,23000,52599,52800,0.2505651548964273,0.025961292735058823,0.025887323937991525,31799,31599,True,True,52690,True,True,0.2929,0.1881,results/gate1/scores/071_train_prefix_mf1.0_seed2.npy
72,DISTORTEDltstdbs30791ES,DISTORTED,ECG,True,cg072,ltstdbs30791ES,full,1,0,55000,100,200,55000,20000,52599,52800,0.0321556334808365,0.029502046461349365,0.029557532391851694,34799,34599,True,True,52963,True,False,0.7487,0.2433,results/gate1/scores/072_full_mf1_seed0.npy
72,DISTORTEDltstdbs30791ES,DISTORTED,ECG,True,cg072,ltstdbs30791ES,full,1,1,55000,100,200,55000,20000,52599,52800,0.017647983360423725,0.027955043985017445,0.028077284430714878,34799,34599,False,False,29426,False,False,0.7436,0.2652,results/gate1/scores/072_full_mf1_seed1.npy
72,DISTORTEDltstdbs30791ES,DISTORTED,ECG,True,cg072,ltstdbs30791ES,full,1,2,55000,100,200,55000,20000,52599,52800,0.020650694772394063,0.024805365237520065,0.02482379869739538,34799,34599,False,False,52964,True,False,0.7599,0.2497,results/gate1/scores/072_full_mf1_seed2.npy
72,DISTORTEDltstdbs30791ES,DISTORTED,ECG,True,cg072,ltstdbs30791ES,full,1.0,0,55000,100,200,55000,20000,52599,52800,-0.024054666600262564,0.03094685692293361,0.030968546430164064,34799,34599,False,False,30271,False,False,0.5592,0.1936,results/gate1/scores/072_full_mf1.0_seed0.npy
72,DISTORTEDltstdbs30791ES,DISTORTED,ECG,True,cg072,ltstdbs30791ES,full,1.0,1,55000,100,200,55000,20000,52599,52800,-0.030710415332344865,0.028320753097981648,0.028373058479245768,34799,34599,False,False,30275,False,False,0.6065,0.1944,results/gate1/scores/072_full_mf1.0_seed1.npy
72,DISTORTEDltstdbs30791ES,DISTORTED,ECG,True,cg072,ltstdbs30791ES,full,1.0,2,55000,100,200,55000,20000,52599,52800,-0.02881125992327871,0.027841479155991708,0.02791867629153673,34799,34599,False,False,30278,False,False,0.472,0.1544,results/gate1/scores/072_full_mf1.0_seed2.npy
72,DISTORTEDltstdbs30791ES,DISTORTED,ECG,True,cg072,ltstdbs30791ES,train_prefix,1,0,20000,100,200,55000,20000,52599,52800,0.029390661608351576,0.02744030510083027,0.027495666055142184,34799,34599,True,True,52957,True,False,0.3361,0.2504,results/gate1/scores/072_train_prefix_mf1_seed0.npy
72,DISTORTEDltstdbs30791ES,DISTORTED,ECG,True,cg072,ltstdbs30791ES,train_prefix,1,1,20000,100,200,55000,20000,52599,52800,0.014677888227467017,0.02785280419104554,0.0278592641727077,34799,34599,False,False,29424,False,False,0.3427,0.251,results/gate1/scores/072_train_prefix_mf1_seed1.npy
72,DISTORTEDltstdbs30791ES,DISTORTED,ECG,True,cg072,ltstdbs30791ES,train_prefix,1,2,20000,100,200,55000,20000,52599,52800,0.025480239930518345,0.028177829411861127,0.02823533630634519,34799,34599,False,False,29430,False,False,0.3235,0.255,results/gate1/scores/072_train_prefix_mf1_seed2.npy
72,DISTORTEDltstdbs30791ES,DISTORTED,ECG,True,cg072,ltstdbs30791ES,train_prefix,1.0,0,20000,100,200,55000,20000,52599,52800,-0.03078080019626822,0.03158495079847363,0.03158924303290922,34799,34599,False,False,30273,False,False,0.2567,0.2068,results/gate1/scores/072_train_prefix_mf1.0_seed0.npy
72,DISTORTEDltstdbs30791ES,DISTORTED,ECG,True,cg072,ltstdbs30791ES,train_prefix,1.0,1,20000,100,200,55000,20000,52599,52800,-0.020775023499705614,0.02587399036579604,0.025884082353505592,34799,34599,False,False,30269,False,False,0.2676,0.1859,results/gate1/scores/072_train_prefix_mf1.0_seed1.npy
72,DISTORTEDltstdbs30791ES,DISTORTED,ECG,True,cg072,ltstdbs30791ES,train_prefix,1.0,2,20000,100,200,55000,20000,52599,52800,-0.030827145919460675,0.03346919146005596,0.03351435959881943,34799,34599,False,False,30278,False,False,0.2562,0.1856,results/gate1/scores/072_train_prefix_mf1.0_seed2.npy
73,DISTORTEDpark3m,DISTORTED,Gait,False,cg073,park3m,full,1,0,90000,100,200,90000,60000,72149,72495,0.07418669980325521,0.05209421782139838,0.05214429996508009,29654,29454,True,True,89009,False,False,1.2046,0.435,results/gate1/scores/073_full_mf1_seed0.npy
73,DISTORTEDpark3m,DISTORTED,Gait,False,cg073,park3m,full,1,1,90000,100,200,90000,60000,72149,72495,0.06508251462437653,0.0426864197633812,0.04275088806042011,29654,29454,True,True,89012,False,False,1.1984,0.4421,results/gate1/scores/073_full_mf1_seed1.npy
73,DISTORTEDpark3m,DISTORTED,Gait,False,cg073,park3m,full,1,2,90000,100,200,90000,60000,72149,72495,0.06338481496659243,0.046324034073235376,0.04640147742557729,29654,29454,True,True,89005,False,False,1.2432,0.449,results/gate1/scores/073_full_mf1_seed2.npy
73,DISTORTEDpark3m,DISTORTED,Gait,False,cg073,park3m,full,1.0,0,90000,100,200,90000,60000,72149,72495,0.0761511432812787,0.03686980527057954,0.03693699063687423,29654,29454,True,True,72449,True,True,0.8282,0.3496,results/gate1/scores/073_full_mf1.0_seed0.npy
73,DISTORTEDpark3m,DISTORTED,Gait,False,cg073,park3m,full,1.0,1,90000,100,200,90000,60000,72149,72495,0.08132260412976555,0.033508303317510695,0.03364010628620997,29654,29454,True,True,72460,True,True,0.8865,0.3581,results/gate1/scores/073_full_mf1.0_seed1.npy
73,DISTORTEDpark3m,DISTORTED,Gait,False,cg073,park3m,full,1.0,2,90000,100,200,90000,60000,72149,72495,0.08490459276797446,0.035405967621578736,0.035041043113972124,29654,29454,True,True,72454,True,True,0.8943,0.3623,results/gate1/scores/073_full_mf1.0_seed2.npy
73,DISTORTEDpark3m,DISTORTED,Gait,False,cg073,park3m,train_prefix,1,0,60000,100,200,90000,60000,72149,72495,0.0632348447357205,0.05226915393724399,0.05232218230416388,29654,29454,True,True,89007,False,False,0.8423,0.4436,results/gate1/scores/073_train_prefix_mf1_seed0.npy
73,DISTORTEDpark3m,DISTORTED,Gait,False,cg073,park3m,train_prefix,1,1,60000,100,200,90000,60000,72149,72495,0.06489290853768115,0.045924946291713474,0.046062748731425705,29654,29454,True,True,89009,False,False,0.8731,0.4526,results/gate1/scores/073_train_prefix_mf1_seed1.npy
73,DISTORTEDpark3m,DISTORTED,Gait,False,cg073,park3m,train_prefix,1,2,60000,100,200,90000,60000,72149,72495,0.0626025111891032,0.04693696311198857,0.047049907881752354,29654,29454,True,True,89004,False,False,0.8707,0.4628,results/gate1/scores/073_train_prefix_mf1_seed2.npy
73,DISTORTEDpark3m,DISTORTED,Gait,False,cg073,park3m,train_prefix,1.0,0,60000,100,200,90000,60000,72149,72495,0.07442177988162091,0.03901799752206023,0.03901799752206023,29654,29454,True,True,72452,True,True,0.6021,0.3145,results/gate1/scores/073_train_prefix_mf1.0_seed0.npy
73,DISTORTEDpark3m,DISTORTED,Gait,False,cg073,park3m,train_prefix,1.0,1,60000,100,200,90000,60000,72149,72495,0.08826322637595663,0.03667062348840248,0.03655013294595809,29654,29454,True,True,72460,True,True,0.6096,0.3016,results/gate1/scores/073_train_prefix_mf1.0_seed1.npy
73,DISTORTEDpark3m,DISTORTED,Gait,False,cg073,park3m,train_prefix,1.0,2,60000,100,200,90000,60000,72149,72495,0.07335460247869074,0.03552678391220243,0.03552678391220243,29654,29454,True,True,71218,False,False,0.5877,0.4013,results/gate1/scores/073_train_prefix_mf1.0_seed2.npy
74,DISTORTEDqtdbSel1005V,DISTORTED,ECG,True,cg074,qtdbSel1005V,full,1,0,36001,100,200,36001,4000,12399,12800,0.004671975888718483,0.06431415431745548,0.06445529187757781,31600,31400,False,False,7476,False,False,0.5508,0.1671,results/gate1/scores/074_full_mf1_seed0.npy
74,DISTORTEDqtdbSel1005V,DISTORTED,ECG,True,cg074,qtdbSel1005V,full,1,1,36001,100,200,36001,4000,12399,12800,-0.004706641755705121,0.06562043529763395,0.06567335945336082,31600,31400,False,False,7486,False,False,0.5593,0.186,results/gate1/scores/074_full_mf1_seed1.npy
74,DISTORTEDqtdbSel1005V,DISTORTED,ECG,True,cg074,qtdbSel1005V,full,1,2,36001,100,200,36001,4000,12399,12800,0.0017966646809030595,0.0690772286412079,0.06923367863431508,31600,31400,False,False,29460,False,False,0.5593,0.1865,results/gate1/scores/074_full_mf1_seed2.npy
74,DISTORTEDqtdbSel1005V,DISTORTED,ECG,True,cg074,qtdbSel1005V,full,1.0,0,36001,100,200,36001,4000,12399,12800,0.0035421548623173482,0.059225015042593185,0.05929167254703958,31600,31400,False,False,29484,False,False,0.3891,0.1128,results/gate1/scores/074_full_mf1.0_seed0.npy
74,DISTORTEDqtdbSel1005V,DISTORTED,ECG,True,cg074,qtdbSel1005V,full,1.0,1,36001,100,200,36001,4000,12399,12800,0.0023900410581296216,0.05939738938581164,0.05942137017106404,31600,31400,False,False,29477,False,False,0.3615,0.117,results/gate1/scores/074_full_mf1.0_seed1.npy
74,DISTORTEDqtdbSel1005V,DISTORTED,ECG,True,cg074,qtdbSel1005V,full,1.0,2,36001,100,200,36001,4000,12399,12800,-0.002939340820755809,0.0623903992881869,0.06250452390213601,31600,31400,False,False,29477,False,False,0.3848,0.1455,results/gate1/scores/074_full_mf1.0_seed2.npy
74,DISTORTEDqtdbSel1005V,DISTORTED,ECG,True,cg074,qtdbSel1005V,train_prefix,1,0,4000,100,200,36001,4000,12399,12800,0.046517856300464344,0.1181611559121061,0.11829409434369367,31600,31400,False,False,7477,False,False,0.1337,0.2063,results/gate1/scores/074_train_prefix_mf1_seed0.npy
74,DISTORTEDqtdbSel1005V,DISTORTED,ECG,True,cg074,qtdbSel1005V,train_prefix,1,1,4000,100,200,36001,4000,12399,12800,0.04131534263580805,0.10790214500660146,0.10800905916647997,31600,31400,False,False,7477,False,False,0.1339,0.1908,results/gate1/scores/074_train_prefix_mf1_seed1.npy
74,DISTORTEDqtdbSel1005V,DISTORTED,ECG,True,cg074,qtdbSel1005V,train_prefix,1,2,4000,100,200,36001,4000,12399,12800,0.0431754237610546,0.1134758098855042,0.11351832364884339,31600,31400,False,False,7471,False,False,0.1229,0.1922,results/gate1/scores/074_train_prefix_mf1_seed2.npy
74,DISTORTEDqtdbSel1005V,DISTORTED,ECG,True,cg074,qtdbSel1005V,train_prefix,1.0,0,4000,100,200,36001,4000,12399,12800,0.04175955434603568,0.10015290307324025,0.10015290307324025,31600,31400,False,False,29502,False,False,0.1098,0.1534,results/gate1/scores/074_train_prefix_mf1.0_seed0.npy
74,DISTORTEDqtdbSel1005V,DISTORTED,ECG,True,cg074,qtdbSel1005V,train_prefix,1.0,1,4000,100,200,36001,4000,12399,12800,0.03405973895570946,0.10832288952872453,0.10832288952872453,31600,31400,False,False,29478,False,False,0.1121,0.1178,results/gate1/scores/074_train_prefix_mf1.0_seed1.npy
74,DISTORTEDqtdbSel1005V,DISTORTED,ECG,True,cg074,qtdbSel1005V,train_prefix,1.0,2,4000,100,200,36001,4000,12399,12800,0.0317935189366611,0.09043219450643265,0.09082347743233296,31600,31400,False,False,29477,False,False,0.1065,0.1745,results/gate1/scores/074_train_prefix_mf1.0_seed2.npy
75,DISTORTEDqtdbSel100MLII,DISTORTED,ECG,True,cg075,qtdbSel100MLII,full,1,0,30000,100,200,30000,4000,13399,13800,0.00944016452779839,0.06354299498958751,0.06376240488446411,25599,25399,False,False,6144,False,False,0.4848,0.1482,results/gate1/scores/075_full_mf1_seed0.npy
75,DISTORTEDqtdbSel100MLII,DISTORTED,ECG,True,cg075,qtdbSel100MLII,full,1,1,30000,100,200,30000,4000,13399,13800,-0.0006047456441119481,0.06194635587038924,0.06244542812316485,25599,25399,False,False,6134,False,False,0.4823,0.1457,results/gate1/scores/075_full_mf1_seed1.npy
75,DISTORTEDqtdbSel100MLII,DISTORTED,ECG,True,cg075,qtdbSel100MLII,full,1,2,30000,100,200,30000,4000,13399,13800,0.002186325098441688,0.05933281137012353,0.05947499728457669,25599,25399,False,False,6138,False,False,0.4683,0.1745,results/gate1/scores/075_full_mf1_seed2.npy
75,DISTORTEDqtdbSel100MLII,DISTORTED,ECG,True,cg075,qtdbSel100MLII,full,1.0,0,30000,100,200,30000,4000,13399,13800,0.01669991141099536,0.0465666743807612,0.04714524487358942,25599,25399,False,False,6138,False,False,0.4211,0.1017,results/gate1/scores/075_full_mf1.0_seed0.npy
75,DISTORTEDqtdbSel100MLII,DISTORTED,ECG,True,cg075,qtdbSel100MLII,full,1.0,1,30000,100,200,30000,4000,13399,13800,0.006820721681016828,0.05299276272415928,0.05311937354226822,25599,25399,False,False,6151,False,False,0.3345,0.1049,results/gate1/scores/075_full_mf1.0_seed1.npy
75,DISTORTEDqtdbSel100MLII,DISTORTED,ECG,True,cg075,qtdbSel100MLII,full,1.0,2,30000,100,200,30000,4000,13399,13800,0.01864111495851073,0.04419287865233666,0.04437492200397008,25599,25399,False,False,6159,False,False,0.3481,0.1118,results/gate1/scores/075_full_mf1.0_seed2.npy
75,DISTORTEDqtdbSel100MLII,DISTORTED,ECG,True,cg075,qtdbSel100MLII,train_prefix,1,0,4000,100,200,30000,4000,13399,13800,0.02573895150621419,0.0745010937520587,0.07478346113427957,25599,25399,False,False,6136,False,False,0.1278,0.1334,results/gate1/scores/075_train_prefix_mf1_seed0.npy
75,DISTORTEDqtdbSel100MLII,DISTORTED,ECG,True,cg075,qtdbSel100MLII,train_prefix,1,1,4000,100,200,30000,4000,13399,13800,0.016113248264079394,0.07274049876398923,0.07279353719151163,25599,25399,False,False,6143,False,False,0.1266,0.1581,results/gate1/scores/075_train_prefix_mf1_seed1.npy
75,DISTORTEDqtdbSel100MLII,DISTORTED,ECG,True,cg075,qtdbSel100MLII,train_prefix,1,2,4000,100,200,30000,4000,13399,13800,0.022529759844540975,0.07366169399689863,0.07389215099897303,25599,25399,False,False,6137,False,False,0.1292,0.148,results/gate1/scores/075_train_prefix_mf1_seed2.npy
75,DISTORTEDqtdbSel100MLII,DISTORTED,ECG,True,cg075,qtdbSel100MLII,train_prefix,1.0,0,4000,100,200,30000,4000,13399,13800,0.013248866413771376,0.06043154438095542,0.060687994333533495,25599,25399,False,False,6140,False,False,0.1139,0.0965,results/gate1/scores/075_train_prefix_mf1.0_seed0.npy
75,DISTORTEDqtdbSel100MLII,DISTORTED,ECG,True,cg075,qtdbSel100MLII,train_prefix,1.0,1,4000,100,200,30000,4000,13399,13800,0.011721488081986753,0.06487323537572062,0.06492318217146054,25599,25399,False,False,6137,False,False,0.1118,0.1058,results/gate1/scores/075_train_prefix_mf1.0_seed1.npy
75,DISTORTEDqtdbSel100MLII,DISTORTED,ECG,True,cg075,qtdbSel100MLII,train_prefix,1.0,2,4000,100,200,30000,4000,13399,13800,0.017473177499511883,0.053697774581987164,0.05375488993144889,25599,25399,False,False,6140,False,False,0.1076,0.0961,results/gate1/scores/075_train_prefix_mf1.0_seed2.npy
76,DISTORTEDresperation10,DISTORTED,RESP,True,cg076,resperation10,full,1,0,195000,100,200,195000,48000,130699,131880,0.06767380228951236,0.04405420292202642,0.04409206888987539,145819,145619,True,True,134613,False,False,2.4873,0.9241,results/gate1/scores/076_full_mf1_seed0.npy
76,DISTORTEDresperation10,DISTORTED,RESP,True,cg076,resperation10,full,1,1,195000,100,200,195000,48000,130699,131880,0.06113619619135813,0.042328135239886974,0.042352569033858145,145819,145619,True,True,134607,False,False,2.5085,0.9088,results/gate1/scores/076_full_mf1_seed1.npy
76,DISTORTEDresperation10,DISTORTED,RESP,True,cg076,resperation10,full,1,2,195000,100,200,195000,48000,130699,131880,0.0685948861069674,0.043340413713508885,0.043396526344360205,145819,145619,True,True,134604,False,False,2.5222,0.885,results/gate1/scores/076_full_mf1_seed2.npy
76,DISTORTEDresperation10,DISTORTED,RESP,True,cg076,resperation10,full,1.0,0,195000,100,200,195000,48000,130699,131880,0.08921415765395446,0.05910944095135262,0.059157478094765875,145819,145619,True,True,134618,False,False,1.9873,0.7503,results/gate1/scores/076_full_mf1.0_seed0.npy
76,DISTORTEDresperation10,DISTORTED,RESP,True,cg076,resperation10,full,1.0,1,195000,100,200,195000,48000,130699,131880,0.10194008322965753,0.06499799321043083,0.0650527646609628,145819,145619,True,True,134610,False,False,1.8389,0.8858,results/gate1/scores/076_full_mf1.0_seed1.npy
76,DISTORTEDresperation10,DISTORTED,RESP,True,cg076,resperation10,full,1.0,2,195000,100,200,195000,48000,130699,131880,0.10354930123964023,0.061985905421697594,0.062036623914155604,145819,145619,True,True,134616,False,False,1.8884,0.8191,results/gate1/scores/076_full_mf1.0_seed2.npy
76,DISTORTEDresperation10,DISTORTED,RESP,True,cg076,resperation10,train_prefix,1,0,48000,100,200,195000,48000,130699,131880,0.021858481258802742,0.01533552313038398,0.015375137989028379,145819,145619,True,True,134613,False,False,0.6496,0.8874,results/gate1/scores/076_train_prefix_mf1_seed0.npy
76,DISTORTEDresperation10,DISTORTED,RESP,True,cg076,resperation10,train_prefix,1,1,48000,100,200,195000,48000,130699,131880,0.028234959826250572,0.012969493170282015,0.012985417146476212,145819,145619,True,True,134606,False,False,0.6405,0.9157,results/gate1/scores/076_train_prefix_mf1_seed1.npy
76,DISTORTEDresperation10,DISTORTED,RESP,True,cg076,resperation10,train_prefix,1,2,48000,100,200,195000,48000,130699,131880,0.02119242444470748,0.011875310839194138,0.011888221647669273,145819,145619,True,True,134611,False,False,0.65,0.8988,results/gate1/scores/076_train_prefix_mf1_seed2.npy
76,DISTORTEDresperation10,DISTORTED,RESP,True,cg076,resperation10,train_prefix,1.0,0,48000,100,200,195000,48000,130699,131880,0.03614549640707465,0.020507773448461913,0.020522907528740312,145819,145619,True,True,134610,False,False,0.4922,0.7536,results/gate1/scores/076_train_prefix_mf1.0_seed0.npy
76,DISTORTEDresperation10,DISTORTED,RESP,True,cg076,resperation10,train_prefix,1.0,1,48000,100,200,195000,48000,130699,131880,0.037892925731416116,0.02110305322351755,0.021125327118746033,145819,145619,True,True,134615,False,False,0.5637,0.7639,results/gate1/scores/076_train_prefix_mf1.0_seed1.npy
76,DISTORTEDresperation10,DISTORTED,RESP,True,cg076,resperation10,train_prefix,1.0,2,48000,100,200,195000,48000,130699,131880,0.03766236741372009,0.017715476773096733,0.01779910072339966,145819,145619,True,True,134614,False,False,0.5379,0.7285,results/gate1/scores/076_train_prefix_mf1.0_seed2.npy
77,DISTORTEDresperation11,DISTORTED,RESP,True,cg076,resperation11,full,1,0,195000,100,200,195000,58000,110799,110801,-0.013270850618042562,0.0420458599059785,0.042097962855215595,136998,136798,False,False,134616,False,False,2.5019,0.9083,results/gate1/scores/077_full_mf1_seed0.npy
77,DISTORTEDresperation11,DISTORTED,RESP,True,cg076,resperation11,full,1,1,195000,100,200,195000,58000,110799,110801,-0.016024654937147886,0.0384965465344884,0.03853099792249081,136998,136798,False,False,134621,False,False,2.5123,0.8895,results/gate1/scores/077_full_mf1_seed1.npy
77,DISTORTEDresperation11,DISTORTED,RESP,True,cg076,resperation11,full,1,2,195000,100,200,195000,58000,110799,110801,-0.013187844336281618,0.03944739983267333,0.039581853541402735,136998,136798,False,False,134614,False,False,2.4958,0.9134,results/gate1/scores/077_full_mf1_seed2.npy
77,DISTORTEDresperation11,DISTORTED,RESP,True,cg076,resperation11,full,1.0,0,195000,100,200,195000,58000,110799,110801,-0.0264952528015151,0.05928625928587302,0.059440511134311674,136998,136798,False,False,134618,False,False,2.084,0.7918,results/gate1/scores/077_full_mf1.0_seed0.npy
77,DISTORTEDresperation11,DISTORTED,RESP,True,cg076,resperation11,full,1.0,1,195000,100,200,195000,58000,110799,110801,-0.022636210694120806,0.05852842797755602,0.058561742371607516,136998,136798,False,False,134612,False,False,1.9372,0.7503,results/gate1/scores/077_full_mf1.0_seed1.npy
77,DISTORTEDresperation11,DISTORTED,RESP,True,cg076,resperation11,full,1.0,2,195000,100,200,195000,58000,110799,110801,-0.017710566938888506,0.052572225256779674,0.052624673418575914,136998,136798,False,False,134617,False,False,2.1176,0.8053,results/gate1/scores/077_full_mf1.0_seed2.npy
77,DISTORTEDresperation11,DISTORTED,RESP,True,cg076,resperation11,train_prefix,1,0,58000,100,200,195000,58000,110799,110801,-0.024206525651190525,0.012549268674300057,0.012586110461720078,136998,136798,False,False,134611,False,False,0.7909,0.8873,results/gate1/scores/077_train_prefix_mf1_seed0.npy
77,DISTORTEDresperation11,DISTORTED,RESP,True,cg076,resperation11,train_prefix,1,1,58000,100,200,195000,58000,110799,110801,-0.01563366876261174,0.011873449083956343,0.011897467410526387,136998,136798,False,False,134615,False,False,0.8051,0.9061,results/gate1/scores/077_train_prefix_mf1_seed1.npy
77,DISTORTEDresperation11,DISTORTED,RESP,True,cg076,resperation11,train_prefix,1,2,58000,100,200,195000,58000,110799,110801,-0.025395261402289537,0.011674874441680493,0.011684956019117216,136998,136798,False,False,134617,False,False,0.8413,0.9465,results/gate1/scores/077_train_prefix_mf1_seed2.npy
77,DISTORTEDresperation11,DISTORTED,RESP,True,cg076,resperation11,train_prefix,1.0,0,58000,100,200,195000,58000,110799,110801,-0.025245111707834278,0.015972991112791338,0.016058984724716327,136998,136798,False,False,134610,False,False,0.6191,0.8073,results/gate1/scores/077_train_prefix_mf1.0_seed0.npy
77,DISTORTEDresperation11,DISTORTED,RESP,True,cg076,resperation11,train_prefix,1.0,1,58000,100,200,195000,58000,110799,110801,-0.034516235696912145,0.018061426738945216,0.018088376075556648,136998,136798,False,False,134616,False,False,0.5618,0.7947,results/gate1/scores/077_train_prefix_mf1.0_seed1.npy
77,DISTORTEDresperation11,DISTORTED,RESP,True,cg076,resperation11,train_prefix,1.0,2,58000,100,200,195000,58000,110799,110801,-0.020296357680003374,0.015441135030683695,0.015490781798141845,136998,136798,False,False,134617,False,False,0.543,0.8186,results/gate1/scores/077_train_prefix_mf1.0_seed2.npy
78,DISTORTEDresperation1,DISTORTED,RESP,True,cg078,resperation1,full,1,0,200000,100,200,200000,100000,110259,110412,-0.01504283692214392,0.03523086832789174,0.03531113382520398,99847,99647,False,False,134622,False,False,2.4914,1.0279,results/gate1/scores/078_full_mf1_seed0.npy
78,DISTORTEDresperation1,DISTORTED,RESP,True,cg078,resperation1,full,1,1,200000,100,200,200000,100000,110259,110412,-0.004644054904873518,0.030759299373133733,0.03077022636040151,99847,99647,False,False,134612,False,False,2.5843,0.995,results/gate1/scores/078_full_mf1_seed1.npy
78,DISTORTEDresperation1,DISTORTED,RESP,True,cg078,resperation1,full,1,2,200000,100,200,200000,100000,110259,110412,-0.020419434843484296,0.03386669399115148,0.03391792993806317,99847,99647,False,False,134611,False,False,2.5718,0.9913,results/gate1/scores/078_full_mf1_seed2.npy
78,DISTORTEDresperation1,DISTORTED,RESP,True,cg078,resperation1,full,1.0,0,200000,100,200,200000,100000,110259,110412,-0.016789592639880446,0.04795591842035103,0.04801639582486678,99847,99647,False,False,134621,False,False,2.2074,0.8834,results/gate1/scores/078_full_mf1.0_seed0.npy
78,DISTORTEDresperation1,DISTORTED,RESP,True,cg078,resperation1,full,1.0,1,200000,100,200,200000,100000,110259,110412,-0.008559882082675219,0.04691195434339316,0.04699574863381636,99847,99647,False,False,134626,False,False,2.092,0.8948,results/gate1/scores/078_full_mf1.0_seed1.npy
78,DISTORTEDresperation1,DISTORTED,RESP,True,cg078,resperation1,full,1.0,2,200000,100,200,200000,100000,110259,110412,-0.011724308896412183,0.04680408626793246,0.046852176812483735,99847,99647,False,False,134620,False,False,2.1552,0.9272,results/gate1/scores/078_full_mf1.0_seed2.npy
78,DISTORTEDresperation1,DISTORTED,RESP,True,cg078,resperation1,train_prefix,1,0,100000,100,200,200000,100000,110259,110412,-0.02511837757838775,0.021541008470166483,0.02158845848454711,99847,99647,False,False,134610,False,False,1.2713,0.967,results/gate1/scores/078_train_prefix_mf1_seed0.npy
78,DISTORTEDresperation1,DISTORTED,RESP,True,cg078,resperation1,train_prefix,1,1,100000,100,200,200000,100000,110259,110412,-0.012022677107100477,0.015952673474764395,0.0159735683188666,99847,99647,False,False,134613,False,False,1.3298,0.9711,results/gate1/scores/078_train_prefix_mf1_seed1.npy
78,DISTORTEDresperation1,DISTORTED,RESP,True,cg078,resperation1,train_prefix,1,2,100000,100,200,200000,100000,110259,110412,-0.020326259183431783,0.01564478030191331,0.015660467420047997,99847,99647,False,False,134613,False,False,1.4008,0.9509,results/gate1/scores/078_train_prefix_mf1_seed2.npy
78,DISTORTEDresperation1,DISTORTED,RESP,True,cg078,resperation1,train_prefix,1.0,0,100000,100,200,200000,100000,110259,110412,-0.030588061586763415,0.021807366520764558,0.02188658079779199,99847,99647,False,False,134616,False,False,1.0125,0.9057,results/gate1/scores/078_train_prefix_mf1.0_seed0.npy
78,DISTORTEDresperation1,DISTORTED,RESP,True,cg078,resperation1,train_prefix,1.0,1,100000,100,200,200000,100000,110259,110412,-0.011517283155749292,0.02415848297246518,0.024166296406334015,99847,99647,False,False,134627,False,False,0.9775,0.8834,results/gate1/scores/078_train_prefix_mf1.0_seed1.npy
78,DISTORTEDresperation1,DISTORTED,RESP,True,cg078,resperation1,train_prefix,1.0,2,100000,100,200,200000,100000,110259,110412,-0.01251043192316259,0.024258262115467624,0.024312487560944472,99847,99647,False,False,134611,False,False,1.0465,0.8991,results/gate1/scores/078_train_prefix_mf1.0_seed2.npy
79,DISTORTEDresperation2,DISTORTED,RESP,True,cg078,resperation2,full,1,0,200051,100,200,200051,30000,168249,168250,-0.053795692667906625,0.05924366047416063,0.05934423746589877,170050,169850,False,False,134614,False,False,2.5614,0.9867,results/gate1/scores/079_full_mf1_seed0.npy
79,DISTORTEDresperation2,DISTORTED,RESP,True,cg078,resperation2,full,1,1,200051,100,200,200051,30000,168249,168250,-0.0503768131786273,0.05879617727916614,0.05882629118695919,170050,169850,False,False,51634,False,False,2.5923,0.9913,results/gate1/scores/079_full_mf1_seed1.npy
79,DISTORTEDresperation2,DISTORTED,RESP,True,cg078,resperation2,full,1,2,200051,100,200,200051,30000,168249,168250,-0.05029377974754262,0.057885761046354386,0.05790732670645716,170050,169850,False,False,51637,False,False,2.6131,0.9732,results/gate1/scores/079_full_mf1_seed2.npy
79,DISTORTEDresperation2,DISTORTED,RESP,True,cg078,resperation2,full,1.0,0,200051,100,200,200051,30000,168249,168250,-0.08795350012729292,0.08563075176485457,0.0856728804494583,170050,169850,False,False,49784,False,False,2.1444,0.9679,results/gate1/scores/079_full_mf1.0_seed0.npy
79,DISTORTEDresperation2,DISTORTED,RESP,True,cg078,resperation2,full,1.0,1,200051,100,200,200051,30000,168249,168250,-0.07099557226445058,0.08898487668105061,0.08901757888328722,170050,169850,False,False,49780,False,False,2.0785,0.8894,results/gate1/scores/079_full_mf1.0_seed1.npy
79,DISTORTEDresperation2,DISTORTED,RESP,True,cg078,resperation2,full,1.0,2,200051,100,200,200051,30000,168249,168250,-0.07829639576619807,0.08698045970212138,0.08705014415720358,170050,169850,False,False,51630,False,False,2.1032,0.9184,results/gate1/scores/079_full_mf1.0_seed2.npy
79,DISTORTEDresperation2,DISTORTED,RESP,True,cg078,resperation2,train_prefix,1,0,30000,100,200,200051,30000,168249,168250,-0.06841555043505843,0.03993934186026291,0.03995434297237746,170050,169850,False,False,51638,False,False,0.4829,1.0145,results/gate1/scores/079_train_prefix_mf1_seed0.npy
79,DISTORTEDresperation2,DISTORTED,RESP,True,cg078,resperation2,train_prefix,1,1,30000,100,200,200051,30000,168249,168250,-0.056083694410110185,0.039018661477796104,0.03904780606704051,170050,169850,False,False,49789,False,False,0.4796,1.0145,results/gate1/scores/079_train_prefix_mf1_seed1.npy
79,DISTORTEDresperation2,DISTORTED,RESP,True,cg078,resperation2,train_prefix,1,2,30000,100,200,200051,30000,168249,168250,-0.06500256483642353,0.0422219983657948,0.042232650049572315,170050,169850,False,False,51632,False,False,0.4803,1.0027,results/gate1/scores/079_train_prefix_mf1_seed2.npy
79,DISTORTEDresperation2,DISTORTED,RESP,True,cg078,resperation2,train_prefix,1.0,0,30000,100,200,200051,30000,168249,168250,-0.09952036446174495,0.06054655628548614,0.060669533552794815,170050,169850,False,False,49779,False,False,0.4442,0.8427,results/gate1/scores/079_train_prefix_mf1.0_seed0.npy
79,DISTORTEDresperation2,DISTORTED,RESP,True,cg078,resperation2,train_prefix,1.0,1,30000,100,200,200051,30000,168249,168250,-0.0827427395668503,0.061341824459925934,0.061383760172679463,170050,169850,False,False,51645,False,False,0.3844,0.8786,results/gate1/scores/079_train_prefix_mf1.0_seed1.npy
79,DISTORTEDresperation2,DISTORTED,RESP,True,cg078,resperation2,train_prefix,1.0,2,30000,100,200,200051,30000,168249,168250,-0.09784620186102466,0.055866937598824,0.055953581485508164,170050,169850,False,False,51634,False,False,0.3909,0.9616,results/gate1/scores/079_train_prefix_mf1.0_seed2.npy
80,DISTORTEDresperation2,DISTORTED,RESP,True,cg078,resperation2,full,1,0,190050,100,200,190050,30000,168249,168251,-0.0793023582280531,0.06491423853952592,0.06497348037913597,160048,159848,False,False,134607,False,False,2.4145,0.9741,results/gate1/scores/080_full_mf1_seed0.npy
80,DISTORTEDresperation2,DISTORTED,RESP,True,cg078,resperation2,full,1,1,190050,100,200,190050,30000,168249,168251,-0.08896031989868736,0.05727105531905404,0.05729752688021667,160048,159848,False,False,134605,False,False,2.4393,0.9301,results/gate1/scores/080_full_mf1_seed1.npy
80,DISTORTEDresperation2,DISTORTED,RESP,True,cg078,resperation2,full,1,2,190050,100,200,190050,30000,168249,168251,-0.08675011518992898,0.05915739934234173,0.05919099038597382,160048,159848,False,False,134612,False,False,2.4582,0.846,results/gate1/scores/080_full_mf1_seed2.npy
80,DISTORTEDresperation2,DISTORTED,RESP,True,cg078,resperation2,full,1.0,0,190050,100,200,190050,30000,168249,168251,-0.12629333126820824,0.08124485431172013,0.0813083980984146,160048,159848,False,False,134611,False,False,1.8497,0.7102,results/gate1/scores/080_full_mf1.0_seed0.npy
80,DISTORTEDresperation2,DISTORTED,RESP,True,cg078,resperation2,full,1.0,1,190050,100,200,190050,30000,168249,168251,-0.12573806179688168,0.08759135540045733,0.08762807810611602,160048,159848,False,False,134617,False,False,1.6029,0.6976,results/gate1/scores/080_full_mf1.0_seed1.npy
80,DISTORTEDresperation2,DISTORTED,RESP,True,cg078,resperation2,full,1.0,2,190050,100,200,190050,30000,168249,168251,-0.12195090958350047,0.094591770898444,0.09462185317308301,160048,159848,False,False,134621,False,False,1.8418,0.7108,results/gate1/scores/080_full_mf1.0_seed2.npy
80,DISTORTEDresperation2,DISTORTED,RESP,True,cg078,resperation2,train_prefix,1,0,30000,100,200,190050,30000,168249,168251,-0.09548774865565429,0.04367532386415936,0.043687813516023154,160048,159848,False,False,134611,False,False,0.5055,0.8942,results/gate1/scores/080_train_prefix_mf1_seed0.npy
80,DISTORTEDresperation2,DISTORTED,RESP,True,cg078,resperation2,train_prefix,1,1,30000,100,200,190050,30000,168249,168251,-0.08917266949895969,0.03799231655188155,0.03803062694514089,160048,159848,False,False,134615,False,False,0.5047,0.9076,results/gate1/scores/080_train_prefix_mf1_seed1.npy
80,DISTORTEDresperation2,DISTORTED,RESP,True,cg078,resperation2,train_prefix,1,2,30000,100,200,190050,30000,168249,168251,-0.09282864834776056,0.04355540705969915,0.04358897945680269,160048,159848,False,False,134608,False,False,0.5045,0.8959,results/gate1/scores/080_train_prefix_mf1_seed2.npy
80,DISTORTEDresperation2,DISTORTED,RESP,True,cg078,resperation2,train_prefix,1.0,0,30000,100,200,190050,30000,168249,168251,-0.1295629137019758,0.059375810463264296,0.05938861300359157,160048,159848,False,False,51630,False,False,0.4084,0.8576,results/gate1/scores/080_train_prefix_mf1.0_seed0.npy
80,DISTORTEDresperation2,DISTORTED,RESP,True,cg078,resperation2,train_prefix,1.0,1,30000,100,200,190050,30000,168249,168251,-0.1261574713767405,0.057281291856379715,0.05731124990565185,160048,159848,False,False,134619,False,False,0.3933,0.7657,results/gate1/scores/080_train_prefix_mf1.0_seed1.npy
80,DISTORTEDresperation2,DISTORTED,RESP,True,cg078,resperation2,train_prefix,1.0,2,30000,100,200,190050,30000,168249,168251,-0.13279772884224778,0.05377633045595997,0.05378890126293326,160048,159848,False,False,134618,False,False,0.3982,0.8606,results/gate1/scores/080_train_prefix_mf1.0_seed2.npy
81,DISTORTEDresperation3,DISTORTED,RESP,True,cg078,resperation3,full,1,0,190100,100,200,190100,45000,158249,158251,-0.07552796941834738,0.04370728598200074,0.043727023644282006,145098,144898,False,False,49778,False,False,2.3605,0.9212,results/gate1/scores/081_full_mf1_seed0.npy
81,DISTORTEDresperation3,DISTORTED,RESP,True,cg078,resperation3,full,1,1,190100,100,200,190100,45000,158249,158251,-0.0733259908445929,0.04214113513656816,0.042305389902691344,145098,144898,False,False,134622,False,False,2.3617,0.8941,results/gate1/scores/081_full_mf1_seed1.npy
81,DISTORTEDresperation3,DISTORTED,RESP,True,cg078,resperation3,full,1,2,190100,100,200,190100,45000,158249,158251,-0.07964146664905142,0.04531389682899019,0.04538521071206823,145098,144898,False,False,134621,False,False,2.2906,0.8572,results/gate1/scores/081_full_mf1_seed2.npy
81,DISTORTEDresperation3,DISTORTED,RESP,True,cg078,resperation3,full,1.0,0,190100,100,200,190100,45000,158249,158251,-0.10437670528247145,0.0635623334755581,0.0636308092163572,145098,144898,False,False,134617,False,False,1.7877,0.7578,results/gate1/scores/081_full_mf1.0_seed0.npy
81,DISTORTEDresperation3,DISTORTED,RESP,True,cg078,resperation3,full,1.0,1,190100,100,200,190100,45000,158249,158251,-0.0958018062738839,0.06388482162504433,0.06392993543521716,145098,144898,False,False,49784,False,False,1.5754,0.6306,results/gate1/scores/081_full_mf1.0_seed1.npy
81,DISTORTEDresperation3,DISTORTED,RESP,True,cg078,resperation3,full,1.0,2,190100,100,200,190100,45000,158249,158251,-0.10312828721654371,0.06689013321602162,0.06699097907545082,145098,144898,False,False,134618,False,False,1.4641,0.7113,results/gate1/scores/081_full_mf1.0_seed2.npy
81,DISTORTEDresperation3,DISTORTED,RESP,True,cg078,resperation3,train_prefix,1,0,45000,100,200,190100,45000,158249,158251,-0.08091329996894703,0.016681553377029805,0.01671389538762402,145098,144898,False,False,49795,False,False,0.6666,0.8989,results/gate1/scores/081_train_prefix_mf1_seed0.npy
81,DISTORTEDresperation3,DISTORTED,RESP,True,cg078,resperation3,train_prefix,1,1,45000,100,200,190100,45000,158249,158251,-0.07917449999509601,0.013939179329625606,0.01400663008665236,145098,144898,False,False,49783,False,False,0.6436,0.8719,results/gate1/scores/081_train_prefix_mf1_seed1.npy
81,DISTORTEDresperation3,DISTORTED,RESP,True,cg078,resperation3,train_prefix,1,2,45000,100,200,190100,45000,158249,158251,-0.0917900119721346,0.01564576726232605,0.015651795788315197,145098,144898,False,False,49780,False,False,0.6785,0.9089,results/gate1/scores/081_train_prefix_mf1_seed2.npy
81,DISTORTEDresperation3,DISTORTED,RESP,True,cg078,resperation3,train_prefix,1.0,0,45000,100,200,190100,45000,158249,158251,-0.12809544784755456,0.02686674509631749,0.026880886264344983,145098,144898,False,False,49777,False,False,0.5373,0.7452,results/gate1/scores/081_train_prefix_mf1.0_seed0.npy
81,DISTORTEDresperation3,DISTORTED,RESP,True,cg078,resperation3,train_prefix,1.0,1,45000,100,200,190100,45000,158249,158251,-0.11608489397500077,0.025994883393736196,0.026074388713196863,145098,144898,False,False,49776,False,False,0.5241,0.841,results/gate1/scores/081_train_prefix_mf1.0_seed1.npy
81,DISTORTEDresperation3,DISTORTED,RESP,True,cg078,resperation3,train_prefix,1.0,2,45000,100,200,190100,45000,158249,158251,-0.11438113345262124,0.026632456785264103,0.026712153701509644,145098,144898,False,False,49759,False,False,0.5708,0.7858,results/gate1/scores/081_train_prefix_mf1.0_seed2.npy
82,DISTORTEDresperation4,DISTORTED,RESP,True,cg076,resperation4,full,1,0,195250,100,200,195250,70000,128429,128431,-0.07534028665923603,0.03821906257257831,0.03824266275886394,125248,125048,False,False,134865,False,False,2.3816,0.8847,results/gate1/scores/082_full_mf1_seed0.npy
82,DISTORTEDresperation4,DISTORTED,RESP,True,cg076,resperation4,full,1,1,195250,100,200,195250,70000,128429,128431,-0.06868347696862298,0.03541156923553573,0.03543374466147763,125248,125048,False,False,134866,False,False,2.4264,0.8585,results/gate1/scores/082_full_mf1_seed1.npy
82,DISTORTEDresperation4,DISTORTED,RESP,True,cg076,resperation4,full,1,2,195250,100,200,195250,70000,128429,128431,-0.0751326927366866,0.03509231807630698,0.03512892490603927,125248,125048,False,False,134868,False,False,2.3065,0.882,results/gate1/scores/082_full_mf1_seed2.npy
82,DISTORTEDresperation4,DISTORTED,RESP,True,cg076,resperation4,full,1.0,0,195250,100,200,195250,70000,128429,128431,-0.1136184554425207,0.05357611773695037,0.053662271703533715,125248,125048,False,False,134867,False,False,1.6779,0.7518,results/gate1/scores/082_full_mf1.0_seed0.npy
82,DISTORTEDresperation4,DISTORTED,RESP,True,cg076,resperation4,full,1.0,1,195250,100,200,195250,70000,128429,128431,-0.09569827874797371,0.053084529676167946,0.05310925753198956,125248,125048,False,False,134867,False,False,1.5922,0.8764,results/gate1/scores/082_full_mf1.0_seed1.npy
82,DISTORTEDresperation4,DISTORTED,RESP,True,cg076,resperation4,full,1.0,2,195250,100,200,195250,70000,128429,128431,-0.11108688363211239,0.05225448853133279,0.05231263001491597,125248,125048,False,False,134861,False,False,1.683,0.6201,results/gate1/scores/082_full_mf1.0_seed2.npy
82,DISTORTEDresperation4,DISTORTED,RESP,True,cg076,resperation4,train_prefix,1,0,70000,100,200,195250,70000,128429,128431,-0.0846848851763003,0.014998094226305112,0.015007495769555708,125248,125048,False,False,134879,False,False,0.9694,1.0478,results/gate1/scores/082_train_prefix_mf1_seed0.npy
82,DISTORTEDresperation4,DISTORTED,RESP,True,cg076,resperation4,train_prefix,1,1,70000,100,200,195250,70000,128429,128431,-0.08695008348165068,0.011614562384489397,0.011644853897318069,125248,125048,False,False,134857,False,False,1.0756,0.9573,results/gate1/scores/082_train_prefix_mf1_seed1.npy
82,DISTORTEDresperation4,DISTORTED,RESP,True,cg076,resperation4,train_prefix,1,2,70000,100,200,195250,70000,128429,128431,-0.08951085296806394,0.012904837530990566,0.012935157746220177,125248,125048,False,False,134863,False,False,0.9686,0.9288,results/gate1/scores/082_train_prefix_mf1_seed2.npy
82,DISTORTEDresperation4,DISTORTED,RESP,True,cg076,resperation4,train_prefix,1.0,0,70000,100,200,195250,70000,128429,128431,-0.1283040244120816,0.016747533080361834,0.01678347855301848,125248,125048,False,False,134869,False,False,0.805,0.9155,results/gate1/scores/082_train_prefix_mf1.0_seed0.npy
82,DISTORTEDresperation4,DISTORTED,RESP,True,cg076,resperation4,train_prefix,1.0,1,70000,100,200,195250,70000,128429,128431,-0.11455397379367593,0.017642326851428598,0.017686957059004835,125248,125048,False,False,134869,False,False,0.6683,0.7729,results/gate1/scores/082_train_prefix_mf1.0_seed1.npy
82,DISTORTEDresperation4,DISTORTED,RESP,True,cg076,resperation4,train_prefix,1.0,2,70000,100,200,195250,70000,128429,128431,-0.12316107500715617,0.017371478595745157,0.0173945239444006,125248,125048,False,False,134868,False,False,0.7865,0.8426,results/gate1/scores/082_train_prefix_mf1.0_seed2.npy
83,DISTORTEDresperation9,DISTORTED,RESP,True,cg076,resperation9,full,1,0,195000,100,200,195000,38000,143410,143511,0.002847357485396662,0.061784959733091956,0.061819885669086555,156899,156699,False,False,134609,False,False,2.4387,0.8746,results/gate1/scores/083_full_mf1_seed0.npy
83,DISTORTEDresperation9,DISTORTED,RESP,True,cg076,resperation9,full,1,1,195000,100,200,195000,38000,143410,143511,-0.0020381183180691043,0.058011837030703256,0.05804931939798077,156899,156699,False,False,134611,False,False,2.4411,0.8851,results/gate1/scores/083_full_mf1_seed1.npy
83,DISTORTEDresperation9,DISTORTED,RESP,True,cg076,resperation9,full,1,2,195000,100,200,195000,38000,143410,143511,0.0014712183467147089,0.05851073844313973,0.05852683771188996,156899,156699,False,False,134614,False,False,2.3108,0.8738,results/gate1/scores/083_full_mf1_seed2.npy
83,DISTORTEDresperation9,DISTORTED,RESP,True,cg076,resperation9,full,1.0,0,195000,100,200,195000,38000,143410,143511,0.009974939724753273,0.08069511169998424,0.08072459970951111,156899,156699,False,False,134614,False,False,1.5578,0.6435,results/gate1/scores/083_full_mf1.0_seed0.npy
83,DISTORTEDresperation9,DISTORTED,RESP,True,cg076,resperation9,full,1.0,1,195000,100,200,195000,38000,143410,143511,0.019749431260717043,0.0794358283854703,0.07947778623660204,156899,156699,False,False,134615,False,False,1.7718,0.6755,results/gate1/scores/083_full_mf1.0_seed1.npy
83,DISTORTEDresperation9,DISTORTED,RESP,True,cg076,resperation9,full,1.0,2,195000,100,200,195000,38000,143410,143511,0.012311018155414688,0.07643068693897544,0.07643754483657393,156899,156699,False,False,134608,False,False,1.812,0.7964,results/gate1/scores/083_full_mf1.0_seed2.npy
83,DISTORTEDresperation9,DISTORTED,RESP,True,cg076,resperation9,train_prefix,1,0,38000,100,200,195000,38000,143410,143511,-0.009272177240251867,0.03238903608438745,0.032393525912455194,156899,156699,False,False,49779,False,False,0.5907,1.042,results/gate1/scores/083_train_prefix_mf1_seed0.npy
83,DISTORTEDresperation9,DISTORTED,RESP,True,cg076,resperation9,train_prefix,1,1,38000,100,200,195000,38000,143410,143511,-0.011226106074984976,0.033751420368415504,0.03376542986219881,156899,156699,False,False,49775,False,False,0.6901,0.9675,results/gate1/scores/083_train_prefix_mf1_seed1.npy
83,DISTORTEDresperation9,DISTORTED,RESP,True,cg076,resperation9,train_prefix,1,2,38000,100,200,195000,38000,143410,143511,-0.011776394513748012,0.03010006050717673,0.03012596606054659,156899,156699,False,False,49767,False,False,0.5635,0.9992,results/gate1/scores/083_train_prefix_mf1_seed2.npy
83,DISTORTEDresperation9,DISTORTED,RESP,True,cg076,resperation9,train_prefix,1.0,0,38000,100,200,195000,38000,143410,143511,0.004040866342923666,0.0437727945332116,0.043842189593964805,156899,156699,False,False,49784,False,False,0.4452,0.8325,results/gate1/scores/083_train_prefix_mf1.0_seed0.npy
83,DISTORTEDresperation9,DISTORTED,RESP,True,cg076,resperation9,train_prefix,1.0,1,38000,100,200,195000,38000,143410,143511,0.012159885641319645,0.0482259645667585,0.04829006516296151,156899,156699,False,False,49777,False,False,0.5564,0.8355,results/gate1/scores/083_train_prefix_mf1.0_seed1.npy
83,DISTORTEDresperation9,DISTORTED,RESP,True,cg076,resperation9,train_prefix,1.0,2,38000,100,200,195000,38000,143410,143511,-0.002670049244531847,0.041679807500558955,0.04169393372897679,156899,156699,False,False,49785,False,False,0.3855,0.7457,results/gate1/scores/083_train_prefix_mf1.0_seed2.npy
84,DISTORTEDs20101mML2,DISTORTED,ECG,True,cg084,s20101mML2,full,1,0,40000,100,200,40000,12000,35773,35874,0.1630639468072395,0.06028946545943537,0.05477997676536419,27899,27699,True,True,35861,True,True,0.5844,0.1885,results/gate1/scores/084_full_mf1_seed0.npy
84,DISTORTEDs20101mML2,DISTORTED,ECG,True,cg084,s20101mML2,full,1,1,40000,100,200,40000,12000,35773,35874,0.1834901911257123,0.057974449496120274,0.05147165291387316,27899,27699,True,True,35863,True,True,0.6277,0.1935,results/gate1/scores/084_full_mf1_seed1.npy
84,DISTORTEDs20101mML2,DISTORTED,ECG,True,cg084,s20101mML2,full,1,2,40000,100,200,40000,12000,35773,35874,0.16632310448628318,0.054663402523396014,0.04895344635386523,27899,27699,True,True,35858,True,True,0.5544,0.1905,results/gate1/scores/084_full_mf1_seed2.npy
84,DISTORTEDs20101mML2,DISTORTED,ECG,True,cg084,s20101mML2,full,1.0,0,40000,100,200,40000,12000,35773,35874,0.1637657087999601,0.031476428509930196,0.028622546536397314,27899,27699,True,True,35890,True,True,0.4107,0.1325,results/gate1/scores/084_full_mf1.0_seed0.npy
84,DISTORTEDs20101mML2,DISTORTED,ECG,True,cg084,s20101mML2,full,1.0,1,40000,100,200,40000,12000,35773,35874,0.16073904128237104,0.02929317608658548,0.026632097432920686,27899,27699,True,True,35892,True,True,0.4767,0.1689,results/gate1/scores/084_full_mf1.0_seed1.npy
84,DISTORTEDs20101mML2,DISTORTED,ECG,True,cg084,s20101mML2,full,1.0,2,40000,100,200,40000,12000,35773,35874,0.1743091747428932,0.028282686464461505,0.026119805907488268,27899,27699,True,True,35852,True,True,0.4402,0.1582,results/gate1/scores/084_full_mf1.0_seed2.npy
84,DISTORTEDs20101mML2,DISTORTED,ECG,True,cg084,s20101mML2,train_prefix,1,0,12000,100,200,40000,12000,35773,35874,0.1689240951857195,0.0720803937196269,0.06572524157869712,27899,27699,True,True,35861,True,True,0.2391,0.202,results/gate1/scores/084_train_prefix_mf1_seed0.npy
84,DISTORTEDs20101mML2,DISTORTED,ECG,True,cg084,s20101mML2,train_prefix,1,1,12000,100,200,40000,12000,35773,35874,0.18869910043743626,0.07032895579856016,0.06350821167770973,27899,27699,True,True,35865,True,True,0.2361,0.1969,results/gate1/scores/084_train_prefix_mf1_seed1.npy
84,DISTORTEDs20101mML2,DISTORTED,ECG,True,cg084,s20101mML2,train_prefix,1,2,12000,100,200,40000,12000,35773,35874,0.17466897703647105,0.06449662864763428,0.05878896501344797,27899,27699,True,True,35858,True,True,0.2301,0.21,results/gate1/scores/084_train_prefix_mf1_seed2.npy
84,DISTORTEDs20101mML2,DISTORTED,ECG,True,cg084,s20101mML2,train_prefix,1.0,0,12000,100,200,40000,12000,35773,35874,0.1707687215391045,0.03673025885566665,0.0329900674950456,27899,27699,True,True,35851,True,True,0.1778,0.1289,results/gate1/scores/084_train_prefix_mf1.0_seed0.npy
84,DISTORTEDs20101mML2,DISTORTED,ECG,True,cg084,s20101mML2,train_prefix,1.0,1,12000,100,200,40000,12000,35773,35874,0.1717517762618344,0.03424438958084639,0.032162475455829,27899,27699,True,True,35862,True,True,0.164,0.1386,results/gate1/scores/084_train_prefix_mf1.0_seed1.npy
84,DISTORTEDs20101mML2,DISTORTED,ECG,True,cg084,s20101mML2,train_prefix,1.0,2,12000,100,200,40000,12000,35773,35874,0.17840370551077994,0.030646946381298293,0.028492630923052403,27899,27699,True,True,35853,True,True,0.1808,0.1344,results/gate1/scores/084_train_prefix_mf1.0_seed2.npy
85,DISTORTEDs20101m,DISTORTED,ECG,True,cg085,s20101m,full,1,0,40000,100,200,40000,10000,35773,35874,0.01695503490335798,0.02711501570076091,0.027153426051381945,29899,29699,False,False,10751,False,False,0.5829,0.1983,results/gate1/scores/085_full_mf1_seed0.npy
85,DISTORTEDs20101m,DISTORTED,ECG,True,cg085,s20101m,full,1,1,40000,100,200,40000,10000,35773,35874,0.012693046372915628,0.030883493711030167,0.03094843094498328,29899,29699,False,False,10775,False,False,0.6083,0.2089,results/gate1/scores/085_full_mf1_seed1.npy
85,DISTORTEDs20101m,DISTORTED,ECG,True,cg085,s20101m,full,1,2,40000,100,200,40000,10000,35773,35874,0.010112219119802535,0.02667437318376274,0.026763992104902025,29899,29699,False,False,10760,False,False,0.6237,0.2294,results/gate1/scores/085_full_mf1_seed2.npy
85,DISTORTEDs20101m,DISTORTED,ECG,True,cg085,s20101m,full,1.0,0,40000,100,200,40000,10000,35773,35874,0.005114503707163542,0.02980000665464454,0.029915306136140404,29899,29699,False,False,10756,False,False,0.4875,0.1822,results/gate1/scores/085_full_mf1.0_seed0.npy
85,DISTORTEDs20101m,DISTORTED,ECG,True,cg085,s20101m,full,1.0,1,40000,100,200,40000,10000,35773,35874,0.023217470499019566,0.025343940416309885,0.025395765076344,29899,29699,False,False,17057,False,False,0.4014,0.1652,results/gate1/scores/085_full_mf1.0_seed1.npy
85,DISTORTEDs20101m,DISTORTED,ECG,True,cg085,s20101m,full,1.0,2,40000,100,200,40000,10000,35773,35874,0.01954545129446572,0.025407552160426235,0.0254312284535476,29899,29699,False,False,29469,False,False,0.4695,0.1373,results/gate1/scores/085_full_mf1.0_seed2.npy
85,DISTORTEDs20101m,DISTORTED,ECG,True,cg085,s20101m,train_prefix,1,0,10000,100,200,40000,10000,35773,35874,0.013446417797002841,0.032170428908044585,0.032307436449246864,29899,29699,False,False,10752,False,False,0.1912,0.205,results/gate1/scores/085_train_prefix_mf1_seed0.npy
85,DISTORTEDs20101m,DISTORTED,ECG,True,cg085,s20101m,train_prefix,1,1,10000,100,200,40000,10000,35773,35874,0.009148803790992532,0.02885149061380061,0.028910298884190187,29899,29699,False,False,10760,False,False,0.1917,0.1991,results/gate1/scores/085_train_prefix_mf1_seed1.npy
85,DISTORTEDs20101m,DISTORTED,ECG,True,cg085,s20101m,train_prefix,1,2,10000,100,200,40000,10000,35773,35874,0.01054237756897225,0.02905744119210157,0.029089008362814604,29899,29699,False,False,10763,False,False,0.2031,0.1988,results/gate1/scores/085_train_prefix_mf1_seed2.npy
85,DISTORTEDs20101m,DISTORTED,ECG,True,cg085,s20101m,train_prefix,1.0,0,10000,100,200,40000,10000,35773,35874,0.014426308971005553,0.031278664958908665,0.03139441992343481,29899,29699,False,False,29478,False,False,0.1638,0.1356,results/gate1/scores/085_train_prefix_mf1.0_seed0.npy
85,DISTORTEDs20101m,DISTORTED,ECG,True,cg085,s20101m,train_prefix,1.0,1,10000,100,200,40000,10000,35773,35874,0.02545627305661291,0.02987363871154352,0.029927108490065416,29899,29699,False,False,37628,False,False,0.167,0.1907,results/gate1/scores/085_train_prefix_mf1.0_seed1.npy
85,DISTORTEDs20101m,DISTORTED,ECG,True,cg085,s20101m,train_prefix,1.0,2,10000,100,200,40000,10000,35773,35874,0.011250576080756636,0.02862678770315505,0.028685730418261886,29899,29699,False,False,17032,False,False,0.1879,0.1548,results/gate1/scores/085_train_prefix_mf1.0_seed2.npy
86,DISTORTEDsddb49,DISTORTED,ECG,True,cg086,sddb49,full,1,0,80000,100,200,80000,20000,67949,68200,-0.0015377910418091778,0.1122282910662955,0.11245186070471891,59749,59549,False,False,47659,False,False,0.862,0.2993,results/gate1/scores/086_full_mf1_seed0.npy
86,DISTORTEDsddb49,DISTORTED,ECG,True,cg086,sddb49,full,1,1,80000,100,200,80000,20000,67949,68200,0.010551705946521883,0.11708753550904756,0.11712380024085112,59749,59549,False,False,47647,False,False,0.8858,0.2981,results/gate1/scores/086_full_mf1_seed1.npy
86,DISTORTEDsddb49,DISTORTED,ECG,True,cg086,sddb49,full,1,2,80000,100,200,80000,20000,67949,68200,0.005272934731692658,0.10515952326983259,0.10530486541200278,59749,59549,False,False,47644,False,False,0.8939,0.3152,results/gate1/scores/086_full_mf1_seed2.npy
86,DISTORTEDsddb49,DISTORTED,ECG,True,cg086,sddb49,full,1.0,0,80000,100,200,80000,20000,67949,68200,0.07100262612137509,0.13180729616577752,0.13195835724936328,59749,59549,False,False,47649,False,False,0.6693,0.2571,results/gate1/scores/086_full_mf1.0_seed0.npy
86,DISTORTEDsddb49,DISTORTED,ECG,True,cg086,sddb49,full,1.0,1,80000,100,200,80000,20000,67949,68200,0.07351249373637714,0.12889364038590456,0.12903519170130426,59749,59549,False,False,47648,False,False,0.6576,0.2746,results/gate1/scores/086_full_mf1.0_seed1.npy
86,DISTORTEDsddb49,DISTORTED,ECG,True,cg086,sddb49,full,1.0,2,80000,100,200,80000,20000,67949,68200,0.07733323172426687,0.12643638338962943,0.12647230291742545,59749,59549,False,False,47651,False,False,0.6393,0.2621,results/gate1/scores/086_full_mf1.0_seed2.npy
86,DISTORTEDsddb49,DISTORTED,ECG,True,cg086,sddb49,train_prefix,1,0,20000,100,200,80000,20000,67949,68200,-0.02413448358828363,0.0569253915557356,0.058028736618934706,59749,59549,False,False,47670,False,False,0.2746,0.2867,results/gate1/scores/086_train_prefix_mf1_seed0.npy
86,DISTORTEDsddb49,DISTORTED,ECG,True,cg086,sddb49,train_prefix,1,1,20000,100,200,80000,20000,67949,68200,-0.02436846696749506,0.061204402093961066,0.06156933602300998,59749,59549,False,False,47673,False,False,0.2628,0.295,results/gate1/scores/086_train_prefix_mf1_seed1.npy
86,DISTORTEDsddb49,DISTORTED,ECG,True,cg086,sddb49,train_prefix,1,2,20000,100,200,80000,20000,67949,68200,-0.022803241837310195,0.048795187590784765,0.049372170840475155,59749,59549,False,False,47683,False,False,0.257,0.3248,results/gate1/scores/086_train_prefix_mf1_seed2.npy
86,DISTORTEDsddb49,DISTORTED,ECG,True,cg086,sddb49,train_prefix,1.0,0,20000,100,200,80000,20000,67949,68200,0.036627865707786866,0.053130519098323115,0.053304646076839844,59749,59549,False,False,47682,False,False,0.2738,0.3289,results/gate1/scores/086_train_prefix_mf1.0_seed0.npy
86,DISTORTEDsddb49,DISTORTED,ECG,True,cg086,sddb49,train_prefix,1.0,1,20000,100,200,80000,20000,67949,68200,0.045039692805388665,0.049491725245001984,0.04984612221450576,59749,59549,False,False,47519,False,False,0.2504,0.2762,results/gate1/scores/086_train_prefix_mf1.0_seed1.npy
86,DISTORTEDsddb49,DISTORTED,ECG,True,cg086,sddb49,train_prefix,1.0,2,20000,100,200,80000,20000,67949,68200,0.02629788838547853,0.0456317510609876,0.04569635382482254,59749,59549,False,False,47646,False,False,0.2587,0.3246,results/gate1/scores/086_train_prefix_mf1.0_seed2.npy
87,DISTORTEDsel840mECG1,DISTORTED,ECG,True,cg087,sel840mECG1,full,1,0,60000,100,200,60000,17000,51369,51740,0.02080436640567568,0.033317293701459694,0.03340255091196048,42629,42429,False,False,21251,False,False,0.75,0.2633,results/gate1/scores/087_full_mf1_seed0.npy
87,DISTORTEDsel840mECG1,DISTORTED,ECG,True,cg087,sel840mECG1,full,1,1,60000,100,200,60000,17000,51369,51740,0.021762955283252394,0.029446413634791013,0.029523281242661417,42629,42429,False,False,21230,False,False,0.7318,0.2622,results/gate1/scores/087_full_mf1_seed1.npy
87,DISTORTEDsel840mECG1,DISTORTED,ECG,True,cg087,sel840mECG1,full,1,2,60000,100,200,60000,17000,51369,51740,0.02393536904286958,0.030400289717635608,0.030415407264819,42629,42429,False,False,21220,False,False,0.7616,0.2653,results/gate1/scores/087_full_mf1_seed2.npy
87,DISTORTEDsel840mECG1,DISTORTED,ECG,True,cg087,sel840mECG1,full,1.0,0,60000,100,200,60000,17000,51369,51740,0.05542340880254798,0.030071881909893666,0.029920843618761826,42629,42429,True,True,21251,False,False,0.5331,0.2183,results/gate1/scores/087_full_mf1.0_seed0.npy
87,DISTORTEDsel840mECG1,DISTORTED,ECG,True,cg087,sel840mECG1,full,1.0,1,60000,100,200,60000,17000,51369,51740,0.052114273900745633,0.03008032177086174,0.029868940040080543,42629,42429,True,True,21221,False,False,0.5243,0.2499,results/gate1/scores/087_full_mf1.0_seed1.npy
87,DISTORTEDsel840mECG1,DISTORTED,ECG,True,cg087,sel840mECG1,full,1.0,2,60000,100,200,60000,17000,51369,51740,0.039931414799812937,0.028844431595787808,0.02861801159618079,42629,42429,True,True,22597,False,False,0.5846,0.2466,results/gate1/scores/087_full_mf1.0_seed2.npy
87,DISTORTEDsel840mECG1,DISTORTED,ECG,True,cg087,sel840mECG1,train_prefix,1,0,17000,100,200,60000,17000,51369,51740,0.02130355152489022,0.027940392297827292,0.028009158682334293,42629,42429,False,False,21261,False,False,0.2534,0.2489,results/gate1/scores/087_train_prefix_mf1_seed0.npy
87,DISTORTEDsel840mECG1,DISTORTED,ECG,True,cg087,sel840mECG1,train_prefix,1,1,17000,100,200,60000,17000,51369,51740,0.02529017932310218,0.027993392466071118,0.028084352513368303,42629,42429,False,False,21225,False,False,0.2629,0.2571,results/gate1/scores/087_train_prefix_mf1_seed1.npy
87,DISTORTEDsel840mECG1,DISTORTED,ECG,True,cg087,sel840mECG1,train_prefix,1,2,17000,100,200,60000,17000,51369,51740,0.01632823345819051,0.027415479740017075,0.027440737949482735,42629,42429,False,False,21241,False,False,0.2679,0.2515,results/gate1/scores/087_train_prefix_mf1_seed2.npy
87,DISTORTEDsel840mECG1,DISTORTED,ECG,True,cg087,sel840mECG1,train_prefix,1.0,0,17000,100,200,60000,17000,51369,51740,0.0445663673076197,0.026097667999208884,0.025956291881559464,42629,42429,True,True,21259,False,False,0.2087,0.1808,results/gate1/scores/087_train_prefix_mf1.0_seed0.npy
87,DISTORTEDsel840mECG1,DISTORTED,ECG,True,cg087,sel840mECG1,train_prefix,1.0,1,17000,100,200,60000,17000,51369,51740,0.05482706782322294,0.029394937476198355,0.029137616536375577,42629,42429,True,True,21221,False,False,0.2092,0.1993,results/gate1/scores/087_train_prefix_mf1.0_seed1.npy
87,DISTORTEDsel840mECG1,DISTORTED,ECG,True,cg087,sel840mECG1,train_prefix,1.0,2,17000,100,200,60000,17000,51369,51740,0.05762746413969183,0.02902181898916706,0.028757484896902306,42629,42429,True,True,47221,False,False,0.2007,0.1993,results/gate1/scores/087_train_prefix_mf1.0_seed2.npy
88,DISTORTEDsel840mECG2,DISTORTED,ECG,True,cg088,sel840mECG2,full,1,0,57001,100,200,57001,20000,49369,49740,0.010229471832111703,0.10290276371689754,0.10326702743371842,36630,36430,False,False,43330,False,False,0.7294,0.2608,results/gate1/scores/088_full_mf1_seed0.npy
88,DISTORTEDsel840mECG2,DISTORTED,ECG,True,cg088,sel840mECG2,full,1,1,57001,100,200,57001,20000,49369,49740,-0.005702357087357002,0.10331032634173484,0.10370881870520503,36630,36430,False,False,43332,False,False,0.726,0.2604,results/gate1/scores/088_full_mf1_seed1.npy
88,DISTORTEDsel840mECG2,DISTORTED,ECG,True,cg088,sel840mECG2,full,1,2,57001,100,200,57001,20000,49369,49740,-0.0045802707372666895,0.10220350957266242,0.10236595095066375,36630,36430,False,False,43334,False,False,0.7417,0.2623,results/gate1/scores/088_full_mf1_seed2.npy
88,DISTORTEDsel840mECG2,DISTORTED,ECG,True,cg088,sel840mECG2,full,1.0,0,57001,100,200,57001,20000,49369,49740,-0.016249406527398258,0.09107502054461883,0.09140352485184801,36630,36430,False,False,43328,False,False,0.5362,0.1675,results/gate1/scores/088_full_mf1.0_seed0.npy
88,DISTORTEDsel840mECG2,DISTORTED,ECG,True,cg088,sel840mECG2,full,1.0,1,57001,100,200,57001,20000,49369,49740,0.003514197732644775,0.10529789983640779,0.10571684710041555,36630,36430,False,False,41745,False,False,0.5886,0.1871,results/gate1/scores/088_full_mf1.0_seed1.npy
88,DISTORTEDsel840mECG2,DISTORTED,ECG,True,cg088,sel840mECG2,full,1.0,2,57001,100,200,57001,20000,49369,49740,-0.013352243281308962,0.097430291630765,0.09896428201140332,36630,36430,False,False,41745,False,False,0.6061,0.1574,results/gate1/scores/088_full_mf1.0_seed2.npy
88,DISTORTEDsel840mECG2,DISTORTED,ECG,True,cg088,sel840mECG2,train_prefix,1,0,20000,100,200,57001,20000,49369,49740,-0.0029367318570324152,0.08534623787878229,0.0856564963841975,36630,36430,False,False,43327,False,False,0.3104,0.2497,results/gate1/scores/088_train_prefix_mf1_seed0.npy
88,DISTORTEDsel840mECG2,DISTORTED,ECG,True,cg088,sel840mECG2,train_prefix,1,1,20000,100,200,57001,20000,49369,49740,-0.017283976769129628,0.08708962842922827,0.08763612964689427,36630,36430,False,False,43332,False,False,0.2808,0.241,results/gate1/scores/088_train_prefix_mf1_seed1.npy
88,DISTORTEDsel840mECG2,DISTORTED,ECG,True,cg088,sel840mECG2,train_prefix,1,2,20000,100,200,57001,20000,49369,49740,-0.008403884338529122,0.08499770391387805,0.08586983588829465,36630,36430,False,False,43334,False,False,0.2907,0.2598,results/gate1/scores/088_train_prefix_mf1_seed2.npy
88,DISTORTEDsel840mECG2,DISTORTED,ECG,True,cg088,sel840mECG2,train_prefix,1.0,0,20000,100,200,57001,20000,49369,49740,-0.020863282065244904,0.08104995288490152,0.08124497714139026,36630,36430,False,False,43327,False,False,0.2181,0.1948,results/gate1/scores/088_train_prefix_mf1.0_seed0.npy
88,DISTORTEDsel840mECG2,DISTORTED,ECG,True,cg088,sel840mECG2,train_prefix,1.0,1,20000,100,200,57001,20000,49369,49740,-0.012272988410552133,0.07428927046967798,0.07471176252161478,36630,36430,False,False,41745,False,False,0.2123,0.1951,results/gate1/scores/088_train_prefix_mf1.0_seed1.npy
88,DISTORTEDsel840mECG2,DISTORTED,ECG,True,cg088,sel840mECG2,train_prefix,1.0,2,20000,100,200,57001,20000,49369,49740,-0.020564803402792153,0.0862235422423195,0.08652338038480999,36630,36430,False,False,43331,False,False,0.2215,0.1823,results/gate1/scores/088_train_prefix_mf1.0_seed2.npy
89,DISTORTEDtiltAPB1,DISTORTED,ABP,True,cg089,tiltAPB1,full,1,0,130001,100,200,130001,100000,114282,114350,-0.008193941834151786,-0.0011994018707783475,-0.0011042557633868426,29933,29733,False,False,100476,False,False,1.4915,0.5734,results/gate1/scores/089_full_mf1_seed0.npy
89,DISTORTEDtiltAPB1,DISTORTED,ABP,True,cg089,tiltAPB1,full,1,1,130001,100,200,130001,100000,114282,114350,0.0019485112285704265,0.0033017560361391293,0.0030607893436776883,29933,29733,False,False,100474,False,False,1.6163,0.5739,results/gate1/scores/089_full_mf1_seed1.npy
89,DISTORTEDtiltAPB1,DISTORTED,ABP,True,cg089,tiltAPB1,full,1,2,130001,100,200,130001,100000,114282,114350,0.007321659898305244,7.6095185400865546e-06,-3.325106213443089e-05,29933,29733,True,True,100469,False,False,1.5574,0.5603,results/gate1/scores/089_full_mf1_seed2.npy
89,DISTORTEDtiltAPB1,DISTORTED,ABP,True,cg089,tiltAPB1,full,1.0,0,130001,100,200,130001,100000,114282,114350,0.02772804627972425,0.009296256313249679,0.00843998345234584,29933,29733,True,True,129778,False,False,1.1068,0.4423,results/gate1/scores/089_full_mf1.0_seed0.npy
89,DISTORTEDtiltAPB1,DISTORTED,ABP,True,cg089,tiltAPB1,full,1.0,1,130001,100,200,130001,100000,114282,114350,0.032239997730198144,0.006920622009363463,0.0063527930943102955,29933,29733,True,True,129636,False,False,1.1237,0.5402,results/gate1/scores/089_full_mf1.0_seed1.npy
89,DISTORTEDtiltAPB1,DISTORTED,ABP,True,cg089,tiltAPB1,full,1.0,2,130001,100,200,130001,100000,114282,114350,0.026864942553253224,0.016186440789928362,0.01562459551858251,29933,29733,True,True,114269,True,True,1.3687,0.6051,results/gate1/scores/089_full_mf1.0_seed2.npy
89,DISTORTEDtiltAPB1,DISTORTED,ABP,True,cg089,tiltAPB1,train_prefix,1,0,100000,100,200,130001,100000,114282,114350,-0.006939836125063992,-0.0035559658137246115,-0.003649710528835472,29933,29733,False,False,100475,False,False,1.1575,0.5658,results/gate1/scores/089_train_prefix_mf1_seed0.npy
89,DISTORTEDtiltAPB1,DISTORTED,ABP,True,cg089,tiltAPB1,train_prefix,1,1,100000,100,200,130001,100000,114282,114350,0.006843557845445214,-0.0028912958382859835,-0.003321781813330074,29933,29733,True,True,100486,False,False,1.2039,0.5796,results/gate1/scores/089_train_prefix_mf1_seed1.npy
89,DISTORTEDtiltAPB1,DISTORTED,ABP,True,cg089,tiltAPB1,train_prefix,1,2,100000,100,200,130001,100000,114282,114350,0.005953824751577685,-0.005414219876262672,-0.005721467845543173,29933,29733,True,True,100473,False,False,1.2107,0.5746,results/gate1/scores/089_train_prefix_mf1_seed2.npy
89,DISTORTEDtiltAPB1,DISTORTED,ABP,True,cg089,tiltAPB1,train_prefix,1.0,0,100000,100,200,130001,100000,114282,114350,0.03641129272561461,0.010554045864434092,0.009928667147034515,29933,29733,True,True,114272,True,True,0.9291,0.5266,results/gate1/scores/089_train_prefix_mf1.0_seed0.npy
89,DISTORTEDtiltAPB1,DISTORTED,ABP,True,cg089,tiltAPB1,train_prefix,1.0,1,100000,100,200,130001,100000,114282,114350,0.04093297310768562,0.014097387420802805,0.013308263721214868,29933,29733,True,True,129846,False,False,0.7764,0.4379,results/gate1/scores/089_train_prefix_mf1.0_seed1.npy
89,DISTORTEDtiltAPB1,DISTORTED,ABP,True,cg089,tiltAPB1,train_prefix,1.0,2,100000,100,200,130001,100000,114282,114350,0.03184737032411311,0.010513703642133594,0.01006950568409069,29933,29733,True,True,114269,True,True,0.7995,0.4784,results/gate1/scores/089_train_prefix_mf1.0_seed2.npy
90,DISTORTEDtiltAPB2,DISTORTED,ABP,True,cg089,tiltAPB2,full,1,0,128767,100,200,128767,50000,124158,124985,0.011290996214603832,0.07015189836757073,0.07017837438513617,77940,77740,False,False,85293,False,False,1.5722,0.5509,results/gate1/scores/090_full_mf1_seed0.npy
90,DISTORTEDtiltAPB2,DISTORTED,ABP,True,cg089,tiltAPB2,full,1,1,128767,100,200,128767,50000,124158,124985,0.010271953106744003,0.07559448671907278,0.07569764729444818,77940,77740,False,False,85295,False,False,1.5723,0.5633,results/gate1/scores/090_full_mf1_seed1.npy
90,DISTORTEDtiltAPB2,DISTORTED,ABP,True,cg089,tiltAPB2,full,1,2,128767,100,200,128767,50000,124158,124985,0.0034324552019303622,0.06913739201121408,0.0693377299699178,77940,77740,False,False,85289,False,False,1.5559,0.5603,results/gate1/scores/090_full_mf1_seed2.npy
90,DISTORTEDtiltAPB2,DISTORTED,ABP,True,cg089,tiltAPB2,full,1.0,0,128767,100,200,128767,50000,124158,124985,0.0496681220466868,0.04855678575060774,0.04865236081365739,77940,77740,True,True,85293,False,False,1.2131,0.5215,results/gate1/scores/090_full_mf1.0_seed0.npy
90,DISTORTEDtiltAPB2,DISTORTED,ABP,True,cg089,tiltAPB2,full,1.0,1,128767,100,200,128767,50000,124158,124985,0.03105164688614792,0.044363950766152724,0.044446771359153904,77940,77740,False,False,85294,False,False,1.4059,0.514,results/gate1/scores/090_full_mf1.0_seed1.npy
90,DISTORTEDtiltAPB2,DISTORTED,ABP,True,cg089,tiltAPB2,full,1.0,2,128767,100,200,128767,50000,124158,124985,0.029509290560945867,0.03774736277016834,0.037772772369557235,77940,77740,False,False,85293,False,False,1.2226,0.5217,results/gate1/scores/090_full_mf1.0_seed2.npy
90,DISTORTEDtiltAPB2,DISTORTED,ABP,True,cg089,tiltAPB2,train_prefix,1,0,50000,100,200,128767,50000,124158,124985,0.04502534840001027,0.10262155687968061,0.10266800242362582,77940,77740,False,False,85293,False,False,0.6556,0.5701,results/gate1/scores/090_train_prefix_mf1_seed0.npy
90,DISTORTEDtiltAPB2,DISTORTED,ABP,True,cg089,tiltAPB2,train_prefix,1,1,50000,100,200,128767,50000,124158,124985,0.05601928024061298,0.1053229192682659,0.10547646060102725,77940,77740,False,False,85293,False,False,0.6472,0.5697,results/gate1/scores/090_train_prefix_mf1_seed1.npy
90,DISTORTEDtiltAPB2,DISTORTED,ABP,True,cg089,tiltAPB2,train_prefix,1,2,50000,100,200,128767,50000,124158,124985,0.024632726275788164,0.0918534197268131,0.09199676223975384,77940,77740,False,False,85291,False,False,0.7056,0.5565,results/gate1/scores/090_train_prefix_mf1_seed2.npy
90,DISTORTEDtiltAPB2,DISTORTED,ABP,True,cg089,tiltAPB2,train_prefix,1.0,0,50000,100,200,128767,50000,124158,124985,0.0670756274069112,0.0649154566515215,0.06493405125812626,77940,77740,True,True,85293,False,False,0.4725,0.4657,results/gate1/scores/090_train_prefix_mf1.0_seed0.npy
90,DISTORTEDtiltAPB2,DISTORTED,ABP,True,cg089,tiltAPB2,train_prefix,1.0,1,50000,100,200,128767,50000,124158,124985,0.04938648374868426,0.06611178053351151,0.06616182276779048,77940,77740,False,False,85296,False,False,0.452,0.4777,results/gate1/scores/090_train_prefix_mf1.0_seed1.npy
90,DISTORTEDtiltAPB2,DISTORTED,ABP,True,cg089,tiltAPB2,train_prefix,1.0,2,50000,100,200,128767,50000,124158,124985,0.04457963795083497,0.04760655969793205,0.04766916000157926,77940,77740,False,False,85070,False,False,0.5383,0.4512,results/gate1/scores/090_train_prefix_mf1.0_seed2.npy
91,DISTORTEDtiltAPB3,DISTORTED,ABP,True,cg089,tiltAPB3,full,1,0,129489,100,200,129489,40000,113999,114370,-0.026976786685404763,0.06370628177574071,0.06376602672153586,89118,88918,False,False,85076,False,False,1.5583,0.5467,results/gate1/scores/091_full_mf1_seed0.npy
91,DISTORTEDtiltAPB3,DISTORTED,ABP,True,cg089,tiltAPB3,full,1,1,129489,100,200,129489,40000,113999,114370,-0.022373174356399683,0.06511826864471314,0.06516793773414194,89118,88918,False,False,85079,False,False,1.5754,0.5725,results/gate1/scores/091_full_mf1_seed1.npy
91,DISTORTEDtiltAPB3,DISTORTED,ABP,True,cg089,tiltAPB3,full,1,2,129489,100,200,129489,40000,113999,114370,-0.027784317646892986,0.061840353405849466,0.06194710273049898,89118,88918,False,False,85075,False,False,1.578,0.5842,results/gate1/scores/091_full_mf1_seed2.npy
91,DISTORTEDtiltAPB3,DISTORTED,ABP,True,cg089,tiltAPB3,full,1.0,0,129489,100,200,129489,40000,113999,114370,-0.07619460863226452,0.04069266861780804,0.040724073412183155,89118,88918,False,False,85075,False,False,1.3972,0.5689,results/gate1/scores/091_full_mf1.0_seed0.npy
91,DISTORTEDtiltAPB3,DISTORTED,ABP,True,cg089,tiltAPB3,full,1.0,1,129489,100,200,129489,40000,113999,114370,-0.0793171558627686,0.03760762661440615,0.03764385922460795,89118,88918,False,False,85075,False,False,1.1986,0.5592,results/gate1/scores/091_full_mf1.0_seed1.npy
91,DISTORTEDtiltAPB3,DISTORTED,ABP,True,cg089,tiltAPB3,full,1.0,2,129489,100,200,129489,40000,113999,114370,-0.07778060372174267,0.03391057124454736,0.03394591747536306,89118,88918,False,False,85073,False,False,0.8519,0.3498,results/gate1/scores/091_full_mf1.0_seed2.npy
91,DISTORTEDtiltAPB3,DISTORTED,ABP,True,cg089,tiltAPB3,train_prefix,1,0,40000,100,200,129489,40000,113999,114370,-0.03620000211111335,0.10019527879908373,0.10026016120001549,89118,88918,False,False,85077,False,False,0.5386,0.607,results/gate1/scores/091_train_prefix_mf1_seed0.npy
91,DISTORTEDtiltAPB3,DISTORTED,ABP,True,cg089,tiltAPB3,train_prefix,1,1,40000,100,200,129489,40000,113999,114370,-0.03207465060838055,0.09768097664687551,0.09778171690752709,89118,88918,False,False,85076,False,False,0.5207,0.5873,results/gate1/scores/091_train_prefix_mf1_seed1.npy
91,DISTORTEDtiltAPB3,DISTORTED,ABP,True,cg089,tiltAPB3,train_prefix,1,2,40000,100,200,129489,40000,113999,114370,-0.041374759046998444,0.08346082850966433,0.0834756380942058,89118,88918,False,False,85076,False,False,0.549,0.5802,results/gate1/scores/091_train_prefix_mf1_seed2.npy
91,DISTORTEDtiltAPB3,DISTORTED,ABP,True,cg089,tiltAPB3,train_prefix,1.0,0,40000,100,200,129489,40000,113999,114370,-0.07032845203462829,0.060070259172271274,0.060161100623728675,89118,88918,False,False,85075,False,False,0.3627,0.5614,results/gate1/scores/091_train_prefix_mf1.0_seed0.npy
91,DISTORTEDtiltAPB3,DISTORTED,ABP,True,cg089,tiltAPB3,train_prefix,1.0,1,40000,100,200,129489,40000,113999,114370,-0.05654219384814291,0.06212029367148764,0.062155393567005154,89118,88918,False,False,85078,False,False,0.4329,0.519,results/gate1/scores/091_train_prefix_mf1.0_seed1.npy
91,DISTORTEDtiltAPB3,DISTORTED,ABP,True,cg089,tiltAPB3,train_prefix,1.0,2,40000,100,200,129489,40000,113999,114370,-0.06282227752629915,0.03999482601668869,0.04000269697445187,89118,88918,False,False,82352,False,False,0.4,0.4472,results/gate1/scores/091_train_prefix_mf1.0_seed2.npy
92,DISTORTEDtiltAPB4,DISTORTED,ABP,True,cg089,tiltAPB4,full,1,0,128001,100,200,128001,20000,67994,67996,-0.006863659978007752,0.053607420532916845,0.05368369592251688,107999,107799,False,False,85070,False,False,1.5426,0.5705,results/gate1/scores/092_full_mf1_seed0.npy
92,DISTORTEDtiltAPB4,DISTORTED,ABP,True,cg089,tiltAPB4,full,1,1,128001,100,200,128001,20000,67994,67996,-0.012479238914734014,0.061854260508909444,0.061861751953077374,107999,107799,False,False,85072,False,False,1.5636,0.5696,results/gate1/scores/092_full_mf1_seed1.npy
92,DISTORTEDtiltAPB4,DISTORTED,ABP,True,cg089,tiltAPB4,full,1,2,128001,100,200,128001,20000,67994,67996,-0.0008651158008974313,0.054518210766119145,0.054593956689688465,107999,107799,False,False,85073,False,False,1.5796,0.5859,results/gate1/scores/092_full_mf1_seed2.npy
92,DISTORTEDtiltAPB4,DISTORTED,ABP,True,cg089,tiltAPB4,full,1.0,0,128001,100,200,128001,20000,67994,67996,0.00501914679311366,0.04128874332333682,0.04131232310857956,107999,107799,False,False,82147,False,False,1.2673,0.6201,results/gate1/scores/092_full_mf1.0_seed0.npy
92,DISTORTEDtiltAPB4,DISTORTED,ABP,True,cg089,tiltAPB4,full,1.0,1,128001,100,200,128001,20000,67994,67996,0.004739938719340975,0.04026616252099586,0.0402831041566477,107999,107799,False,False,85075,False,False,1.2657,0.5276,results/gate1/scores/092_full_mf1.0_seed1.npy
92,DISTORTEDtiltAPB4,DISTORTED,ABP,True,cg089,tiltAPB4,full,1.0,2,128001,100,200,128001,20000,67994,67996,0.010058065351306267,0.03937986644770673,0.039435268769596354,107999,107799,False,False,85080,False,False,1.1926,0.3877,results/gate1/scores/092_full_mf1.0_seed2.npy
92,DISTORTEDtiltAPB4,DISTORTED,ABP,True,cg089,tiltAPB4,train_prefix,1,0,20000,100,200,128001,20000,67994,67996,0.0028249233103495586,0.09343024009237078,0.09345653812573075,107999,107799,False,False,87691,False,False,0.2957,0.5954,results/gate1/scores/092_train_prefix_mf1_seed0.npy
92,DISTORTEDtiltAPB4,DISTORTED,ABP,True,cg089,tiltAPB4,train_prefix,1,1,20000,100,200,128001,20000,67994,67996,-0.015219672166326803,0.09577596309674692,0.09586041454934162,107999,107799,False,False,84849,False,False,0.3101,0.5679,results/gate1/scores/092_train_prefix_mf1_seed1.npy
92,DISTORTEDtiltAPB4,DISTORTED,ABP,True,cg089,tiltAPB4,train_prefix,1,2,20000,100,200,128001,20000,67994,67996,-0.014057208668589394,0.08226188864450505,0.08233009026151805,107999,107799,False,False,82352,False,False,0.3269,0.5825,results/gate1/scores/092_train_prefix_mf1_seed2.npy
92,DISTORTEDtiltAPB4,DISTORTED,ABP,True,cg089,tiltAPB4,train_prefix,1.0,0,20000,100,200,128001,20000,67994,67996,-0.01992886655705839,0.05650068468217764,0.05650275044745821,107999,107799,False,False,82353,False,False,0.236,0.4792,results/gate1/scores/092_train_prefix_mf1.0_seed0.npy
92,DISTORTEDtiltAPB4,DISTORTED,ABP,True,cg089,tiltAPB4,train_prefix,1.0,1,20000,100,200,128001,20000,67994,67996,-0.01951406597497074,0.06037785755794348,0.060418293004846316,107999,107799,False,False,82346,False,False,0.2248,0.5517,results/gate1/scores/092_train_prefix_mf1.0_seed1.npy
92,DISTORTEDtiltAPB4,DISTORTED,ABP,True,cg089,tiltAPB4,train_prefix,1.0,2,20000,100,200,128001,20000,67994,67996,-0.01287069415431974,0.03793966941403001,0.03795504761034978,107999,107799,False,False,82340,False,False,0.2584,0.5311,results/gate1/scores/092_train_prefix_mf1.0_seed2.npy
93,NOISE1sddb40,NOISE,ECG,True,cg001,1sddb40,full,1,0,79795,100,200,79795,35000,51999,52620,0.17636110747096223,0.11328042090467397,0.11340655895005737,44174,43974,True,True,71045,False,False,1.0267,0.3667,results/gate1/scores/093_full_mf1_seed0.npy
93,NOISE1sddb40,NOISE,ECG,True,cg001,1sddb40,full,1,1,79795,100,200,79795,35000,51999,52620,0.17211556716921028,0.11278215562429285,0.11318041005434833,44174,43974,True,True,71030,False,False,1.0691,0.4655,results/gate1/scores/093_full_mf1_seed1.npy
93,NOISE1sddb40,NOISE,ECG,True,cg001,1sddb40,full,1,2,79795,100,200,79795,35000,51999,52620,0.15783762042736227,0.09792082948350467,0.09843570545227982,44174,43974,True,True,71030,False,False,1.1301,0.4148,results/gate1/scores/093_full_mf1_seed2.npy
93,NOISE1sddb40,NOISE,ECG,True,cg001,1sddb40,full,1.0,0,79795,100,200,79795,35000,51999,52620,0.27017927073735215,0.11174472502222607,0.11181291335722568,44174,43974,True,True,52328,True,True,0.6663,0.2583,results/gate1/scores/093_full_mf1.0_seed0.npy
93,NOISE1sddb40,NOISE,ECG,True,cg001,1sddb40,full,1.0,1,79795,100,200,79795,35000,51999,52620,0.287038379928407,0.12098760932781712,0.12132303866486989,44174,43974,True,True,52092,True,True,0.7227,0.3388,results/gate1/scores/093_full_mf1.0_seed1.npy
93,NOISE1sddb40,NOISE,ECG,True,cg001,1sddb40,full,1.0,2,79795,100,200,79795,35000,51999,52620,0.2592293239318291,0.1235795353995885,0.1238335198690349,44174,43974,True,True,52094,True,True,0.7265,0.2662,results/gate1/scores/093_full_mf1.0_seed2.npy
93,NOISE1sddb40,NOISE,ECG,True,cg001,1sddb40,train_prefix,1,0,35000,100,200,79795,35000,51999,52620,0.1632060888991288,0.1045965522811014,0.10503231403004994,44174,43974,True,True,71009,False,False,0.5331,0.4125,results/gate1/scores/093_train_prefix_mf1_seed0.npy
93,NOISE1sddb40,NOISE,ECG,True,cg001,1sddb40,train_prefix,1,1,35000,100,200,79795,35000,51999,52620,0.16962180057940013,0.10766231556491083,0.10778148054514375,44174,43974,True,True,71010,False,False,0.559,0.4289,results/gate1/scores/093_train_prefix_mf1_seed1.npy
93,NOISE1sddb40,NOISE,ECG,True,cg001,1sddb40,train_prefix,1,2,35000,100,200,79795,35000,51999,52620,0.16246372196247022,0.1027244423409189,0.10275979907938178,44174,43974,True,True,71011,False,False,0.528,0.4063,results/gate1/scores/093_train_prefix_mf1_seed2.npy
93,NOISE1sddb40,NOISE,ECG,True,cg001,1sddb40,train_prefix,1.0,0,35000,100,200,79795,35000,51999,52620,0.2651646065033779,0.11299594928338126,0.11326089873786725,44174,43974,True,True,52328,True,True,0.335,0.2405,results/gate1/scores/093_train_prefix_mf1.0_seed0.npy
93,NOISE1sddb40,NOISE,ECG,True,cg001,1sddb40,train_prefix,1.0,1,35000,100,200,79795,35000,51999,52620,0.2745616105653791,0.11470308402504466,0.11496126438863043,44174,43974,True,True,52312,True,True,0.3045,0.2112,results/gate1/scores/093_train_prefix_mf1.0_seed1.npy
93,NOISE1sddb40,NOISE,ECG,True,cg001,1sddb40,train_prefix,1.0,2,35000,100,200,79795,35000,51999,52620,0.24779908361462288,0.11028513360639093,0.11045599314968918,44174,43974,True,True,52310,True,True,0.3333,0.2205,results/gate1/scores/093_train_prefix_mf1.0_seed2.npy
94,NOISEBIDMC1,NOISE,ECG,True,cg004,BIDMC1,full,1,0,11000,100,200,11000,2500,5399,5600,0.03827733888238416,0.030174422889520908,0.029820681577264807,8299,8099,True,True,4249,False,False,0.233,0.0612,results/gate1/scores/094_full_mf1_seed0.npy
94,NOISEBIDMC1,NOISE,ECG,True,cg004,BIDMC1,full,1,1,11000,100,200,11000,2500,5399,5600,0.03149744813988031,0.02899450797395569,0.029006502050273438,8299,8099,True,True,4219,False,False,0.2307,0.0686,results/gate1/scores/094_full_mf1_seed1.npy
94,NOISEBIDMC1,NOISE,ECG,True,cg004,BIDMC1,full,1,2,11000,100,200,11000,2500,5399,5600,0.036090756379039246,0.028434711855803513,0.02877695438112029,8299,8099,True,True,4238,False,False,0.2346,0.0745,results/gate1/scores/094_full_mf1_seed2.npy
94,NOISEBIDMC1,NOISE,ECG,True,cg004,BIDMC1,full,1.0,0,11000,100,200,11000,2500,5399,5600,0.10852819332552943,0.040311444967825266,0.03594204778281114,8299,8099,True,True,5555,True,True,0.2006,0.05,results/gate1/scores/094_full_mf1.0_seed0.npy
94,NOISEBIDMC1,NOISE,ECG,True,cg004,BIDMC1,full,1.0,1,11000,100,200,11000,2500,5399,5600,0.09582402992691719,0.03967688839256443,0.03340756241599913,8299,8099,True,True,5556,True,True,0.2041,0.0533,results/gate1/scores/094_full_mf1.0_seed1.npy
94,NOISEBIDMC1,NOISE,ECG,True,cg004,BIDMC1,full,1.0,2,11000,100,200,11000,2500,5399,5600,0.11178872017312202,0.03761357914888318,0.03318190512545555,8299,8099,True,True,5559,True,True,0.1936,0.046,results/gate1/scores/094_full_mf1.0_seed2.npy
94,NOISEBIDMC1,NOISE,ECG,True,cg004,BIDMC1,train_prefix,1,0,2500,100,200,11000,2500,5399,5600,0.033467523359099305,0.03301835998703056,0.032704527318057376,8299,8099,True,True,4250,False,False,0.1081,0.0624,results/gate1/scores/094_train_prefix_mf1_seed0.npy
94,NOISEBIDMC1,NOISE,ECG,True,cg004,BIDMC1,train_prefix,1,1,2500,100,200,11000,2500,5399,5600,0.03951821597759486,0.030478179867210128,0.02987293182251088,8299,8099,True,True,4236,False,False,0.1104,0.0647,results/gate1/scores/094_train_prefix_mf1_seed1.npy
94,NOISEBIDMC1,NOISE,ECG,True,cg004,BIDMC1,train_prefix,1,2,2500,100,200,11000,2500,5399,5600,0.03727222761508675,0.030983088819904914,0.031097453914930212,8299,8099,True,True,4245,False,False,0.1109,0.0627,results/gate1/scores/094_train_prefix_mf1_seed2.npy
94,NOISEBIDMC1,NOISE,ECG,True,cg004,BIDMC1,train_prefix,1.0,0,2500,100,200,11000,2500,5399,5600,0.10507668006951543,0.043095992870044245,0.04194021882700127,8299,8099,True,True,5553,True,True,0.1001,0.0442,results/gate1/scores/094_train_prefix_mf1.0_seed0.npy
94,NOISEBIDMC1,NOISE,ECG,True,cg004,BIDMC1,train_prefix,1.0,1,2500,100,200,11000,2500,5399,5600,0.0952667932448148,0.0432320498082588,0.04013296128247171,8299,8099,True,True,5556,True,True,0.1,0.0465,results/gate1/scores/094_train_prefix_mf1.0_seed1.npy
94,NOISEBIDMC1,NOISE,ECG,True,cg004,BIDMC1,train_prefix,1.0,2,2500,100,200,11000,2500,5399,5600,0.11038688212215109,0.039856172076045075,0.036735430237233614,8299,8099,True,True,5552,True,True,0.1015,0.0468,results/gate1/scores/094_train_prefix_mf1.0_seed2.npy
95,NOISECIMIS44AirTemperature4,NOISE,Air Temperature,False,cg005,CIMIS44AirTemperature4,full,1,0,8184,100,200,8184,4000,5548,5597,0.01295982980715249,0.04093338806822519,0.04169589062228486,4135,3935,False,False,4790,False,False,0.1893,0.0509,results/gate1/scores/095_full_mf1_seed0.npy
95,NOISECIMIS44AirTemperature4,NOISE,Air Temperature,False,cg005,CIMIS44AirTemperature4,full,1,1,8184,100,200,8184,4000,5548,5597,0.0007302006679341666,0.035618462259216194,0.035658514189737596,4135,3935,False,False,4789,False,False,0.1996,0.0504,results/gate1/scores/095_full_mf1_seed1.npy
95,NOISECIMIS44AirTemperature4,NOISE,Air Temperature,False,cg005,CIMIS44AirTemperature4,full,1,2,8184,100,200,8184,4000,5548,5597,0.004595065559427902,0.04058640078732737,0.040839484969918106,4135,3935,False,False,5079,False,False,0.1966,0.0525,results/gate1/scores/095_full_mf1_seed2.npy
95,NOISECIMIS44AirTemperature4,NOISE,Air Temperature,False,cg005,CIMIS44AirTemperature4,full,1.0,0,8184,100,200,8184,4000,5548,5597,0.012838658241168865,0.07191039398270914,0.07217616552962734,4135,3935,False,False,4791,False,False,0.1621,0.0401,results/gate1/scores/095_full_mf1.0_seed0.npy
95,NOISECIMIS44AirTemperature4,NOISE,Air Temperature,False,cg005,CIMIS44AirTemperature4,full,1.0,1,8184,100,200,8184,4000,5548,5597,0.015286571995190457,0.07204186532845105,0.07238679263455626,4135,3935,False,False,4789,False,False,0.1608,0.0384,results/gate1/scores/095_full_mf1.0_seed1.npy
95,NOISECIMIS44AirTemperature4,NOISE,Air Temperature,False,cg005,CIMIS44AirTemperature4,full,1.0,2,8184,100,200,8184,4000,5548,5597,0.008195360793790907,0.06892683435582574,0.06958776306979783,4135,3935,False,False,4789,False,False,0.1613,0.0441,results/gate1/scores/095_full_mf1.0_seed2.npy
95,NOISECIMIS44AirTemperature4,NOISE,Air Temperature,False,cg005,CIMIS44AirTemperature4,train_prefix,1,0,4000,100,200,8184,4000,5548,5597,0.019193617728648027,0.061587191408674004,0.061769898578326994,4135,3935,False,False,4786,False,False,0.1278,0.0465,results/gate1/scores/095_train_prefix_mf1_seed0.npy
95,NOISECIMIS44AirTemperature4,NOISE,Air Temperature,False,cg005,CIMIS44AirTemperature4,train_prefix,1,1,4000,100,200,8184,4000,5548,5597,0.01776532497140304,0.056820457241229055,0.05756308513242307,4135,3935,False,False,5097,False,False,0.1283,0.0467,results/gate1/scores/095_train_prefix_mf1_seed1.npy
95,NOISECIMIS44AirTemperature4,NOISE,Air Temperature,False,cg005,CIMIS44AirTemperature4,train_prefix,1,2,4000,100,200,8184,4000,5548,5597,0.0193969624475141,0.05910638723269133,0.059373752335592354,4135,3935,False,False,5101,False,False,0.1315,0.0481,results/gate1/scores/095_train_prefix_mf1_seed2.npy
95,NOISECIMIS44AirTemperature4,NOISE,Air Temperature,False,cg005,CIMIS44AirTemperature4,train_prefix,1.0,0,4000,100,200,8184,4000,5548,5597,0.03336470172669359,0.11205784292373008,0.11236577757443343,4135,3935,False,False,4791,False,False,0.1149,0.0327,results/gate1/scores/095_train_prefix_mf1.0_seed0.npy
95,NOISECIMIS44AirTemperature4,NOISE,Air Temperature,False,cg005,CIMIS44AirTemperature4,train_prefix,1.0,1,4000,100,200,8184,4000,5548,5597,0.05185256318957432,0.10827414702274261,0.10850268127256009,4135,3935,False,False,4796,False,False,0.1134,0.0313,results/gate1/scores/095_train_prefix_mf1.0_seed1.npy
95,NOISECIMIS44AirTemperature4,NOISE,Air Temperature,False,cg005,CIMIS44AirTemperature4,train_prefix,1.0,2,4000,100,200,8184,4000,5548,5597,0.040993550197323925,0.10900010181929251,0.10918131945019524,4135,3935,False,False,4789,False,False,0.1172,0.032,results/gate1/scores/095_train_prefix_mf1.0_seed2.npy
96,NOISEECG4,NOISE,ECG,True,cg013,ECG4,full,1,0,30000,100,200,30000,5000,16899,17100,0.050252647333145606,0.01898257384486174,0.018930187967085864,24799,24599,True,True,17068,True,True,0.5153,0.1442,results/gate1/scores/096_full_mf1_seed0.npy
96,NOISEECG4,NOISE,ECG,True,cg013,ECG4,full,1,1,30000,100,200,30000,5000,16899,17100,0.041655878186358075,0.016340319584893823,0.015793686348526095,24799,24599,True,True,14243,False,False,0.4465,0.1443,results/gate1/scores/096_full_mf1_seed1.npy
96,NOISEECG4,NOISE,ECG,True,cg013,ECG4,full,1,2,30000,100,200,30000,5000,16899,17100,0.04877593343258568,0.018948629747314847,0.01859898424579208,24799,24599,True,True,17048,True,True,0.5213,0.1686,results/gate1/scores/096_full_mf1_seed2.npy
96,NOISEECG4,NOISE,ECG,True,cg013,ECG4,full,1.0,0,30000,100,200,30000,5000,16899,17100,0.03990821115254434,0.01710850310398888,0.01677268722140935,24799,24599,True,True,16904,True,True,0.4123,0.1136,results/gate1/scores/096_full_mf1.0_seed0.npy
96,NOISEECG4,NOISE,ECG,True,cg013,ECG4,full,1.0,1,30000,100,200,30000,5000,16899,17100,0.015252624269701531,0.019800229690605107,0.019438583424237967,24799,24599,False,False,14589,False,False,0.3561,0.0933,results/gate1/scores/096_full_mf1.0_seed1.npy
96,NOISEECG4,NOISE,ECG,True,cg013,ECG4,full,1.0,2,30000,100,200,30000,5000,16899,17100,0.05680785356026041,0.01811900935096588,0.017416389808613753,24799,24599,True,True,16900,True,True,0.3675,0.1054,results/gate1/scores/096_full_mf1.0_seed2.npy
96,NOISEECG4,NOISE,ECG,True,cg013,ECG4,train_prefix,1,0,5000,100,200,30000,5000,16899,17100,0.05074473949992331,0.020925455444182783,0.020736103932626686,24799,24599,True,True,12425,False,False,0.1327,0.1336,results/gate1/scores/096_train_prefix_mf1_seed0.npy
96,NOISEECG4,NOISE,ECG,True,cg013,ECG4,train_prefix,1,1,5000,100,200,30000,5000,16899,17100,0.04461053357616823,0.021251365108268454,0.020685944533861623,24799,24599,True,True,17065,True,True,0.142,0.1548,results/gate1/scores/096_train_prefix_mf1_seed1.npy
96,NOISEECG4,NOISE,ECG,True,cg013,ECG4,train_prefix,1,2,5000,100,200,30000,5000,16899,17100,0.0551749044544706,0.02262549848385869,0.02216970503947449,24799,24599,True,True,17048,True,True,0.1346,0.1588,results/gate1/scores/096_train_prefix_mf1_seed2.npy
96,NOISEECG4,NOISE,ECG,True,cg013,ECG4,train_prefix,1.0,0,5000,100,200,30000,5000,16899,17100,0.04937477209386115,0.01648992558227171,0.015960105903774346,24799,24599,True,True,16900,True,True,0.1282,0.093,results/gate1/scores/096_train_prefix_mf1.0_seed0.npy
96,NOISEECG4,NOISE,ECG,True,cg013,ECG4,train_prefix,1.0,1,5000,100,200,30000,5000,16899,17100,0.01788302620073806,0.02028933174752,0.020176895303503944,24799,24599,False,False,14247,False,False,0.1146,0.1,results/gate1/scores/096_train_prefix_mf1.0_seed1.npy
96,NOISEECG4,NOISE,ECG,True,cg013,ECG4,train_prefix,1.0,2,5000,100,200,30000,5000,16899,17100,0.04210755314480491,0.016295951340857238,0.01551643513184423,24799,24599,True,True,16903,True,True,0.1169,0.1024,results/gate1/scores/096_train_prefix_mf1.0_seed2.npy
97,NOISEGP711MarkerLFM5z3,NOISE,Gait,False,cg019,GP711MarkerLFM5z3,full,1,0,12000,100,200,12000,5000,5947,5993,0.010027779630012112,0.015437592217860913,0.015239658290354821,6954,6754,False,False,10524,False,False,0.3046,0.0788,results/gate1/scores/097_full_mf1_seed0.npy
97,NOISEGP711MarkerLFM5z3,NOISE,Gait,False,cg019,GP711MarkerLFM5z3,full,1,1,12000,100,200,12000,5000,5947,5993,0.025173532253281894,0.017271706601969705,0.01697687209243722,6954,6754,True,True,10532,False,False,0.2919,0.0796,results/gate1/scores/097_full_mf1_seed1.npy
97,NOISEGP711MarkerLFM5z3,NOISE,Gait,False,cg019,GP711MarkerLFM5z3,full,1,2,12000,100,200,12000,5000,5947,5993,0.01007367771179779,0.01379640425030976,0.013048321996620694,6954,6754,False,False,5938,True,True,0.3412,0.084,results/gate1/scores/097_full_mf1_seed2.npy
97,NOISEGP711MarkerLFM5z3,NOISE,Gait,False,cg019,GP711MarkerLFM5z3,full,1.0,0,12000,100,200,12000,5000,5947,5993,0.06739316598433942,0.02342883616682422,0.020551812118415492,6954,6754,True,True,5935,True,True,0.2277,0.056,results/gate1/scores/097_full_mf1.0_seed0.npy
97,NOISEGP711MarkerLFM5z3,NOISE,Gait,False,cg019,GP711MarkerLFM5z3,full,1.0,1,12000,100,200,12000,5000,5947,5993,0.07044614629815016,0.024915349501531923,0.02316963025543453,6954,6754,True,True,5945,True,True,0.2236,0.0563,results/gate1/scores/097_full_mf1.0_seed1.npy
97,NOISEGP711MarkerLFM5z3,NOISE,Gait,False,cg019,GP711MarkerLFM5z3,full,1.0,2,12000,100,200,12000,5000,5947,5993,0.07883277236107378,0.02163913707696254,0.019874671557750145,6954,6754,True,True,5935,True,True,0.2351,0.0586,results/gate1/scores/097_full_mf1.0_seed2.npy
97,NOISEGP711MarkerLFM5z3,NOISE,Gait,False,cg019,GP711MarkerLFM5z3,train_prefix,1,0,5000,100,200,12000,5000,5947,5993,0.005855119098122641,0.013966985420455562,0.013793798038499753,6954,6754,False,False,10951,False,False,0.1552,0.0975,results/gate1/scores/097_train_prefix_mf1_seed0.npy
97,NOISEGP711MarkerLFM5z3,NOISE,Gait,False,cg019,GP711MarkerLFM5z3,train_prefix,1,1,5000,100,200,12000,5000,5947,5993,0.013582892490226595,0.017911642022280697,0.017394796078345535,6954,6754,False,False,5934,True,True,0.1791,0.0781,results/gate1/scores/097_train_prefix_mf1_seed1.npy
97,NOISEGP711MarkerLFM5z3,NOISE,Gait,False,cg019,GP711MarkerLFM5z3,train_prefix,1,2,5000,100,200,12000,5000,5947,5993,0.018967574818938848,0.013652702914900857,0.013030920681902218,6954,6754,True,True,5945,True,True,0.1686,0.0767,results/gate1/scores/097_train_prefix_mf1_seed2.npy
97,NOISEGP711MarkerLFM5z3,NOISE,Gait,False,cg019,GP711MarkerLFM5z3,train_prefix,1.0,0,5000,100,200,12000,5000,5947,5993,0.05976165910543485,0.02432026318355573,0.021745785663390388,6954,6754,True,True,5933,True,True,0.1282,0.0489,results/gate1/scores/097_train_prefix_mf1.0_seed0.npy
97,NOISEGP711MarkerLFM5z3,NOISE,Gait,False,cg019,GP711MarkerLFM5z3,train_prefix,1.0,1,5000,100,200,12000,5000,5947,5993,0.07309076163927408,0.02892545080176198,0.02750009961295413,6954,6754,True,True,5940,True,True,0.1366,0.0535,results/gate1/scores/097_train_prefix_mf1.0_seed1.npy
97,NOISEGP711MarkerLFM5z3,NOISE,Gait,False,cg019,GP711MarkerLFM5z3,train_prefix,1.0,2,5000,100,200,12000,5000,5947,5993,0.06415547656037679,0.02399321423214716,0.021930965806251486,6954,6754,True,True,5938,True,True,0.1348,0.0497,results/gate1/scores/097_train_prefix_mf1.0_seed2.npy
98,NOISEInternalBleeding16,NOISE,ABP,True,cg027,InternalBleeding16,full,1,0,7501,100,200,7501,1200,4186,4199,0.017968251029633953,0.021618410490956013,0.02103919572911272,6288,6088,False,False,4178,True,True,0.1782,0.0418,results/gate1/scores/098_full_mf1_seed0.npy
98,NOISEInternalBleeding16,NOISE,ABP,True,cg027,InternalBleeding16,full,1,1,7501,100,200,7501,1200,4186,4199,0.006081112093179741,0.013883884815696907,0.0136891369097202,6288,6088,False,False,6375,False,False,0.2069,0.0501,results/gate1/scores/098_full_mf1_seed1.npy
98,NOISEInternalBleeding16,NOISE,ABP,True,cg027,InternalBleeding16,full,1,2,7501,100,200,7501,1200,4186,4199,0.006886726334823234,0.017780017460811127,0.018472289722406485,6288,6088,False,False,7451,False,False,0.2117,0.0487,results/gate1/scores/098_full_mf1_seed2.npy
98,NOISEInternalBleeding16,NOISE,ABP,True,cg027,InternalBleeding16,full,1.0,0,7501,100,200,7501,1200,4186,4199,0.009452263299698282,0.030148725734558852,0.030706427414259864,6288,6088,False,False,7446,False,False,0.1736,0.0361,results/gate1/scores/098_full_mf1.0_seed0.npy
98,NOISEInternalBleeding16,NOISE,ABP,True,cg027,InternalBleeding16,full,1.0,1,7501,100,200,7501,1200,4186,4199,0.016773463399202715,0.033919217492910714,0.033919217492910714,6288,6088,False,False,6365,False,False,0.1786,0.0371,results/gate1/scores/098_full_mf1.0_seed1.npy
98,NOISEInternalBleeding16,NOISE,ABP,True,cg027,InternalBleeding16,full,1.0,2,7501,100,200,7501,1200,4186,4199,0.013878059456724823,0.03776786047048228,0.03776786047048228,6288,6088,False,False,6354,False,False,0.2338,0.0388,results/gate1/scores/098_full_mf1.0_seed2.npy
98,NOISEInternalBleeding16,NOISE,ABP,True,cg027,InternalBleeding16,train_prefix,1,0,1200,100,200,7501,1200,4186,4199,0.013417643707946403,0.026295268220936086,0.026295268220936086,6288,6088,False,False,2878,False,False,0.1272,0.0536,results/gate1/scores/098_train_prefix_mf1_seed0.npy
98,NOISEInternalBleeding16,NOISE,ABP,True,cg027,InternalBleeding16,train_prefix,1,1,1200,100,200,7501,1200,4186,4199,0.020740323069759592,0.01672796009123643,0.016558316688486237,6288,6088,True,True,4174,True,True,0.1072,0.0491,results/gate1/scores/098_train_prefix_mf1_seed1.npy
98,NOISEInternalBleeding16,NOISE,ABP,True,cg027,InternalBleeding16,train_prefix,1,2,1200,100,200,7501,1200,4186,4199,0.003733128508028316,0.013381760776008998,0.013265379271360097,6288,6088,False,False,2863,False,False,0.0942,0.0534,results/gate1/scores/098_train_prefix_mf1_seed2.npy
98,NOISEInternalBleeding16,NOISE,ABP,True,cg027,InternalBleeding16,train_prefix,1.0,0,1200,100,200,7501,1200,4186,4199,-0.0011165985757016772,0.02926392992149962,0.02926392992149962,6288,6088,False,False,6365,False,False,0.0949,0.0358,results/gate1/scores/098_train_prefix_mf1.0_seed0.npy
98,NOISEInternalBleeding16,NOISE,ABP,True,cg027,InternalBleeding16,train_prefix,1.0,1,1200,100,200,7501,1200,4186,4199,0.01701941102582205,0.03226432285768599,0.03226432285768599,6288,6088,False,False,6365,False,False,0.0859,0.0325,results/gate1/scores/098_train_prefix_mf1.0_seed1.npy
98,NOISEInternalBleeding16,NOISE,ABP,True,cg027,InternalBleeding16,train_prefix,1.0,2,1200,100,200,7501,1200,4186,4199,0.009730701537859598,0.03134474589883396,0.03134474589883396,6288,6088,False,False,7446,False,False,0.0904,0.0313,results/gate1/scores/098_train_prefix_mf1.0_seed2.npy
99,NOISEInternalBleeding6,NOISE,ABP,True,cg034,InternalBleeding6,full,1,0,7654,100,200,7654,1500,3473,3629,0.07526900412711213,0.014336528279664739,0.014674379278486858,5998,5798,True,True,3584,True,True,0.1982,0.0504,results/gate1/scores/099_full_mf1_seed0.npy
99,NOISEInternalBleeding6,NOISE,ABP,True,cg034,InternalBleeding6,full,1,1,7654,100,200,7654,1500,3473,3629,0.06448133406235523,0.00846597865484548,0.008501943633037022,5998,5798,True,True,3550,True,True,0.2141,0.0471,results/gate1/scores/099_full_mf1_seed1.npy
99,NOISEInternalBleeding6,NOISE,ABP,True,cg034,InternalBleeding6,full,1,2,7654,100,200,7654,1500,3473,3629,0.07080782132070018,0.00946339307100284,0.009434731683934647,5998,5798,True,True,3572,True,True,0.2066,0.0473,results/gate1/scores/099_full_mf1_seed2.npy
99,NOISEInternalBleeding6,NOISE,ABP,True,cg034,InternalBleeding6,full,1.0,0,7654,100,200,7654,1500,3473,3629,0.1560644965835386,0.018485090560485997,0.018485090560485997,5998,5798,True,True,3562,True,True,0.162,0.0365,results/gate1/scores/099_full_mf1.0_seed0.npy
99,NOISEInternalBleeding6,NOISE,ABP,True,cg034,InternalBleeding6,full,1.0,1,7654,100,200,7654,1500,3473,3629,0.14818135385032516,0.02065542829139271,0.020543333675682302,5998,5798,True,True,3565,True,True,0.1826,0.0371,results/gate1/scores/099_full_mf1.0_seed1.npy
99,NOISEInternalBleeding6,NOISE,ABP,True,cg034,InternalBleeding6,full,1.0,2,7654,100,200,7654,1500,3473,3629,0.1561219003138523,0.024064493453609684,0.02381909084788841,5998,5798,True,True,3555,True,True,0.1767,0.0359,results/gate1/scores/099_full_mf1.0_seed2.npy
99,NOISEInternalBleeding6,NOISE,ABP,True,cg034,InternalBleeding6,train_prefix,1,0,1500,100,200,7654,1500,3473,3629,0.06679023941430628,0.015841200666043713,0.01589935183444438,5998,5798,True,True,3592,True,True,0.1128,0.0464,results/gate1/scores/099_train_prefix_mf1_seed0.npy
99,NOISEInternalBleeding6,NOISE,ABP,True,cg034,InternalBleeding6,train_prefix,1,1,1500,100,200,7654,1500,3473,3629,0.051420679317075946,0.01664476902671642,0.016709804399214597,5998,5798,True,True,3555,True,True,0.1113,0.0497,results/gate1/scores/099_train_prefix_mf1_seed1.npy
99,NOISEInternalBleeding6,NOISE,ABP,True,cg034,InternalBleeding6,train_prefix,1,2,1500,100,200,7654,1500,3473,3629,0.05223653254570304,0.016053674840012015,0.01627106702653276,5998,5798,True,True,3571,True,True,0.107,0.0492,results/gate1/scores/099_train_prefix_mf1_seed2.npy
99,NOISEInternalBleeding6,NOISE,ABP,True,cg034,InternalBleeding6,train_prefix,1.0,0,1500,100,200,7654,1500,3473,3629,0.12125669146098861,0.014749625658623594,0.014747929371636524,5998,5798,True,True,3568,True,True,0.1125,0.0402,results/gate1/scores/099_train_prefix_mf1.0_seed0.npy
99,NOISEInternalBleeding6,NOISE,ABP,True,cg034,InternalBleeding6,train_prefix,1.0,1,1500,100,200,7654,1500,3473,3629,0.13667623182150024,0.01631183138477218,0.01579430684254049,5998,5798,True,True,3565,True,True,0.11,0.0415,results/gate1/scores/099_train_prefix_mf1.0_seed1.npy
99,NOISEInternalBleeding6,NOISE,ABP,True,cg034,InternalBleeding6,train_prefix,1.0,2,1500,100,200,7654,1500,3473,3629,0.12872262720189365,0.014787635953363205,0.014331356144665021,5998,5798,True,True,3562,True,True,0.1123,0.0354,results/gate1/scores/099_train_prefix_mf1.0_seed2.npy
100,NOISELab2Cmac011215EPG1,NOISE,EPG,False,cg037,Lab2Cmac011215EPG1,full,1,0,30001,100,200,30001,5000,17209,17260,0.0802738727737346,0.012474414288153811,0.01168029227981129,24950,24750,True,True,17242,True,True,0.6844,0.2011,results/gate1/scores/100_full_mf1_seed0.npy
100,NOISELab2Cmac011215EPG1,NOISE,EPG,False,cg037,Lab2Cmac011215EPG1,full,1,1,30001,100,200,30001,5000,17209,17260,0.0606424679093161,0.01171076296845465,0.011093833567470117,24950,24750,True,True,17210,True,True,0.648,0.2067,results/gate1/scores/100_full_mf1_seed1.npy
100,NOISELab2Cmac011215EPG1,NOISE,EPG,False,cg037,Lab2Cmac011215EPG1,full,1,2,30001,100,200,30001,5000,17209,17260,0.050819056254475525,0.010588256502205226,0.00980125939425147,24950,24750,True,True,17228,True,True,0.594,0.2006,results/gate1/scores/100_full_mf1_seed2.npy
100,NOISELab2Cmac011215EPG1,NOISE,EPG,False,cg037,Lab2Cmac011215EPG1,full,1.0,0,30001,100,200,30001,5000,17209,17260,0.11065988567072305,0.01766948935633979,0.01610484657211067,24950,24750,True,True,17235,True,True,0.4343,0.1428,results/gate1/scores/100_full_mf1.0_seed0.npy
100,NOISELab2Cmac011215EPG1,NOISE,EPG,False,cg037,Lab2Cmac011215EPG1,full,1.0,1,30001,100,200,30001,5000,17209,17260,0.10885666605198957,0.016090250993084955,0.01508903349866681,24950,24750,True,True,17231,True,True,0.4661,0.1329,results/gate1/scores/100_full_mf1.0_seed1.npy
100,NOISELab2Cmac011215EPG1,NOISE,EPG,False,cg037,Lab2Cmac011215EPG1,full,1.0,2,30001,100,200,30001,5000,17209,17260,0.11419234374960663,0.01657772393532269,0.015396182982389905,24950,24750,True,True,17237,True,True,0.4354,0.1336,results/gate1/scores/100_full_mf1.0_seed2.npy
100,NOISELab2Cmac011215EPG1,NOISE,EPG,False,cg037,Lab2Cmac011215EPG1,train_prefix,1,0,5000,100,200,30001,5000,17209,17260,0.07247631213104411,0.012578816288901312,0.01204649254969211,24950,24750,True,True,17242,True,True,0.1693,0.2053,results/gate1/scores/100_train_prefix_mf1_seed0.npy
100,NOISELab2Cmac011215EPG1,NOISE,EPG,False,cg037,Lab2Cmac011215EPG1,train_prefix,1,1,5000,100,200,30001,5000,17209,17260,0.06381072896040835,0.014061182991162584,0.013353394297542003,24950,24750,True,True,17210,True,True,0.1635,0.2017,results/gate1/scores/100_train_prefix_mf1_seed1.npy
100,NOISELab2Cmac011215EPG1,NOISE,EPG,False,cg037,Lab2Cmac011215EPG1,train_prefix,1,2,5000,100,200,30001,5000,17209,17260,0.05247574409774386,0.012670670740454094,0.012001439335066918,24950,24750,True,True,17203,True,True,0.155,0.2132,results/gate1/scores/100_train_prefix_mf1_seed2.npy
100,NOISELab2Cmac011215EPG1,NOISE,EPG,False,cg037,Lab2Cmac011215EPG1,train_prefix,1.0,0,5000,100,200,30001,5000,17209,17260,0.10958684996748158,0.02279586413656522,0.021346790141723734,24950,24750,True,True,17235,True,True,0.1572,0.1403,results/gate1/scores/100_train_prefix_mf1.0_seed0.npy
100,NOISELab2Cmac011215EPG1,NOISE,EPG,False,cg037,Lab2Cmac011215EPG1,train_prefix,1.0,1,5000,100,200,30001,5000,17209,17260,0.1101360111614933,0.020117894449688978,0.018927619397329648,24950,24750,True,True,17240,True,True,0.1448,0.148,results/gate1/scores/100_train_prefix_mf1.0_seed1.npy
100,NOISELab2Cmac011215EPG1,NOISE,EPG,False,cg037,Lab2Cmac011215EPG1,train_prefix,1.0,2,5000,100,200,30001,5000,17209,17260,0.10618917993000732,0.021139320073779708,0.01979813906359952,24950,24750,True,True,17243,True,True,0.1635,0.1503,results/gate1/scores/100_train_prefix_mf1.0_seed2.npy
101,NOISELab2Cmac011215EPG4,NOISE,EPG,False,cg040,Lab2Cmac011215EPG4,full,1,0,30066,100,200,30066,6000,17389,17520,0.006991621240845902,0.010331189535018154,0.010353350021059247,23935,23735,False,False,21526,False,False,0.6749,0.2172,results/gate1/scores/101_full_mf1_seed0.npy
101,NOISELab2Cmac011215EPG4,NOISE,EPG,False,cg040,Lab2Cmac011215EPG4,full,1,1,30066,100,200,30066,6000,17389,17520,0.012639674136348089,0.010907837064950089,0.010939159791975076,23935,23735,True,True,21541,False,False,0.6255,0.2016,results/gate1/scores/101_full_mf1_seed1.npy
101,NOISELab2Cmac011215EPG4,NOISE,EPG,False,cg040,Lab2Cmac011215EPG4,full,1,2,30066,100,200,30066,6000,17389,17520,0.007198214455596652,0.009658627984643823,0.009670445284116673,23935,23735,False,False,29897,False,False,0.5815,0.203,results/gate1/scores/101_full_mf1_seed2.npy
101,NOISELab2Cmac011215EPG4,NOISE,EPG,False,cg040,Lab2Cmac011215EPG4,full,1.0,0,30066,100,200,30066,6000,17389,17520,0.021689558091108008,0.01630764213988554,0.01635128756032707,23935,23735,True,True,29936,False,False,0.4027,0.1525,results/gate1/scores/101_full_mf1.0_seed0.npy
101,NOISELab2Cmac011215EPG4,NOISE,EPG,False,cg040,Lab2Cmac011215EPG4,full,1.0,1,30066,100,200,30066,6000,17389,17520,0.01032029332173634,0.015334200163071274,0.015350605324582815,23935,23735,False,False,29895,False,False,0.4594,0.1357,results/gate1/scores/101_full_mf1.0_seed1.npy
101,NOISELab2Cmac011215EPG4,NOISE,EPG,False,cg040,Lab2Cmac011215EPG4,full,1.0,2,30066,100,200,30066,6000,17389,17520,0.015538555875075466,0.016416052454977095,0.016464908704661527,23935,23735,False,False,20320,False,False,0.4327,0.1291,results/gate1/scores/101_full_mf1.0_seed2.npy
101,NOISELab2Cmac011215EPG4,NOISE,EPG,False,cg040,Lab2Cmac011215EPG4,train_prefix,1,0,6000,100,200,30066,6000,17389,17520,0.011719885884573622,0.010599350742804955,0.010613367951206792,23935,23735,True,True,21589,False,False,0.1825,0.2051,results/gate1/scores/101_train_prefix_mf1_seed0.npy
101,NOISELab2Cmac011215EPG4,NOISE,EPG,False,cg040,Lab2Cmac011215EPG4,train_prefix,1,1,6000,100,200,30066,6000,17389,17520,0.012015397886997181,0.013448630693785277,0.013500797146874969,23935,23735,False,False,21541,False,False,0.177,0.1892,results/gate1/scores/101_train_prefix_mf1_seed1.npy
101,NOISELab2Cmac011215EPG4,NOISE,EPG,False,cg040,Lab2Cmac011215EPG4,train_prefix,1,2,6000,100,200,30066,6000,17389,17520,0.012098407369869668,0.01149086756735488,0.011512169216182363,23935,23735,True,True,20320,False,False,0.1767,0.216,results/gate1/scores/101_train_prefix_mf1_seed2.npy
101,NOISELab2Cmac011215EPG4,NOISE,EPG,False,cg040,Lab2Cmac011215EPG4,train_prefix,1.0,0,6000,100,200,30066,6000,17389,17520,0.021208011642318947,0.023220916295465417,0.023248536550901894,23935,23735,False,False,20874,False,False,0.1586,0.1438,results/gate1/scores/101_train_prefix_mf1.0_seed0.npy
101,NOISELab2Cmac011215EPG4,NOISE,EPG,False,cg040,Lab2Cmac011215EPG4,train_prefix,1.0,1,6000,100,200,30066,6000,17389,17520,0.02592671140011593,0.020800012845820844,0.020818143869494737,23935,23735,True,True,20325,False,False,0.1652,0.1388,results/gate1/scores/101_train_prefix_mf1.0_seed1.npy
101,NOISELab2Cmac011215EPG4,NOISE,EPG,False,cg040,Lab2Cmac011215EPG4,train_prefix,1.0,2,6000,100,200,30066,6000,17389,17520,0.0434814281248479,0.020129297837888672,0.01977720659299445,23935,23735,True,True,29898,False,False,0.1623,0.1498,results/gate1/scores/101_train_prefix_mf1.0_seed2.npy
102,NOISEMesoplodonDensirostris,NOISE,Acceleration,False,cg043,MesoplodonDensirostris,full,1,0,24667,100,200,24667,10000,19279,19440,-0.010217178558669326,0.017560662142145012,0.017657661043774746,14506,14306,False,False,21738,False,False,0.4569,0.1428,results/gate1/scores/102_full_mf1_seed0.npy
102,NOISEMesoplodonDensirostris,NOISE,Acceleration,False,cg043,MesoplodonDensirostris,full,1,1,24667,100,200,24667,10000,19279,19440,-0.008355949674657803,0.015884382924089103,0.016074675038428254,14506,14306,False,False,21754,False,False,0.4495,0.1238,results/gate1/scores/102_full_mf1_seed1.npy
102,NOISEMesoplodonDensirostris,NOISE,Acceleration,False,cg043,MesoplodonDensirostris,full,1,2,24667,100,200,24667,10000,19279,19440,-0.004427353259478406,0.019469258261136265,0.019602882597715584,14506,14306,False,False,21745,False,False,0.4725,0.1497,results/gate1/scores/102_full_mf1_seed2.npy
102,NOISEMesoplodonDensirostris,NOISE,Acceleration,False,cg043,MesoplodonDensirostris,full,1.0,0,24667,100,200,24667,10000,19279,19440,0.027027449796183156,0.030400206093283977,0.030493025093588023,14506,14306,False,False,21773,False,False,0.3412,0.0763,results/gate1/scores/102_full_mf1.0_seed0.npy
102,NOISEMesoplodonDensirostris,NOISE,Acceleration,False,cg043,MesoplodonDensirostris,full,1.0,1,24667,100,200,24667,10000,19279,19440,0.027184601866662106,0.028956403875135532,0.02918752973089838,14506,14306,False,False,21753,False,False,0.3434,0.0905,results/gate1/scores/102_full_mf1.0_seed1.npy
102,NOISEMesoplodonDensirostris,NOISE,Acceleration,False,cg043,MesoplodonDensirostris,full,1.0,2,24667,100,200,24667,10000,19279,19440,0.02420453444997267,0.024907648240328928,0.025004587390650063,14506,14306,False,False,21751,False,False,0.2858,0.0753,results/gate1/scores/102_full_mf1.0_seed2.npy
102,NOISEMesoplodonDensirostris,NOISE,Acceleration,False,cg043,MesoplodonDensirostris,train_prefix,1,0,10000,100,200,24667,10000,19279,19440,-0.02034887025678167,-0.008044954822786473,-0.00795859933099375,14506,14306,False,False,21772,False,False,0.2417,0.1479,results/gate1/scores/102_train_prefix_mf1_seed0.npy
102,NOISEMesoplodonDensirostris,NOISE,Acceleration,False,cg043,MesoplodonDensirostris,train_prefix,1,1,10000,100,200,24667,10000,19279,19440,-0.031039798805946872,-0.014549727179614731,-0.01451394455444495,14506,14306,False,False,21754,False,False,0.2523,0.1629,results/gate1/scores/102_train_prefix_mf1_seed1.npy
102,NOISEMesoplodonDensirostris,NOISE,Acceleration,False,cg043,MesoplodonDensirostris,train_prefix,1,2,10000,100,200,24667,10000,19279,19440,-0.01749212741609585,-0.007020188513657022,-0.007011238450152028,14506,14306,False,False,21757,False,False,0.2926,0.1602,results/gate1/scores/102_train_prefix_mf1_seed2.npy
102,NOISEMesoplodonDensirostris,NOISE,Acceleration,False,cg043,MesoplodonDensirostris,train_prefix,1.0,0,10000,100,200,24667,10000,19279,19440,0.014988182254205507,0.012381001775362617,0.012501558946858036,14506,14306,True,True,15766,False,False,0.2079,0.1074,results/gate1/scores/102_train_prefix_mf1.0_seed0.npy
102,NOISEMesoplodonDensirostris,NOISE,Acceleration,False,cg043,MesoplodonDensirostris,train_prefix,1.0,1,10000,100,200,24667,10000,19279,19440,0.017554514393040455,0.009629873674928483,0.00965735117306957,14506,14306,True,True,21756,False,False,0.197,0.1124,results/gate1/scores/102_train_prefix_mf1.0_seed1.npy
102,NOISEMesoplodonDensirostris,NOISE,Acceleration,False,cg043,MesoplodonDensirostris,train_prefix,1.0,2,10000,100,200,24667,10000,19279,19440,0.011126460044256437,0.0041347882993663584,0.0042322495214862236,14506,14306,True,True,21753,False,False,0.1974,0.1026,results/gate1/scores/102_train_prefix_mf1.0_seed2.npy
103,NOISETkeepThirdMARS,NOISE,NASA,False,cg048,TkeepThirdMARS,full,1,0,11308,100,200,11308,3500,4710,4809,-0.0017800677334440795,0.00850784771587314,0.009178809740259457,7709,7509,False,False,6574,False,False,0.3022,0.0742,results/gate1/scores/103_full_mf1_seed0.npy
103,NOISETkeepThirdMARS,NOISE,NASA,False,cg048,TkeepThirdMARS,full,1,1,11308,100,200,11308,3500,4710,4809,-0.010583436075229935,0.003583831338083285,0.0036677413152280134,7709,7509,False,False,6646,False,False,0.3168,0.0721,results/gate1/scores/103_full_mf1_seed1.npy
103,NOISETkeepThirdMARS,NOISE,NASA,False,cg048,TkeepThirdMARS,full,1,2,11308,100,200,11308,3500,4710,4809,-0.01505108533113525,0.005618324859367809,0.005648194549585635,7709,7509,False,False,6385,False,False,0.2932,0.0711,results/gate1/scores/103_full_mf1_seed2.npy
103,NOISETkeepThirdMARS,NOISE,NASA,False,cg048,TkeepThirdMARS,full,1.0,0,11308,100,200,11308,3500,4710,4809,0.023617938673422822,0.00745507864777787,0.007105449765699444,7709,7509,True,True,4728,True,True,0.2178,0.0539,results/gate1/scores/103_full_mf1.0_seed0.npy
103,NOISETkeepThirdMARS,NOISE,NASA,False,cg048,TkeepThirdMARS,full,1.0,1,11308,100,200,11308,3500,4710,4809,0.020115354461247847,0.008395369548539177,0.007398857617892515,7709,7509,True,True,4688,True,True,0.1971,0.0526,results/gate1/scores/103_full_mf1.0_seed1.npy
103,NOISETkeepThirdMARS,NOISE,NASA,False,cg048,TkeepThirdMARS,full,1.0,2,11308,100,200,11308,3500,4710,4809,0.010398909479182483,0.007900552120301892,0.006395708920658944,7709,7509,True,True,4694,True,True,0.1924,0.0477,results/gate1/scores/103_full_mf1.0_seed2.npy
103,NOISETkeepThirdMARS,NOISE,NASA,False,cg048,TkeepThirdMARS,train_prefix,1,0,3500,100,200,11308,3500,4710,4809,0.019617794184490278,0.015169917477328725,0.015187322549699874,7709,7509,True,True,11206,False,False,0.1362,0.0762,results/gate1/scores/103_train_prefix_mf1_seed0.npy
103,NOISETkeepThirdMARS,NOISE,NASA,False,cg048,TkeepThirdMARS,train_prefix,1,1,3500,100,200,11308,3500,4710,4809,0.024406126466410327,0.01932573368931395,0.01932573368931395,7709,7509,True,True,8517,False,False,0.1371,0.0721,results/gate1/scores/103_train_prefix_mf1_seed1.npy
103,NOISETkeepThirdMARS,NOISE,NASA,False,cg048,TkeepThirdMARS,train_prefix,1,2,3500,100,200,11308,3500,4710,4809,0.01397600528492804,0.017029239073943134,0.0169481813322623,7709,7509,False,False,9207,False,False,0.1368,0.0714,results/gate1/scores/103_train_prefix_mf1_seed2.npy
103,NOISETkeepThirdMARS,NOISE,NASA,False,cg048,TkeepThirdMARS,train_prefix,1.0,0,3500,100,200,11308,3500,4710,4809,0.05562073576737164,0.029906376031305533,0.026719048533186497,7709,7509,True,True,4691,True,True,0.1221,0.0535,results/gate1/scores/103_train_prefix_mf1.0_seed0.npy
103,NOISETkeepThirdMARS,NOISE,NASA,False,cg048,TkeepThirdMARS,train_prefix,1.0,1,3500,100,200,11308,3500,4710,4809,0.05557759297318865,0.0312035687705758,0.02848849706353897,7709,7509,True,True,4687,True,True,0.1339,0.0485,results/gate1/scores/103_train_prefix_mf1.0_seed1.npy
103,NOISETkeepThirdMARS,NOISE,NASA,False,cg048,TkeepThirdMARS,train_prefix,1.0,2,3500,100,200,11308,3500,4710,4809,0.0570155362417587,0.024381300255915596,0.02220960496065245,7709,7509,True,True,4724,True,True,0.117,0.0519,results/gate1/scores/103_train_prefix_mf1.0_seed2.npy
104,NOISEapneaecg4,NOISE,ECG,True,cg057,apneaecg4,full,1,0,38269,100,200,38269,6000,15999,16100,-0.055275453534540164,0.06695399360720095,0.06706186677190352,32168,31968,False,False,17537,False,False,0.4609,0.1492,results/gate1/scores/104_full_mf1_seed0.npy
104,NOISEapneaecg4,NOISE,ECG,True,cg057,apneaecg4,full,1,1,38269,100,200,38269,6000,15999,16100,-0.05522731996551966,0.054260452662788096,0.05432763114807745,32168,31968,False,False,36979,False,False,0.4558,0.1519,results/gate1/scores/104_full_mf1_seed1.npy
104,NOISEapneaecg4,NOISE,ECG,True,cg057,apneaecg4,full,1,2,38269,100,200,38269,6000,15999,16100,-0.05124997040204632,0.06520522014571897,0.06528992873155558,32168,31968,False,False,17525,False,False,0.4626,0.1563,results/gate1/scores/104_full_mf1_seed2.npy
104,NOISEapneaecg4,NOISE,ECG,True,cg057,apneaecg4,full,1.0,0,38269,100,200,38269,6000,15999,16100,-0.0952848813934713,0.10101256063670276,0.10105648508617426,32168,31968,False,False,17500,False,False,0.3223,0.092,results/gate1/scores/104_full_mf1.0_seed0.npy
104,NOISEapneaecg4,NOISE,ECG,True,cg057,apneaecg4,full,1.0,1,38269,100,200,38269,6000,15999,16100,-0.10656874041820141,0.07815999099129103,0.07823150439656822,32168,31968,False,False,26782,False,False,0.3545,0.1148,results/gate1/scores/104_full_mf1.0_seed1.npy
104,NOISEapneaecg4,NOISE,ECG,True,cg057,apneaecg4,full,1.0,2,38269,100,200,38269,6000,15999,16100,-0.09853047228881767,0.09963245299812032,0.0996663784195006,32168,31968,False,False,7433,False,False,0.3366,0.0992,results/gate1/scores/104_full_mf1.0_seed2.npy
104,NOISEapneaecg4,NOISE,ECG,True,cg057,apneaecg4,train_prefix,1,0,6000,100,200,38269,6000,15999,16100,-0.049076244756959264,0.06858072661245462,0.06862182030762057,32168,31968,False,False,26771,False,False,0.1367,0.1606,results/gate1/scores/104_train_prefix_mf1_seed0.npy
104,NOISEapneaecg4,NOISE,ECG,True,cg057,apneaecg4,train_prefix,1,1,6000,100,200,38269,6000,15999,16100,-0.0517832759759721,0.06030170726525711,0.0603368827168709,32168,31968,False,False,36980,False,False,0.1359,0.1479,results/gate1/scores/104_train_prefix_mf1_seed1.npy
104,NOISEapneaecg4,NOISE,ECG,True,cg057,apneaecg4,train_prefix,1,2,6000,100,200,38269,6000,15999,16100,-0.05241297688797042,0.06806705757409398,0.06811073191816507,32168,31968,False,False,26763,False,False,0.1333,0.1593,results/gate1/scores/104_train_prefix_mf1_seed2.npy
104,NOISEapneaecg4,NOISE,ECG,True,cg057,apneaecg4,train_prefix,1.0,0,6000,100,200,38269,6000,15999,16100,-0.08791278661338459,0.10625013199559917,0.10626823631091602,32168,31968,False,False,26742,False,False,0.1115,0.0924,results/gate1/scores/104_train_prefix_mf1.0_seed0.npy
104,NOISEapneaecg4,NOISE,ECG,True,cg057,apneaecg4,train_prefix,1.0,1,6000,100,200,38269,6000,15999,16100,-0.09453834061220157,0.09587897346977066,0.09588913362884031,32168,31968,False,False,17534,False,False,0.1136,0.0928,results/gate1/scores/104_train_prefix_mf1.0_seed1.npy
104,NOISEapneaecg4,NOISE,ECG,True,cg057,apneaecg4,train_prefix,1.0,2,6000,100,200,38269,6000,15999,16100,-0.095381030183537,0.1002806833955779,0.10037038379954433,32168,31968,False,False,32871,False,False,0.113,0.1022,results/gate1/scores/104_train_prefix_mf1.0_seed2.npy
105,NOISEgait3,NOISE,Gait,False,cg059,gait3,full,1,0,65000,100,200,65000,24500,59899,60500,0.06358890609706547,0.016381119225518485,0.015738260114413233,39899,39699,True,True,60491,True,True,1.0153,0.3987,results/gate1/scores/105_full_mf1_seed0.npy
105,NOISEgait3,NOISE,Gait,False,cg059,gait3,full,1,1,65000,100,200,65000,24500,59899,60500,0.047823522663639206,0.014651764076755128,0.013711932664938201,39899,39699,True,True,60528,True,True,1.0266,0.4041,results/gate1/scores/105_full_mf1_seed1.npy
105,NOISEgait3,NOISE,Gait,False,cg059,gait3,full,1,2,65000,100,200,65000,24500,59899,60500,0.045880703620356345,0.014655811431967355,0.013866433068831318,39899,39699,True,True,60504,True,True,1.0382,0.4301,results/gate1/scores/105_full_mf1_seed2.npy
105,NOISEgait3,NOISE,Gait,False,cg059,gait3,full,1.0,0,65000,100,200,65000,24500,59899,60500,0.04352777248531614,0.01692972841570405,0.01662097972655593,39899,39699,True,True,60503,True,True,0.724,0.2669,results/gate1/scores/105_full_mf1.0_seed0.npy
105,NOISEgait3,NOISE,Gait,False,cg059,gait3,full,1.0,1,65000,100,200,65000,24500,59899,60500,0.04848577791259556,0.015321803548247333,0.015013618936965858,39899,39699,True,True,60498,True,True,0.7262,0.2845,results/gate1/scores/105_full_mf1.0_seed1.npy
105,NOISEgait3,NOISE,Gait,False,cg059,gait3,full,1.0,2,65000,100,200,65000,24500,59899,60500,0.05035442655674749,0.0166152593194038,0.016281768946028702,39899,39699,True,True,60496,True,True,0.7093,0.2797,results/gate1/scores/105_full_mf1.0_seed2.npy
105,NOISEgait3,NOISE,Gait,False,cg059,gait3,train_prefix,1,0,24500,100,200,65000,24500,59899,60500,0.06471277874290005,0.019408668255371565,0.018354703303567463,39899,39699,True,True,60495,True,True,0.4306,0.3812,results/gate1/scores/105_train_prefix_mf1_seed0.npy
105,NOISEgait3,NOISE,Gait,False,cg059,gait3,train_prefix,1,1,24500,100,200,65000,24500,59899,60500,0.058990827642354526,0.023849973790206036,0.022491556216557615,39899,39699,True,True,60514,True,True,0.4135,0.3925,results/gate1/scores/105_train_prefix_mf1_seed1.npy
105,NOISEgait3,NOISE,Gait,False,cg059,gait3,train_prefix,1,2,24500,100,200,65000,24500,59899,60500,0.05708031484627185,0.021325021222931412,0.020435622383392537,39899,39699,True,True,60524,True,True,0.4265,0.3861,results/gate1/scores/105_train_prefix_mf1_seed2.npy
105,NOISEgait3,NOISE,Gait,False,cg059,gait3,train_prefix,1.0,0,24500,100,200,65000,24500,59899,60500,0.05455941975481815,0.025765889038851453,0.025333005768958854,39899,39699,True,True,60493,True,True,0.3215,0.2592,results/gate1/scores/105_train_prefix_mf1.0_seed0.npy
105,NOISEgait3,NOISE,Gait,False,cg059,gait3,train_prefix,1.0,1,24500,100,200,65000,24500,59899,60500,0.05845147284488783,0.025937186391776005,0.025394123365352798,39899,39699,True,True,60502,True,True,0.3277,0.2584,results/gate1/scores/105_train_prefix_mf1.0_seed1.npy
105,NOISEgait3,NOISE,Gait,False,cg059,gait3,train_prefix,1.0,2,24500,100,200,65000,24500,59899,60500,0.0404979207811309,0.025028039791294955,0.02472681251005089,39899,39699,True,True,26539,False,False,0.3269,0.2845,results/gate1/scores/105_train_prefix_mf1.0_seed2.npy
106,NOISEgaitHunt2,NOISE,Gait,False,cg062,gaitHunt2,full,1,0,64000,100,200,64000,18500,31199,31850,0.05167407840005933,0.01772509434122953,0.017743542931373157,44849,44649,True,True,22936,False,False,1.0226,0.3861,results/gate1/scores/106_full_mf1_seed0.npy
106,NOISEgaitHunt2,NOISE,Gait,False,cg062,gaitHunt2,full,1,1,64000,100,200,64000,18500,31199,31850,0.04219372520619624,0.018512474831643463,0.018531161052362383,44849,44649,True,True,22946,False,False,1.0183,0.3927,results/gate1/scores/106_full_mf1_seed1.npy
106,NOISEgaitHunt2,NOISE,Gait,False,cg062,gaitHunt2,full,1,2,64000,100,200,64000,18500,31199,31850,0.0455439942258119,0.017642998203681568,0.017687229721555637,44849,44649,True,True,60489,False,False,1.0401,0.4014,results/gate1/scores/106_full_mf1_seed2.npy
106,NOISEgaitHunt2,NOISE,Gait,False,cg062,gaitHunt2,full,1.0,0,64000,100,200,64000,18500,31199,31850,0.046565984425186224,0.014614372137230026,0.014641075225963241,44849,44649,True,True,31744,True,True,0.733,0.2899,results/gate1/scores/106_full_mf1.0_seed0.npy
106,NOISEgaitHunt2,NOISE,Gait,False,cg062,gaitHunt2,full,1.0,1,64000,100,200,64000,18500,31199,31850,0.060017098416935144,0.014977444692766701,0.014987630889868955,44849,44649,True,True,31248,True,True,0.691,0.2948,results/gate1/scores/106_full_mf1.0_seed1.npy
106,NOISEgaitHunt2,NOISE,Gait,False,cg062,gaitHunt2,full,1.0,2,64000,100,200,64000,18500,31199,31850,0.05145379143150297,0.017940586436745527,0.01796489084212557,44849,44649,True,True,31247,True,True,0.6826,0.2857,results/gate1/scores/106_full_mf1.0_seed2.npy
106,NOISEgaitHunt2,NOISE,Gait,False,cg062,gaitHunt2,train_prefix,1,0,18500,100,200,64000,18500,31199,31850,0.044869829491696045,0.023200752725701105,0.02325702289245138,44849,44649,True,True,60524,False,False,0.33,0.371,results/gate1/scores/106_train_prefix_mf1_seed0.npy
106,NOISEgaitHunt2,NOISE,Gait,False,cg062,gaitHunt2,train_prefix,1,1,18500,100,200,64000,18500,31199,31850,0.031458829654432585,0.021063108628020077,0.021108462630823117,44849,44649,True,True,22955,False,False,0.3418,0.3831,results/gate1/scores/106_train_prefix_mf1_seed1.npy
106,NOISEgaitHunt2,NOISE,Gait,False,cg062,gaitHunt2,train_prefix,1,2,18500,100,200,64000,18500,31199,31850,0.031006109232061596,0.02492375860280419,0.024945069480031844,44849,44649,True,True,51830,False,False,0.3308,0.3859,results/gate1/scores/106_train_prefix_mf1_seed2.npy
106,NOISEgaitHunt2,NOISE,Gait,False,cg062,gaitHunt2,train_prefix,1.0,0,18500,100,200,64000,18500,31199,31850,0.04487643811044861,0.02326412154451723,0.023361307409943757,44849,44649,True,True,52135,False,False,0.2577,0.254,results/gate1/scores/106_train_prefix_mf1.0_seed0.npy
106,NOISEgaitHunt2,NOISE,Gait,False,cg062,gaitHunt2,train_prefix,1.0,1,18500,100,200,64000,18500,31199,31850,0.03874440903319132,0.019747203879925814,0.01975846175545515,44849,44649,True,True,52154,False,False,0.2571,0.2529,results/gate1/scores/106_train_prefix_mf1.0_seed1.npy
106,NOISEgaitHunt2,NOISE,Gait,False,cg062,gaitHunt2,train_prefix,1.0,2,18500,100,200,64000,18500,31199,31850,0.05075492825696304,0.020393756274632295,0.020412786561223674,44849,44649,True,True,31245,True,True,0.2758,0.2654,results/gate1/scores/106_train_prefix_mf1.0_seed2.npy
107,NOISEinsectEPG3,NOISE,EPG,False,cg065,insectEPG3,full,1,0,9998,100,200,9998,5200,6999,7050,0.013621837008734206,0.023906221923688617,0.024596117653312682,4747,4547,False,False,6324,False,False,0.2271,0.062,results/gate1/scores/107_full_mf1_seed0.npy
107,NOISEinsectEPG3,NOISE,EPG,False,cg065,insectEPG3,full,1,1,9998,100,200,9998,5200,6999,7050,0.015348003749923511,0.022755038315615213,0.023467046381258305,4747,4547,False,False,6321,False,False,0.2227,0.0624,results/gate1/scores/107_full_mf1_seed1.npy
107,NOISEinsectEPG3,NOISE,EPG,False,cg065,insectEPG3,full,1,2,9998,100,200,9998,5200,6999,7050,0.016149482155861095,0.023236269257671742,0.024206898606956292,4747,4547,False,False,6333,False,False,0.2244,0.0597,results/gate1/scores/107_full_mf1_seed2.npy
107,NOISEinsectEPG3,NOISE,EPG,False,cg065,insectEPG3,full,1.0,0,9998,100,200,9998,5200,6999,7050,0.006287431102954544,0.0443679598916366,0.04458640676549051,4747,4547,False,False,6321,False,False,0.1936,0.0512,results/gate1/scores/107_full_mf1.0_seed0.npy
107,NOISEinsectEPG3,NOISE,EPG,False,cg065,insectEPG3,full,1.0,1,9998,100,200,9998,5200,6999,7050,0.008380373006353803,0.049026541306454834,0.04958758752604789,4747,4547,False,False,6327,False,False,0.1942,0.049,results/gate1/scores/107_full_mf1.0_seed1.npy
107,NOISEinsectEPG3,NOISE,EPG,False,cg065,insectEPG3,full,1.0,2,9998,100,200,9998,5200,6999,7050,0.004658211289096326,0.04454597340827006,0.04615090705051584,4747,4547,False,False,6333,False,False,0.1941,0.0502,results/gate1/scores/107_full_mf1.0_seed2.npy
107,NOISEinsectEPG3,NOISE,EPG,False,cg065,insectEPG3,train_prefix,1,0,5200,100,200,9998,5200,6999,7050,0.02796940737188114,0.031758305070121035,0.03245113458887194,4747,4547,False,False,6321,False,False,0.15,0.064,results/gate1/scores/107_train_prefix_mf1_seed0.npy
107,NOISEinsectEPG3,NOISE,EPG,False,cg065,insectEPG3,train_prefix,1,1,5200,100,200,9998,5200,6999,7050,0.017129358134338246,0.02711522845448852,0.027383620916146448,4747,4547,False,False,6330,False,False,0.1527,0.0654,results/gate1/scores/107_train_prefix_mf1_seed1.npy
107,NOISEinsectEPG3,NOISE,EPG,False,cg065,insectEPG3,train_prefix,1,2,5200,100,200,9998,5200,6999,7050,0.015961903464383753,0.029233415414909727,0.0292608467120681,4747,4547,False,False,6333,False,False,0.1536,0.0661,results/gate1/scores/107_train_prefix_mf1_seed2.npy
107,NOISEinsectEPG3,NOISE,EPG,False,cg065,insectEPG3,train_prefix,1.0,0,5200,100,200,9998,5200,6999,7050,0.014334537134882475,0.048875080016975055,0.04952878541684693,4747,4547,False,False,6339,False,False,0.1423,0.0499,results/gate1/scores/107_train_prefix_mf1.0_seed0.npy
107,NOISEinsectEPG3,NOISE,EPG,False,cg065,insectEPG3,train_prefix,1.0,1,5200,100,200,9998,5200,6999,7050,0.015265262591542705,0.05385286699043346,0.05403780333673508,4747,4547,False,False,6343,False,False,0.1374,0.0504,results/gate1/scores/107_train_prefix_mf1.0_seed1.npy
107,NOISEinsectEPG3,NOISE,EPG,False,cg065,insectEPG3,train_prefix,1.0,2,5200,100,200,9998,5200,6999,7050,0.020129549060766694,0.05452581819476905,0.05529800103134705,4747,4547,False,False,6335,False,False,0.1357,0.0498,results/gate1/scores/107_train_prefix_mf1.0_seed2.npy
108,NOISEresperation2,NOISE,RESP,True,cg078,resperation2,full,1,0,200051,100,200,200051,30000,168249,168250,-0.06900251514525274,0.0595740379307607,0.05958227341925502,170050,169850,False,False,134613,False,False,2.9505,1.1393,results/gate1/scores/108_full_mf1_seed0.npy
108,NOISEresperation2,NOISE,RESP,True,cg078,resperation2,full,1,1,200051,100,200,200051,30000,168249,168250,-0.07765970772036984,0.05637040056941823,0.05639588434245621,170050,169850,False,False,134623,False,False,2.8376,1.1825,results/gate1/scores/108_full_mf1_seed1.npy
108,NOISEresperation2,NOISE,RESP,True,cg078,resperation2,full,1,2,200051,100,200,200051,30000,168249,168250,-0.06737860796254275,0.06116772284677772,0.06117121102353614,170050,169850,False,False,134613,False,False,2.689,1.0361,results/gate1/scores/108_full_mf1_seed2.npy
108,NOISEresperation2,NOISE,RESP,True,cg078,resperation2,full,1.0,0,200051,100,200,200051,30000,168249,168250,-0.09458985592604274,0.09142930721656933,0.09145709526995895,170050,169850,False,False,134616,False,False,1.6046,0.7422,results/gate1/scores/108_full_mf1.0_seed0.npy
108,NOISEresperation2,NOISE,RESP,True,cg078,resperation2,full,1.0,1,200051,100,200,200051,30000,168249,168250,-0.09417737490626027,0.09400206110685684,0.09409535520128932,170050,169850,False,False,134617,False,False,1.7987,0.7846,results/gate1/scores/108_full_mf1.0_seed1.npy
108,NOISEresperation2,NOISE,RESP,True,cg078,resperation2,full,1.0,2,200051,100,200,200051,30000,168249,168250,-0.10988446617484116,0.08743426197866279,0.08749347354050954,170050,169850,False,False,134614,False,False,1.9047,0.8111,results/gate1/scores/108_full_mf1.0_seed2.npy
108,NOISEresperation2,NOISE,RESP,True,cg078,resperation2,train_prefix,1,0,30000,100,200,200051,30000,168249,168250,-0.08388123326055824,0.03531560830328179,0.0353834461946264,170050,169850,False,False,134609,False,False,0.4985,1.134,results/gate1/scores/108_train_prefix_mf1_seed0.npy
108,NOISEresperation2,NOISE,RESP,True,cg078,resperation2,train_prefix,1,1,30000,100,200,200051,30000,168249,168250,-0.08420784389031166,0.03726027733188991,0.037323959805413635,170050,169850,False,False,134617,False,False,0.4936,1.1289,results/gate1/scores/108_train_prefix_mf1_seed1.npy
108,NOISEresperation2,NOISE,RESP,True,cg078,resperation2,train_prefix,1,2,30000,100,200,200051,30000,168249,168250,-0.08011409829139254,0.036877362983528506,0.03691524620972389,170050,169850,False,False,134613,False,False,0.5145,1.1506,results/gate1/scores/108_train_prefix_mf1_seed2.npy
108,NOISEresperation2,NOISE,RESP,True,cg078,resperation2,train_prefix,1.0,0,30000,100,200,200051,30000,168249,168250,-0.11689376441408633,0.05505599325909323,0.05510114928625878,170050,169850,False,False,134616,False,False,0.4019,0.8669,results/gate1/scores/108_train_prefix_mf1.0_seed0.npy
108,NOISEresperation2,NOISE,RESP,True,cg078,resperation2,train_prefix,1.0,1,30000,100,200,200051,30000,168249,168250,-0.10554017228609908,0.05102716992167925,0.05105154968555258,170050,169850,False,False,134618,False,False,0.3872,0.8611,results/gate1/scores/108_train_prefix_mf1.0_seed1.npy
108,NOISEresperation2,NOISE,RESP,True,cg078,resperation2,train_prefix,1.0,2,30000,100,200,200051,30000,168249,168250,-0.12784824485781932,0.05015953245790715,0.050179537095836765,170050,169850,False,False,134609,False,False,0.3813,0.8264,results/gate1/scores/108_train_prefix_mf1.0_seed2.npy
109,1sddb40,plain,ECG,True,cg001,1sddb40,full,1,0,79795,100,200,79795,35000,51999,52620,0.16127940329916146,0.10913466345439533,0.1091844759190105,44174,43974,True,True,71046,False,False,0.8699,0.2955,results/gate1/scores/109_full_mf1_seed0.npy
109,1sddb40,plain,ECG,True,cg001,1sddb40,full,1,1,79795,100,200,79795,35000,51999,52620,0.16801644460025988,0.11315272587544942,0.11336976640310285,44174,43974,True,True,66917,False,False,0.8353,0.2888,results/gate1/scores/109_full_mf1_seed1.npy
109,1sddb40,plain,ECG,True,cg001,1sddb40,full,1,2,79795,100,200,79795,35000,51999,52620,0.1619895363314906,0.10317755830922487,0.10332704482503621,44174,43974,True,True,71009,False,False,0.8509,0.3116,results/gate1/scores/109_full_mf1_seed2.npy
109,1sddb40,plain,ECG,True,cg001,1sddb40,full,1.0,0,79795,100,200,79795,35000,51999,52620,0.2629692736240579,0.11790201914606518,0.1181614040715118,44174,43974,True,True,52101,True,True,0.7001,0.2537,results/gate1/scores/109_full_mf1.0_seed0.npy
109,1sddb40,plain,ECG,True,cg001,1sddb40,full,1.0,1,79795,100,200,79795,35000,51999,52620,0.281120288901726,0.12384169168643966,0.1244031860930017,44174,43974,True,True,52090,True,True,0.6201,0.2335,results/gate1/scores/109_full_mf1.0_seed1.npy
109,1sddb40,plain,ECG,True,cg001,1sddb40,full,1.0,2,79795,100,200,79795,35000,51999,52620,0.2661247821199067,0.12504443463091552,0.1254109458340756,44174,43974,True,True,52301,True,True,0.6968,0.2644,results/gate1/scores/109_full_mf1.0_seed2.npy
109,1sddb40,plain,ECG,True,cg001,1sddb40,train_prefix,1,0,35000,100,200,79795,35000,51999,52620,0.15648257767759488,0.10567983980266386,0.10588097167872511,44174,43974,True,True,71009,False,False,0.3971,0.2883,results/gate1/scores/109_train_prefix_mf1_seed0.npy
109,1sddb40,plain,ECG,True,cg001,1sddb40,train_prefix,1,1,35000,100,200,79795,35000,51999,52620,0.1604224848074997,0.10213548316966074,0.10228467208161493,44174,43974,True,True,66906,False,False,0.4158,0.2991,results/gate1/scores/109_train_prefix_mf1_seed1.npy
109,1sddb40,plain,ECG,True,cg001,1sddb40,train_prefix,1,2,35000,100,200,79795,35000,51999,52620,0.15731808860668967,0.10410229216899401,0.10422414580007901,44174,43974,True,True,71010,False,False,0.3889,0.2937,results/gate1/scores/109_train_prefix_mf1_seed2.npy
109,1sddb40,plain,ECG,True,cg001,1sddb40,train_prefix,1.0,0,35000,100,200,79795,35000,51999,52620,0.2586172770866004,0.11319244563720694,0.11332391918971967,44174,43974,True,True,52104,True,True,0.3039,0.2274,results/gate1/scores/109_train_prefix_mf1.0_seed0.npy
109,1sddb40,plain,ECG,True,cg001,1sddb40,train_prefix,1.0,1,35000,100,200,79795,35000,51999,52620,0.26609781822290696,0.12286444846889422,0.123028900280284,44174,43974,True,True,52094,True,True,0.2929,0.2079,results/gate1/scores/109_train_prefix_mf1.0_seed1.npy
109,1sddb40,plain,ECG,True,cg001,1sddb40,train_prefix,1.0,2,35000,100,200,79795,35000,51999,52620,0.2512677391954848,0.11791167338848077,0.11810615802743409,44174,43974,True,True,52090,True,True,0.301,0.2022,results/gate1/scores/109_train_prefix_mf1.0_seed2.npy
110,2sddb40,plain,ECG,True,cg001,2sddb40,full,1,0,80001,100,200,80001,35000,56599,56900,-0.031436425837521986,0.11293148064635944,0.1130822433967929,44700,44500,False,False,71218,False,False,0.8663,0.3209,results/gate1/scores/110_full_mf1_seed0.npy
110,2sddb40,plain,ECG,True,cg001,2sddb40,full,1,1,80001,100,200,80001,35000,56599,56900,-0.033071457206257815,0.11085931882043878,0.11115353268881749,44700,44500,False,False,71215,False,False,0.8451,0.288,results/gate1/scores/110_full_mf1_seed1.npy
110,2sddb40,plain,ECG,True,cg001,2sddb40,full,1,2,80001,100,200,80001,35000,56599,56900,-0.039427545539592046,0.11001985925710984,0.11016887609676243,44700,44500,False,False,71216,False,False,0.851,0.2921,results/gate1/scores/110_full_mf1_seed2.npy
110,2sddb40,plain,ECG,True,cg001,2sddb40,full,1.0,0,80001,100,200,80001,35000,56599,56900,-0.01593913965210475,0.11907806316948377,0.11938793079553511,44700,44500,False,False,69854,False,False,0.6336,0.2508,results/gate1/scores/110_full_mf1.0_seed0.npy
110,2sddb40,plain,ECG,True,cg001,2sddb40,full,1.0,1,80001,100,200,80001,35000,56599,56900,-0.009362899690256832,0.11979917503312006,0.12009861172069143,44700,44500,False,False,69837,False,False,0.6416,0.2897,results/gate1/scores/110_full_mf1.0_seed1.npy
110,2sddb40,plain,ECG,True,cg001,2sddb40,full,1.0,2,80001,100,200,80001,35000,56599,56900,-0.0121689895717903,0.1269703181898971,0.1270510516463846,44700,44500,False,False,69837,False,False,0.6431,0.2471,results/gate1/scores/110_full_mf1.0_seed2.npy
110,2sddb40,plain,ECG,True,cg001,2sddb40,train_prefix,1,0,35000,100,200,80001,35000,56599,56900,-0.030612396804411413,0.10519934903134907,0.10538860113554922,44700,44500,False,False,71215,False,False,0.4392,0.3126,results/gate1/scores/110_train_prefix_mf1_seed0.npy
110,2sddb40,plain,ECG,True,cg001,2sddb40,train_prefix,1,1,35000,100,200,80001,35000,56599,56900,-0.04030888163629898,0.10127280269943889,0.1017192113386354,44700,44500,False,False,67112,False,False,0.456,0.3172,results/gate1/scores/110_train_prefix_mf1_seed1.npy
110,2sddb40,plain,ECG,True,cg001,2sddb40,train_prefix,1,2,35000,100,200,80001,35000,56599,56900,-0.037704019698121316,0.10392067955932897,0.1039626911172486,44700,44500,False,False,71216,False,False,0.4315,0.3309,results/gate1/scores/110_train_prefix_mf1_seed2.npy
110,2sddb40,plain,ECG,True,cg001,2sddb40,train_prefix,1.0,0,35000,100,200,80001,35000,56599,56900,-0.012324916706333178,0.11253310405350127,0.11291871995071752,44700,44500,False,False,69841,False,False,0.3349,0.3119,results/gate1/scores/110_train_prefix_mf1.0_seed0.npy
110,2sddb40,plain,ECG,True,cg001,2sddb40,train_prefix,1.0,1,35000,100,200,80001,35000,56599,56900,-0.009400046839626586,0.12117802245328164,0.1223222028604104,44700,44500,False,False,69840,False,False,0.3386,0.2177,results/gate1/scores/110_train_prefix_mf1.0_seed1.npy
110,2sddb40,plain,ECG,True,cg001,2sddb40,train_prefix,1.0,2,35000,100,200,80001,35000,56599,56900,-0.013623279248448195,0.11724537377591197,0.11763423575037875,44700,44500,False,False,69830,False,False,0.2976,0.2325,results/gate1/scores/110_train_prefix_mf1.0_seed2.npy
111,3sddb40,plain,ECG,True,cg001,3sddb40,full,1,0,80000,100,200,80000,35000,46599,46900,0.031814478411766545,0.1098209688769524,0.11004425962088049,44699,44499,False,False,71214,False,False,0.8416,0.3056,results/gate1/scores/111_full_mf1_seed0.npy
111,3sddb40,plain,ECG,True,cg001,3sddb40,full,1,1,80000,100,200,80000,35000,46599,46900,0.033266624102928966,0.11220759641359081,0.1123957294102485,44699,44499,False,False,71217,False,False,0.8176,0.2875,results/gate1/scores/111_full_mf1_seed1.npy
111,3sddb40,plain,ECG,True,cg001,3sddb40,full,1,2,80000,100,200,80000,35000,46599,46900,0.03769936185872652,0.11147955133735885,0.11155550597972243,44699,44499,False,False,71215,False,False,0.8275,0.2877,results/gate1/scores/111_full_mf1_seed2.npy
111,3sddb40,plain,ECG,True,cg001,3sddb40,full,1.0,0,80000,100,200,80000,35000,46599,46900,0.043328237411441595,0.11951984858638591,0.12006358334028673,44699,44499,False,False,69834,False,False,0.6569,0.2185,results/gate1/scores/111_full_mf1.0_seed0.npy
111,3sddb40,plain,ECG,True,cg001,3sddb40,full,1.0,1,80000,100,200,80000,35000,46599,46900,0.04027327213855786,0.12383284324019773,0.12398488233874407,44699,44499,False,False,69836,False,False,0.702,0.2354,results/gate1/scores/111_full_mf1.0_seed1.npy
111,3sddb40,plain,ECG,True,cg001,3sddb40,full,1.0,2,80000,100,200,80000,35000,46599,46900,0.03958364298792266,0.1263674543431118,0.12659801388164993,44699,44499,False,False,69835,False,False,0.6761,0.2079,results/gate1/scores/111_full_mf1.0_seed2.npy
111,3sddb40,plain,ECG,True,cg001,3sddb40,train_prefix,1,0,35000,100,200,80000,35000,46599,46900,0.020804142688906735,0.10520105770764017,0.10538964871406446,44699,44499,False,False,71214,False,False,0.4203,0.3367,results/gate1/scores/111_train_prefix_mf1_seed0.npy
111,3sddb40,plain,ECG,True,cg001,3sddb40,train_prefix,1,1,35000,100,200,80000,35000,46599,46900,0.03771041219710386,0.10127651728041832,0.10171975236209822,44699,44499,False,False,67111,False,False,0.4401,0.3136,results/gate1/scores/111_train_prefix_mf1_seed1.npy
111,3sddb40,plain,ECG,True,cg001,3sddb40,train_prefix,1,2,35000,100,200,80000,35000,46599,46900,0.02893924937191611,0.10392075754365711,0.10396365629634785,44699,44499,False,False,71215,False,False,0.4373,0.2983,results/gate1/scores/111_train_prefix_mf1_seed2.npy
111,3sddb40,plain,ECG,True,cg001,3sddb40,train_prefix,1.0,0,35000,100,200,80000,35000,46599,46900,0.04490406838607569,0.11253593869720005,0.11291874839594303,44699,44499,False,False,69840,False,False,0.3811,0.272,results/gate1/scores/111_train_prefix_mf1.0_seed0.npy
111,3sddb40,plain,ECG,True,cg001,3sddb40,train_prefix,1.0,1,35000,100,200,80000,35000,46599,46900,0.041456835437264916,0.12117854771934293,0.12232409214210506,44699,44499,False,False,69839,False,False,0.3137,0.1884,results/gate1/scores/111_train_prefix_mf1.0_seed1.npy
111,3sddb40,plain,ECG,True,cg001,3sddb40,train_prefix,1.0,2,35000,100,200,80000,35000,46599,46900,0.04550303231892344,0.11724596347637388,0.11763548768623185,44699,44499,False,False,69829,False,False,0.3201,0.228,results/gate1/scores/111_train_prefix_mf1.0_seed2.npy
112,BIDMC1,plain,ECG,True,cg004,BIDMC1,full,1,0,11000,100,200,11000,2500,5399,5600,0.03078950875911357,0.03829680435633266,0.038897115479506805,8299,8099,False,False,4251,False,False,0.1929,0.0428,results/gate1/scores/112_full_mf1_seed0.npy
112,BIDMC1,plain,ECG,True,cg004,BIDMC1,full,1,1,11000,100,200,11000,2500,5399,5600,0.038396172630519754,0.03451362200909031,0.03475387785164634,8299,8099,True,True,4212,False,False,0.1919,0.0436,results/gate1/scores/112_full_mf1_seed1.npy
112,BIDMC1,plain,ECG,True,cg004,BIDMC1,full,1,2,11000,100,200,11000,2500,5399,5600,0.035952143751578625,0.034528174098884507,0.03511127289774279,8299,8099,True,True,4209,False,False,0.1908,0.0449,results/gate1/scores/112_full_mf1_seed2.npy
112,BIDMC1,plain,ECG,True,cg004,BIDMC1,full,1.0,0,11000,100,200,11000,2500,5399,5600,0.11943400266900994,0.04556433779471838,0.043300406834218215,8299,8099,True,True,5555,True,True,0.1761,0.0377,results/gate1/scores/112_full_mf1.0_seed0.npy
112,BIDMC1,plain,ECG,True,cg004,BIDMC1,full,1.0,1,11000,100,200,11000,2500,5399,5600,0.10345751666010328,0.041852509589725764,0.03911032887743941,8299,8099,True,True,5555,True,True,0.1773,0.0343,results/gate1/scores/112_full_mf1.0_seed1.npy
112,BIDMC1,plain,ECG,True,cg004,BIDMC1,full,1.0,2,11000,100,200,11000,2500,5399,5600,0.11901870044043861,0.040419669356348616,0.03885377313573712,8299,8099,True,True,5551,True,True,0.1702,0.0347,results/gate1/scores/112_full_mf1.0_seed2.npy
112,BIDMC1,plain,ECG,True,cg004,BIDMC1,train_prefix,1,0,2500,100,200,11000,2500,5399,5600,0.025859558813196015,0.03721319422137962,0.03763599120074061,8299,8099,False,False,4251,False,False,0.1023,0.0479,results/gate1/scores/112_train_prefix_mf1_seed0.npy
112,BIDMC1,plain,ECG,True,cg004,BIDMC1,train_prefix,1,1,2500,100,200,11000,2500,5399,5600,0.03928254749258653,0.03654934342460402,0.03673393533487955,8299,8099,True,True,4212,False,False,0.1085,0.047,results/gate1/scores/112_train_prefix_mf1_seed1.npy
112,BIDMC1,plain,ECG,True,cg004,BIDMC1,train_prefix,1,2,2500,100,200,11000,2500,5399,5600,0.03990587636118059,0.03600761884696163,0.036381582014688114,8299,8099,True,True,4232,False,False,0.1029,0.0474,results/gate1/scores/112_train_prefix_mf1_seed2.npy
112,BIDMC1,plain,ECG,True,cg004,BIDMC1,train_prefix,1.0,0,2500,100,200,11000,2500,5399,5600,0.10581747563169808,0.04745523710795749,0.047854847036286265,8299,8099,True,True,5558,True,True,0.0951,0.0355,results/gate1/scores/112_train_prefix_mf1.0_seed0.npy
112,BIDMC1,plain,ECG,True,cg004,BIDMC1,train_prefix,1.0,1,2500,100,200,11000,2500,5399,5600,0.08773520052882533,0.04268606391715479,0.04018047851562929,8299,8099,True,True,5571,True,True,0.0996,0.0449,results/gate1/scores/112_train_prefix_mf1.0_seed1.npy
112,BIDMC1,plain,ECG,True,cg004,BIDMC1,train_prefix,1.0,2,2500,100,200,11000,2500,5399,5600,0.11544261653805643,0.044298656454008885,0.04203499283659158,8299,8099,True,True,5560,True,True,0.0984,0.0421,results/gate1/scores/112_train_prefix_mf1.0_seed2.npy
113,CIMIS44AirTemperature1,plain,Air Temperature,False,cg005,CIMIS44AirTemperature1,full,1,0,8184,100,200,8184,4000,5390,5392,-0.02778238243926706,0.0377862007372854,0.03841186168347879,4182,3982,False,False,4804,False,False,0.1848,0.0425,results/gate1/scores/113_full_mf1_seed0.npy
113,CIMIS44AirTemperature1,plain,Air Temperature,False,cg005,CIMIS44AirTemperature1,full,1,1,8184,100,200,8184,4000,5390,5392,-0.010687269733455684,0.03349024222479435,0.03366445992450817,4182,3982,False,False,4796,False,False,0.1805,0.0435,results/gate1/scores/113_full_mf1_seed1.npy
113,CIMIS44AirTemperature1,plain,Air Temperature,False,cg005,CIMIS44AirTemperature1,full,1,2,8184,100,200,8184,4000,5390,5392,-0.02502790263180371,0.043646470125155865,0.04390394308212858,4182,3982,False,False,5100,False,False,0.1852,0.0479,results/gate1/scores/113_full_mf1_seed2.npy
113,CIMIS44AirTemperature1,plain,Air Temperature,False,cg005,CIMIS44AirTemperature1,full,1.0,0,8184,100,200,8184,4000,5390,5392,-0.034597987948337405,0.0749391662294718,0.0752294041437117,4182,3982,False,False,4791,False,False,0.1609,0.0344,results/gate1/scores/113_full_mf1.0_seed0.npy
113,CIMIS44AirTemperature1,plain,Air Temperature,False,cg005,CIMIS44AirTemperature1,full,1.0,1,8184,100,200,8184,4000,5390,5392,-0.030978792906472263,0.07177857589394943,0.07231231438714927,4182,3982,False,False,4791,False,False,0.1632,0.0344,results/gate1/scores/113_full_mf1.0_seed1.npy
113,CIMIS44AirTemperature1,plain,Air Temperature,False,cg005,CIMIS44AirTemperature1,full,1.0,2,8184,100,200,8184,4000,5390,5392,-0.02227721744999145,0.06972159891558033,0.07034674068690555,4182,3982,False,False,4790,False,False,0.1477,0.0296,results/gate1/scores/113_full_mf1.0_seed2.npy
113,CIMIS44AirTemperature1,plain,Air Temperature,False,cg005,CIMIS44AirTemperature1,train_prefix,1,0,4000,100,200,8184,4000,5390,5392,-0.028797571151680856,0.06284014053695333,0.06321078391084034,4182,3982,False,False,4787,False,False,0.1262,0.0432,results/gate1/scores/113_train_prefix_mf1_seed0.npy
113,CIMIS44AirTemperature1,plain,Air Temperature,False,cg005,CIMIS44AirTemperature1,train_prefix,1,1,4000,100,200,8184,4000,5390,5392,-0.014508802162463474,0.053471722936653095,0.053808945092663936,4182,3982,False,False,4788,False,False,0.1268,0.0438,results/gate1/scores/113_train_prefix_mf1_seed1.npy
113,CIMIS44AirTemperature1,plain,Air Temperature,False,cg005,CIMIS44AirTemperature1,train_prefix,1,2,4000,100,200,8184,4000,5390,5392,-0.02025791272034111,0.05737228077854403,0.057590223227737325,4182,3982,False,False,4793,False,False,0.1263,0.0439,results/gate1/scores/113_train_prefix_mf1_seed2.npy
113,CIMIS44AirTemperature1,plain,Air Temperature,False,cg005,CIMIS44AirTemperature1,train_prefix,1.0,0,4000,100,200,8184,4000,5390,5392,-0.045291854138788,0.10895380740295116,0.10936903024940868,4182,3982,False,False,4791,False,False,0.112,0.032,results/gate1/scores/113_train_prefix_mf1.0_seed0.npy
113,CIMIS44AirTemperature1,plain,Air Temperature,False,cg005,CIMIS44AirTemperature1,train_prefix,1.0,1,4000,100,200,8184,4000,5390,5392,-0.04115502119111708,0.11192464943148109,0.1123312053639871,4182,3982,False,False,4789,False,False,0.1121,0.0329,results/gate1/scores/113_train_prefix_mf1.0_seed1.npy
113,CIMIS44AirTemperature1,plain,Air Temperature,False,cg005,CIMIS44AirTemperature1,train_prefix,1.0,2,4000,100,200,8184,4000,5390,5392,-0.03617108791013102,0.11290753988942988,0.11326511935153503,4182,3982,False,False,4789,False,False,0.1127,0.0364,results/gate1/scores/113_train_prefix_mf1.0_seed2.npy
114,CIMIS44AirTemperature2,plain,Air Temperature,False,cg005,CIMIS44AirTemperature2,full,1,0,8184,100,200,8184,4000,5702,5727,-0.008929273536657678,0.03739710713749245,0.03774298174087936,4159,3959,False,False,5095,False,False,0.1892,0.0454,results/gate1/scores/114_full_mf1_seed0.npy
114,CIMIS44AirTemperature2,plain,Air Temperature,False,cg005,CIMIS44AirTemperature2,full,1,1,8184,100,200,8184,4000,5702,5727,-0.0179897844291948,0.03270189730951246,0.03333421557029574,4159,3959,False,False,4796,False,False,0.1957,0.0474,results/gate1/scores/114_full_mf1_seed1.npy
114,CIMIS44AirTemperature2,plain,Air Temperature,False,cg005,CIMIS44AirTemperature2,full,1,2,8184,100,200,8184,4000,5702,5727,-0.010420906891669857,0.04295832914861262,0.04319515962593548,4159,3959,False,False,5101,False,False,0.1913,0.0462,results/gate1/scores/114_full_mf1_seed2.npy
114,CIMIS44AirTemperature2,plain,Air Temperature,False,cg005,CIMIS44AirTemperature2,full,1.0,0,8184,100,200,8184,4000,5702,5727,-0.019936523159818087,0.07455104570161251,0.07500079233328613,4159,3959,False,False,4791,False,False,0.1525,0.0333,results/gate1/scores/114_full_mf1.0_seed0.npy
114,CIMIS44AirTemperature2,plain,Air Temperature,False,cg005,CIMIS44AirTemperature2,full,1.0,1,8184,100,200,8184,4000,5702,5727,-0.006180817187975862,0.0729937387850043,0.07329870208827079,4159,3959,False,False,4804,False,False,0.1666,0.0356,results/gate1/scores/114_full_mf1.0_seed1.npy
114,CIMIS44AirTemperature2,plain,Air Temperature,False,cg005,CIMIS44AirTemperature2,full,1.0,2,8184,100,200,8184,4000,5702,5727,-0.008908306756265971,0.06665693855881749,0.0675159245675895,4159,3959,False,False,4790,False,False,0.1767,0.0377,results/gate1/scores/114_full_mf1.0_seed2.npy
114,CIMIS44AirTemperature2,plain,Air Temperature,False,cg005,CIMIS44AirTemperature2,train_prefix,1,0,4000,100,200,8184,4000,5702,5727,0.005250581618247763,0.06292366630138084,0.06325894300761072,4159,3959,False,False,4787,False,False,0.1241,0.0436,results/gate1/scores/114_train_prefix_mf1_seed0.npy
114,CIMIS44AirTemperature2,plain,Air Temperature,False,cg005,CIMIS44AirTemperature2,train_prefix,1,1,4000,100,200,8184,4000,5702,5727,0.002734923081922691,0.05349492454653004,0.05408323424018558,4159,3959,False,False,4788,False,False,0.1706,0.0497,results/gate1/scores/114_train_prefix_mf1_seed1.npy
114,CIMIS44AirTemperature2,plain,Air Temperature,False,cg005,CIMIS44AirTemperature2,train_prefix,1,2,4000,100,200,8184,4000,5702,5727,0.000616820016569819,0.057416701213368344,0.05760639831572633,4159,3959,False,False,4793,False,False,0.1287,0.0449,results/gate1/scores/114_train_prefix_mf1_seed2.npy
114,CIMIS44AirTemperature2,plain,Air Temperature,False,cg005,CIMIS44AirTemperature2,train_prefix,1.0,0,4000,100,200,8184,4000,5702,5727,0.00822093132689472,0.10897856355512664,0.10944736271723582,4159,3959,False,False,4791,False,False,0.113,0.0376,results/gate1/scores/114_train_prefix_mf1.0_seed0.npy
114,CIMIS44AirTemperature2,plain,Air Temperature,False,cg005,CIMIS44AirTemperature2,train_prefix,1.0,1,4000,100,200,8184,4000,5702,5727,0.012655394141789955,0.11192761061338098,0.11236610903480311,4159,3959,False,False,4789,False,False,0.1113,0.029,results/gate1/scores/114_train_prefix_mf1.0_seed1.npy
114,CIMIS44AirTemperature2,plain,Air Temperature,False,cg005,CIMIS44AirTemperature2,train_prefix,1.0,2,4000,100,200,8184,4000,5702,5727,0.007304362857455948,0.11293843214029842,0.11332423260677309,4159,3959,False,False,4789,False,False,0.1173,0.0367,results/gate1/scores/114_train_prefix_mf1.0_seed2.npy
115,CIMIS44AirTemperature3,plain,Air Temperature,False,cg005,CIMIS44AirTemperature3,full,1,0,8184,100,200,8184,4000,6519,6544,-0.023686871101607887,0.03844324077448542,0.03884380790853609,4159,3959,False,False,5095,False,False,0.1674,0.0402,results/gate1/scores/115_full_mf1_seed0.npy
115,CIMIS44AirTemperature3,plain,Air Temperature,False,cg005,CIMIS44AirTemperature3,full,1,1,8184,100,200,8184,4000,6519,6544,-0.0313770107699648,0.033860313737447974,0.034374764069398746,4159,3959,False,False,4796,False,False,0.1694,0.0412,results/gate1/scores/115_full_mf1_seed1.npy
115,CIMIS44AirTemperature3,plain,Air Temperature,False,cg005,CIMIS44AirTemperature3,full,1,2,8184,100,200,8184,4000,6519,6544,-0.026927191106920934,0.04324033765823595,0.04327664993274436,4159,3959,False,False,5100,False,False,0.1695,0.0411,results/gate1/scores/115_full_mf1_seed2.npy
115,CIMIS44AirTemperature3,plain,Air Temperature,False,cg005,CIMIS44AirTemperature3,full,1.0,0,8184,100,200,8184,4000,6519,6544,-0.04945870859676882,0.07374037512771006,0.07423857209401759,4159,3959,False,False,4791,False,False,0.1421,0.029,results/gate1/scores/115_full_mf1.0_seed0.npy
115,CIMIS44AirTemperature3,plain,Air Temperature,False,cg005,CIMIS44AirTemperature3,full,1.0,1,8184,100,200,8184,4000,6519,6544,-0.039165797310733774,0.07160303608180574,0.07188357384590983,4159,3959,False,False,4791,False,False,0.1429,0.0297,results/gate1/scores/115_full_mf1.0_seed1.npy
115,CIMIS44AirTemperature3,plain,Air Temperature,False,cg005,CIMIS44AirTemperature3,full,1.0,2,8184,100,200,8184,4000,6519,6544,-0.03882468230029262,0.06955830038693077,0.06964849481673163,4159,3959,False,False,4789,False,False,0.145,0.0299,results/gate1/scores/115_full_mf1.0_seed2.npy
115,CIMIS44AirTemperature3,plain,Air Temperature,False,cg005,CIMIS44AirTemperature3,train_prefix,1,0,4000,100,200,8184,4000,6519,6544,-0.017164328118339955,0.06292366630138084,0.06325894300761072,4159,3959,False,False,4787,False,False,0.1274,0.044,results/gate1/scores/115_train_prefix_mf1_seed0.npy
115,CIMIS44AirTemperature3,plain,Air Temperature,False,cg005,CIMIS44AirTemperature3,train_prefix,1,1,4000,100,200,8184,4000,6519,6544,-0.012543796773507532,0.05349492454653004,0.05408323424018558,4159,3959,False,False,4788,False,False,0.1266,0.0423,results/gate1/scores/115_train_prefix_mf1_seed1.npy
115,CIMIS44AirTemperature3,plain,Air Temperature,False,cg005,CIMIS44AirTemperature3,train_prefix,1,2,4000,100,200,8184,4000,6519,6544,-0.022039564338573014,0.057416701213368344,0.05760639831572633,4159,3959,False,False,4793,False,False,0.1211,0.0416,results/gate1/scores/115_train_prefix_mf1_seed2.npy
115,CIMIS44AirTemperature3,plain,Air Temperature,False,cg005,CIMIS44AirTemperature3,train_prefix,1.0,0,4000,100,200,8184,4000,6519,6544,-0.044965158300824204,0.10897856355512664,0.10944736271723582,4159,3959,False,False,4791,False,False,0.1078,0.0287,results/gate1/scores/115_train_prefix_mf1.0_seed0.npy
115,CIMIS44AirTemperature3,plain,Air Temperature,False,cg005,CIMIS44AirTemperature3,train_prefix,1.0,1,4000,100,200,8184,4000,6519,6544,-0.03891740351873563,0.11192761061338098,0.11236610903480311,4159,3959,False,False,4789,False,False,0.1073,0.0288,results/gate1/scores/115_train_prefix_mf1.0_seed1.npy
115,CIMIS44AirTemperature3,plain,Air Temperature,False,cg005,CIMIS44AirTemperature3,train_prefix,1.0,2,4000,100,200,8184,4000,6519,6544,-0.03615630240845058,0.11293843214029842,0.11332423260677309,4159,3959,False,False,4789,False,False,0.108,0.0297,results/gate1/scores/115_train_prefix_mf1.0_seed2.npy
116,CIMIS44AirTemperature4,plain,Air Temperature,False,cg005,CIMIS44AirTemperature4,full,1,0,8184,100,200,8184,4000,5548,5597,0.005371915324271059,0.0386224777967511,0.038946604286517104,4135,3935,False,False,4783,False,False,0.1669,0.0399,results/gate1/scores/116_full_mf1_seed0.npy
116,CIMIS44AirTemperature4,plain,Air Temperature,False,cg005,CIMIS44AirTemperature4,full,1,1,8184,100,200,8184,4000,5548,5597,-0.0019096026531048027,0.03197098952675981,0.03234260575183788,4135,3935,False,False,4796,False,False,0.1695,0.0421,results/gate1/scores/116_full_mf1_seed1.npy
116,CIMIS44AirTemperature4,plain,Air Temperature,False,cg005,CIMIS44AirTemperature4,full,1,2,8184,100,200,8184,4000,5548,5597,0.004682941109758643,0.04145735430351445,0.04184774642407593,4135,3935,False,False,4792,False,False,0.1696,0.0445,results/gate1/scores/116_full_mf1_seed2.npy
116,CIMIS44AirTemperature4,plain,Air Temperature,False,cg005,CIMIS44AirTemperature4,full,1.0,0,8184,100,200,8184,4000,5548,5597,0.010406881530959533,0.07467778687054416,0.07496688923741876,4135,3935,False,False,4792,False,False,0.1509,0.0326,results/gate1/scores/116_full_mf1.0_seed0.npy
116,CIMIS44AirTemperature4,plain,Air Temperature,False,cg005,CIMIS44AirTemperature4,full,1.0,1,8184,100,200,8184,4000,5548,5597,0.010529103485284685,0.0728856864401997,0.07321834982337397,4135,3935,False,False,4792,False,False,0.1522,0.0336,results/gate1/scores/116_full_mf1.0_seed1.npy
116,CIMIS44AirTemperature4,plain,Air Temperature,False,cg005,CIMIS44AirTemperature4,full,1.0,2,8184,100,200,8184,4000,5548,5597,0.009365045436613761,0.07186393291753865,0.07217722561635014,4135,3935,False,False,4789,False,False,0.1516,0.0337,results/gate1/scores/116_full_mf1.0_seed2.npy
116,CIMIS44AirTemperature4,plain,Air Temperature,False,cg005,CIMIS44AirTemperature4,train_prefix,1,0,4000,100,200,8184,4000,5548,5597,0.023464654757087255,0.06301082362078321,0.06330919597815367,4135,3935,False,False,4787,False,False,0.1245,0.0409,results/gate1/scores/116_train_prefix_mf1_seed0.npy
116,CIMIS44AirTemperature4,plain,Air Temperature,False,cg005,CIMIS44AirTemperature4,train_prefix,1,1,4000,100,200,8184,4000,5548,5597,0.016103341406059735,0.053519134922053735,0.05436944900281658,4135,3935,False,False,4788,False,False,0.1219,0.0421,results/gate1/scores/116_train_prefix_mf1_seed1.npy
116,CIMIS44AirTemperature4,plain,Air Temperature,False,cg005,CIMIS44AirTemperature4,train_prefix,1,2,4000,100,200,8184,4000,5548,5597,0.02007985373777077,0.05746305297144575,0.0576232766684105,4135,3935,False,False,4793,False,False,0.1208,0.0413,results/gate1/scores/116_train_prefix_mf1_seed2.npy
116,CIMIS44AirTemperature4,plain,Air Temperature,False,cg005,CIMIS44AirTemperature4,train_prefix,1.0,0,4000,100,200,8184,4000,5548,5597,0.03911837471509305,0.10900439606174445,0.10952910094453362,4135,3935,False,False,4791,False,False,0.1073,0.0286,results/gate1/scores/116_train_prefix_mf1.0_seed0.npy
116,CIMIS44AirTemperature4,plain,Air Temperature,False,cg005,CIMIS44AirTemperature4,train_prefix,1.0,1,4000,100,200,8184,4000,5548,5597,0.04340771360946227,0.11193070054231999,0.11240253025652412,4135,3935,False,False,4789,False,False,0.1073,0.029,results/gate1/scores/116_train_prefix_mf1.0_seed1.npy
116,CIMIS44AirTemperature4,plain,Air Temperature,False,cg005,CIMIS44AirTemperature4,train_prefix,1.0,2,4000,100,200,8184,4000,5548,5597,0.03224321766227001,0.11297066753250896,0.11338591600354317,4135,3935,False,False,4789,False,False,0.1085,0.0296,results/gate1/scores/116_train_prefix_mf1.0_seed2.npy
117,CIMIS44AirTemperature5,plain,Air Temperature,False,cg005,CIMIS44AirTemperature5,full,1,0,8184,100,200,8184,4000,4851,4900,0.028757112136114094,0.03892543286571991,0.03232546161219006,4135,3935,False,False,4804,True,True,0.1662,0.0398,results/gate1/scores/117_full_mf1_seed0.npy
117,CIMIS44AirTemperature5,plain,Air Temperature,False,cg005,CIMIS44AirTemperature5,full,1,1,8184,100,200,8184,4000,4851,4900,0.015782345540621412,0.03508920777368808,0.028907930584325413,4135,3935,False,False,4807,True,True,0.1692,0.0411,results/gate1/scores/117_full_mf1_seed1.npy
117,CIMIS44AirTemperature5,plain,Air Temperature,False,cg005,CIMIS44AirTemperature5,full,1,2,8184,100,200,8184,4000,4851,4900,0.03184378582094238,0.04412280973636714,0.03734513760160225,4135,3935,False,False,4811,True,True,0.1674,0.0408,results/gate1/scores/117_full_mf1_seed2.npy
117,CIMIS44AirTemperature5,plain,Air Temperature,False,cg005,CIMIS44AirTemperature5,full,1.0,0,8184,100,200,8184,4000,4851,4900,0.06406701384310365,0.08012722210433659,0.06360829644581356,4135,3935,False,True,4831,True,True,0.1414,0.0292,results/gate1/scores/117_full_mf1.0_seed0.npy
117,CIMIS44AirTemperature5,plain,Air Temperature,False,cg005,CIMIS44AirTemperature5,full,1.0,1,8184,100,200,8184,4000,4851,4900,0.06282662726975996,0.07725571185487241,0.06253894602582756,4135,3935,False,True,4829,True,True,0.1426,0.0289,results/gate1/scores/117_full_mf1.0_seed1.npy
117,CIMIS44AirTemperature5,plain,Air Temperature,False,cg005,CIMIS44AirTemperature5,full,1.0,2,8184,100,200,8184,4000,4851,4900,0.0769317204379234,0.07871844182745474,0.06142280259352627,4135,3935,False,True,4833,True,True,0.1427,0.0291,results/gate1/scores/117_full_mf1.0_seed2.npy
117,CIMIS44AirTemperature5,plain,Air Temperature,False,cg005,CIMIS44AirTemperature5,train_prefix,1,0,4000,100,200,8184,4000,4851,4900,0.04501270073077979,0.06509491789526872,0.05572783517082113,4135,3935,False,False,4834,True,True,0.1197,0.0422,results/gate1/scores/117_train_prefix_mf1_seed0.npy
117,CIMIS44AirTemperature5,plain,Air Temperature,False,cg005,CIMIS44AirTemperature5,train_prefix,1,1,4000,100,200,8184,4000,4851,4900,0.04462146742071105,0.05723853518751228,0.04781690968020277,4135,3935,False,False,4807,True,True,0.1215,0.0433,results/gate1/scores/117_train_prefix_mf1_seed1.npy
117,CIMIS44AirTemperature5,plain,Air Temperature,False,cg005,CIMIS44AirTemperature5,train_prefix,1,2,4000,100,200,8184,4000,4851,4900,0.0562420736179462,0.05875900055969929,0.050204183205522175,4135,3935,False,True,4793,True,True,0.1205,0.0435,results/gate1/scores/117_train_prefix_mf1_seed2.npy
117,CIMIS44AirTemperature5,plain,Air Temperature,False,cg005,CIMIS44AirTemperature5,train_prefix,1.0,0,4000,100,200,8184,4000,4851,4900,0.10016588141088467,0.11637223477518072,0.09763384973815249,4135,3935,False,True,4814,True,True,0.1063,0.0292,results/gate1/scores/117_train_prefix_mf1.0_seed0.npy
117,CIMIS44AirTemperature5,plain,Air Temperature,False,cg005,CIMIS44AirTemperature5,train_prefix,1.0,1,4000,100,200,8184,4000,4851,4900,0.10799588666024296,0.11767346164785182,0.10309622866225596,4135,3935,False,True,4823,True,True,0.1067,0.0308,results/gate1/scores/117_train_prefix_mf1.0_seed1.npy
117,CIMIS44AirTemperature5,plain,Air Temperature,False,cg005,CIMIS44AirTemperature5,train_prefix,1.0,2,4000,100,200,8184,4000,4851,4900,0.10473844927152942,0.11884114110447262,0.10127403905009934,4135,3935,False,True,4789,True,True,0.107,0.031,results/gate1/scores/117_train_prefix_mf1.0_seed2.npy
118,CIMIS44AirTemperature6,plain,Air Temperature,False,cg005,CIMIS44AirTemperature6,full,1,0,8184,100,200,8184,4000,6005,6054,-0.00019839114022213167,0.036941804856471125,0.03755058141618876,4135,3935,False,False,5095,False,False,0.1799,0.0448,results/gate1/scores/118_full_mf1_seed0.npy
118,CIMIS44AirTemperature6,plain,Air Temperature,False,cg005,CIMIS44AirTemperature6,full,1,1,8184,100,200,8184,4000,6005,6054,0.0014918851329780436,0.03248786239152477,0.03301546850606287,4135,3935,False,False,4796,False,False,0.18,0.0497,results/gate1/scores/118_full_mf1_seed1.npy
118,CIMIS44AirTemperature6,plain,Air Temperature,False,cg005,CIMIS44AirTemperature6,full,1,2,8184,100,200,8184,4000,6005,6054,-0.003586376104323885,0.04316965016212999,0.0433923829125003,4135,3935,False,False,5102,False,False,0.1779,0.0451,results/gate1/scores/118_full_mf1_seed2.npy
118,CIMIS44AirTemperature6,plain,Air Temperature,False,cg005,CIMIS44AirTemperature6,full,1.0,0,8184,100,200,8184,4000,6005,6054,0.0038997626815764352,0.0733401326546208,0.07354644700578375,4135,3935,False,False,4791,False,False,0.1517,0.0334,results/gate1/scores/118_full_mf1.0_seed0.npy
118,CIMIS44AirTemperature6,plain,Air Temperature,False,cg005,CIMIS44AirTemperature6,full,1.0,1,8184,100,200,8184,4000,6005,6054,-0.005204050086673684,0.0697339432262371,0.07035642466184866,4135,3935,False,False,4791,False,False,0.1596,0.0336,results/gate1/scores/118_full_mf1.0_seed1.npy
118,CIMIS44AirTemperature6,plain,Air Temperature,False,cg005,CIMIS44AirTemperature6,full,1.0,2,8184,100,200,8184,4000,6005,6054,-0.0047694376652316905,0.07417512915624133,0.07429135148966917,4135,3935,False,False,4790,False,False,0.1568,0.0338,results/gate1/scores/118_full_mf1.0_seed2.npy
118,CIMIS44AirTemperature6,plain,Air Temperature,False,cg005,CIMIS44AirTemperature6,train_prefix,1,0,4000,100,200,8184,4000,6005,6054,-0.003108404167281198,0.06301082362078321,0.06330919597815367,4135,3935,False,False,4787,False,False,0.1208,0.0407,results/gate1/scores/118_train_prefix_mf1_seed0.npy
118,CIMIS44AirTemperature6,plain,Air Temperature,False,cg005,CIMIS44AirTemperature6,train_prefix,1,1,4000,100,200,8184,4000,6005,6054,0.0005113396266849257,0.053519134922053735,0.05436944900281658,4135,3935,False,False,4788,False,False,0.1264,0.0428,results/gate1/scores/118_train_prefix_mf1_seed1.npy
118,CIMIS44AirTemperature6,plain,Air Temperature,False,cg005,CIMIS44AirTemperature6,train_prefix,1,2,4000,100,200,8184,4000,6005,6054,-0.0014432803639087277,0.05746305297144575,0.0576232766684105,4135,3935,False,False,4793,False,False,0.1274,0.0457,results/gate1/scores/118_train_prefix_mf1_seed2.npy
118,CIMIS44AirTemperature6,plain,Air Temperature,False,cg005,CIMIS44AirTemperature6,train_prefix,1.0,0,4000,100,200,8184,4000,6005,6054,0.013296564632937491,0.10900439606174445,0.10952910094453362,4135,3935,False,False,4791,False,False,0.1067,0.0285,results/gate1/scores/118_train_prefix_mf1.0_seed0.npy
118,CIMIS44AirTemperature6,plain,Air Temperature,False,cg005,CIMIS44AirTemperature6,train_prefix,1.0,1,4000,100,200,8184,4000,6005,6054,-0.005415483725709547,0.11193070054231999,0.11240253025652412,4135,3935,False,False,4789,False,False,0.1091,0.0303,results/gate1/scores/118_train_prefix_mf1.0_seed1.npy
118,CIMIS44AirTemperature6,plain,Air Temperature,False,cg005,CIMIS44AirTemperature6,train_prefix,1.0,2,4000,100,200,8184,4000,6005,6054,0.0026229390681875575,0.11297066753250896,0.11338591600354317,4135,3935,False,False,4789,False,False,0.1095,0.0312,results/gate1/scores/118_train_prefix_mf1.0_seed2.npy
119,ECG1,plain,ECG,True,cg011,ECG1,full,1,0,30000,100,200,30000,10000,11799,12100,0.1384269623856884,0.0557259369424399,0.056182674075232815,19699,19499,True,True,11942,True,True,0.3222,0.0901,results/gate1/scores/119_full_mf1_seed0.npy
119,ECG1,plain,ECG,True,cg011,ECG1,full,1,1,30000,100,200,30000,10000,11799,12100,0.1444826802210385,0.05473640514916539,0.05536111971858827,19699,19499,True,True,11903,True,True,0.3443,0.0937,results/gate1/scores/119_full_mf1_seed1.npy
119,ECG1,plain,ECG,True,cg011,ECG1,full,1,2,30000,100,200,30000,10000,11799,12100,0.1391465649368958,0.05927450571872924,0.05945167639877796,19699,19499,True,True,11901,True,True,0.3579,0.0929,results/gate1/scores/119_full_mf1_seed2.npy
119,ECG1,plain,ECG,True,cg011,ECG1,full,1.0,0,30000,100,200,30000,10000,11799,12100,0.173399716607197,0.06147437702017772,0.06178194909638116,19699,19499,True,True,11895,True,True,0.2847,0.0725,results/gate1/scores/119_full_mf1.0_seed0.npy
119,ECG1,plain,ECG,True,cg011,ECG1,full,1.0,1,30000,100,200,30000,10000,11799,12100,0.1808207945702165,0.06172446103020663,0.06222559130679961,19699,19499,True,True,11904,True,True,0.343,0.0723,results/gate1/scores/119_full_mf1.0_seed1.npy
119,ECG1,plain,ECG,True,cg011,ECG1,full,1.0,2,30000,100,200,30000,10000,11799,12100,0.1632021899923436,0.05720605929296406,0.057346441901342575,19699,19499,True,True,11908,True,True,0.3218,0.088,results/gate1/scores/119_full_mf1.0_seed2.npy
119,ECG1,plain,ECG,True,cg011,ECG1,train_prefix,1,0,10000,100,200,30000,10000,11799,12100,0.13271527639305963,0.05011411651662939,0.05016857652418107,19699,19499,True,True,11910,True,True,0.1542,0.0835,results/gate1/scores/119_train_prefix_mf1_seed0.npy
119,ECG1,plain,ECG,True,cg011,ECG1,train_prefix,1,1,10000,100,200,30000,10000,11799,12100,0.14355907953586966,0.0576033560289694,0.05828796213877801,19699,19499,True,True,11907,True,True,0.1419,0.09,results/gate1/scores/119_train_prefix_mf1_seed1.npy
119,ECG1,plain,ECG,True,cg011,ECG1,train_prefix,1,2,10000,100,200,30000,10000,11799,12100,0.13498638713389383,0.05926755542605928,0.05994121524017004,19699,19499,True,True,11900,True,True,0.1469,0.0939,results/gate1/scores/119_train_prefix_mf1_seed2.npy
119,ECG1,plain,ECG,True,cg011,ECG1,train_prefix,1.0,0,10000,100,200,30000,10000,11799,12100,0.16220641340697683,0.06265127162586523,0.06269636445670407,19699,19499,True,True,11902,True,True,0.1382,0.0733,results/gate1/scores/119_train_prefix_mf1.0_seed0.npy
119,ECG1,plain,ECG,True,cg011,ECG1,train_prefix,1.0,1,10000,100,200,30000,10000,11799,12100,0.16830455129254152,0.06499188148151756,0.06539217009949158,19699,19499,True,True,11900,True,True,0.1376,0.0881,results/gate1/scores/119_train_prefix_mf1.0_seed1.npy
119,ECG1,plain,ECG,True,cg011,ECG1,train_prefix,1.0,2,10000,100,200,30000,10000,11799,12100,0.16382961662922196,0.051784967468453555,0.051903624118447726,19699,19499,True,True,11910,True,True,0.1439,0.0926,results/gate1/scores/119_train_prefix_mf1.0_seed2.npy
120,ECG2,plain,ECG,True,cg011,ECG2,full,1,0,30000,100,200,30000,15000,15999,16100,0.06455594129249353,0.0561336078953636,0.05608904572433287,14899,14699,True,True,22871,False,False,0.3384,0.0981,results/gate1/scores/120_full_mf1_seed0.npy
120,ECG2,plain,ECG,True,cg011,ECG2,full,1,1,30000,100,200,30000,15000,15999,16100,0.07143537549866225,0.06154425445287015,0.06090832714161746,14899,14699,True,True,22871,False,False,0.3433,0.0963,results/gate1/scores/120_full_mf1_seed1.npy
120,ECG2,plain,ECG,True,cg011,ECG2,full,1,2,30000,100,200,30000,15000,15999,16100,0.06314461460864157,0.06215870929877633,0.06225447781172296,14899,14699,True,True,22871,False,False,0.3116,0.1016,results/gate1/scores/120_full_mf1_seed2.npy
120,ECG2,plain,ECG,True,cg011,ECG2,full,1.0,0,30000,100,200,30000,15000,15999,16100,0.07718137894521176,0.06795733628192267,0.06853503939597351,14899,14699,True,True,22845,False,False,0.2722,0.1217,results/gate1/scores/120_full_mf1.0_seed0.npy
120,ECG2,plain,ECG,True,cg011,ECG2,full,1.0,1,30000,100,200,30000,15000,15999,16100,0.07480812783764512,0.07275238786791309,0.07275238786791309,14899,14699,True,True,22810,False,False,0.2885,0.0897,results/gate1/scores/120_full_mf1.0_seed1.npy
120,ECG2,plain,ECG,True,cg011,ECG2,full,1.0,2,30000,100,200,30000,15000,15999,16100,0.090145442887402,0.06051124243081249,0.060255704874907626,14899,14699,True,True,17826,False,False,0.3016,0.0815,results/gate1/scores/120_full_mf1.0_seed2.npy
120,ECG2,plain,ECG,True,cg011,ECG2,train_prefix,1,0,15000,100,200,30000,15000,15999,16100,0.07207753838498099,0.061413197197102504,0.061127936588647395,14899,14699,True,True,22870,False,False,0.1857,0.0817,results/gate1/scores/120_train_prefix_mf1_seed0.npy
120,ECG2,plain,ECG,True,cg011,ECG2,train_prefix,1,1,15000,100,200,30000,15000,15999,16100,0.06306831610339908,0.061862354858647925,0.06036629854017844,14899,14699,True,True,22873,False,False,0.1859,0.0866,results/gate1/scores/120_train_prefix_mf1_seed1.npy
120,ECG2,plain,ECG,True,cg011,ECG2,train_prefix,1,2,15000,100,200,30000,15000,15999,16100,0.06156427327473374,0.06336647987018279,0.06331676822911034,14899,14699,False,False,22871,False,False,0.1873,0.0891,results/gate1/scores/120_train_prefix_mf1_seed2.npy
120,ECG2,plain,ECG,True,cg011,ECG2,train_prefix,1.0,0,15000,100,200,30000,15000,15999,16100,0.07482022430114316,0.06592695707317094,0.06592695707317094,14899,14699,True,True,22871,False,False,0.1691,0.0868,results/gate1/scores/120_train_prefix_mf1.0_seed0.npy
120,ECG2,plain,ECG,True,cg011,ECG2,train_prefix,1.0,1,15000,100,200,30000,15000,15999,16100,0.0622834261897211,0.06891777938313566,0.06870092822482854,14899,14699,False,False,22812,False,False,0.1744,0.0983,results/gate1/scores/120_train_prefix_mf1.0_seed1.npy
120,ECG2,plain,ECG,True,cg011,ECG2,train_prefix,1.0,2,15000,100,200,30000,15000,15999,16100,0.08225121807505426,0.059907493932295386,0.05987140879847495,14899,14699,True,True,22815,False,False,0.1765,0.078,results/gate1/scores/120_train_prefix_mf1.0_seed2.npy
121,ECG3,plain,ECG,True,cg013,ECG3,full,1,0,30000,100,200,30000,15000,15999,16100,-0.05353788185815217,0.018076846206972426,0.018137070128752476,14899,14699,False,False,22046,False,False,0.4005,0.1284,results/gate1/scores/121_full_mf1_seed0.npy
121,ECG3,plain,ECG,True,cg013,ECG3,full,1,1,30000,100,200,30000,15000,15999,16100,-0.051420601241173314,0.0209785480936453,0.02109075089626539,14899,14699,False,False,22044,False,False,0.4221,0.1216,results/gate1/scores/121_full_mf1_seed1.npy
121,ECG3,plain,ECG,True,cg013,ECG3,full,1,2,30000,100,200,30000,15000,15999,16100,-0.05890846801545202,0.01973729476526723,0.019907630575535636,14899,14699,False,False,22057,False,False,0.3962,0.1234,results/gate1/scores/121_full_mf1_seed2.npy
121,ECG3,plain,ECG,True,cg013,ECG3,full,1.0,0,30000,100,200,30000,15000,15999,16100,-0.07693651327121809,0.014268867499407046,0.014450209847487737,14899,14699,False,False,22064,False,False,0.3028,0.087,results/gate1/scores/121_full_mf1.0_seed0.npy
121,ECG3,plain,ECG,True,cg013,ECG3,full,1.0,1,30000,100,200,30000,15000,15999,16100,-0.08004051840846405,0.01658942357069033,0.016676973278542125,14899,14699,False,False,28330,False,False,0.3237,0.1145,results/gate1/scores/121_full_mf1.0_seed1.npy
121,ECG3,plain,ECG,True,cg013,ECG3,full,1.0,2,30000,100,200,30000,15000,15999,16100,-0.07336237733552742,0.014768595454862567,0.014785084972384264,14899,14699,False,False,28328,False,False,0.3313,0.0754,results/gate1/scores/121_full_mf1.0_seed2.npy
121,ECG3,plain,ECG,True,cg013,ECG3,train_prefix,1,0,15000,100,200,30000,15000,15999,16100,-0.05484937905811427,0.016956986992805533,0.016997545628611246,14899,14699,False,False,23072,False,False,0.2398,0.128,results/gate1/scores/121_train_prefix_mf1_seed0.npy
121,ECG3,plain,ECG,True,cg013,ECG3,train_prefix,1,1,15000,100,200,30000,15000,15999,16100,-0.05411636960216515,0.02112977079779303,0.02118102987022701,14899,14699,False,False,28331,False,False,0.24,0.1205,results/gate1/scores/121_train_prefix_mf1_seed1.npy
121,ECG3,plain,ECG,True,cg013,ECG3,train_prefix,1,2,15000,100,200,30000,15000,15999,16100,-0.060153812182645816,0.017787905311767875,0.017842361912492794,14899,14699,False,False,22057,False,False,0.2237,0.1322,results/gate1/scores/121_train_prefix_mf1_seed2.npy
121,ECG3,plain,ECG,True,cg013,ECG3,train_prefix,1.0,0,15000,100,200,30000,15000,15999,16100,-0.08009418680864228,0.012166573853247473,0.012306471602733661,14899,14699,False,False,21403,False,False,0.1978,0.1281,results/gate1/scores/121_train_prefix_mf1.0_seed0.npy
121,ECG3,plain,ECG,True,cg013,ECG3,train_prefix,1.0,1,15000,100,200,30000,15000,15999,16100,-0.08100796462546261,0.013059476827236014,0.013162352412822018,14899,14699,False,False,22047,False,False,0.1835,0.1073,results/gate1/scores/121_train_prefix_mf1.0_seed1.npy
121,ECG3,plain,ECG,True,cg013,ECG3,train_prefix,1.0,2,15000,100,200,30000,15000,15999,16100,-0.07340918093390197,0.011554976170212682,0.011597273853991038,14899,14699,False,False,28336,False,False,0.1874,0.1101,results/gate1/scores/121_train_prefix_mf1.0_seed2.npy
122,ECG3,plain,ECG,True,cg013,ECG3,full,1,0,30000,100,200,30000,8000,16999,17100,-0.0529541415814857,0.02287278388705907,0.02303916923474307,21899,21699,False,False,12424,False,False,0.4331,0.1293,results/gate1/scores/122_full_mf1_seed0.npy
122,ECG3,plain,ECG,True,cg013,ECG3,full,1,1,30000,100,200,30000,8000,16999,17100,-0.04217190020925904,0.024760961896954318,0.024828913841746132,21899,21699,False,False,14243,False,False,0.4696,0.1387,results/gate1/scores/122_full_mf1_seed1.npy
122,ECG3,plain,ECG,True,cg013,ECG3,full,1,2,30000,100,200,30000,8000,16999,17100,-0.06307139787441413,0.022876940048801964,0.022926691151280255,21899,21699,False,False,14244,False,False,0.4235,0.1282,results/gate1/scores/122_full_mf1_seed2.npy
122,ECG3,plain,ECG,True,cg013,ECG3,full,1.0,0,30000,100,200,30000,8000,16999,17100,-0.0750165858044492,0.018609056548271854,0.018650137549752095,21899,21699,False,False,14582,False,False,0.316,0.0862,results/gate1/scores/122_full_mf1.0_seed0.npy
122,ECG3,plain,ECG,True,cg013,ECG3,full,1.0,1,30000,100,200,30000,8000,16999,17100,-0.07802753185316258,0.02178344961951767,0.021944107345244043,21899,21699,False,False,11794,False,False,0.3483,0.095,results/gate1/scores/122_full_mf1.0_seed1.npy
122,ECG3,plain,ECG,True,cg013,ECG3,full,1.0,2,30000,100,200,30000,8000,16999,17100,-0.06885641524856168,0.017929080672157448,0.017950131785266752,21899,21699,False,False,28330,False,False,0.2788,0.0935,results/gate1/scores/122_full_mf1.0_seed2.npy
122,ECG3,plain,ECG,True,cg013,ECG3,train_prefix,1,0,8000,100,200,30000,8000,16999,17100,-0.0483029221490463,0.02393401224768136,0.02408333987687947,21899,21699,False,False,12425,False,False,0.1531,0.1281,results/gate1/scores/122_train_prefix_mf1_seed0.npy
122,ECG3,plain,ECG,True,cg013,ECG3,train_prefix,1,1,8000,100,200,30000,8000,16999,17100,-0.04977695978121416,0.02370935825423563,0.023794048886627377,21899,21699,False,False,22046,False,False,0.1522,0.1348,results/gate1/scores/122_train_prefix_mf1_seed1.npy
122,ECG3,plain,ECG,True,cg013,ECG3,train_prefix,1,2,8000,100,200,30000,8000,16999,17100,-0.06055078616190068,0.022702696048904302,0.022732051253500443,21899,21699,False,False,14244,False,False,0.1538,0.135,results/gate1/scores/122_train_prefix_mf1_seed2.npy
122,ECG3,plain,ECG,True,cg013,ECG3,train_prefix,1.0,0,8000,100,200,30000,8000,16999,17100,-0.07638216206972803,0.01768650120729668,0.017718829224550526,21899,21699,False,False,11791,False,False,0.1361,0.0972,results/gate1/scores/122_train_prefix_mf1.0_seed0.npy
122,ECG3,plain,ECG,True,cg013,ECG3,train_prefix,1.0,1,8000,100,200,30000,8000,16999,17100,-0.07439433024001302,0.019925317611292293,0.019946722966276687,21899,21699,False,False,14569,False,False,0.1291,0.0943,results/gate1/scores/122_train_prefix_mf1.0_seed1.npy
122,ECG3,plain,ECG,True,cg013,ECG3,train_prefix,1.0,2,8000,100,200,30000,8000,16999,17100,-0.070322703799988,0.015111112301794311,0.015126641481975123,21899,21699,False,False,28331,False,False,0.1314,0.0931,results/gate1/scores/122_train_prefix_mf1.0_seed2.npy
123,ECG4,plain,ECG,True,cg015,ECG4,full,1,0,200000,100,200,200000,5000,16799,17100,0.1354323830611408,0.07267449860832477,0.07269109103761513,194699,194499,True,True,134609,False,False,1.8851,0.6828,results/gate1/scores/123_full_mf1_seed0.npy
123,ECG4,plain,ECG,True,cg015,ECG4,full,1,1,200000,100,200,200000,5000,16799,17100,0.12937588005855138,0.06753484040384916,0.06755612808747823,194699,194499,True,True,134614,False,False,1.7897,0.6208,results/gate1/scores/123_full_mf1_seed1.npy
123,ECG4,plain,ECG,True,cg015,ECG4,full,1,2,200000,100,200,200000,5000,16799,17100,0.11803538299535932,0.06859706165948017,0.06864656630632808,194699,194499,True,True,134613,False,False,1.8451,0.7486,results/gate1/scores/123_full_mf1_seed2.npy
123,ECG4,plain,ECG,True,cg015,ECG4,full,1.0,0,200000,100,200,200000,5000,16799,17100,0.09162499643488231,0.09725188852500652,0.09731209850481644,194699,194499,False,False,134617,False,False,1.1962,0.4928,results/gate1/scores/123_full_mf1.0_seed0.npy
123,ECG4,plain,ECG,True,cg015,ECG4,full,1.0,1,200000,100,200,200000,5000,16799,17100,0.09720088318443454,0.10170011045059438,0.10181567390755589,194699,194499,False,False,134627,False,False,1.1916,0.4729,results/gate1/scores/123_full_mf1.0_seed1.npy
123,ECG4,plain,ECG,True,cg015,ECG4,full,1.0,2,200000,100,200,200000,5000,16799,17100,0.09232502718979352,0.09657344209591534,0.09666607192483881,194699,194499,False,False,134614,False,False,1.1777,0.4747,results/gate1/scores/123_full_mf1.0_seed2.npy
123,ECG4,plain,ECG,True,cg015,ECG4,train_prefix,1,0,5000,100,200,200000,5000,16799,17100,0.10606827103488792,0.07911086069226551,0.07912561261797074,194699,194499,True,True,134610,False,False,0.1172,0.7138,results/gate1/scores/123_train_prefix_mf1_seed0.npy
123,ECG4,plain,ECG,True,cg015,ECG4,train_prefix,1,1,5000,100,200,200000,5000,16799,17100,0.11076626042271065,0.07012534892474286,0.07016968581000556,194699,194499,True,True,134621,False,False,0.1155,0.7047,results/gate1/scores/123_train_prefix_mf1_seed1.npy
123,ECG4,plain,ECG,True,cg015,ECG4,train_prefix,1,2,5000,100,200,200000,5000,16799,17100,0.09246554381774597,0.07452758909323026,0.07455418131564956,194699,194499,True,True,134611,False,False,0.1203,0.7579,results/gate1/scores/123_train_prefix_mf1_seed2.npy
123,ECG4,plain,ECG,True,cg015,ECG4,train_prefix,1.0,0,5000,100,200,200000,5000,16799,17100,0.09180295294946794,0.10494398698246507,0.10496337008085649,194699,194499,False,False,134615,False,False,0.1073,0.6295,results/gate1/scores/123_train_prefix_mf1.0_seed0.npy
123,ECG4,plain,ECG,True,cg015,ECG4,train_prefix,1.0,1,5000,100,200,200000,5000,16799,17100,0.10478400762537698,0.1052190367833005,0.10523751397875143,194699,194499,False,False,134621,False,False,0.1083,0.6296,results/gate1/scores/123_train_prefix_mf1.0_seed1.npy
123,ECG4,plain,ECG,True,cg015,ECG4,train_prefix,1.0,2,5000,100,200,200000,5000,16799,17100,0.0831992511413917,0.10150432189204685,0.10155465930808626,194699,194499,False,False,134618,False,False,0.1144,0.5302,results/gate1/scores/123_train_prefix_mf1.0_seed2.npy
124,ECG4,plain,ECG,True,cg013,ECG4,full,1,0,30000,100,200,30000,5000,16899,17100,0.05925423785136885,0.02259082964683667,0.022544600003746716,24799,24599,True,True,17066,True,True,0.4016,0.1265,results/gate1/scores/124_full_mf1_seed0.npy
124,ECG4,plain,ECG,True,cg013,ECG4,full,1,1,30000,100,200,30000,5000,16899,17100,0.046115524664682384,0.025459359145395155,0.025346166077563036,24799,24599,True,True,12424,False,False,0.4242,0.1324,results/gate1/scores/124_full_mf1_seed1.npy
124,ECG4,plain,ECG,True,cg013,ECG4,full,1,2,30000,100,200,30000,5000,16899,17100,0.04305138995482094,0.023882051383815862,0.02325242068240976,24799,24599,True,True,14244,False,False,0.3938,0.1258,results/gate1/scores/124_full_mf1_seed2.npy
124,ECG4,plain,ECG,True,cg013,ECG4,full,1.0,0,30000,100,200,30000,5000,16899,17100,0.04805387476518769,0.019783924962250888,0.019163418496955936,24799,24599,True,True,16900,True,True,0.3361,0.0955,results/gate1/scores/124_full_mf1.0_seed0.npy
124,ECG4,plain,ECG,True,cg013,ECG4,full,1.0,1,30000,100,200,30000,5000,16899,17100,0.015912540912680073,0.022250362611353526,0.021997477280237404,24799,24599,False,False,14560,False,False,0.3046,0.0869,results/gate1/scores/124_full_mf1.0_seed1.npy
124,ECG4,plain,ECG,True,cg013,ECG4,full,1.0,2,30000,100,200,30000,5000,16899,17100,0.02998656977061287,0.01754038284984032,0.017081282615350205,24799,24599,True,True,28330,False,False,0.2979,0.0869,results/gate1/scores/124_full_mf1.0_seed2.npy
124,ECG4,plain,ECG,True,cg013,ECG4,train_prefix,1,0,5000,100,200,30000,5000,16899,17100,0.056708667882568176,0.03341456629226031,0.03329219661202874,24799,24599,True,True,22046,False,False,0.1225,0.1205,results/gate1/scores/124_train_prefix_mf1_seed0.npy
124,ECG4,plain,ECG,True,cg013,ECG4,train_prefix,1,1,5000,100,200,30000,5000,16899,17100,0.06679249166763435,0.03798382463604754,0.03768318488225556,24799,24599,True,True,12621,False,False,0.1225,0.1189,results/gate1/scores/124_train_prefix_mf1_seed1.npy
124,ECG4,plain,ECG,True,cg013,ECG4,train_prefix,1,2,5000,100,200,30000,5000,16899,17100,0.05436237057497917,0.03473757659766418,0.034261039089906624,24799,24599,True,True,16895,True,True,0.1211,0.1181,results/gate1/scores/124_train_prefix_mf1_seed2.npy
124,ECG4,plain,ECG,True,cg013,ECG4,train_prefix,1.0,0,5000,100,200,30000,5000,16899,17100,0.053203932331179093,0.019958938891096626,0.019569947967427663,24799,24599,True,True,16900,True,True,0.113,0.1094,results/gate1/scores/124_train_prefix_mf1.0_seed0.npy
124,ECG4,plain,ECG,True,cg013,ECG4,train_prefix,1.0,1,5000,100,200,30000,5000,16899,17100,0.010675345964464955,0.022958615413017643,0.022850836755320132,24799,24599,False,False,14575,False,False,0.1134,0.11,results/gate1/scores/124_train_prefix_mf1.0_seed1.npy
124,ECG4,plain,ECG,True,cg013,ECG4,train_prefix,1.0,2,5000,100,200,30000,5000,16899,17100,0.034091639253784556,0.019568238647122004,0.019005226007557195,24799,24599,True,True,12620,False,False,0.1106,0.0882,results/gate1/scores/124_train_prefix_mf1.0_seed2.npy
125,ECG4,plain,ECG,True,cg013,ECG4,full,1,0,30000,100,200,30000,5000,16999,17100,0.05998108131919255,0.02279989972091304,0.022896380620163574,24899,24699,True,True,17062,True,True,0.417,0.1227,results/gate1/scores/125_full_mf1_seed0.npy
125,ECG4,plain,ECG,True,cg013,ECG4,full,1,1,30000,100,200,30000,5000,16999,17100,0.04987386455108067,0.024561084897168146,0.024620539662401845,24899,24699,True,True,17064,True,True,0.4472,0.1288,results/gate1/scores/125_full_mf1_seed1.npy
125,ECG4,plain,ECG,True,cg013,ECG4,full,1,2,30000,100,200,30000,5000,16999,17100,0.04406479444605205,0.023308550406810243,0.02333206486320418,24899,24699,True,True,14238,False,False,0.4158,0.1362,results/gate1/scores/125_full_mf1_seed2.npy
125,ECG4,plain,ECG,True,cg013,ECG4,full,1.0,0,30000,100,200,30000,5000,16999,17100,0.016786137012705926,0.01947896528748675,0.019499321623774758,24899,24699,False,False,14582,False,False,0.2971,0.0931,results/gate1/scores/125_full_mf1.0_seed0.npy
125,ECG4,plain,ECG,True,cg013,ECG4,full,1.0,1,30000,100,200,30000,5000,16999,17100,0.009007044932930364,0.02165011879756766,0.02173086150706202,24899,24699,False,False,14568,False,False,0.3152,0.0864,results/gate1/scores/125_full_mf1.0_seed1.npy
125,ECG4,plain,ECG,True,cg013,ECG4,full,1.0,2,30000,100,200,30000,5000,16999,17100,0.015807869261008856,0.017538506286768184,0.017606210206994398,24899,24699,False,False,28324,False,False,0.3253,0.0863,results/gate1/scores/125_full_mf1.0_seed2.npy
125,ECG4,plain,ECG,True,cg013,ECG4,train_prefix,1,0,5000,100,200,30000,5000,16999,17100,0.0540303952986983,0.03317310323551925,0.03321612608949134,24899,24699,True,True,22046,False,False,0.1269,0.1225,results/gate1/scores/125_train_prefix_mf1_seed0.npy
125,ECG4,plain,ECG,True,cg013,ECG4,train_prefix,1,1,5000,100,200,30000,5000,16999,17100,0.06346745404436038,0.03759003372265848,0.037668051860353914,24899,24699,True,True,12621,False,False,0.1234,0.1372,results/gate1/scores/125_train_prefix_mf1_seed1.npy
125,ECG4,plain,ECG,True,cg013,ECG4,train_prefix,1,2,5000,100,200,30000,5000,16999,17100,0.05310621618222422,0.03420439588310816,0.034246208872408694,24899,24699,True,True,14244,False,False,0.1322,0.1318,results/gate1/scores/125_train_prefix_mf1_seed2.npy
125,ECG4,plain,ECG,True,cg013,ECG4,train_prefix,1.0,0,5000,100,200,30000,5000,16999,17100,0.02266864743360142,0.019561365045332815,0.019569947967427663,24899,24699,True,True,12608,False,False,0.1166,0.0904,results/gate1/scores/125_train_prefix_mf1.0_seed0.npy
125,ECG4,plain,ECG,True,cg013,ECG4,train_prefix,1.0,1,5000,100,200,30000,5000,16999,17100,0.008189382576337945,0.022782780676013182,0.022832444149935377,24899,24699,False,False,14575,False,False,0.1134,0.0965,results/gate1/scores/125_train_prefix_mf1.0_seed1.npy
125,ECG4,plain,ECG,True,cg013,ECG4,train_prefix,1.0,2,5000,100,200,30000,5000,16999,17100,0.017668342369931755,0.019005226007557195,0.019044405461294735,24899,24699,False,False,12620,False,False,0.1114,0.1008,results/gate1/scores/125_train_prefix_mf1.0_seed2.npy
126,ECG4,plain,ECG,True,cg013,ECG4,full,1,0,30000,100,200,30000,8000,16999,17100,-0.04971974927392858,0.02292807222235392,0.023011949724645066,21899,21699,False,False,12426,False,False,0.4495,0.1384,results/gate1/scores/126_full_mf1_seed0.npy
126,ECG4,plain,ECG,True,cg013,ECG4,full,1,1,30000,100,200,30000,8000,16999,17100,-0.0373090027027384,0.024846065846896567,0.024942953902919302,21899,21699,False,False,14243,False,False,0.4441,0.1196,results/gate1/scores/126_full_mf1_seed1.npy
126,ECG4,plain,ECG,True,cg013,ECG4,full,1,2,30000,100,200,30000,8000,16999,17100,-0.05184135695858,0.02390792617878084,0.024024384349225276,21899,21699,False,False,14244,False,False,0.3909,0.1297,results/gate1/scores/126_full_mf1_seed2.npy
126,ECG4,plain,ECG,True,cg013,ECG4,full,1.0,0,30000,100,200,30000,8000,16999,17100,-0.06487156875112837,0.019315426126997572,0.01936808070759854,21899,21699,False,False,12621,False,False,0.2996,0.1023,results/gate1/scores/126_full_mf1.0_seed0.npy
126,ECG4,plain,ECG,True,cg013,ECG4,full,1.0,1,30000,100,200,30000,8000,16999,17100,-0.06620094142736288,0.021244477312498025,0.021288415398143593,21899,21699,False,False,14576,False,False,0.2934,0.0854,results/gate1/scores/126_full_mf1.0_seed1.npy
126,ECG4,plain,ECG,True,cg013,ECG4,full,1.0,2,30000,100,200,30000,8000,16999,17100,-0.06370632758486361,0.01753164733575512,0.017619549415095453,21899,21699,False,False,28330,False,False,0.2958,0.0822,results/gate1/scores/126_full_mf1.0_seed2.npy
126,ECG4,plain,ECG,True,cg013,ECG4,train_prefix,1,0,8000,100,200,30000,8000,16999,17100,-0.037183862085222064,0.02393401224768136,0.02408333987687947,21899,21699,False,False,12425,False,False,0.1592,0.1318,results/gate1/scores/126_train_prefix_mf1_seed0.npy
126,ECG4,plain,ECG,True,cg013,ECG4,train_prefix,1,1,8000,100,200,30000,8000,16999,17100,-0.04176259651711611,0.02370935825423563,0.023794048886627377,21899,21699,False,False,22046,False,False,0.154,0.134,results/gate1/scores/126_train_prefix_mf1_seed1.npy
126,ECG4,plain,ECG,True,cg013,ECG4,train_prefix,1,2,8000,100,200,30000,8000,16999,17100,-0.04320891049817038,0.022702696048904302,0.022732051253500443,21899,21699,False,False,14244,False,False,0.1549,0.1371,results/gate1/scores/126_train_prefix_mf1_seed2.npy
126,ECG4,plain,ECG,True,cg013,ECG4,train_prefix,1.0,0,8000,100,200,30000,8000,16999,17100,-0.072899728291561,0.01768650120729668,0.017718829224550526,21899,21699,False,False,11791,False,False,0.1341,0.0952,results/gate1/scores/126_train_prefix_mf1.0_seed0.npy
126,ECG4,plain,ECG,True,cg013,ECG4,train_prefix,1.0,1,8000,100,200,30000,8000,16999,17100,-0.07500037872529858,0.019925317611292293,0.019946722966276687,21899,21699,False,False,14569,False,False,0.1332,0.0961,results/gate1/scores/126_train_prefix_mf1.0_seed1.npy
126,ECG4,plain,ECG,True,cg013,ECG4,train_prefix,1.0,2,8000,100,200,30000,8000,16999,17100,-0.06578308120092813,0.015111112301794311,0.015126641481975123,21899,21699,False,False,28331,False,False,0.131,0.0955,results/gate1/scores/126_train_prefix_mf1.0_seed2.npy
127,GP711MarkerLFM5z1,plain,Gait,False,cg019,GP711MarkerLFM5z1,full,1,0,12000,100,200,12000,5000,6167,6212,-0.011458398032539008,0.017750938353065973,0.017930218004875147,6955,6755,False,False,8923,False,False,0.1972,0.0438,results/gate1/scores/127_full_mf1_seed0.npy
127,GP711MarkerLFM5z1,plain,Gait,False,cg019,GP711MarkerLFM5z1,full,1,1,12000,100,200,12000,5000,6167,6212,-0.001349329803305488,0.020004941401895286,0.02020270289024037,6955,6755,False,False,8937,False,False,0.1967,0.0416,results/gate1/scores/127_full_mf1_seed1.npy
127,GP711MarkerLFM5z1,plain,Gait,False,cg019,GP711MarkerLFM5z1,full,1,2,12000,100,200,12000,5000,6167,6212,-0.018449828532160262,0.0162587789406733,0.01640025663030801,6955,6755,False,False,8939,False,False,0.1951,0.0402,results/gate1/scores/127_full_mf1_seed2.npy
127,GP711MarkerLFM5z1,plain,Gait,False,cg019,GP711MarkerLFM5z1,full,1.0,0,12000,100,200,12000,5000,6167,6212,0.00974921450271704,0.021610645537479586,0.02150782546416826,6955,6755,False,False,11836,False,False,0.1658,0.0309,results/gate1/scores/127_full_mf1.0_seed0.npy
127,GP711MarkerLFM5z1,plain,Gait,False,cg019,GP711MarkerLFM5z1,full,1.0,1,12000,100,200,12000,5000,6167,6212,0.005758811552124432,0.023471894266186878,0.023471894266186878,6955,6755,False,False,10536,False,False,0.1669,0.0359,results/gate1/scores/127_full_mf1.0_seed1.npy
127,GP711MarkerLFM5z1,plain,Gait,False,cg019,GP711MarkerLFM5z1,full,1.0,2,12000,100,200,12000,5000,6167,6212,-0.00017317712795972273,0.02345511802399494,0.02365050292458223,6955,6755,False,False,5272,False,False,0.1655,0.0329,results/gate1/scores/127_full_mf1.0_seed2.npy
127,GP711MarkerLFM5z1,plain,Gait,False,cg019,GP711MarkerLFM5z1,train_prefix,1,0,5000,100,200,12000,5000,6167,6212,-0.007732051971141685,0.018197666976170302,0.01825366468845395,6955,6755,False,False,8929,False,False,0.1202,0.0418,results/gate1/scores/127_train_prefix_mf1_seed0.npy
127,GP711MarkerLFM5z1,plain,Gait,False,cg019,GP711MarkerLFM5z1,train_prefix,1,1,5000,100,200,12000,5000,6167,6212,-0.004693322782477027,0.020004848599090685,0.020156131978643976,6955,6755,False,False,8935,False,False,0.1344,0.0484,results/gate1/scores/127_train_prefix_mf1_seed1.npy
127,GP711MarkerLFM5z1,plain,Gait,False,cg019,GP711MarkerLFM5z1,train_prefix,1,2,5000,100,200,12000,5000,6167,6212,-0.017733672593800764,0.019065340974818268,0.019219024840179056,6955,6755,False,False,8935,False,False,0.1288,0.0421,results/gate1/scores/127_train_prefix_mf1_seed2.npy
127,GP711MarkerLFM5z1,plain,Gait,False,cg019,GP711MarkerLFM5z1,train_prefix,1.0,0,5000,100,200,12000,5000,6167,6212,0.012644285513215059,0.02364779408413028,0.02370473706493401,6955,6755,False,False,11829,False,False,0.1319,0.0385,results/gate1/scores/127_train_prefix_mf1.0_seed0.npy
127,GP711MarkerLFM5z1,plain,Gait,False,cg019,GP711MarkerLFM5z1,train_prefix,1.0,1,5000,100,200,12000,5000,6167,6212,0.00865121383309908,0.023969985241584897,0.02418770944754159,6955,6755,False,False,9658,False,False,0.1233,0.0371,results/gate1/scores/127_train_prefix_mf1.0_seed1.npy
127,GP711MarkerLFM5z1,plain,Gait,False,cg019,GP711MarkerLFM5z1,train_prefix,1.0,2,5000,100,200,12000,5000,6167,6212,-0.0010528770766286,0.02471820894694215,0.024855579824550465,6955,6755,False,False,10961,False,False,0.1318,0.0434,results/gate1/scores/127_train_prefix_mf1.0_seed2.npy
128,GP711MarkerLFM5z2,plain,Gait,False,cg019,GP711MarkerLFM5z2,full,1,0,12000,100,200,12000,5000,7174,7388,0.01117337017770692,0.017288248260809887,0.01747252582096242,6786,6586,False,False,8927,False,False,0.1896,0.0414,results/gate1/scores/128_full_mf1_seed0.npy
128,GP711MarkerLFM5z2,plain,Gait,False,cg019,GP711MarkerLFM5z2,full,1,1,12000,100,200,12000,5000,7174,7388,0.008003459672398572,0.020335837623525727,0.020846057666008017,6786,6586,False,False,8945,False,False,0.1881,0.039,results/gate1/scores/128_full_mf1_seed1.npy
128,GP711MarkerLFM5z2,plain,Gait,False,cg019,GP711MarkerLFM5z2,full,1,2,12000,100,200,12000,5000,7174,7388,0.0135350212615023,0.017446495038210743,0.01753947754393696,6786,6586,False,False,8939,False,False,0.1817,0.0383,results/gate1/scores/128_full_mf1_seed2.npy
128,GP711MarkerLFM5z2,plain,Gait,False,cg019,GP711MarkerLFM5z2,full,1.0,0,12000,100,200,12000,5000,7174,7388,0.07242544038890641,0.02379517496495451,0.02153196835635474,6786,6586,True,True,7382,True,True,0.1721,0.033,results/gate1/scores/128_full_mf1.0_seed0.npy
128,GP711MarkerLFM5z2,plain,Gait,False,cg019,GP711MarkerLFM5z2,full,1.0,1,12000,100,200,12000,5000,7174,7388,0.07898665124512638,0.02626485732259638,0.024370315420366967,6786,6586,True,True,7391,True,True,0.1664,0.0344,results/gate1/scores/128_full_mf1.0_seed1.npy
128,GP711MarkerLFM5z2,plain,Gait,False,cg019,GP711MarkerLFM5z2,full,1.0,2,12000,100,200,12000,5000,7174,7388,0.06681117586202556,0.02473550612562152,0.02285889935001197,6786,6586,True,True,7384,True,True,0.1895,0.0392,results/gate1/scores/128_full_mf1.0_seed2.npy
128,GP711MarkerLFM5z2,plain,Gait,False,cg019,GP711MarkerLFM5z2,train_prefix,1,0,5000,100,200,12000,5000,7174,7388,0.0030798386457114857,0.018250263908107953,0.01832958654903398,6786,6586,False,False,8929,False,False,0.1344,0.0461,results/gate1/scores/128_train_prefix_mf1_seed0.npy
128,GP711MarkerLFM5z2,plain,Gait,False,cg019,GP711MarkerLFM5z2,train_prefix,1,1,5000,100,200,12000,5000,7174,7388,0.004655893676993594,0.020104902034489676,0.021012399755906002,6786,6586,False,False,8935,False,False,0.1247,0.0407,results/gate1/scores/128_train_prefix_mf1_seed1.npy
128,GP711MarkerLFM5z2,plain,Gait,False,cg019,GP711MarkerLFM5z2,train_prefix,1,2,5000,100,200,12000,5000,7174,7388,0.011665753820907399,0.019158166038543114,0.019381445660904554,6786,6586,False,False,8935,False,False,0.1302,0.0443,results/gate1/scores/128_train_prefix_mf1_seed2.npy
128,GP711MarkerLFM5z2,plain,Gait,False,cg019,GP711MarkerLFM5z2,train_prefix,1.0,0,5000,100,200,12000,5000,7174,7388,0.060838153150728935,0.024719798053253066,0.02372871030041129,6786,6586,True,True,7384,True,True,0.1243,0.0359,results/gate1/scores/128_train_prefix_mf1.0_seed0.npy
128,GP711MarkerLFM5z2,plain,Gait,False,cg019,GP711MarkerLFM5z2,train_prefix,1.0,1,5000,100,200,12000,5000,7174,7388,0.05067721150740023,0.02511087659894771,0.024275964718897237,6786,6586,True,True,7375,True,True,0.1219,0.034,results/gate1/scores/128_train_prefix_mf1.0_seed1.npy
128,GP711MarkerLFM5z2,plain,Gait,False,cg019,GP711MarkerLFM5z2,train_prefix,1.0,2,5000,100,200,12000,5000,7174,7388,0.05299196466450706,0.026539459355742243,0.025104213614289984,6786,6586,True,True,7378,True,True,0.1154,0.0343,results/gate1/scores/128_train_prefix_mf1.0_seed2.npy
129,GP711MarkerLFM5z3,plain,Gait,False,cg019,GP711MarkerLFM5z3,full,1,0,12000,100,200,12000,5000,5947,5993,0.006524923984781217,0.018646754064377203,0.0186531081923907,6954,6754,False,False,8927,False,False,0.1924,0.0447,results/gate1/scores/129_full_mf1_seed0.npy
129,GP711MarkerLFM5z3,plain,Gait,False,cg019,GP711MarkerLFM5z3,full,1,1,12000,100,200,12000,5000,5947,5993,0.01264544347857266,0.01896679797431525,0.01842489216338633,6954,6754,False,False,8943,False,False,0.1936,0.0411,results/gate1/scores/129_full_mf1_seed1.npy
129,GP711MarkerLFM5z3,plain,Gait,False,cg019,GP711MarkerLFM5z3,full,1,2,12000,100,200,12000,5000,5947,5993,0.0037245387619800896,0.01842046107876671,0.017252176495257367,6954,6754,False,False,8939,False,False,0.1972,0.0455,results/gate1/scores/129_full_mf1_seed2.npy
129,GP711MarkerLFM5z3,plain,Gait,False,cg019,GP711MarkerLFM5z3,full,1.0,0,12000,100,200,12000,5000,5947,5993,0.06685555979860858,0.027188058750161722,0.025156348785601464,6954,6754,True,True,5937,True,True,0.1851,0.0368,results/gate1/scores/129_full_mf1.0_seed0.npy
129,GP711MarkerLFM5z3,plain,Gait,False,cg019,GP711MarkerLFM5z3,full,1.0,1,12000,100,200,12000,5000,5947,5993,0.07076325690928609,0.02618542674954987,0.02354528055612702,6954,6754,True,True,5943,True,True,0.2199,0.0399,results/gate1/scores/129_full_mf1.0_seed1.npy
129,GP711MarkerLFM5z3,plain,Gait,False,cg019,GP711MarkerLFM5z3,full,1.0,2,12000,100,200,12000,5000,5947,5993,0.07144786030131489,0.0257148942748295,0.02313635944070268,6954,6754,True,True,5943,True,True,0.2025,0.0388,results/gate1/scores/129_full_mf1.0_seed2.npy
129,GP711MarkerLFM5z3,plain,Gait,False,cg019,GP711MarkerLFM5z3,train_prefix,1,0,5000,100,200,12000,5000,5947,5993,0.004348318800676432,0.018253774391045755,0.018253774391045755,6954,6754,False,False,8929,False,False,0.1187,0.0373,results/gate1/scores/129_train_prefix_mf1_seed0.npy
129,GP711MarkerLFM5z3,plain,Gait,False,cg019,GP711MarkerLFM5z3,train_prefix,1,1,5000,100,200,12000,5000,5947,5993,0.01140186795388698,0.020392930430165965,0.020157784557487696,6954,6754,False,False,8935,False,False,0.1189,0.0382,results/gate1/scores/129_train_prefix_mf1_seed1.npy
129,GP711MarkerLFM5z3,plain,Gait,False,cg019,GP711MarkerLFM5z3,train_prefix,1,2,5000,100,200,12000,5000,5947,5993,0.005245409063330375,0.019548039777734106,0.019220988027328644,6954,6754,False,False,8935,False,False,0.1178,0.0408,results/gate1/scores/129_train_prefix_mf1_seed2.npy
129,GP711MarkerLFM5z3,plain,Gait,False,cg019,GP711MarkerLFM5z3,train_prefix,1.0,0,5000,100,200,12000,5000,5947,5993,0.06472202887113998,0.025609097513517403,0.02370486206030445,6954,6754,True,True,5936,True,True,0.1144,0.0364,results/gate1/scores/129_train_prefix_mf1.0_seed0.npy
129,GP711MarkerLFM5z3,plain,Gait,False,cg019,GP711MarkerLFM5z3,train_prefix,1.0,1,5000,100,200,12000,5000,5947,5993,0.05862376032917782,0.02588723178929558,0.024187802135465408,6954,6754,True,True,5944,True,True,0.1213,0.0361,results/gate1/scores/129_train_prefix_mf1.0_seed1.npy
129,GP711MarkerLFM5z3,plain,Gait,False,cg019,GP711MarkerLFM5z3,train_prefix,1.0,2,5000,100,200,12000,5000,5947,5993,0.05781743547453355,0.027621111751397795,0.02485781196355606,6954,6754,True,True,5934,True,True,0.1144,0.0364,results/gate1/scores/129_train_prefix_mf1.0_seed2.npy
130,GP711MarkerLFM5z4,plain,Gait,False,cg019,GP711MarkerLFM5z4,full,1,0,12000,100,200,12000,4000,6526,6645,0.007834656126228356,0.01880365471437313,0.019041153724397606,7881,7681,False,False,8927,False,False,0.2041,0.0445,results/gate1/scores/130_full_mf1_seed0.npy
130,GP711MarkerLFM5z4,plain,Gait,False,cg019,GP711MarkerLFM5z4,full,1,1,12000,100,200,12000,4000,6526,6645,0.01960876267400924,0.017590486424267287,0.017678079636058785,7881,7681,True,True,8943,False,False,0.2147,0.0491,results/gate1/scores/130_full_mf1_seed1.npy
130,GP711MarkerLFM5z4,plain,Gait,False,cg019,GP711MarkerLFM5z4,full,1,2,12000,100,200,12000,4000,6526,6645,0.01685412184483437,0.018504560916878614,0.018773943212760286,7881,7681,False,False,8939,False,False,0.2535,0.0495,results/gate1/scores/130_full_mf1_seed2.npy
130,GP711MarkerLFM5z4,plain,Gait,False,cg019,GP711MarkerLFM5z4,full,1.0,0,12000,100,200,12000,4000,6526,6645,0.08563449449466598,0.024256181304193505,0.024557097767710444,7881,7681,True,True,6573,True,True,0.1992,0.0351,results/gate1/scores/130_full_mf1.0_seed0.npy
130,GP711MarkerLFM5z4,plain,Gait,False,cg019,GP711MarkerLFM5z4,full,1.0,1,12000,100,200,12000,4000,6526,6645,0.0723407485265497,0.022760468862217414,0.022844381945888507,7881,7681,True,True,6580,True,True,0.1764,0.0366,results/gate1/scores/130_full_mf1.0_seed1.npy
130,GP711MarkerLFM5z4,plain,Gait,False,cg019,GP711MarkerLFM5z4,full,1.0,2,12000,100,200,12000,4000,6526,6645,0.07338600998218636,0.023125261478763277,0.023152663648669858,7881,7681,True,True,6573,True,True,0.1823,0.0828,results/gate1/scores/130_full_mf1.0_seed2.npy
130,GP711MarkerLFM5z4,plain,Gait,False,cg019,GP711MarkerLFM5z4,train_prefix,1,0,4000,100,200,12000,4000,6526,6645,0.012628768022323267,0.019674813440156966,0.019947274288076487,7881,7681,False,False,8932,False,False,0.1087,0.0366,results/gate1/scores/130_train_prefix_mf1_seed0.npy
130,GP711MarkerLFM5z4,plain,Gait,False,cg019,GP711MarkerLFM5z4,train_prefix,1,1,4000,100,200,12000,4000,6526,6645,0.022290030329928046,0.01837669931758037,0.0185621105213748,7881,7681,True,True,8944,False,False,0.1094,0.0375,results/gate1/scores/130_train_prefix_mf1_seed1.npy
130,GP711MarkerLFM5z4,plain,Gait,False,cg019,GP711MarkerLFM5z4,train_prefix,1,2,4000,100,200,12000,4000,6526,6645,0.01734314572596951,0.016670109153991686,0.017262009412481284,7881,7681,True,True,8946,False,False,0.109,0.0379,results/gate1/scores/130_train_prefix_mf1_seed2.npy
130,GP711MarkerLFM5z4,plain,Gait,False,cg019,GP711MarkerLFM5z4,train_prefix,1.0,0,4000,100,200,12000,4000,6526,6645,0.05844304427205649,0.024834154495656253,0.025270464106797702,7881,7681,True,True,6585,True,True,0.1493,0.0373,results/gate1/scores/130_train_prefix_mf1.0_seed0.npy
130,GP711MarkerLFM5z4,plain,Gait,False,cg019,GP711MarkerLFM5z4,train_prefix,1.0,1,4000,100,200,12000,4000,6526,6645,0.0643416502197085,0.02589230082833735,0.02597336509407759,7881,7681,True,True,6582,True,True,0.1047,0.0346,results/gate1/scores/130_train_prefix_mf1.0_seed1.npy
130,GP711MarkerLFM5z4,plain,Gait,False,cg019,GP711MarkerLFM5z4,train_prefix,1.0,2,4000,100,200,12000,4000,6526,6645,0.06565026401862506,0.02677814688590937,0.026963141476791103,7881,7681,True,True,6572,True,True,0.1046,0.0365,results/gate1/scores/130_train_prefix_mf1.0_seed2.npy
131,GP711MarkerLFM5z5,plain,Gait,False,cg019,GP711MarkerLFM5z5,full,1,0,12000,100,200,12000,5000,8611,8716,0.03300676320593576,0.01637257307671307,0.016550041000727836,6895,6695,True,True,8927,False,False,0.2864,0.0518,results/gate1/scores/131_full_mf1_seed0.npy
131,GP711MarkerLFM5z5,plain,Gait,False,cg019,GP711MarkerLFM5z5,full,1,1,12000,100,200,12000,5000,8611,8716,0.032300105887189345,0.018156927011958948,0.01849428013111949,6895,6695,True,True,8942,False,False,0.2125,0.0448,results/gate1/scores/131_full_mf1_seed1.npy
131,GP711MarkerLFM5z5,plain,Gait,False,cg019,GP711MarkerLFM5z5,full,1,2,12000,100,200,12000,5000,8611,8716,0.031066473591467636,0.016381728229611765,0.016381728229611765,6895,6695,True,True,8939,False,False,0.2088,0.044,results/gate1/scores/131_full_mf1_seed2.npy
131,GP711MarkerLFM5z5,plain,Gait,False,cg019,GP711MarkerLFM5z5,full,1.0,0,12000,100,200,12000,5000,8611,8716,0.08209085573692276,0.02992850857858959,0.022507272040799,6895,6695,True,True,8620,True,True,0.1803,0.0427,results/gate1/scores/131_full_mf1.0_seed0.npy
131,GP711MarkerLFM5z5,plain,Gait,False,cg019,GP711MarkerLFM5z5,full,1.0,1,12000,100,200,12000,5000,8611,8716,0.0875221667997953,0.027000263835093855,0.020977710134993867,6895,6695,True,True,8623,True,True,0.1947,0.0399,results/gate1/scores/131_full_mf1.0_seed1.npy
131,GP711MarkerLFM5z5,plain,Gait,False,cg019,GP711MarkerLFM5z5,full,1.0,2,12000,100,200,12000,5000,8611,8716,0.08709917582077409,0.032153113887593746,0.023406726164947197,6895,6695,True,True,8608,True,True,0.182,0.0371,results/gate1/scores/131_full_mf1.0_seed2.npy
131,GP711MarkerLFM5z5,plain,Gait,False,cg019,GP711MarkerLFM5z5,train_prefix,1,0,5000,100,200,12000,5000,8611,8716,0.029536546345449,0.018249276584781694,0.018262997647315354,6895,6695,True,True,8929,False,False,0.1429,0.0477,results/gate1/scores/131_train_prefix_mf1_seed0.npy
131,GP711MarkerLFM5z5,plain,Gait,False,cg019,GP711MarkerLFM5z5,train_prefix,1,1,5000,100,200,12000,5000,8611,8716,0.02658009047479637,0.020090028824896487,0.020290721833330284,6895,6695,True,True,8935,False,False,0.1694,0.0568,results/gate1/scores/131_train_prefix_mf1_seed1.npy
131,GP711MarkerLFM5z5,plain,Gait,False,cg019,GP711MarkerLFM5z5,train_prefix,1,2,5000,100,200,12000,5000,8611,8716,0.02820114644909577,0.019328123301119337,0.019328123301119337,6895,6695,True,True,8935,False,False,0.1594,0.0499,results/gate1/scores/131_train_prefix_mf1_seed2.npy
131,GP711MarkerLFM5z5,plain,Gait,False,cg019,GP711MarkerLFM5z5,train_prefix,1.0,0,5000,100,200,12000,5000,8611,8716,0.06271086417653982,0.03216447248649313,0.023716273208524964,6895,6695,True,True,8607,True,True,0.1365,0.0395,results/gate1/scores/131_train_prefix_mf1.0_seed0.npy
131,GP711MarkerLFM5z5,plain,Gait,False,cg019,GP711MarkerLFM5z5,train_prefix,1.0,1,5000,100,200,12000,5000,8611,8716,0.06496228294138573,0.028214834801989077,0.02419763364402056,6895,6695,True,True,8622,True,True,0.1239,0.0419,results/gate1/scores/131_train_prefix_mf1.0_seed1.npy
131,GP711MarkerLFM5z5,plain,Gait,False,cg019,GP711MarkerLFM5z5,train_prefix,1.0,2,5000,100,200,12000,5000,8611,8716,0.06582587060281786,0.03241827073612745,0.024983704117986325,6895,6695,True,True,8631,True,True,0.1313,0.0386,results/gate1/scores/131_train_prefix_mf1.0_seed2.npy
132,InternalBleeding10,plain,ABP,True,cg024,InternalBleeding10,full,1,0,7501,100,200,7501,3200,4525,4556,-0.011764300293512164,0.01737922951877404,0.0175316175393989,4270,4070,False,False,7441,False,False,0.1805,0.0336,results/gate1/scores/132_full_mf1_seed0.npy
132,InternalBleeding10,plain,ABP,True,cg024,InternalBleeding10,full,1,1,7501,100,200,7501,3200,4525,4556,-0.005532556287675017,0.012260779142328301,0.012514633262153152,4270,4070,False,False,6323,False,False,0.1591,0.0309,results/gate1/scores/132_full_mf1_seed1.npy
132,InternalBleeding10,plain,ABP,True,cg024,InternalBleeding10,full,1,2,7501,100,200,7501,3200,4525,4556,-0.019382696167735025,0.012993243548660936,0.013125682215766765,4270,4070,False,False,6324,False,False,0.1563,0.035,results/gate1/scores/132_full_mf1_seed2.npy
132,InternalBleeding10,plain,ABP,True,cg024,InternalBleeding10,full,1.0,0,7501,100,200,7501,3200,4525,4556,-0.024742015943619355,0.03777192221798562,0.03794404979216931,4270,4070,False,False,7444,False,False,0.1429,0.0256,results/gate1/scores/132_full_mf1.0_seed0.npy
132,InternalBleeding10,plain,ABP,True,cg024,InternalBleeding10,full,1.0,1,7501,100,200,7501,3200,4525,4556,-0.016894485945676663,0.03354933008719804,0.03377429135504793,4270,4070,False,False,6366,False,False,0.1436,0.0242,results/gate1/scores/132_full_mf1.0_seed1.npy
132,InternalBleeding10,plain,ABP,True,cg024,InternalBleeding10,full,1.0,2,7501,100,200,7501,3200,4525,4556,-0.014223550396776363,0.03906206141671129,0.03945018954072141,4270,4070,False,False,6346,False,False,0.1421,0.0248,results/gate1/scores/132_full_mf1.0_seed2.npy
132,InternalBleeding10,plain,ABP,True,cg024,InternalBleeding10,train_prefix,1,0,3200,100,200,7501,3200,4525,4556,-0.010750831399636063,0.017675768512475768,0.018000699817099647,4270,4070,False,False,5292,False,False,0.1246,0.0319,results/gate1/scores/132_train_prefix_mf1_seed0.npy
132,InternalBleeding10,plain,ABP,True,cg024,InternalBleeding10,train_prefix,1,1,3200,100,200,7501,3200,4525,4556,-0.022106200218298344,0.013848687499779074,0.013848687499778934,4270,4070,False,False,6323,False,False,0.1177,0.0349,results/gate1/scores/132_train_prefix_mf1_seed1.npy
132,InternalBleeding10,plain,ABP,True,cg024,InternalBleeding10,train_prefix,1,2,3200,100,200,7501,3200,4525,4556,-0.015347723179754968,0.014322817384447992,0.014240341638028236,4270,4070,False,False,5260,False,False,0.1186,0.0357,results/gate1/scores/132_train_prefix_mf1_seed2.npy
132,InternalBleeding10,plain,ABP,True,cg024,InternalBleeding10,train_prefix,1.0,0,3200,100,200,7501,3200,4525,4556,-0.019108166606308097,0.027127617134244046,0.027192645835950092,4270,4070,False,False,6365,False,False,0.1627,0.0283,results/gate1/scores/132_train_prefix_mf1.0_seed0.npy
132,InternalBleeding10,plain,ABP,True,cg024,InternalBleeding10,train_prefix,1.0,1,3200,100,200,7501,3200,4525,4556,-0.022873345036168113,0.028192367147203974,0.028577552107614874,4270,4070,False,False,6360,False,False,0.1152,0.0257,results/gate1/scores/132_train_prefix_mf1.0_seed1.npy
132,InternalBleeding10,plain,ABP,True,cg024,InternalBleeding10,train_prefix,1.0,2,3200,100,200,7501,3200,4525,4556,-0.006497074122741586,0.039484977982282024,0.03999393296651401,4270,4070,False,False,5284,False,False,0.1082,0.027,results/gate1/scores/132_train_prefix_mf1.0_seed2.npy
133,InternalBleeding14,plain,ABP,True,cg024,InternalBleeding14,full,1,0,7501,100,200,7501,2800,5606,5634,0.011713272650350826,0.016827737601442967,0.016724162124478317,4673,4473,False,False,6361,False,False,0.176,0.0377,results/gate1/scores/133_full_mf1_seed0.npy
133,InternalBleeding14,plain,ABP,True,cg024,InternalBleeding14,full,1,1,7501,100,200,7501,2800,5606,5634,0.004199160727858864,0.012190480113158441,0.01166718874184094,4673,4473,False,False,5657,True,True,0.1705,0.0355,results/gate1/scores/133_full_mf1_seed1.npy
133,InternalBleeding14,plain,ABP,True,cg024,InternalBleeding14,full,1,2,7501,100,200,7501,2800,5606,5634,-0.004065369186243339,0.011658462250444633,0.011082975034269877,4673,4473,False,False,6324,False,False,0.1687,0.0352,results/gate1/scores/133_full_mf1_seed2.npy
133,InternalBleeding14,plain,ABP,True,cg024,InternalBleeding14,full,1.0,0,7501,100,200,7501,2800,5606,5634,0.034362493886878176,0.03399790807023863,0.0274747155632639,4673,4473,True,True,5656,True,True,0.1418,0.0232,results/gate1/scores/133_full_mf1.0_seed0.npy
133,InternalBleeding14,plain,ABP,True,cg024,InternalBleeding14,full,1.0,1,7501,100,200,7501,2800,5606,5634,0.05579606086650224,0.045221774972761586,0.036133785983625065,4673,4473,True,True,5665,True,True,0.1434,0.0235,results/gate1/scores/133_full_mf1.0_seed1.npy
133,InternalBleeding14,plain,ABP,True,cg024,InternalBleeding14,full,1.0,2,7501,100,200,7501,2800,5606,5634,0.04782252170766277,0.04087553102863276,0.03492456552172702,4673,4473,True,True,5653,True,True,0.1588,0.0266,results/gate1/scores/133_full_mf1.0_seed2.npy
133,InternalBleeding14,plain,ABP,True,cg024,InternalBleeding14,train_prefix,1,0,2800,100,200,7501,2800,5606,5634,0.016025646990274534,0.01754131202659237,0.017553461859234176,4673,4473,False,False,3129,False,False,0.1312,0.0364,results/gate1/scores/133_train_prefix_mf1_seed0.npy
133,InternalBleeding14,plain,ABP,True,cg024,InternalBleeding14,train_prefix,1,1,2800,100,200,7501,2800,5606,5634,0.00399610132191297,0.016455190484605264,0.015556834994999583,4673,4473,False,False,5709,True,True,0.1166,0.0373,results/gate1/scores/133_train_prefix_mf1_seed1.npy
133,InternalBleeding14,plain,ABP,True,cg024,InternalBleeding14,train_prefix,1,2,2800,100,200,7501,2800,5606,5634,-1.284423442815541e-05,0.01557983645275444,0.01557983645275444,4673,4473,False,False,6324,False,False,0.1158,0.0522,results/gate1/scores/133_train_prefix_mf1_seed2.npy
133,InternalBleeding14,plain,ABP,True,cg024,InternalBleeding14,train_prefix,1.0,0,2800,100,200,7501,2800,5606,5634,0.037059248594104255,0.041846423561360514,0.03367205020950648,4673,4473,False,True,5652,True,True,0.1056,0.0245,results/gate1/scores/133_train_prefix_mf1.0_seed0.npy
133,InternalBleeding14,plain,ABP,True,cg024,InternalBleeding14,train_prefix,1.0,1,2800,100,200,7501,2800,5606,5634,0.04299271278622796,0.04663245345998521,0.044978962686040284,4673,4473,False,False,5665,True,True,0.1016,0.0263,results/gate1/scores/133_train_prefix_mf1.0_seed1.npy
133,InternalBleeding14,plain,ABP,True,cg024,InternalBleeding14,train_prefix,1.0,2,2800,100,200,7501,2800,5606,5634,0.04018827943926839,0.040240179691821976,0.03915467493697734,4673,4473,False,True,6345,False,False,0.1016,0.0282,results/gate1/scores/133_train_prefix_mf1.0_seed2.npy
134,InternalBleeding15,plain,ABP,True,cg026,InternalBleeding15,full,1,0,7601,100,200,7601,1700,5683,5854,0.01958184948556696,0.015784360785604558,0.01586899924613772,5730,5530,True,True,4861,False,False,0.1625,0.0322,results/gate1/scores/134_full_mf1_seed0.npy
134,InternalBleeding15,plain,ABP,True,cg026,InternalBleeding15,full,1,1,7601,100,200,7601,1700,5683,5854,0.01781200116063575,0.010566045323956256,0.01068530410499113,5730,5530,True,True,5348,False,False,0.1525,0.0324,results/gate1/scores/134_full_mf1_seed1.npy
134,InternalBleeding15,plain,ABP,True,cg026,InternalBleeding15,full,1,2,7601,100,200,7601,1700,5683,5854,0.013132461359804726,0.011959606213999129,0.01207334493894209,5730,5530,True,True,4869,False,False,0.1659,0.0326,results/gate1/scores/134_full_mf1_seed2.npy
134,InternalBleeding15,plain,ABP,True,cg026,InternalBleeding15,full,1.0,0,7601,100,200,7601,1700,5683,5854,0.08526283423189496,0.023697436895052645,0.02396818453532878,5730,5530,True,True,5755,True,True,0.1936,0.028,results/gate1/scores/134_full_mf1.0_seed0.npy
134,InternalBleeding15,plain,ABP,True,cg026,InternalBleeding15,full,1.0,1,7601,100,200,7601,1700,5683,5854,0.08722274748932513,0.028507097742702797,0.029045284957634795,5730,5530,True,True,5749,True,True,0.1407,0.0311,results/gate1/scores/134_full_mf1.0_seed1.npy
134,InternalBleeding15,plain,ABP,True,cg026,InternalBleeding15,full,1.0,2,7601,100,200,7601,1700,5683,5854,0.0729326406378683,0.024490071549201707,0.02480504951656078,5730,5530,True,True,5758,True,True,0.1469,0.0272,results/gate1/scores/134_full_mf1.0_seed2.npy
134,InternalBleeding15,plain,ABP,True,cg026,InternalBleeding15,train_prefix,1,0,1700,100,200,7601,1700,5683,5854,0.012717420772903498,0.014216869565532819,0.014259547808076643,5730,5530,False,False,7224,False,False,0.1018,0.0338,results/gate1/scores/134_train_prefix_mf1_seed0.npy
134,InternalBleeding15,plain,ABP,True,cg026,InternalBleeding15,train_prefix,1,1,1700,100,200,7601,1700,5683,5854,0.01601944930710253,0.01092916026348334,0.011034710181685033,5730,5530,True,True,5377,False,False,0.0985,0.0361,results/gate1/scores/134_train_prefix_mf1_seed1.npy
134,InternalBleeding15,plain,ABP,True,cg026,InternalBleeding15,train_prefix,1,2,1700,100,200,7601,1700,5683,5854,0.020817473682843923,0.013676405140862862,0.013811373167133413,5730,5530,True,True,4874,False,False,0.0989,0.0337,results/gate1/scores/134_train_prefix_mf1_seed2.npy
134,InternalBleeding15,plain,ABP,True,cg026,InternalBleeding15,train_prefix,1.0,0,1700,100,200,7601,1700,5683,5854,0.07447006235902964,0.022650595612697944,0.023296828488688956,5730,5530,True,True,5753,True,True,0.0928,0.0234,results/gate1/scores/134_train_prefix_mf1.0_seed0.npy
134,InternalBleeding15,plain,ABP,True,cg026,InternalBleeding15,train_prefix,1.0,1,1700,100,200,7601,1700,5683,5854,0.06585183680885043,0.02341271986850992,0.02360610859539089,5730,5530,True,True,5750,True,True,0.1098,0.0282,results/gate1/scores/134_train_prefix_mf1.0_seed1.npy
134,InternalBleeding15,plain,ABP,True,cg026,InternalBleeding15,train_prefix,1.0,2,1700,100,200,7601,1700,5683,5854,0.0652161745019949,0.020600327240931488,0.020716394396905743,5730,5530,True,True,5749,True,True,0.0955,0.0264,results/gate1/scores/134_train_prefix_mf1.0_seed2.npy
135,InternalBleeding16,plain,ABP,True,cg027,InternalBleeding16,full,1,0,7501,100,200,7501,1200,4186,4199,0.02188426070768068,0.023646851730759342,0.023456329975416457,6288,6088,False,False,6369,False,False,0.1526,0.0265,results/gate1/scores/135_full_mf1_seed0.npy
135,InternalBleeding16,plain,ABP,True,cg027,InternalBleeding16,full,1,1,7501,100,200,7501,1200,4186,4199,-0.0004555800099147467,0.016473534318431033,0.016879068108199356,6288,6088,False,False,7450,False,False,0.1447,0.0286,results/gate1/scores/135_full_mf1_seed1.npy
135,InternalBleeding16,plain,ABP,True,cg027,InternalBleeding16,full,1,2,7501,100,200,7501,1200,4186,4199,0.004807137643351389,0.012379470101537969,0.012376603210093007,6288,6088,False,False,2882,False,False,0.1512,0.0315,results/gate1/scores/135_full_mf1_seed2.npy
135,InternalBleeding16,plain,ABP,True,cg027,InternalBleeding16,full,1.0,0,7501,100,200,7501,1200,4186,4199,0.014031626907301642,0.02474600566576882,0.02411112094701655,6288,6088,False,False,4174,True,True,0.1411,0.0232,results/gate1/scores/135_full_mf1.0_seed0.npy
135,InternalBleeding16,plain,ABP,True,cg027,InternalBleeding16,full,1.0,1,7501,100,200,7501,1200,4186,4199,0.014368626894131431,0.03581103210011422,0.03461283945529936,6288,6088,False,False,7450,False,False,0.1391,0.0224,results/gate1/scores/135_full_mf1.0_seed1.npy
135,InternalBleeding16,plain,ABP,True,cg027,InternalBleeding16,full,1.0,2,7501,100,200,7501,1200,4186,4199,0.006943591655129477,0.03537796155318056,0.033752819134199565,6288,6088,False,False,4165,True,True,0.1399,0.0224,results/gate1/scores/135_full_mf1.0_seed2.npy
135,InternalBleeding16,plain,ABP,True,cg027,InternalBleeding16,train_prefix,1,0,1200,100,200,7501,1200,4186,4199,0.01875623933816617,0.023849501438486964,0.023849501438486964,6288,6088,False,False,6368,False,False,0.0946,0.0276,results/gate1/scores/135_train_prefix_mf1_seed0.npy
135,InternalBleeding16,plain,ABP,True,cg027,InternalBleeding16,train_prefix,1,1,1200,100,200,7501,1200,4186,4199,0.005191743713999997,0.012245362301182219,0.011844425875522518,6288,6088,False,False,6375,False,False,0.0947,0.0291,results/gate1/scores/135_train_prefix_mf1_seed1.npy
135,InternalBleeding16,plain,ABP,True,cg027,InternalBleeding16,train_prefix,1,2,1200,100,200,7501,1200,4186,4199,0.011690316606293605,0.01707877903007115,0.016684182503671884,6288,6088,False,False,6367,False,False,0.0926,0.0287,results/gate1/scores/135_train_prefix_mf1_seed2.npy
135,InternalBleeding16,plain,ABP,True,cg027,InternalBleeding16,train_prefix,1.0,0,1200,100,200,7501,1200,4186,4199,0.002212084698479777,0.03763995296279843,0.03763995296279843,6288,6088,False,False,4167,True,True,0.0873,0.0223,results/gate1/scores/135_train_prefix_mf1.0_seed0.npy
135,InternalBleeding16,plain,ABP,True,cg027,InternalBleeding16,train_prefix,1.0,1,1200,100,200,7501,1200,4186,4199,0.0239058415055432,0.030972722837378674,0.030391576392724464,6288,6088,False,False,7433,False,False,0.1018,0.0256,results/gate1/scores/135_train_prefix_mf1.0_seed1.npy
135,InternalBleeding16,plain,ABP,True,cg027,InternalBleeding16,train_prefix,1.0,2,1200,100,200,7501,1200,4186,4199,0.012345549134793132,0.037638289514004164,0.037638289514004164,6288,6088,False,False,6364,False,False,0.088,0.024,results/gate1/scores/135_train_prefix_mf1.0_seed2.npy
136,InternalBleeding17,plain,ABP,True,cg027,InternalBleeding17,full,1,0,7500,100,200,7500,1600,3197,3309,0.003808993934643068,0.01961692585963373,0.01970402551939904,5788,5588,False,False,6379,False,False,0.1609,0.0319,results/gate1/scores/136_full_mf1_seed0.npy
136,InternalBleeding17,plain,ABP,True,cg027,InternalBleeding17,full,1,1,7500,100,200,7500,1600,3197,3309,-0.002637731397577614,0.01094682840700966,0.01111124496948416,5788,5588,False,False,3989,False,False,0.159,0.0322,results/gate1/scores/136_full_mf1_seed1.npy
136,InternalBleeding17,plain,ABP,True,cg027,InternalBleeding17,full,1,2,7500,100,200,7500,1600,3197,3309,-0.007245226023691043,0.012991211570618534,0.013123748384746012,5788,5588,False,False,7433,False,False,0.1631,0.0307,results/gate1/scores/136_full_mf1_seed2.npy
136,InternalBleeding17,plain,ABP,True,cg027,InternalBleeding17,full,1.0,0,7500,100,200,7500,1600,3197,3309,0.010791686821106206,0.02838301690375844,0.02838301690375844,5788,5588,False,False,6356,False,False,0.1449,0.0225,results/gate1/scores/136_full_mf1.0_seed0.npy
136,InternalBleeding17,plain,ABP,True,cg027,InternalBleeding17,full,1.0,1,7500,100,200,7500,1600,3197,3309,0.016203510128121157,0.029469138969123176,0.029555819555188483,5788,5588,False,False,6360,False,False,0.1422,0.0248,results/gate1/scores/136_full_mf1.0_seed1.npy
136,InternalBleeding17,plain,ABP,True,cg027,InternalBleeding17,full,1.0,2,7500,100,200,7500,1600,3197,3309,0.0229130509419444,0.026280841881758943,0.026280841881758943,5788,5588,False,False,6366,False,False,0.1417,0.0242,results/gate1/scores/136_full_mf1.0_seed2.npy
136,InternalBleeding17,plain,ABP,True,cg027,InternalBleeding17,train_prefix,1,0,1600,100,200,7500,1600,3197,3309,0.0026627988943307423,0.03081029753618524,0.030859916799100863,5788,5588,False,False,6367,False,False,0.1012,0.0288,results/gate1/scores/136_train_prefix_mf1_seed0.npy
136,InternalBleeding17,plain,ABP,True,cg027,InternalBleeding17,train_prefix,1,1,1600,100,200,7500,1600,3197,3309,-0.007178618125957104,0.016032400412030433,0.016256258544806893,5788,5588,False,False,6368,False,False,0.1009,0.0311,results/gate1/scores/136_train_prefix_mf1_seed1.npy
136,InternalBleeding17,plain,ABP,True,cg027,InternalBleeding17,train_prefix,1,2,1600,100,200,7500,1600,3197,3309,-0.004518829362688437,0.019651804640334603,0.019856169288007357,5788,5588,False,False,6368,False,False,0.0942,0.0282,results/gate1/scores/136_train_prefix_mf1_seed2.npy
136,InternalBleeding17,plain,ABP,True,cg027,InternalBleeding17,train_prefix,1.0,0,1600,100,200,7500,1600,3197,3309,0.010383940215718312,0.04354833727525981,0.04373276020102162,5788,5588,False,False,6362,False,False,0.0892,0.0227,results/gate1/scores/136_train_prefix_mf1.0_seed0.npy
136,InternalBleeding17,plain,ABP,True,cg027,InternalBleeding17,train_prefix,1.0,1,1600,100,200,7500,1600,3197,3309,0.011354069296024782,0.054248074650796105,0.05492895843508916,5788,5588,False,False,6367,False,False,0.0907,0.0274,results/gate1/scores/136_train_prefix_mf1.0_seed1.npy
136,InternalBleeding17,plain,ABP,True,cg027,InternalBleeding17,train_prefix,1.0,2,1600,100,200,7500,1600,3197,3309,0.015475910699852546,0.04700772459160168,0.04767887850413572,5788,5588,False,False,6367,False,False,0.0983,0.0262,results/gate1/scores/136_train_prefix_mf1.0_seed2.npy
137,InternalBleeding18,plain,ABP,True,cg027,InternalBleeding18,full,1,0,7500,100,200,7500,2300,4484,4587,0.0004877742215970704,0.020937600790382205,0.020937600790382205,5097,4897,False,False,6373,False,False,0.1446,0.0278,results/gate1/scores/137_full_mf1_seed0.npy
137,InternalBleeding18,plain,ABP,True,cg027,InternalBleeding18,full,1,1,7500,100,200,7500,2300,4484,4587,0.0020811426728659654,0.012406053735614653,0.012406053735614653,5097,4897,False,False,7437,False,False,0.1584,0.0288,results/gate1/scores/137_full_mf1_seed1.npy
137,InternalBleeding18,plain,ABP,True,cg027,InternalBleeding18,full,1,2,7500,100,200,7500,2300,4484,4587,1.3304484432485886e-05,0.014699205527924754,0.014865040184690793,5097,4897,False,False,6358,False,False,0.1539,0.0293,results/gate1/scores/137_full_mf1_seed2.npy
137,InternalBleeding18,plain,ABP,True,cg027,InternalBleeding18,full,1.0,0,7500,100,200,7500,2300,4484,4587,-0.020810363810811472,0.02601016323954218,0.02646030821224654,5097,4897,False,False,6369,False,False,0.1359,0.0229,results/gate1/scores/137_full_mf1.0_seed0.npy
137,InternalBleeding18,plain,ABP,True,cg027,InternalBleeding18,full,1.0,1,7500,100,200,7500,2300,4484,4587,-0.01073958687978771,0.04183934179687654,0.04183934179687654,5097,4897,False,False,7448,False,False,0.1395,0.0221,results/gate1/scores/137_full_mf1.0_seed1.npy
137,InternalBleeding18,plain,ABP,True,cg027,InternalBleeding18,full,1.0,2,7500,100,200,7500,2300,4484,4587,-0.012930616393288075,0.036710154240166215,0.036710154240166215,5097,4897,False,False,7449,False,False,0.1365,0.0238,results/gate1/scores/137_full_mf1.0_seed2.npy
137,InternalBleeding18,plain,ABP,True,cg027,InternalBleeding18,train_prefix,1,0,2300,100,200,7500,2300,4484,4587,-0.004504098198186979,0.020728185260658734,0.02096225664696717,5097,4897,False,False,6365,False,False,0.1053,0.0296,results/gate1/scores/137_train_prefix_mf1_seed0.npy
137,InternalBleeding18,plain,ABP,True,cg027,InternalBleeding18,train_prefix,1,1,2300,100,200,7500,2300,4484,4587,0.0009560741217407021,0.01018911579054075,0.010376979438255924,5097,4897,False,False,7432,False,False,0.1046,0.0313,results/gate1/scores/137_train_prefix_mf1_seed1.npy
137,InternalBleeding18,plain,ABP,True,cg027,InternalBleeding18,train_prefix,1,2,2300,100,200,7500,2300,4484,4587,-0.003853148897506875,0.01803131862844254,0.01803131862844254,5097,4897,False,False,7430,False,False,0.1048,0.0294,results/gate1/scores/137_train_prefix_mf1_seed2.npy
137,InternalBleeding18,plain,ABP,True,cg027,InternalBleeding18,train_prefix,1.0,0,2300,100,200,7500,2300,4484,4587,-0.011168239660919288,0.030513590339221842,0.030989923007810227,5097,4897,False,False,6364,False,False,0.1459,0.0232,results/gate1/scores/137_train_prefix_mf1.0_seed0.npy
137,InternalBleeding18,plain,ABP,True,cg027,InternalBleeding18,train_prefix,1.0,1,2300,100,200,7500,2300,4484,4587,-0.006501154105820195,0.04251344463146367,0.04251344463146367,5097,4897,False,False,7449,False,False,0.0987,0.0235,results/gate1/scores/137_train_prefix_mf1.0_seed1.npy
137,InternalBleeding18,plain,ABP,True,cg027,InternalBleeding18,train_prefix,1.0,2,2300,100,200,7500,2300,4484,4587,-0.0030090974342473764,0.037609226626213355,0.037609226626213355,5097,4897,False,False,6358,False,False,0.0988,0.0215,results/gate1/scores/137_train_prefix_mf1.0_seed2.npy
138,InternalBleeding19,plain,ABP,True,cg027,InternalBleeding19,full,1,0,7500,100,200,7500,3000,4186,4197,0.01581305205720851,0.02474283050481929,0.02474283050481929,4489,4289,False,False,6373,False,False,0.1569,0.0295,results/gate1/scores/138_full_mf1_seed0.npy
138,InternalBleeding19,plain,ABP,True,cg027,InternalBleeding19,full,1,1,7500,100,200,7500,3000,4186,4197,-0.0017041945852132034,0.01128305416224969,0.01079482541984018,4489,4289,False,False,7437,False,False,0.1591,0.0337,results/gate1/scores/138_full_mf1_seed1.npy
138,InternalBleeding19,plain,ABP,True,cg027,InternalBleeding19,full,1,2,7500,100,200,7500,3000,4186,4197,-0.0025559569149611328,0.012908415501974713,0.01258803030493509,4489,4289,False,False,6358,False,False,0.1631,0.0305,results/gate1/scores/138_full_mf1_seed2.npy
138,InternalBleeding19,plain,ABP,True,cg027,InternalBleeding19,full,1.0,0,7500,100,200,7500,3000,4186,4197,0.02685653097128704,0.029783655126957343,0.025408052944209645,4489,4289,False,True,4172,True,True,0.1432,0.0265,results/gate1/scores/138_full_mf1.0_seed0.npy
138,InternalBleeding19,plain,ABP,True,cg027,InternalBleeding19,full,1.0,1,7500,100,200,7500,3000,4186,4197,0.02702880576684319,0.0419029823540058,0.0419029823540058,4489,4289,False,False,4174,True,True,0.1418,0.0264,results/gate1/scores/138_full_mf1.0_seed1.npy
138,InternalBleeding19,plain,ABP,True,cg027,InternalBleeding19,full,1.0,2,7500,100,200,7500,3000,4186,4197,0.014011321370817509,0.03793891976311092,0.03793891976311092,4489,4289,False,False,4160,True,True,0.1343,0.024,results/gate1/scores/138_full_mf1.0_seed2.npy
138,InternalBleeding19,plain,ABP,True,cg027,InternalBleeding19,train_prefix,1,0,3000,100,200,7500,3000,4186,4197,0.019372051985784622,0.0233144576165345,0.0233144576165345,4489,4289,False,False,4175,True,True,0.1129,0.0321,results/gate1/scores/138_train_prefix_mf1_seed0.npy
138,InternalBleeding19,plain,ABP,True,cg027,InternalBleeding19,train_prefix,1,1,3000,100,200,7500,3000,4186,4197,0.003325629779745376,0.011000174580187675,0.010487203312734072,4489,4289,False,False,4175,True,True,0.1129,0.032,results/gate1/scores/138_train_prefix_mf1_seed1.npy
138,InternalBleeding19,plain,ABP,True,cg027,InternalBleeding19,train_prefix,1,2,3000,100,200,7500,3000,4186,4197,0.0036336375109945473,0.012409963015711428,0.011944710037167076,4489,4289,False,False,6375,False,False,0.1136,0.0325,results/gate1/scores/138_train_prefix_mf1_seed2.npy
138,InternalBleeding19,plain,ABP,True,cg027,InternalBleeding19,train_prefix,1.0,0,3000,100,200,7500,3000,4186,4197,0.02192385722758361,0.03540094879872876,0.03207830507789805,4489,4289,False,False,4162,True,True,0.1019,0.026,results/gate1/scores/138_train_prefix_mf1.0_seed0.npy
138,InternalBleeding19,plain,ABP,True,cg027,InternalBleeding19,train_prefix,1.0,1,3000,100,200,7500,3000,4186,4197,0.027257834921106006,0.03234826986373733,0.028498946576005053,4489,4289,False,False,4173,True,True,0.1028,0.0225,results/gate1/scores/138_train_prefix_mf1.0_seed1.npy
138,InternalBleeding19,plain,ABP,True,cg027,InternalBleeding19,train_prefix,1.0,2,3000,100,200,7500,3000,4186,4197,0.01859754753831233,0.03496053169281771,0.030501382954582698,4489,4289,False,False,4167,True,True,0.1009,0.0236,results/gate1/scores/138_train_prefix_mf1.0_seed2.npy
139,InternalBleeding20,plain,ABP,True,cg027,InternalBleeding20,full,1,0,7500,100,200,7500,2700,5758,5919,-0.0025338555885299208,0.020009457532124346,0.02025951619664735,4639,4439,False,False,6373,False,False,0.1563,0.0321,results/gate1/scores/139_full_mf1_seed0.npy
139,InternalBleeding20,plain,ABP,True,cg027,InternalBleeding20,full,1,1,7500,100,200,7500,2700,5758,5919,0.0031527655041511116,0.013097102691826797,0.013219303547090135,4639,4439,False,False,5272,False,False,0.1578,0.032,results/gate1/scores/139_full_mf1_seed1.npy
139,InternalBleeding20,plain,ABP,True,cg027,InternalBleeding20,full,1,2,7500,100,200,7500,2700,5758,5919,0.005070992886137882,0.01137380674946653,0.011560186974854786,4639,4439,False,False,6364,False,False,0.1539,0.0301,results/gate1/scores/139_full_mf1_seed2.npy
139,InternalBleeding20,plain,ABP,True,cg027,InternalBleeding20,full,1.0,0,7500,100,200,7500,2700,5758,5919,0.04203122636722756,0.02264665451117039,0.022898372485783195,4639,4439,True,True,5835,True,True,0.1407,0.0217,results/gate1/scores/139_full_mf1.0_seed0.npy
139,InternalBleeding20,plain,ABP,True,cg027,InternalBleeding20,full,1.0,1,7500,100,200,7500,2700,5758,5919,0.04416212070407122,0.03289885401631554,0.03289885401631554,4639,4439,True,True,5815,True,True,0.142,0.0234,results/gate1/scores/139_full_mf1.0_seed1.npy
139,InternalBleeding20,plain,ABP,True,cg027,InternalBleeding20,full,1.0,2,7500,100,200,7500,2700,5758,5919,0.032680263074487015,0.027493215720077235,0.027493215720077235,4639,4439,True,True,6369,False,False,0.1347,0.0229,results/gate1/scores/139_full_mf1.0_seed2.npy
139,InternalBleeding20,plain,ABP,True,cg027,InternalBleeding20,train_prefix,1,0,2700,100,200,7500,2700,5758,5919,0.0014655340751884571,0.03706140706890393,0.03706140706890393,4639,4439,False,False,6359,False,False,0.1089,0.0301,results/gate1/scores/139_train_prefix_mf1_seed0.npy
139,InternalBleeding20,plain,ABP,True,cg027,InternalBleeding20,train_prefix,1,1,2700,100,200,7500,2700,5758,5919,0.006152694222151811,0.015795912030239768,0.015950356794402664,4639,4439,False,False,6357,False,False,0.1043,0.0292,results/gate1/scores/139_train_prefix_mf1_seed1.npy
139,InternalBleeding20,plain,ABP,True,cg027,InternalBleeding20,train_prefix,1,2,2700,100,200,7500,2700,5758,5919,-0.0001387119206348597,0.01893232454237811,0.01898210707602181,4639,4439,False,False,6365,False,False,0.1083,0.0298,results/gate1/scores/139_train_prefix_mf1_seed2.npy
139,InternalBleeding20,plain,ABP,True,cg027,InternalBleeding20,train_prefix,1.0,0,2700,100,200,7500,2700,5758,5919,0.050305855666463395,0.039559572734187615,0.039657759908797864,4639,4439,True,True,5823,True,True,0.1003,0.0233,results/gate1/scores/139_train_prefix_mf1.0_seed0.npy
139,InternalBleeding20,plain,ABP,True,cg027,InternalBleeding20,train_prefix,1.0,1,2700,100,200,7500,2700,5758,5919,0.04658635147989676,0.04143515441775196,0.041511840739830067,4639,4439,True,True,6367,False,False,0.1063,0.0231,results/gate1/scores/139_train_prefix_mf1.0_seed1.npy
139,InternalBleeding20,plain,ABP,True,cg027,InternalBleeding20,train_prefix,1.0,2,2700,100,200,7500,2700,5758,5919,0.032271358335958844,0.04241655255399546,0.04241655255399546,4639,4439,False,False,6370,False,False,0.104,0.0264,results/gate1/scores/139_train_prefix_mf1.0_seed2.npy
140,InternalBleeding4,plain,ABP,True,cg032,InternalBleeding4,full,1,0,7321,100,200,7321,1000,4674,5033,0.02592651045656158,0.020588066351750943,0.021056581724287954,5962,5762,True,True,5943,False,False,0.1444,0.0277,results/gate1/scores/140_full_mf1_seed0.npy
140,InternalBleeding4,plain,ABP,True,cg032,InternalBleeding4,full,1,1,7321,100,200,7321,1000,4674,5033,0.01785224595551249,0.01439991843376452,0.014471800575195945,5962,5762,True,True,5951,False,False,0.1468,0.0287,results/gate1/scores/140_full_mf1_seed1.npy
140,InternalBleeding4,plain,ABP,True,cg032,InternalBleeding4,full,1,2,7321,100,200,7321,1000,4674,5033,0.01676663406318568,0.01684152223179869,0.017006887335648865,5962,5762,False,False,5915,False,False,0.1465,0.0284,results/gate1/scores/140_full_mf1_seed2.npy
140,InternalBleeding4,plain,ABP,True,cg032,InternalBleeding4,full,1.0,0,7321,100,200,7321,1000,4674,5033,0.10495048707199883,0.03170237165157662,0.03178010765713066,5962,5762,True,True,4834,True,True,0.1284,0.0207,results/gate1/scores/140_full_mf1.0_seed0.npy
140,InternalBleeding4,plain,ABP,True,cg032,InternalBleeding4,full,1.0,1,7321,100,200,7321,1000,4674,5033,0.09758137019064927,0.03645815838965149,0.03659531602484191,5962,5762,True,True,4820,True,True,0.1309,0.0218,results/gate1/scores/140_full_mf1.0_seed1.npy
140,InternalBleeding4,plain,ABP,True,cg032,InternalBleeding4,full,1.0,2,7321,100,200,7321,1000,4674,5033,0.09992833476335117,0.0316604989672793,0.03177858067066005,5962,5762,True,True,4823,True,True,0.1301,0.0202,results/gate1/scores/140_full_mf1.0_seed2.npy
140,InternalBleeding4,plain,ABP,True,cg032,InternalBleeding4,train_prefix,1,0,1000,100,200,7321,1000,4674,5033,0.028788015486893914,0.025683281942008893,0.02616036776977885,5962,5762,True,True,5940,False,False,0.0886,0.0291,results/gate1/scores/140_train_prefix_mf1_seed0.npy
140,InternalBleeding4,plain,ABP,True,cg032,InternalBleeding4,train_prefix,1,1,1000,100,200,7321,1000,4674,5033,0.023164383708065728,0.014292951175111228,0.014489178427629014,5962,5762,True,True,2784,False,False,0.0914,0.0301,results/gate1/scores/140_train_prefix_mf1_seed1.npy
140,InternalBleeding4,plain,ABP,True,cg032,InternalBleeding4,train_prefix,1,2,1000,100,200,7321,1000,4674,5033,0.023318215340738857,0.015636437087676765,0.01580358033884099,5962,5762,True,True,5913,False,False,0.0899,0.0299,results/gate1/scores/140_train_prefix_mf1_seed2.npy
140,InternalBleeding4,plain,ABP,True,cg032,InternalBleeding4,train_prefix,1.0,0,1000,100,200,7321,1000,4674,5033,0.08337073828883246,0.041580685457306414,0.04171285559042509,5962,5762,True,True,4834,True,True,0.0877,0.0236,results/gate1/scores/140_train_prefix_mf1.0_seed0.npy
140,InternalBleeding4,plain,ABP,True,cg032,InternalBleeding4,train_prefix,1.0,1,1000,100,200,7321,1000,4674,5033,0.0784599956880655,0.04010956607814571,0.04045427674983805,5962,5762,True,True,4825,True,True,0.0852,0.0231,results/gate1/scores/140_train_prefix_mf1.0_seed1.npy
140,InternalBleeding4,plain,ABP,True,cg032,InternalBleeding4,train_prefix,1.0,2,1000,100,200,7321,1000,4674,5033,0.08559260076497022,0.04234230023201738,0.042460836843657264,5962,5762,True,True,4834,True,True,0.0837,0.0214,results/gate1/scores/140_train_prefix_mf1.0_seed2.npy
141,InternalBleeding5,plain,ABP,True,cg033,InternalBleeding5,full,1,0,7415,100,200,7415,4000,6199,6370,0.0035262469829193677,0.01432979143468223,0.014388034878881385,3244,3044,False,False,4889,False,False,0.1575,0.032,results/gate1/scores/141_full_mf1_seed0.npy
141,InternalBleeding5,plain,ABP,True,cg033,InternalBleeding5,full,1,1,7415,100,200,7415,4000,6199,6370,0.0038864764400913243,0.010438713201342653,0.010733229180840015,3244,3044,False,False,5371,False,False,0.1532,0.0334,results/gate1/scores/141_full_mf1_seed1.npy
141,InternalBleeding5,plain,ABP,True,cg033,InternalBleeding5,full,1,2,7415,100,200,7415,4000,6199,6370,0.0036079209242153576,0.012304546096092868,0.012321045120088688,3244,3044,False,False,5347,False,False,0.1584,0.032,results/gate1/scores/141_full_mf1_seed2.npy
141,InternalBleeding5,plain,ABP,True,cg033,InternalBleeding5,full,1.0,0,7415,100,200,7415,4000,6199,6370,0.05635110262375853,0.026423243248247245,0.02730770216861752,3244,3044,True,True,6247,True,True,0.1363,0.023,results/gate1/scores/141_full_mf1.0_seed0.npy
141,InternalBleeding5,plain,ABP,True,cg033,InternalBleeding5,full,1.0,1,7415,100,200,7415,4000,6199,6370,0.05122337993770265,0.034043530925503704,0.03508591300790677,3244,3044,True,True,4876,False,False,0.136,0.0227,results/gate1/scores/141_full_mf1.0_seed1.npy
141,InternalBleeding5,plain,ABP,True,cg033,InternalBleeding5,full,1.0,2,7415,100,200,7415,4000,6199,6370,0.04588908490921784,0.028853416207689667,0.029249504892264567,3244,3044,True,True,6226,True,True,0.1348,0.0221,results/gate1/scores/141_full_mf1.0_seed2.npy
141,InternalBleeding5,plain,ABP,True,cg033,InternalBleeding5,train_prefix,1,0,4000,100,200,7415,4000,6199,6370,0.0003534197640370218,0.014406590167506452,0.014618875368222645,3244,3044,False,False,4883,False,False,0.1215,0.032,results/gate1/scores/141_train_prefix_mf1_seed0.npy
141,InternalBleeding5,plain,ABP,True,cg033,InternalBleeding5,train_prefix,1,1,4000,100,200,7415,4000,6199,6370,0.0042007930141031435,0.010960265396939941,0.011533747634448718,3244,3044,False,False,4875,False,False,0.1192,0.0342,results/gate1/scores/141_train_prefix_mf1_seed1.npy
141,InternalBleeding5,plain,ABP,True,cg033,InternalBleeding5,train_prefix,1,2,4000,100,200,7415,4000,6199,6370,0.006842528186352892,0.01336498958654135,0.013653245481921313,3244,3044,False,False,7035,False,False,0.1216,0.0319,results/gate1/scores/141_train_prefix_mf1_seed2.npy
141,InternalBleeding5,plain,ABP,True,cg033,InternalBleeding5,train_prefix,1.0,0,4000,100,200,7415,4000,6199,6370,0.04137196169274937,0.026611251393364194,0.027396100859848838,3244,3044,True,True,4875,False,False,0.1081,0.024,results/gate1/scores/141_train_prefix_mf1.0_seed0.npy
141,InternalBleeding5,plain,ABP,True,cg033,InternalBleeding5,train_prefix,1.0,1,4000,100,200,7415,4000,6199,6370,0.04210269391222676,0.028505439863844254,0.028694720147554528,3244,3044,True,True,6230,True,True,0.1076,0.0241,results/gate1/scores/141_train_prefix_mf1.0_seed1.npy
141,InternalBleeding5,plain,ABP,True,cg033,InternalBleeding5,train_prefix,1.0,2,4000,100,200,7415,4000,6199,6370,0.04548227206066957,0.029559151001947944,0.030376097789561598,3244,3044,True,True,6225,True,True,0.1072,0.0215,results/gate1/scores/141_train_prefix_mf1.0_seed2.npy
142,InternalBleeding6,plain,ABP,True,cg034,InternalBleeding6,full,1,0,7654,100,200,7654,1500,3473,3629,0.08908900385834784,0.019261514484957838,0.019261514484957838,5998,5798,True,True,3580,True,True,0.1576,0.0351,results/gate1/scores/142_full_mf1_seed0.npy
142,InternalBleeding6,plain,ABP,True,cg034,InternalBleeding6,full,1,1,7654,100,200,7654,1500,3473,3629,0.05611705826530333,0.009279018590079945,0.009279018590079945,5998,5798,True,True,3549,True,True,0.1573,0.0354,results/gate1/scores/142_full_mf1_seed1.npy
142,InternalBleeding6,plain,ABP,True,cg034,InternalBleeding6,full,1,2,7654,100,200,7654,1500,3473,3629,0.06754909188667346,0.010603439350390213,0.010627344796313476,5998,5798,True,True,3552,True,True,0.1615,0.035,results/gate1/scores/142_full_mf1_seed2.npy
142,InternalBleeding6,plain,ABP,True,cg034,InternalBleeding6,full,1.0,0,7654,100,200,7654,1500,3473,3629,0.15916605040762022,0.02381855505983815,0.023380731422848737,5998,5798,True,True,3548,True,True,0.1381,0.0244,results/gate1/scores/142_full_mf1.0_seed0.npy
142,InternalBleeding6,plain,ABP,True,cg034,InternalBleeding6,full,1.0,1,7654,100,200,7654,1500,3473,3629,0.14555983295701036,0.023070609103257377,0.02187522535645536,5998,5798,True,True,3559,True,True,0.1383,0.0237,results/gate1/scores/142_full_mf1.0_seed1.npy
142,InternalBleeding6,plain,ABP,True,cg034,InternalBleeding6,full,1.0,2,7654,100,200,7654,1500,3473,3629,0.16921106101752614,0.02779116751604389,0.025916335198112688,5998,5798,True,True,3561,True,True,0.1366,0.0256,results/gate1/scores/142_full_mf1.0_seed2.npy
142,InternalBleeding6,plain,ABP,True,cg034,InternalBleeding6,train_prefix,1,0,1500,100,200,7654,1500,3473,3629,0.059534063544923965,0.01716192272769425,0.017203490843122546,5998,5798,True,True,3580,True,True,0.0935,0.0353,results/gate1/scores/142_train_prefix_mf1_seed0.npy
142,InternalBleeding6,plain,ABP,True,cg034,InternalBleeding6,train_prefix,1,1,1500,100,200,7654,1500,3473,3629,0.04843993630635246,0.014074133794875385,0.014165978804591514,5998,5798,True,True,3590,True,True,0.0948,0.033,results/gate1/scores/142_train_prefix_mf1_seed1.npy
142,InternalBleeding6,plain,ABP,True,cg034,InternalBleeding6,train_prefix,1,2,1500,100,200,7654,1500,3473,3629,0.047960020021256655,0.014083089906242513,0.014112544928778717,5998,5798,True,True,3574,True,True,0.0935,0.0334,results/gate1/scores/142_train_prefix_mf1_seed2.npy
142,InternalBleeding6,plain,ABP,True,cg034,InternalBleeding6,train_prefix,1.0,0,1500,100,200,7654,1500,3473,3629,0.1230797081461138,0.012354237122054886,0.01204493090742481,5998,5798,True,True,3569,True,True,0.0884,0.0247,results/gate1/scores/142_train_prefix_mf1.0_seed0.npy
142,InternalBleeding6,plain,ABP,True,cg034,InternalBleeding6,train_prefix,1.0,1,1500,100,200,7654,1500,3473,3629,0.11251869949769,0.022715835682892944,0.022615669803113504,5998,5798,True,True,3582,True,True,0.0897,0.0284,results/gate1/scores/142_train_prefix_mf1.0_seed1.npy
142,InternalBleeding6,plain,ABP,True,cg034,InternalBleeding6,train_prefix,1.0,2,1500,100,200,7654,1500,3473,3629,0.1311268806112078,0.017099562941301005,0.01608224300130677,5998,5798,True,True,3551,True,True,0.0892,0.0238,results/gate1/scores/142_train_prefix_mf1.0_seed2.npy
143,InternalBleeding8,plain,ABP,True,cg035,InternalBleeding8,full,1,0,7501,100,200,7501,2500,5864,5974,0.004810884657087011,0.019148520368534174,0.01951327294324516,4891,4691,False,False,5533,False,False,0.1565,0.0309,results/gate1/scores/143_full_mf1_seed0.npy
143,InternalBleeding8,plain,ABP,True,cg035,InternalBleeding8,full,1,1,7501,100,200,7501,2500,5864,5974,0.014907750464709713,0.01013517949721036,0.010400816765124075,4891,4691,True,True,6656,False,False,0.1551,0.0315,results/gate1/scores/143_full_mf1_seed1.npy
143,InternalBleeding8,plain,ABP,True,cg035,InternalBleeding8,full,1,2,7501,100,200,7501,2500,5864,5974,0.009163355023415032,0.011663100356101361,0.011911345141320695,4891,4691,False,False,6656,False,False,0.1604,0.0339,results/gate1/scores/143_full_mf1_seed2.npy
143,InternalBleeding8,plain,ABP,True,cg035,InternalBleeding8,full,1.0,0,7501,100,200,7501,2500,5864,5974,-0.0027634899028184945,0.03087755742747454,0.030975951939062888,4891,4691,False,False,5533,False,False,0.1365,0.0255,results/gate1/scores/143_full_mf1.0_seed0.npy
143,InternalBleeding8,plain,ABP,True,cg035,InternalBleeding8,full,1.0,1,7501,100,200,7501,2500,5864,5974,-0.003144293692331712,0.03053166893266093,0.0307125639772061,4891,4691,False,False,5531,False,False,0.1427,0.026,results/gate1/scores/143_full_mf1.0_seed1.npy
143,InternalBleeding8,plain,ABP,True,cg035,InternalBleeding8,full,1.0,2,7501,100,200,7501,2500,5864,5974,-0.012152778194724156,0.0271107820165107,0.027212533762695452,4891,4691,False,False,5530,False,False,0.1402,0.0248,results/gate1/scores/143_full_mf1.0_seed2.npy
143,InternalBleeding8,plain,ABP,True,cg035,InternalBleeding8,train_prefix,1,0,2500,100,200,7501,2500,5864,5974,0.0032135263132979652,0.01328904298091452,0.01328904298091452,4891,4691,False,False,6696,False,False,0.1038,0.031,results/gate1/scores/143_train_prefix_mf1_seed0.npy
143,InternalBleeding8,plain,ABP,True,cg035,InternalBleeding8,train_prefix,1,1,2500,100,200,7501,2500,5864,5974,0.01834984751715041,0.01217208657013527,0.01217208657013527,4891,4691,True,True,5503,False,False,0.1062,0.033,results/gate1/scores/143_train_prefix_mf1_seed1.npy
143,InternalBleeding8,plain,ABP,True,cg035,InternalBleeding8,train_prefix,1,2,2500,100,200,7501,2500,5864,5974,0.013683385910177037,0.01462795717603718,0.01475267754562707,4891,4691,False,False,5508,False,False,0.1033,0.032,results/gate1/scores/143_train_prefix_mf1_seed2.npy
143,InternalBleeding8,plain,ABP,True,cg035,InternalBleeding8,train_prefix,1.0,0,2500,100,200,7501,2500,5864,5974,-0.004130863056822309,0.02616132235300338,0.0262273320162906,4891,4691,False,False,5529,False,False,0.0988,0.0254,results/gate1/scores/143_train_prefix_mf1.0_seed0.npy
143,InternalBleeding8,plain,ABP,True,cg035,InternalBleeding8,train_prefix,1.0,1,2500,100,200,7501,2500,5864,5974,-0.007363802636009886,0.027439196863019617,0.02826459411748589,4891,4691,False,False,5529,False,False,0.0984,0.0244,results/gate1/scores/143_train_prefix_mf1.0_seed1.npy
143,InternalBleeding8,plain,ABP,True,cg035,InternalBleeding8,train_prefix,1.0,2,2500,100,200,7501,2500,5864,5974,-0.006896105336891112,0.02807197700355344,0.028448321153280613,4891,4691,False,False,6679,False,False,0.0972,0.0253,results/gate1/scores/143_train_prefix_mf1.0_seed2.npy
144,InternalBleeding9,plain,ABP,True,cg036,InternalBleeding9,full,1,0,7501,100,200,7501,4200,6598,6681,-0.0004526860658611298,0.02055994582041721,0.020802400759089495,3218,3018,False,False,6950,False,False,0.1563,0.032,results/gate1/scores/144_full_mf1_seed0.npy
144,InternalBleeding9,plain,ABP,True,cg036,InternalBleeding9,full,1,1,7501,100,200,7501,4200,6598,6681,-0.01579036259997857,0.016037312181767724,0.016123424659769493,3218,3018,False,False,6918,False,False,0.151,0.0294,results/gate1/scores/144_full_mf1_seed1.npy
144,InternalBleeding9,plain,ABP,True,cg036,InternalBleeding9,full,1,2,7501,100,200,7501,4200,6598,6681,-0.01604015227235145,0.016611049112757115,0.016879762031426424,3218,3018,False,False,4622,False,False,0.1536,0.0303,results/gate1/scores/144_full_mf1_seed2.npy
144,InternalBleeding9,plain,ABP,True,cg036,InternalBleeding9,full,1.0,0,7501,100,200,7501,4200,6598,6681,-0.04396628859432128,0.03534067066057203,0.036093032153868006,3218,3018,False,False,6940,False,False,0.139,0.0238,results/gate1/scores/144_full_mf1.0_seed0.npy
144,InternalBleeding9,plain,ABP,True,cg036,InternalBleeding9,full,1.0,1,7501,100,200,7501,4200,6598,6681,-0.04397457024010104,0.03875320943621116,0.038958348594374956,3218,3018,False,False,6955,False,False,0.1327,0.0225,results/gate1/scores/144_full_mf1.0_seed1.npy
144,InternalBleeding9,plain,ABP,True,cg036,InternalBleeding9,full,1.0,2,7501,100,200,7501,4200,6598,6681,-0.04026324468988879,0.04394968408686128,0.045227587179488674,3218,3018,False,False,6932,False,False,0.135,0.0225,results/gate1/scores/144_full_mf1.0_seed2.npy
144,InternalBleeding9,plain,ABP,True,cg036,InternalBleeding9,train_prefix,1,0,4200,100,200,7501,4200,6598,6681,-0.0017826650021158796,0.0221864750821825,0.022474518103833697,3218,3018,False,False,4658,False,False,0.1189,0.0294,results/gate1/scores/144_train_prefix_mf1_seed0.npy
144,InternalBleeding9,plain,ABP,True,cg036,InternalBleeding9,train_prefix,1,1,4200,100,200,7501,4200,6598,6681,-0.015252324544956064,0.01534673575693852,0.015612516927386024,3218,3018,False,False,4624,False,False,0.1207,0.0301,results/gate1/scores/144_train_prefix_mf1_seed1.npy
144,InternalBleeding9,plain,ABP,True,cg036,InternalBleeding9,train_prefix,1,2,4200,100,200,7501,4200,6598,6681,-0.01255821723458106,0.014792927011232946,0.01501510853988596,3218,3018,False,False,6911,False,False,0.1209,0.0298,results/gate1/scores/144_train_prefix_mf1_seed2.npy
144,InternalBleeding9,plain,ABP,True,cg036,InternalBleeding9,train_prefix,1.0,0,4200,100,200,7501,4200,6598,6681,-0.04078464076342353,0.038222157593523536,0.03859079657865491,3218,3018,False,False,4622,False,False,0.1127,0.0235,results/gate1/scores/144_train_prefix_mf1.0_seed0.npy
144,InternalBleeding9,plain,ABP,True,cg036,InternalBleeding9,train_prefix,1.0,1,4200,100,200,7501,4200,6598,6681,-0.030219058459531045,0.04201232282412066,0.042470283934796155,3218,3018,False,False,6941,False,False,0.1117,0.0226,results/gate1/scores/144_train_prefix_mf1.0_seed1.npy
144,InternalBleeding9,plain,ABP,True,cg036,InternalBleeding9,train_prefix,1.0,2,4200,100,200,7501,4200,6598,6681,-0.036230204953521916,0.04006454026335923,0.040595465935231695,3218,3018,False,False,6930,False,False,0.1118,0.0225,results/gate1/scores/144_train_prefix_mf1.0_seed2.npy
145,Lab2Cmac011215EPG1,plain,EPG,False,cg037,Lab2Cmac011215EPG1,full,1,0,30001,100,200,30001,5000,17209,17260,0.07638579086678027,0.012433603527719375,0.011483355973967421,24950,24750,True,True,17242,True,True,0.5466,0.1835,results/gate1/scores/145_full_mf1_seed0.npy
145,Lab2Cmac011215EPG1,plain,EPG,False,cg037,Lab2Cmac011215EPG1,full,1,1,30001,100,200,30001,5000,17209,17260,0.06762936075951592,0.01141268416421467,0.010748483986009989,24950,24750,True,True,17210,True,True,0.5461,0.1886,results/gate1/scores/145_full_mf1_seed1.npy
145,Lab2Cmac011215EPG1,plain,EPG,False,cg037,Lab2Cmac011215EPG1,full,1,2,30001,100,200,30001,5000,17209,17260,0.05231856608088631,0.010184728306858484,0.009558581893836534,24950,24750,True,True,17204,True,True,0.5593,0.1868,results/gate1/scores/145_full_mf1_seed2.npy
145,Lab2Cmac011215EPG1,plain,EPG,False,cg037,Lab2Cmac011215EPG1,full,1.0,0,30001,100,200,30001,5000,17209,17260,0.11322657979320516,0.018221911830628747,0.016659246465262522,24950,24750,True,True,17234,True,True,0.3862,0.1204,results/gate1/scores/145_full_mf1.0_seed0.npy
145,Lab2Cmac011215EPG1,plain,EPG,False,cg037,Lab2Cmac011215EPG1,full,1.0,1,30001,100,200,30001,5000,17209,17260,0.10772144056223354,0.01761128052670632,0.016042076713985855,24950,24750,True,True,17222,True,True,0.3975,0.1268,results/gate1/scores/145_full_mf1.0_seed1.npy
145,Lab2Cmac011215EPG1,plain,EPG,False,cg037,Lab2Cmac011215EPG1,full,1.0,2,30001,100,200,30001,5000,17209,17260,0.10207052936981975,0.017465436206310005,0.015592122927125241,24950,24750,True,True,17244,True,True,0.4099,0.1308,results/gate1/scores/145_full_mf1.0_seed2.npy
145,Lab2Cmac011215EPG1,plain,EPG,False,cg037,Lab2Cmac011215EPG1,train_prefix,1,0,5000,100,200,30001,5000,17209,17260,0.07115366623506014,0.01280942399711143,0.012158104839899675,24950,24750,True,True,17241,True,True,0.146,0.1668,results/gate1/scores/145_train_prefix_mf1_seed0.npy
145,Lab2Cmac011215EPG1,plain,EPG,False,cg037,Lab2Cmac011215EPG1,train_prefix,1,1,5000,100,200,30001,5000,17209,17260,0.06699490044605949,0.01337734148326905,0.012653060393568357,24950,24750,True,True,17210,True,True,0.1436,0.173,results/gate1/scores/145_train_prefix_mf1_seed1.npy
145,Lab2Cmac011215EPG1,plain,EPG,False,cg037,Lab2Cmac011215EPG1,train_prefix,1,2,5000,100,200,30001,5000,17209,17260,0.055751993922697196,0.012472457239145595,0.011901415636774644,24950,24750,True,True,17203,True,True,0.1469,0.1752,results/gate1/scores/145_train_prefix_mf1_seed2.npy
145,Lab2Cmac011215EPG1,plain,EPG,False,cg037,Lab2Cmac011215EPG1,train_prefix,1.0,0,5000,100,200,30001,5000,17209,17260,0.10755605145376601,0.02217940546378366,0.020793165642324803,24950,24750,True,True,17235,True,True,0.1322,0.1235,results/gate1/scores/145_train_prefix_mf1.0_seed0.npy
145,Lab2Cmac011215EPG1,plain,EPG,False,cg037,Lab2Cmac011215EPG1,train_prefix,1.0,1,5000,100,200,30001,5000,17209,17260,0.10427600342979643,0.02320063042639089,0.02171995100632824,24950,24750,True,True,17240,True,True,0.13,0.1203,results/gate1/scores/145_train_prefix_mf1.0_seed1.npy
145,Lab2Cmac011215EPG1,plain,EPG,False,cg037,Lab2Cmac011215EPG1,train_prefix,1.0,2,5000,100,200,30001,5000,17209,17260,0.11174109701935869,0.0242865282039354,0.02314315390294107,24950,24750,True,True,17244,True,True,0.1413,0.1251,results/gate1/scores/145_train_prefix_mf1.0_seed2.npy
146,Lab2Cmac011215EPG2,plain,EPG,False,cg037,Lab2Cmac011215EPG2,full,1,0,29950,100,200,29950,5000,27861,27932,0.014690399111145391,0.011265486514212537,0.011225027422974591,24879,24679,True,True,20447,False,False,0.5482,0.1836,results/gate1/scores/146_full_mf1_seed0.npy
146,Lab2Cmac011215EPG2,plain,EPG,False,cg037,Lab2Cmac011215EPG2,full,1,1,29950,100,200,29950,5000,27861,27932,0.003627036608312706,0.011005013399598683,0.011016261244478473,24879,24679,False,False,21425,False,False,0.5337,0.1853,results/gate1/scores/146_full_mf1_seed1.npy
146,Lab2Cmac011215EPG2,plain,EPG,False,cg037,Lab2Cmac011215EPG2,full,1,2,29950,100,200,29950,5000,27861,27932,0.006460068287584497,0.010125093949023174,0.010120863022939578,24879,24679,False,False,29780,False,False,0.5266,0.187,results/gate1/scores/146_full_mf1_seed2.npy
146,Lab2Cmac011215EPG2,plain,EPG,False,cg037,Lab2Cmac011215EPG2,full,1.0,0,29950,100,200,29950,5000,27861,27932,0.024289198148400803,0.01744157271097872,0.017247521058079817,24879,24679,True,True,29817,False,False,0.3742,0.1326,results/gate1/scores/146_full_mf1.0_seed0.npy
146,Lab2Cmac011215EPG2,plain,EPG,False,cg037,Lab2Cmac011215EPG2,full,1.0,1,29950,100,200,29950,5000,27861,27932,0.02216928899206405,0.01576900329723912,0.015514629090619169,24879,24679,True,True,29802,False,False,0.3915,0.1345,results/gate1/scores/146_full_mf1.0_seed1.npy
146,Lab2Cmac011215EPG2,plain,EPG,False,cg037,Lab2Cmac011215EPG2,full,1.0,2,29950,100,200,29950,5000,27861,27932,0.021779521169189908,0.0159688252567981,0.015848280531910713,24879,24679,True,True,29820,False,False,0.3842,0.1319,results/gate1/scores/146_full_mf1.0_seed2.npy
146,Lab2Cmac011215EPG2,plain,EPG,False,cg037,Lab2Cmac011215EPG2,train_prefix,1,0,5000,100,200,29950,5000,27861,27932,0.008936574517138918,0.012179474501779029,0.01215739382451151,24879,24679,False,False,20207,False,False,0.1427,0.1762,results/gate1/scores/146_train_prefix_mf1_seed0.npy
146,Lab2Cmac011215EPG2,plain,EPG,False,cg037,Lab2Cmac011215EPG2,train_prefix,1,1,5000,100,200,29950,5000,27861,27932,0.002834804485809528,0.012630605979188234,0.01264874607720601,24879,24679,False,False,29788,False,False,0.1413,0.1685,results/gate1/scores/146_train_prefix_mf1_seed1.npy
146,Lab2Cmac011215EPG2,plain,EPG,False,cg037,Lab2Cmac011215EPG2,train_prefix,1,2,5000,100,200,29950,5000,27861,27932,0.00875493010405809,0.011892199828018639,0.011907063065962778,24879,24679,False,False,20204,False,False,0.1443,0.1689,results/gate1/scores/146_train_prefix_mf1_seed2.npy
146,Lab2Cmac011215EPG2,plain,EPG,False,cg037,Lab2Cmac011215EPG2,train_prefix,1.0,0,5000,100,200,29950,5000,27861,27932,0.025283699655962832,0.020804572984418762,0.020795427906135224,24879,24679,True,True,29808,False,False,0.1332,0.1264,results/gate1/scores/146_train_prefix_mf1.0_seed0.npy
146,Lab2Cmac011215EPG2,plain,EPG,False,cg037,Lab2Cmac011215EPG2,train_prefix,1.0,1,5000,100,200,29950,5000,27861,27932,0.023961439236486526,0.021719114181336777,0.021707961830080426,24879,24679,True,True,20201,False,False,0.1339,0.1255,results/gate1/scores/146_train_prefix_mf1.0_seed1.npy
146,Lab2Cmac011215EPG2,plain,EPG,False,cg037,Lab2Cmac011215EPG2,train_prefix,1.0,2,5000,100,200,29950,5000,27861,27932,0.021423791705355466,0.0232061613467856,0.023156637337523576,24879,24679,False,False,20204,False,False,0.145,0.137,results/gate1/scores/146_train_prefix_mf1.0_seed2.npy
147,Lab2Cmac011215EPG3,plain,EPG,False,cg037,Lab2Cmac011215EPG3,full,1,0,29950,100,200,29950,5000,16389,16420,0.03854931763451136,0.01125524253058066,0.010561101343818095,24919,24719,True,True,16415,True,True,0.5314,0.1857,results/gate1/scores/147_full_mf1_seed0.npy
147,Lab2Cmac011215EPG3,plain,EPG,False,cg037,Lab2Cmac011215EPG3,full,1,1,29950,100,200,29950,5000,16389,16420,0.026378155198207798,0.011503190692784576,0.01084866328127447,24919,24719,True,True,16437,True,True,0.5372,0.1836,results/gate1/scores/147_full_mf1_seed1.npy
147,Lab2Cmac011215EPG3,plain,EPG,False,cg037,Lab2Cmac011215EPG3,full,1,2,29950,100,200,29950,5000,16389,16420,0.025425284763423817,0.010449734941255433,0.009808275473569687,24919,24719,True,True,16441,True,True,0.5316,0.1819,results/gate1/scores/147_full_mf1_seed2.npy
147,Lab2Cmac011215EPG3,plain,EPG,False,cg037,Lab2Cmac011215EPG3,full,1.0,0,29950,100,200,29950,5000,16389,16420,0.04824829064292485,0.01769637686135122,0.016081974648626384,24919,24719,True,True,16432,True,True,0.3796,0.1233,results/gate1/scores/147_full_mf1.0_seed0.npy
147,Lab2Cmac011215EPG3,plain,EPG,False,cg037,Lab2Cmac011215EPG3,full,1.0,1,29950,100,200,29950,5000,16389,16420,0.04058954144471577,0.017056048721998326,0.015416664785515817,24919,24719,True,True,16446,True,True,0.3954,0.1244,results/gate1/scores/147_full_mf1.0_seed1.npy
147,Lab2Cmac011215EPG3,plain,EPG,False,cg037,Lab2Cmac011215EPG3,full,1.0,2,29950,100,200,29950,5000,16389,16420,0.04746329913635783,0.017825471306322404,0.015980035013212615,24919,24719,True,True,16437,True,True,0.3861,0.1247,results/gate1/scores/147_full_mf1.0_seed2.npy
147,Lab2Cmac011215EPG3,plain,EPG,False,cg037,Lab2Cmac011215EPG3,train_prefix,1,0,5000,100,200,29950,5000,16389,16420,0.035375261654265855,0.012481556966637697,0.012087599546947025,24919,24719,True,True,16418,True,True,0.1456,0.1643,results/gate1/scores/147_train_prefix_mf1_seed0.npy
147,Lab2Cmac011215EPG3,plain,EPG,False,cg037,Lab2Cmac011215EPG3,train_prefix,1,1,5000,100,200,29950,5000,16389,16420,0.02083752389537108,0.013309463490083846,0.012492580723427068,24919,24719,True,True,16439,True,True,0.1409,0.1609,results/gate1/scores/147_train_prefix_mf1_seed1.npy
147,Lab2Cmac011215EPG3,plain,EPG,False,cg037,Lab2Cmac011215EPG3,train_prefix,1,2,5000,100,200,29950,5000,16389,16420,0.02686773489448252,0.012498172949139673,0.011817280916185873,24919,24719,True,True,16376,True,True,0.1503,0.1653,results/gate1/scores/147_train_prefix_mf1_seed2.npy
147,Lab2Cmac011215EPG3,plain,EPG,False,cg037,Lab2Cmac011215EPG3,train_prefix,1.0,0,5000,100,200,29950,5000,16389,16420,0.05669433618060038,0.02242849527582127,0.02076902915169594,24919,24719,True,True,16435,True,True,0.1366,0.118,results/gate1/scores/147_train_prefix_mf1.0_seed0.npy
147,Lab2Cmac011215EPG3,plain,EPG,False,cg037,Lab2Cmac011215EPG3,train_prefix,1.0,1,5000,100,200,29950,5000,16389,16420,0.05724796668905624,0.023197605849790588,0.021702924572472207,24919,24719,True,True,16444,True,True,0.1366,0.1259,results/gate1/scores/147_train_prefix_mf1.0_seed1.npy
147,Lab2Cmac011215EPG3,plain,EPG,False,cg037,Lab2Cmac011215EPG3,train_prefix,1.0,2,5000,100,200,29950,5000,16389,16420,0.05564944641022013,0.024496413579646617,0.023063035414393418,24919,24719,True,True,16435,True,True,0.1591,0.1386,results/gate1/scores/147_train_prefix_mf1.0_seed2.npy
148,Lab2Cmac011215EPG4,plain,EPG,False,cg040,Lab2Cmac011215EPG4,full,1,0,30066,100,200,30066,6000,17389,17520,0.018170096073156727,0.011010018278738593,0.01103377904398489,23935,23735,True,True,20563,False,False,0.5233,0.1736,results/gate1/scores/148_full_mf1_seed0.npy
148,Lab2Cmac011215EPG4,plain,EPG,False,cg040,Lab2Cmac011215EPG4,full,1,1,30066,100,200,30066,6000,17389,17520,0.01333264942215917,0.010286251446914111,0.010311792124437955,23935,23735,True,True,29906,False,False,0.5229,0.1871,results/gate1/scores/148_full_mf1_seed1.npy
148,Lab2Cmac011215EPG4,plain,EPG,False,cg040,Lab2Cmac011215EPG4,full,1,2,30066,100,200,30066,6000,17389,17520,0.007321232948215628,0.00999402629303447,0.010009311116655675,23935,23735,False,False,29898,False,False,0.5308,0.1826,results/gate1/scores/148_full_mf1_seed2.npy
148,Lab2Cmac011215EPG4,plain,EPG,False,cg040,Lab2Cmac011215EPG4,full,1.0,0,30066,100,200,30066,6000,17389,17520,0.02148954243322515,0.01582552447185739,0.01576527688685115,23935,23735,True,True,29936,False,False,0.3786,0.1185,results/gate1/scores/148_full_mf1.0_seed0.npy
148,Lab2Cmac011215EPG4,plain,EPG,False,cg040,Lab2Cmac011215EPG4,full,1.0,1,30066,100,200,30066,6000,17389,17520,0.01602824492138949,0.016405117862389934,0.01650003176473674,23935,23735,False,False,29901,False,False,0.3803,0.1294,results/gate1/scores/148_full_mf1.0_seed1.npy
148,Lab2Cmac011215EPG4,plain,EPG,False,cg040,Lab2Cmac011215EPG4,full,1.0,2,30066,100,200,30066,6000,17389,17520,0.018904320174094824,0.01605291251461779,0.016042952141480344,23935,23735,True,True,29898,False,False,0.3767,0.1194,results/gate1/scores/148_full_mf1.0_seed2.npy
148,Lab2Cmac011215EPG4,plain,EPG,False,cg040,Lab2Cmac011215EPG4,train_prefix,1,0,6000,100,200,30066,6000,17389,17520,0.012953960665750275,0.010792609869053824,0.01084548639456564,23935,23735,True,True,20335,False,False,0.1626,0.1759,results/gate1/scores/148_train_prefix_mf1_seed0.npy
148,Lab2Cmac011215EPG4,plain,EPG,False,cg040,Lab2Cmac011215EPG4,train_prefix,1,1,6000,100,200,30066,6000,17389,17520,0.01370391509198865,0.01200072962736664,0.012044986945836897,23935,23735,True,True,21540,False,False,0.1721,0.1907,results/gate1/scores/148_train_prefix_mf1_seed1.npy
148,Lab2Cmac011215EPG4,plain,EPG,False,cg040,Lab2Cmac011215EPG4,train_prefix,1,2,6000,100,200,30066,6000,17389,17520,0.014938451565095545,0.011179058090312857,0.011196444018866969,23935,23735,True,True,20320,False,False,0.1632,0.1862,results/gate1/scores/148_train_prefix_mf1_seed2.npy
148,Lab2Cmac011215EPG4,plain,EPG,False,cg040,Lab2Cmac011215EPG4,train_prefix,1.0,0,6000,100,200,30066,6000,17389,17520,0.019599924988558837,0.020302403240255257,0.020329258904692962,23935,23735,False,False,20324,False,False,0.143,0.1289,results/gate1/scores/148_train_prefix_mf1.0_seed0.npy
148,Lab2Cmac011215EPG4,plain,EPG,False,cg040,Lab2Cmac011215EPG4,train_prefix,1.0,1,6000,100,200,30066,6000,17389,17520,0.01860034846736719,0.021059607796290992,0.0211182472507125,23935,23735,False,False,20326,False,False,0.1449,0.1278,results/gate1/scores/148_train_prefix_mf1.0_seed1.npy
148,Lab2Cmac011215EPG4,plain,EPG,False,cg040,Lab2Cmac011215EPG4,train_prefix,1.0,2,6000,100,200,30066,6000,17389,17520,0.023123300407396297,0.020473179491742176,0.020384149607065867,23935,23735,True,True,21544,False,False,0.1506,0.1283,results/gate1/scores/148_train_prefix_mf1.0_seed2.npy
149,Lab2Cmac011215EPG5,plain,EPG,False,cg041,Lab2Cmac011215EPG5,full,1,0,29826,100,200,29826,7000,17389,17520,0.053595952200111374,0.011033805170518522,0.01055920385310059,22695,22495,True,True,17429,True,True,0.5283,0.1875,results/gate1/scores/149_full_mf1_seed0.npy
149,Lab2Cmac011215EPG5,plain,EPG,False,cg041,Lab2Cmac011215EPG5,full,1,1,29826,100,200,29826,7000,17389,17520,0.055380050171963735,0.011707143008804712,0.011327039147084385,22695,22495,True,True,17422,True,True,0.5429,0.1853,results/gate1/scores/149_full_mf1_seed1.npy
149,Lab2Cmac011215EPG5,plain,EPG,False,cg041,Lab2Cmac011215EPG5,full,1,2,29826,100,200,29826,7000,17389,17520,0.054460726015346406,0.010510491257374093,0.010116617715090752,22695,22495,True,True,17422,True,True,0.5508,0.1926,results/gate1/scores/149_full_mf1_seed2.npy
149,Lab2Cmac011215EPG5,plain,EPG,False,cg041,Lab2Cmac011215EPG5,full,1.0,0,29826,100,200,29826,7000,17389,17520,0.08960651688703053,0.01589760145169595,0.015466131747200873,22695,22495,True,True,17423,True,True,0.3839,0.1297,results/gate1/scores/149_full_mf1.0_seed0.npy
149,Lab2Cmac011215EPG5,plain,EPG,False,cg041,Lab2Cmac011215EPG5,full,1.0,1,29826,100,200,29826,7000,17389,17520,0.09146166399227479,0.01626249243836465,0.015435600232206938,22695,22495,True,True,17419,True,True,0.3775,0.1255,results/gate1/scores/149_full_mf1.0_seed1.npy
149,Lab2Cmac011215EPG5,plain,EPG,False,cg041,Lab2Cmac011215EPG5,full,1.0,2,29826,100,200,29826,7000,17389,17520,0.0896304058635744,0.01680716723217225,0.01634552010232521,22695,22495,True,True,17439,True,True,0.3854,0.1312,results/gate1/scores/149_full_mf1.0_seed2.npy
149,Lab2Cmac011215EPG5,plain,EPG,False,cg041,Lab2Cmac011215EPG5,train_prefix,1,0,7000,100,200,29826,7000,17389,17520,0.061507647529687015,0.010377120450420413,0.01007063901827095,22695,22495,True,True,17422,True,True,0.1755,0.1856,results/gate1/scores/149_train_prefix_mf1_seed0.npy
149,Lab2Cmac011215EPG5,plain,EPG,False,cg041,Lab2Cmac011215EPG5,train_prefix,1,1,7000,100,200,29826,7000,17389,17520,0.055576582871056324,0.013155294711172038,0.01277691853385234,22695,22495,True,True,17420,True,True,0.1744,0.1845,results/gate1/scores/149_train_prefix_mf1_seed1.npy
149,Lab2Cmac011215EPG5,plain,EPG,False,cg041,Lab2Cmac011215EPG5,train_prefix,1,2,7000,100,200,29826,7000,17389,17520,0.04964207949750726,0.01163577440209082,0.011257255441656027,22695,22495,True,True,17393,True,True,0.1839,0.1798,results/gate1/scores/149_train_prefix_mf1_seed2.npy
149,Lab2Cmac011215EPG5,plain,EPG,False,cg041,Lab2Cmac011215EPG5,train_prefix,1.0,0,7000,100,200,29826,7000,17389,17520,0.08228454509866545,0.01900958537568629,0.018586405738898505,22695,22495,True,True,17418,True,True,0.1561,0.1196,results/gate1/scores/149_train_prefix_mf1.0_seed0.npy
149,Lab2Cmac011215EPG5,plain,EPG,False,cg041,Lab2Cmac011215EPG5,train_prefix,1.0,1,7000,100,200,29826,7000,17389,17520,0.07660310349490196,0.01770135491217212,0.017062277000548094,22695,22495,True,True,17435,True,True,0.1546,0.1234,results/gate1/scores/149_train_prefix_mf1.0_seed1.npy
149,Lab2Cmac011215EPG5,plain,EPG,False,cg041,Lab2Cmac011215EPG5,train_prefix,1.0,2,7000,100,200,29826,7000,17389,17520,0.08173062265535253,0.0227823649929123,0.022337630134028015,22695,22495,True,True,17424,True,True,0.1543,0.1259,results/gate1/scores/149_train_prefix_mf1.0_seed2.npy
150,Lab2Cmac011215EPG6,plain,EPG,False,cg042,Lab2Cmac011215EPG6,full,1,0,29859,100,200,29859,7000,12189,12420,0.002230111611487451,0.011152073562151291,0.011171864134913714,22628,22428,False,False,18398,False,False,0.524,0.1807,results/gate1/scores/150_full_mf1_seed0.npy
150,Lab2Cmac011215EPG6,plain,EPG,False,cg042,Lab2Cmac011215EPG6,full,1,1,29859,100,200,29859,7000,12189,12420,0.004523859875861624,0.011612875934188627,0.011634082611171626,22628,22428,False,False,29724,False,False,0.5224,0.182,results/gate1/scores/150_full_mf1_seed1.npy
150,Lab2Cmac011215EPG6,plain,EPG,False,cg042,Lab2Cmac011215EPG6,full,1,2,29859,100,200,29859,7000,12189,12420,0.010370019535499042,0.009721523241434953,0.009760732481819898,22628,22428,True,True,29694,False,False,0.539,0.1772,results/gate1/scores/150_full_mf1_seed2.npy
150,Lab2Cmac011215EPG6,plain,EPG,False,cg042,Lab2Cmac011215EPG6,full,1.0,0,29859,100,200,29859,7000,12189,12420,-0.028725776206433074,0.01635019525396165,0.016402007458176184,22628,22428,False,False,29729,False,False,0.3762,0.1188,results/gate1/scores/150_full_mf1.0_seed0.npy
150,Lab2Cmac011215EPG6,plain,EPG,False,cg042,Lab2Cmac011215EPG6,full,1.0,1,29859,100,200,29859,7000,12189,12420,-0.025685135069513698,0.015829327578033858,0.015904976638538213,22628,22428,False,False,29682,False,False,0.3794,0.1239,results/gate1/scores/150_full_mf1.0_seed1.npy
150,Lab2Cmac011215EPG6,plain,EPG,False,cg042,Lab2Cmac011215EPG6,full,1.0,2,29859,100,200,29859,7000,12189,12420,-0.02284082616432387,0.015565458089763423,0.015605294135682847,22628,22428,False,False,29715,False,False,0.3894,0.1297,results/gate1/scores/150_full_mf1.0_seed2.npy
150,Lab2Cmac011215EPG6,plain,EPG,False,cg042,Lab2Cmac011215EPG6,train_prefix,1,0,7000,100,200,29859,7000,12189,12420,-0.008667212026959303,0.011983651433896854,0.012006151571390254,22628,22428,False,False,21350,False,False,0.1756,0.1714,results/gate1/scores/150_train_prefix_mf1_seed0.npy
150,Lab2Cmac011215EPG6,plain,EPG,False,cg042,Lab2Cmac011215EPG6,train_prefix,1,1,7000,100,200,29859,7000,12189,12420,-0.001099688125411502,0.014419381627160494,0.01445094026359672,22628,22428,False,False,29691,False,False,0.1738,0.1777,results/gate1/scores/150_train_prefix_mf1_seed1.npy
150,Lab2Cmac011215EPG6,plain,EPG,False,cg042,Lab2Cmac011215EPG6,train_prefix,1,2,7000,100,200,29859,7000,12189,12420,-0.004992718491802606,0.011421986619471794,0.011461916258549719,22628,22428,False,False,29690,False,False,0.1673,0.1753,results/gate1/scores/150_train_prefix_mf1_seed2.npy
150,Lab2Cmac011215EPG6,plain,EPG,False,cg042,Lab2Cmac011215EPG6,train_prefix,1.0,0,7000,100,200,29859,7000,12189,12420,-0.031217024788865122,0.019860332764406963,0.019895954514667285,22628,22428,False,False,29729,False,False,0.1498,0.1158,results/gate1/scores/150_train_prefix_mf1.0_seed0.npy
150,Lab2Cmac011215EPG6,plain,EPG,False,cg042,Lab2Cmac011215EPG6,train_prefix,1.0,1,7000,100,200,29859,7000,12189,12420,-0.01593047687397242,0.01683104146139049,0.016894976812051904,22628,22428,False,False,29710,False,False,0.15,0.1224,results/gate1/scores/150_train_prefix_mf1.0_seed1.npy
150,Lab2Cmac011215EPG6,plain,EPG,False,cg042,Lab2Cmac011215EPG6,train_prefix,1.0,2,7000,100,200,29859,7000,12189,12420,-0.02937526922514272,0.021050201665772785,0.02108949612370503,22628,22428,False,False,18423,False,False,0.149,0.1246,results/gate1/scores/150_train_prefix_mf1.0_seed2.npy
151,MesoplodonDensirostris,plain,Acceleration,False,cg043,MesoplodonDensirostris,full,1,0,24667,100,200,24667,10000,19279,19440,-0.013819037156298064,0.02245780121607121,0.02271694288978619,14506,14306,False,False,21740,False,False,0.3631,0.1049,results/gate1/scores/151_full_mf1_seed0.npy
151,MesoplodonDensirostris,plain,Acceleration,False,cg043,MesoplodonDensirostris,full,1,1,24667,100,200,24667,10000,19279,19440,-0.00034413610946126827,0.017930070619379904,0.017983569806791833,14506,14306,False,False,21754,False,False,0.3676,0.1057,results/gate1/scores/151_full_mf1_seed1.npy
151,MesoplodonDensirostris,plain,Acceleration,False,cg043,MesoplodonDensirostris,full,1,2,24667,100,200,24667,10000,19279,19440,-0.0022097164983385653,0.01740959505940001,0.01759941091463114,14506,14306,False,False,21422,False,False,0.374,0.1104,results/gate1/scores/151_full_mf1_seed2.npy
151,MesoplodonDensirostris,plain,Acceleration,False,cg043,MesoplodonDensirostris,full,1.0,0,24667,100,200,24667,10000,19279,19440,0.02215508306339098,0.029489264046209104,0.029572343602398844,14506,14306,False,False,21772,False,False,0.2822,0.075,results/gate1/scores/151_full_mf1.0_seed0.npy
151,MesoplodonDensirostris,plain,Acceleration,False,cg043,MesoplodonDensirostris,full,1.0,1,24667,100,200,24667,10000,19279,19440,0.02903113194768908,0.030985045564679365,0.03131043646546795,14506,14306,False,False,21745,False,False,0.2732,0.0718,results/gate1/scores/151_full_mf1.0_seed1.npy
151,MesoplodonDensirostris,plain,Acceleration,False,cg043,MesoplodonDensirostris,full,1.0,2,24667,100,200,24667,10000,19279,19440,0.02969125065368433,0.027970744037624413,0.02880865605783055,14506,14306,True,True,21752,False,False,0.2696,0.0639,results/gate1/scores/151_full_mf1.0_seed2.npy
151,MesoplodonDensirostris,plain,Acceleration,False,cg043,MesoplodonDensirostris,train_prefix,1,0,10000,100,200,24667,10000,19279,19440,-0.016898493114263724,-0.0024634959974777332,-0.0024571397845941124,14506,14306,False,False,15767,False,False,0.1798,0.1061,results/gate1/scores/151_train_prefix_mf1_seed0.npy
151,MesoplodonDensirostris,plain,Acceleration,False,cg043,MesoplodonDensirostris,train_prefix,1,1,10000,100,200,24667,10000,19279,19440,-0.03467512730101652,-0.011582910460326912,-0.011470156471834237,14506,14306,False,False,21747,False,False,0.1806,0.1079,results/gate1/scores/151_train_prefix_mf1_seed1.npy
151,MesoplodonDensirostris,plain,Acceleration,False,cg043,MesoplodonDensirostris,train_prefix,1,2,10000,100,200,24667,10000,19279,19440,-0.021218954900613207,-0.003378961937876455,-0.0033243782491694344,14506,14306,False,False,21759,False,False,0.1784,0.1061,results/gate1/scores/151_train_prefix_mf1_seed2.npy
151,MesoplodonDensirostris,plain,Acceleration,False,cg043,MesoplodonDensirostris,train_prefix,1.0,0,10000,100,200,24667,10000,19279,19440,0.013415495784010356,0.011912172077904055,0.012043249175339079,14506,14306,True,True,15773,False,False,0.1493,0.0672,results/gate1/scores/151_train_prefix_mf1.0_seed0.npy
151,MesoplodonDensirostris,plain,Acceleration,False,cg043,MesoplodonDensirostris,train_prefix,1.0,1,10000,100,200,24667,10000,19279,19440,0.01800613320784239,0.008633729100790025,0.008673193627917639,14506,14306,True,True,21763,False,False,0.1579,0.0624,results/gate1/scores/151_train_prefix_mf1.0_seed1.npy
151,MesoplodonDensirostris,plain,Acceleration,False,cg043,MesoplodonDensirostris,train_prefix,1.0,2,10000,100,200,24667,10000,19279,19440,0.012629778965844607,0.008015115136097857,0.008058294025460874,14506,14306,True,True,21409,False,False,0.1492,0.0713,results/gate1/scores/151_train_prefix_mf1.0_seed2.npy
152,PowerDemand1,plain,Power Demand,False,cg044,PowerDemand1,full,1,0,29931,100,200,29931,9000,18484,18821,-0.015836700906070922,0.06019406551239392,0.06023647959917913,20594,20394,False,False,14259,False,False,0.555,0.1831,results/gate1/scores/152_full_mf1_seed0.npy
152,PowerDemand1,plain,Power Demand,False,cg044,PowerDemand1,full,1,1,29931,100,200,29931,9000,18484,18821,-0.017218419849456046,0.05155954806765901,0.051770659768666294,20594,20394,False,False,14252,False,False,0.5287,0.1884,results/gate1/scores/152_full_mf1_seed1.npy
152,PowerDemand1,plain,Power Demand,False,cg044,PowerDemand1,full,1,2,29931,100,200,29931,9000,18484,18821,-0.020611515392372937,0.05147222367296717,0.05195950523492052,20594,20394,False,False,14262,False,False,0.538,0.196,results/gate1/scores/152_full_mf1_seed2.npy
152,PowerDemand1,plain,Power Demand,False,cg044,PowerDemand1,full,1.0,0,29931,100,200,29931,9000,18484,18821,-0.03139123456179982,0.0418913195059242,0.041992844888889394,20594,20394,False,False,14244,False,False,0.392,0.112,results/gate1/scores/152_full_mf1.0_seed0.npy
152,PowerDemand1,plain,Power Demand,False,cg044,PowerDemand1,full,1.0,1,29931,100,200,29931,9000,18484,18821,-0.02997228124301743,0.04321629592737083,0.04356346824624984,20594,20394,False,False,14253,False,False,0.4066,0.1207,results/gate1/scores/152_full_mf1.0_seed1.npy
152,PowerDemand1,plain,Power Demand,False,cg044,PowerDemand1,full,1.0,2,29931,100,200,29931,9000,18484,18821,-0.03037623203071199,0.033859005148445136,0.033930120325686444,20594,20394,False,False,14255,False,False,0.3656,0.112,results/gate1/scores/152_full_mf1.0_seed2.npy
152,PowerDemand1,plain,Power Demand,False,cg044,PowerDemand1,train_prefix,1,0,9000,100,200,29931,9000,18484,18821,-0.014046371092138799,0.055425013388587026,0.05584544163677803,20594,20394,False,False,14259,False,False,0.203,0.1718,results/gate1/scores/152_train_prefix_mf1_seed0.npy
152,PowerDemand1,plain,Power Demand,False,cg044,PowerDemand1,train_prefix,1,1,9000,100,200,29931,9000,18484,18821,-0.01984141044193727,0.05171219585903744,0.05202200583746187,20594,20394,False,False,14259,False,False,0.2171,0.1963,results/gate1/scores/152_train_prefix_mf1_seed1.npy
152,PowerDemand1,plain,Power Demand,False,cg044,PowerDemand1,train_prefix,1,2,9000,100,200,29931,9000,18484,18821,-0.022587932447880654,0.04734429994863163,0.04743793576298911,20594,20394,False,False,14261,False,False,0.2209,0.1949,results/gate1/scores/152_train_prefix_mf1_seed2.npy
152,PowerDemand1,plain,Power Demand,False,cg044,PowerDemand1,train_prefix,1.0,0,9000,100,200,29931,9000,18484,18821,-0.039628106849438516,0.03661546808720133,0.03677892103531064,20594,20394,False,False,14262,False,False,0.1749,0.1155,results/gate1/scores/152_train_prefix_mf1.0_seed0.npy
152,PowerDemand1,plain,Power Demand,False,cg044,PowerDemand1,train_prefix,1.0,1,9000,100,200,29931,9000,18484,18821,-0.04369291167366213,0.03552628223388077,0.035599415250175,20594,20394,False,False,14262,False,False,0.1718,0.1157,results/gate1/scores/152_train_prefix_mf1.0_seed1.npy
152,PowerDemand1,plain,Power Demand,False,cg044,PowerDemand1,train_prefix,1.0,2,9000,100,200,29931,9000,18484,18821,-0.042730740797307265,0.027876378940384985,0.028159140517398772,20594,20394,False,False,14255,False,False,0.1693,0.1197,results/gate1/scores/152_train_prefix_mf1.0_seed2.npy
153,PowerDemand2,plain,Power Demand,False,cg044,PowerDemand2,full,1,0,29931,100,200,29931,14000,23356,23717,-0.021742075003186256,0.06772529473186356,0.0678225968103837,15570,15370,False,False,14259,False,False,0.5307,0.1753,results/gate1/scores/153_full_mf1_seed0.npy
153,PowerDemand2,plain,Power Demand,False,cg044,PowerDemand2,full,1,1,29931,100,200,29931,14000,23356,23717,-0.01592191249991759,0.06275550634647598,0.06367930661495179,15570,15370,False,False,14252,False,False,0.5107,0.187,results/gate1/scores/153_full_mf1_seed1.npy
153,PowerDemand2,plain,Power Demand,False,cg044,PowerDemand2,full,1,2,29931,100,200,29931,14000,23356,23717,-0.01934107215112535,0.061448093390548256,0.061775363732023476,15570,15370,False,False,14249,False,False,0.5456,0.1851,results/gate1/scores/153_full_mf1_seed2.npy
153,PowerDemand2,plain,Power Demand,False,cg044,PowerDemand2,full,1.0,0,29931,100,200,29931,14000,23356,23717,-0.04470471648040908,0.04487505008557398,0.0451275310139962,15570,15370,False,False,14244,False,False,0.4511,0.1315,results/gate1/scores/153_full_mf1.0_seed0.npy
153,PowerDemand2,plain,Power Demand,False,cg044,PowerDemand2,full,1.0,1,29931,100,200,29931,14000,23356,23717,-0.03762912681422709,0.04795504167774153,0.04812661590554301,15570,15370,False,False,14253,False,False,0.3962,0.1873,results/gate1/scores/153_full_mf1.0_seed1.npy
153,PowerDemand2,plain,Power Demand,False,cg044,PowerDemand2,full,1.0,2,29931,100,200,29931,14000,23356,23717,-0.04879154538849567,0.036731765430209506,0.03678296203722133,15570,15370,False,False,14255,False,False,0.3506,0.1047,results/gate1/scores/153_full_mf1.0_seed2.npy
153,PowerDemand2,plain,Power Demand,False,cg044,PowerDemand2,train_prefix,1,0,14000,100,200,29931,14000,23356,23717,-0.016554547766552463,0.07506352484493607,0.07516297741189443,15570,15370,False,False,14259,False,False,0.2864,0.1788,results/gate1/scores/153_train_prefix_mf1_seed0.npy
153,PowerDemand2,plain,Power Demand,False,cg044,PowerDemand2,train_prefix,1,1,14000,100,200,29931,14000,23356,23717,-0.01587417900510124,0.06814738715275087,0.06821051079152848,15570,15370,False,False,14257,False,False,0.2962,0.1832,results/gate1/scores/153_train_prefix_mf1_seed1.npy
153,PowerDemand2,plain,Power Demand,False,cg044,PowerDemand2,train_prefix,1,2,14000,100,200,29931,14000,23356,23717,-0.008886815362337042,0.06094331363780234,0.06159520679919661,15570,15370,False,False,14248,False,False,0.2995,0.1934,results/gate1/scores/153_train_prefix_mf1_seed2.npy
153,PowerDemand2,plain,Power Demand,False,cg044,PowerDemand2,train_prefix,1.0,0,14000,100,200,29931,14000,23356,23717,-0.04934675622930351,0.049029036534267996,0.04925036907826086,15570,15370,False,False,14266,False,False,0.2388,0.1161,results/gate1/scores/153_train_prefix_mf1.0_seed0.npy
153,PowerDemand2,plain,Power Demand,False,cg044,PowerDemand2,train_prefix,1.0,1,14000,100,200,29931,14000,23356,23717,-0.03350833467312253,0.049057405058523885,0.04942141722614621,15570,15370,False,False,14258,False,False,0.263,0.1336,results/gate1/scores/153_train_prefix_mf1.0_seed1.npy
153,PowerDemand2,plain,Power Demand,False,cg044,PowerDemand2,train_prefix,1.0,2,14000,100,200,29931,14000,23356,23717,-0.045515129468595095,0.03978286659405734,0.039865568030256544,15570,15370,False,False,14257,False,False,0.2449,0.1097,results/gate1/scores/153_train_prefix_mf1.0_seed2.npy
154,PowerDemand3,plain,Power Demand,False,cg044,PowerDemand3,full,1,0,29931,100,200,29931,16000,23404,23477,-0.022054148401960072,0.02664655756952292,0.026761381610229566,13858,13658,False,False,23020,False,False,0.5587,0.2133,results/gate1/scores/154_full_mf1_seed0.npy
154,PowerDemand3,plain,Power Demand,False,cg044,PowerDemand3,full,1,1,29931,100,200,29931,16000,23404,23477,-0.022365187821485277,0.025353167576172713,0.025575981909129793,13858,13658,False,False,23020,False,False,0.6448,0.2123,results/gate1/scores/154_full_mf1_seed1.npy
154,PowerDemand3,plain,Power Demand,False,cg044,PowerDemand3,full,1,2,29931,100,200,29931,16000,23404,23477,-0.023040958911972942,0.02719921213990396,0.028095524271998663,13858,13658,False,False,23010,False,False,0.6202,0.1728,results/gate1/scores/154_full_mf1_seed2.npy
154,PowerDemand3,plain,Power Demand,False,cg044,PowerDemand3,full,1.0,0,29931,100,200,29931,16000,23404,23477,-0.0363507274737081,0.03232736616563338,0.03259989299826718,13858,13658,False,False,26651,False,False,0.329,0.1052,results/gate1/scores/154_full_mf1.0_seed0.npy
154,PowerDemand3,plain,Power Demand,False,cg044,PowerDemand3,full,1.0,1,29931,100,200,29931,16000,23404,23477,-0.04694645583132151,0.03600616114732117,0.03610427349360605,13858,13658,False,False,26628,False,False,0.3339,0.1048,results/gate1/scores/154_full_mf1.0_seed1.npy
154,PowerDemand3,plain,Power Demand,False,cg044,PowerDemand3,full,1.0,2,29931,100,200,29931,16000,23404,23477,-0.03945744437380094,0.031254022322132986,0.03164438918573839,13858,13658,False,False,26619,False,False,0.3373,0.1066,results/gate1/scores/154_full_mf1.0_seed2.npy
154,PowerDemand3,plain,Power Demand,False,cg044,PowerDemand3,train_prefix,1,0,16000,100,200,29931,16000,23404,23477,-0.02064874345835388,0.024233790670427646,0.024514186533943955,13858,13658,False,False,23027,False,False,0.36,0.2,results/gate1/scores/154_train_prefix_mf1_seed0.npy
154,PowerDemand3,plain,Power Demand,False,cg044,PowerDemand3,train_prefix,1,1,16000,100,200,29931,16000,23404,23477,-0.019969100948140306,0.019439424246284222,0.019550688896870477,13858,13658,False,False,23008,False,False,0.3872,0.2032,results/gate1/scores/154_train_prefix_mf1_seed1.npy
154,PowerDemand3,plain,Power Demand,False,cg044,PowerDemand3,train_prefix,1,2,16000,100,200,29931,16000,23404,23477,-0.029329017129004264,0.0234235941679566,0.02382211320435646,13858,13658,False,False,23010,False,False,0.3362,0.1906,results/gate1/scores/154_train_prefix_mf1_seed2.npy
154,PowerDemand3,plain,Power Demand,False,cg044,PowerDemand3,train_prefix,1.0,0,16000,100,200,29931,16000,23404,23477,-0.051158589496092644,0.027054163338191044,0.027449579264461475,13858,13658,False,False,26629,False,False,0.2369,0.1117,results/gate1/scores/154_train_prefix_mf1.0_seed0.npy
154,PowerDemand3,plain,Power Demand,False,cg044,PowerDemand3,train_prefix,1.0,1,16000,100,200,29931,16000,23404,23477,-0.04786959933658819,0.030429336711680716,0.030686989264196905,13858,13658,False,False,26627,False,False,0.2388,0.1085,results/gate1/scores/154_train_prefix_mf1.0_seed1.npy
154,PowerDemand3,plain,Power Demand,False,cg044,PowerDemand3,train_prefix,1.0,2,16000,100,200,29931,16000,23404,23477,-0.052187137933123684,0.03216782506437485,0.03229600835053164,13858,13658,False,False,26627,False,False,0.2401,0.1131,results/gate1/scores/154_train_prefix_mf1.0_seed2.npy
155,PowerDemand4,plain,Power Demand,False,cg044,PowerDemand4,full,1,0,29931,100,200,29931,18000,24004,24077,-0.015230707235501018,0.029337071364204458,0.02968977511344897,11858,11658,False,False,23020,False,False,0.5639,0.2119,results/gate1/scores/155_full_mf1_seed0.npy
155,PowerDemand4,plain,Power Demand,False,cg044,PowerDemand4,full,1,1,29931,100,200,29931,18000,24004,24077,-0.014198739808498395,0.027555529642208133,0.02788130867327112,11858,11658,False,False,23020,False,False,0.618,0.2677,results/gate1/scores/155_full_mf1_seed1.npy
155,PowerDemand4,plain,Power Demand,False,cg044,PowerDemand4,full,1,2,29931,100,200,29931,18000,24004,24077,-0.012728198432251703,0.02896626497947362,0.029173829400436613,11858,11658,False,False,23010,False,False,0.5068,0.1616,results/gate1/scores/155_full_mf1_seed2.npy
155,PowerDemand4,plain,Power Demand,False,cg044,PowerDemand4,full,1.0,0,29931,100,200,29931,18000,24004,24077,-0.02853939100027031,0.03251591274371377,0.03265913031752061,11858,11658,False,False,26627,False,False,0.3222,0.0986,results/gate1/scores/155_full_mf1.0_seed0.npy
155,PowerDemand4,plain,Power Demand,False,cg044,PowerDemand4,full,1.0,1,29931,100,200,29931,18000,24004,24077,-0.02821133649130181,0.03596405549365421,0.03608815640885265,11858,11658,False,False,26628,False,False,0.3341,0.1018,results/gate1/scores/155_full_mf1.0_seed1.npy
155,PowerDemand4,plain,Power Demand,False,cg044,PowerDemand4,full,1.0,2,29931,100,200,29931,18000,24004,24077,-0.028742162452121467,0.029918805736921225,0.03005666389787859,11858,11658,False,False,26619,False,False,0.3363,0.1027,results/gate1/scores/155_full_mf1.0_seed2.npy
155,PowerDemand4,plain,Power Demand,False,cg044,PowerDemand4,train_prefix,1,0,18000,100,200,29931,18000,24004,24077,-0.01919430287046786,0.02480148998392107,0.025073061114348785,11858,11658,False,False,22993,False,False,0.3792,0.1856,results/gate1/scores/155_train_prefix_mf1_seed0.npy
155,PowerDemand4,plain,Power Demand,False,cg044,PowerDemand4,train_prefix,1,1,18000,100,200,29931,18000,24004,24077,-0.018778332476222626,0.021383284621766346,0.02153611939232173,11858,11658,False,False,23018,False,False,0.4201,0.1906,results/gate1/scores/155_train_prefix_mf1_seed1.npy
155,PowerDemand4,plain,Power Demand,False,cg044,PowerDemand4,train_prefix,1,2,18000,100,200,29931,18000,24004,24077,-0.014315953948298876,0.02341028993021861,0.023508273149479925,11858,11658,False,False,23010,False,False,0.3578,0.1748,results/gate1/scores/155_train_prefix_mf1_seed2.npy
155,PowerDemand4,plain,Power Demand,False,cg044,PowerDemand4,train_prefix,1.0,0,18000,100,200,29931,18000,24004,24077,-0.026502778879808564,0.025352879370590258,0.025633741349510016,11858,11658,False,False,26628,False,False,0.2567,0.1058,results/gate1/scores/155_train_prefix_mf1.0_seed0.npy
155,PowerDemand4,plain,Power Demand,False,cg044,PowerDemand4,train_prefix,1.0,1,18000,100,200,29931,18000,24004,24077,-0.027167775281276507,0.024238008983973443,0.024440599792115696,11858,11658,False,False,26614,False,False,0.2537,0.1137,results/gate1/scores/155_train_prefix_mf1.0_seed1.npy
155,PowerDemand4,plain,Power Demand,False,cg044,PowerDemand4,train_prefix,1.0,2,18000,100,200,29931,18000,24004,24077,-0.01984652279854182,0.02321635372484744,0.023605745022526624,11858,11658,False,False,26627,False,False,0.2618,0.1144,results/gate1/scores/155_train_prefix_mf1.0_seed2.npy
156,TkeepFifthMARS,plain,NASA,False,cg048,TkeepFifthMARS,full,1,0,11334,100,200,11334,3500,5987,6085,0.01118870931032423,0.007189387436761692,0.00631034595071406,7736,7536,True,True,6403,False,False,0.2084,0.0523,results/gate1/scores/156_full_mf1_seed0.npy
156,TkeepFifthMARS,plain,NASA,False,cg048,TkeepFifthMARS,full,1,1,11334,100,200,11334,3500,5987,6085,0.011339888040012736,0.0023268114743120955,0.001921247171155456,7736,7536,True,True,6413,False,False,0.2215,0.0513,results/gate1/scores/156_full_mf1_seed1.npy
156,TkeepFifthMARS,plain,NASA,False,cg048,TkeepFifthMARS,full,1,2,11334,100,200,11334,3500,5987,6085,0.013073752833632102,0.003681191059528544,0.003348202657291965,7736,7536,True,True,6118,True,True,0.2137,0.0488,results/gate1/scores/156_full_mf1_seed2.npy
156,TkeepFifthMARS,plain,NASA,False,cg048,TkeepFifthMARS,full,1.0,0,11334,100,200,11334,3500,5987,6085,0.023250238966017522,0.008371249999298025,0.006611574633119289,7736,7536,True,True,6071,True,True,0.2313,0.0562,results/gate1/scores/156_full_mf1.0_seed0.npy
156,TkeepFifthMARS,plain,NASA,False,cg048,TkeepFifthMARS,full,1.0,1,11334,100,200,11334,3500,5987,6085,0.0361457890230682,0.006757872652964452,0.006463426349252903,7736,7536,True,True,6067,True,True,0.2246,0.0481,results/gate1/scores/156_full_mf1.0_seed1.npy
156,TkeepFifthMARS,plain,NASA,False,cg048,TkeepFifthMARS,full,1.0,2,11334,100,200,11334,3500,5987,6085,0.018005071019121188,0.008832776745896227,0.007604653459895257,7736,7536,True,True,6143,True,True,0.202,0.0474,results/gate1/scores/156_full_mf1.0_seed2.npy
156,TkeepFifthMARS,plain,NASA,False,cg048,TkeepFifthMARS,train_prefix,1,0,3500,100,200,11334,3500,5987,6085,-0.001927752942245342,0.01405418602770617,0.01409412238080062,7736,7536,False,False,10726,False,False,0.1158,0.0489,results/gate1/scores/156_train_prefix_mf1_seed0.npy
156,TkeepFifthMARS,plain,NASA,False,cg048,TkeepFifthMARS,train_prefix,1,1,3500,100,200,11334,3500,5987,6085,-0.00813772312754818,0.022030724041800516,0.022092850488351953,7736,7536,False,False,10570,False,False,0.1152,0.0465,results/gate1/scores/156_train_prefix_mf1_seed1.npy
156,TkeepFifthMARS,plain,NASA,False,cg048,TkeepFifthMARS,train_prefix,1,2,3500,100,200,11334,3500,5987,6085,-0.0030752601454713813,0.015394085595185842,0.015398259305654392,7736,7536,False,False,7866,False,False,0.1189,0.0484,results/gate1/scores/156_train_prefix_mf1_seed2.npy
156,TkeepFifthMARS,plain,NASA,False,cg048,TkeepFifthMARS,train_prefix,1.0,0,3500,100,200,11334,3500,5987,6085,-0.008905737168540484,0.030009295701165815,0.03002246569137493,7736,7536,False,False,11088,False,False,0.1106,0.0382,results/gate1/scores/156_train_prefix_mf1.0_seed0.npy
156,TkeepFifthMARS,plain,NASA,False,cg048,TkeepFifthMARS,train_prefix,1.0,1,3500,100,200,11334,3500,5987,6085,-0.010836914020366684,0.027204548651116305,0.027338707921839473,7736,7536,False,False,7113,False,False,0.1095,0.0381,results/gate1/scores/156_train_prefix_mf1.0_seed1.npy
156,TkeepFifthMARS,plain,NASA,False,cg048,TkeepFifthMARS,train_prefix,1.0,2,3500,100,200,11334,3500,5987,6085,-0.0063524304450056635,0.020009663761401227,0.020025142916070816,7736,7536,False,False,10613,False,False,0.1125,0.0402,results/gate1/scores/156_train_prefix_mf1.0_seed2.npy
157,TkeepFirstMARS,plain,NASA,False,cg048,TkeepFirstMARS,full,1,0,11406,100,200,11406,3500,5364,5380,-0.043609507873170805,0.008606240010093715,0.008809150080285499,7890,7690,False,False,6673,False,False,0.182,0.0441,results/gate1/scores/157_full_mf1_seed0.npy
157,TkeepFirstMARS,plain,NASA,False,cg048,TkeepFirstMARS,full,1,1,11406,100,200,11406,3500,5364,5380,-0.029434172813284754,0.0029209722904948174,0.00263405163063396,7890,7690,False,False,6135,False,False,0.1864,0.0438,results/gate1/scores/157_full_mf1_seed1.npy
157,TkeepFirstMARS,plain,NASA,False,cg048,TkeepFirstMARS,full,1,2,11406,100,200,11406,3500,5364,5380,-0.0304668767454101,0.003994549994866392,0.003994549994866392,7890,7690,False,False,6484,False,False,0.1821,0.0447,results/gate1/scores/157_full_mf1_seed2.npy
157,TkeepFirstMARS,plain,NASA,False,cg048,TkeepFirstMARS,full,1.0,0,11406,100,200,11406,3500,5364,5380,-0.020586101793605593,0.008481838161901211,0.00861259399145813,7890,7690,False,False,6734,False,False,0.169,0.043,results/gate1/scores/157_full_mf1.0_seed0.npy
157,TkeepFirstMARS,plain,NASA,False,cg048,TkeepFirstMARS,full,1.0,1,11406,100,200,11406,3500,5364,5380,-0.015672575410876577,0.006904181961964307,0.006865821651872403,7890,7690,False,False,6755,False,False,0.1828,0.0434,results/gate1/scores/157_full_mf1.0_seed1.npy
157,TkeepFirstMARS,plain,NASA,False,cg048,TkeepFirstMARS,full,1.0,2,11406,100,200,11406,3500,5364,5380,-0.01847178639899072,0.009123094989640564,0.009024914763698207,7890,7690,False,False,6672,False,False,0.1711,0.0364,results/gate1/scores/157_full_mf1.0_seed2.npy
157,TkeepFirstMARS,plain,NASA,False,cg048,TkeepFirstMARS,train_prefix,1,0,3500,100,200,11406,3500,5364,5380,-0.006732968739625811,0.014069175135582708,0.014022897019405902,7890,7690,False,False,10798,False,False,0.1343,0.0532,results/gate1/scores/157_train_prefix_mf1_seed0.npy
157,TkeepFirstMARS,plain,NASA,False,cg048,TkeepFirstMARS,train_prefix,1,1,3500,100,200,11406,3500,5364,5380,-0.006104847832265892,0.021919586766040874,0.021965925672015038,7890,7690,False,False,10642,False,False,0.2065,0.0474,results/gate1/scores/157_train_prefix_mf1_seed1.npy
157,TkeepFirstMARS,plain,NASA,False,cg048,TkeepFirstMARS,train_prefix,1,2,3500,100,200,11406,3500,5364,5380,0.009730989906651444,0.015393425007400787,0.015396109834900286,7890,7690,False,False,7939,False,False,0.1161,0.0478,results/gate1/scores/157_train_prefix_mf1_seed2.npy
157,TkeepFirstMARS,plain,NASA,False,cg048,TkeepFirstMARS,train_prefix,1.0,0,3500,100,200,11406,3500,5364,5380,0.0005079266143048766,0.02997185224622902,0.03000403818137157,7890,7690,False,False,11160,False,False,0.1127,0.0407,results/gate1/scores/157_train_prefix_mf1.0_seed0.npy
157,TkeepFirstMARS,plain,NASA,False,cg048,TkeepFirstMARS,train_prefix,1.0,1,3500,100,200,11406,3500,5364,5380,0.0040407552587855555,0.027194809452513957,0.027211077827254244,7890,7690,False,False,7186,False,False,0.1081,0.0354,results/gate1/scores/157_train_prefix_mf1.0_seed1.npy
157,TkeepFirstMARS,plain,NASA,False,cg048,TkeepFirstMARS,train_prefix,1.0,2,3500,100,200,11406,3500,5364,5380,0.0009735018889925895,0.01999038841175529,0.02000379197318158,7890,7690,False,False,10685,False,False,0.1049,0.0335,results/gate1/scores/157_train_prefix_mf1.0_seed2.npy
158,TkeepForthMARS,plain,NASA,False,cg048,TkeepForthMARS,full,1,0,11308,100,200,11308,3500,5987,6085,0.09337604228516772,0.008338942556828202,0.005448992907383296,7710,7510,True,True,6041,True,True,0.1907,0.0439,results/gate1/scores/158_full_mf1_seed0.npy
158,TkeepForthMARS,plain,NASA,False,cg048,TkeepForthMARS,full,1,1,11308,100,200,11308,3500,5987,6085,0.08317072032060324,0.0037965651632057137,0.0021359709486952288,7710,7510,True,True,6010,True,True,0.1973,0.0463,results/gate1/scores/158_full_mf1_seed1.npy
158,TkeepForthMARS,plain,NASA,False,cg048,TkeepForthMARS,full,1,2,11308,100,200,11308,3500,5987,6085,0.08960553969940921,0.005803145121765554,0.003315082770555247,7710,7510,True,True,6011,True,True,0.192,0.0464,results/gate1/scores/158_full_mf1_seed2.npy
158,TkeepForthMARS,plain,NASA,False,cg048,TkeepForthMARS,full,1.0,0,11308,100,200,11308,3500,5987,6085,0.06381618978949954,0.008362203345928932,0.006445978773917386,7710,7510,True,True,6043,True,True,0.1669,0.0374,results/gate1/scores/158_full_mf1.0_seed0.npy
158,TkeepForthMARS,plain,NASA,False,cg048,TkeepForthMARS,full,1.0,1,11308,100,200,11308,3500,5987,6085,0.06178207120551149,0.007004810983787055,0.005467301036478964,7710,7510,True,True,6030,True,True,0.1675,0.0377,results/gate1/scores/158_full_mf1.0_seed1.npy
158,TkeepForthMARS,plain,NASA,False,cg048,TkeepForthMARS,full,1.0,2,11308,100,200,11308,3500,5987,6085,0.06519616095723246,0.008475788578001619,0.0076358866079481325,7710,7510,True,True,6033,True,True,0.1665,0.0358,results/gate1/scores/158_full_mf1.0_seed2.npy
158,TkeepForthMARS,plain,NASA,False,cg048,TkeepForthMARS,train_prefix,1,0,3500,100,200,11308,3500,5987,6085,0.09572226905665293,0.01458679836726691,0.014095182829898698,7710,7510,True,True,6050,True,True,0.1119,0.0441,results/gate1/scores/158_train_prefix_mf1_seed0.npy
158,TkeepForthMARS,plain,NASA,False,cg048,TkeepForthMARS,train_prefix,1,1,3500,100,200,11308,3500,5987,6085,0.08982074985830846,0.022160358565563067,0.022095479713947146,7710,7510,True,True,6018,True,True,0.1094,0.0434,results/gate1/scores/158_train_prefix_mf1_seed1.npy
158,TkeepForthMARS,plain,NASA,False,cg048,TkeepForthMARS,train_prefix,1,2,3500,100,200,11308,3500,5987,6085,0.09693621599822388,0.01552590103281333,0.015399294236017482,7710,7510,True,True,6033,True,True,0.1108,0.0456,results/gate1/scores/158_train_prefix_mf1_seed2.npy
158,TkeepForthMARS,plain,NASA,False,cg048,TkeepForthMARS,train_prefix,1.0,0,3500,100,200,11308,3500,5987,6085,0.024065702536627764,0.030011827099585265,0.03002345422526849,7710,7510,False,False,11062,False,False,0.1051,0.0344,results/gate1/scores/158_train_prefix_mf1.0_seed0.npy
158,TkeepForthMARS,plain,NASA,False,cg048,TkeepForthMARS,train_prefix,1.0,1,3500,100,200,11308,3500,5987,6085,0.009800129059279294,0.02720923789488781,0.027389058534170205,7710,7510,False,False,7087,False,False,0.1044,0.0339,results/gate1/scores/158_train_prefix_mf1.0_seed1.npy
158,TkeepForthMARS,plain,NASA,False,cg048,TkeepForthMARS,train_prefix,1.0,2,3500,100,200,11308,3500,5987,6085,0.021706551774385408,0.020012490918692172,0.02002853603526892,7710,7510,True,True,10587,False,False,0.1049,0.0382,results/gate1/scores/158_train_prefix_mf1.0_seed2.npy
159,TkeepSecondMARS,plain,NASA,False,cg048,TkeepSecondMARS,full,1,0,11388,100,200,11388,3500,9329,9340,-0.03930169027326469,0.008588557511197921,0.008792634501693949,7877,7677,False,False,6377,False,False,0.1945,0.0498,results/gate1/scores/159_full_mf1_seed0.npy
159,TkeepSecondMARS,plain,NASA,False,cg048,TkeepSecondMARS,full,1,1,11388,100,200,11388,3500,9329,9340,-0.05942878612299618,0.0014835490557754381,0.001554740456104766,7877,7677,False,False,6644,False,False,0.1932,0.0462,results/gate1/scores/159_full_mf1_seed1.npy
159,TkeepSecondMARS,plain,NASA,False,cg048,TkeepSecondMARS,full,1,2,11388,100,200,11388,3500,9329,9340,-0.051167004095316326,0.003805853173853741,0.0038581946279150742,7877,7677,False,False,6649,False,False,0.1898,0.0465,results/gate1/scores/159_full_mf1_seed2.npy
159,TkeepSecondMARS,plain,NASA,False,cg048,TkeepSecondMARS,full,1.0,0,11388,100,200,11388,3500,9329,9340,-0.030090860107271855,0.012326263111657942,0.010814907618040366,7877,7677,False,False,9373,True,True,0.1689,0.0389,results/gate1/scores/159_full_mf1.0_seed0.npy
159,TkeepSecondMARS,plain,NASA,False,cg048,TkeepSecondMARS,full,1.0,1,11388,100,200,11388,3500,9329,9340,-0.03582940585255873,0.007860573446693265,0.006548330514583211,7877,7677,False,False,9372,True,True,0.1716,0.0397,results/gate1/scores/159_full_mf1.0_seed1.npy
159,TkeepSecondMARS,plain,NASA,False,cg048,TkeepSecondMARS,full,1.0,2,11388,100,200,11388,3500,9329,9340,-0.03572470852567261,0.009818321763068794,0.00881387801517539,7877,7677,False,False,9366,True,True,0.1698,0.0403,results/gate1/scores/159_full_mf1.0_seed2.npy
159,TkeepSecondMARS,plain,NASA,False,cg048,TkeepSecondMARS,train_prefix,1,0,3500,100,200,11388,3500,9329,9340,-0.0027168577337050026,0.014039855464814918,0.013944334111927123,7877,7677,False,False,10780,False,False,0.1102,0.0427,results/gate1/scores/159_train_prefix_mf1_seed0.npy
159,TkeepSecondMARS,plain,NASA,False,cg048,TkeepSecondMARS,train_prefix,1,1,3500,100,200,11388,3500,9329,9340,-0.005560243850716462,0.021981525279556,0.02191242955268686,7877,7677,False,False,10624,False,False,0.1078,0.0419,results/gate1/scores/159_train_prefix_mf1_seed1.npy
159,TkeepSecondMARS,plain,NASA,False,cg048,TkeepSecondMARS,train_prefix,1,2,3500,100,200,11388,3500,9329,9340,-0.0009653632842757109,0.01539662730008183,0.015393584037793485,7877,7677,False,False,7840,False,False,0.1082,0.0436,results/gate1/scores/159_train_prefix_mf1_seed2.npy
159,TkeepSecondMARS,plain,NASA,False,cg048,TkeepSecondMARS,train_prefix,1.0,0,3500,100,200,11388,3500,9329,9340,-0.007629222715864636,0.03067213052617456,0.02999687487963239,7877,7677,False,False,9367,True,True,0.1034,0.034,results/gate1/scores/159_train_prefix_mf1.0_seed0.npy
159,TkeepSecondMARS,plain,NASA,False,cg048,TkeepSecondMARS,train_prefix,1.0,1,3500,100,200,11388,3500,9329,9340,-0.009381687547957318,0.02835056536257072,0.027131538214300817,7877,7677,False,False,9363,True,True,0.1022,0.0344,results/gate1/scores/159_train_prefix_mf1.0_seed1.npy
159,TkeepSecondMARS,plain,NASA,False,cg048,TkeepSecondMARS,train_prefix,1.0,2,3500,100,200,11388,3500,9329,9340,0.007756378655701557,0.020777313624644106,0.02000520555182705,7877,7677,False,False,9371,True,True,0.103,0.0333,results/gate1/scores/159_train_prefix_mf1.0_seed2.npy
160,TkeepThirdMARS,plain,NASA,False,cg048,TkeepThirdMARS,full,1,0,11308,100,200,11308,3500,4710,4809,-0.01912554797752508,0.005596407251221533,0.005634973867176437,7709,7509,False,False,5394,False,False,0.1802,0.0434,results/gate1/scores/160_full_mf1_seed0.npy
160,TkeepThirdMARS,plain,NASA,False,cg048,TkeepThirdMARS,full,1,1,11308,100,200,11308,3500,4710,4809,-0.02754118734527239,0.0030119222745026795,0.0030648183437875145,7709,7509,False,False,6633,False,False,0.1782,0.0427,results/gate1/scores/160_full_mf1_seed1.npy
160,TkeepThirdMARS,plain,NASA,False,cg048,TkeepThirdMARS,full,1,2,11308,100,200,11308,3500,4710,4809,-0.030457398086786158,0.004609888127962301,0.0047178244082547805,7709,7509,False,False,6640,False,False,0.1789,0.0432,results/gate1/scores/160_full_mf1_seed2.npy
160,TkeepThirdMARS,plain,NASA,False,cg048,TkeepThirdMARS,full,1.0,0,11308,100,200,11308,3500,4710,4809,0.006362598698355426,0.007931818379450666,0.007935024723439802,7709,7509,False,False,6644,False,False,0.1659,0.0359,results/gate1/scores/160_full_mf1.0_seed0.npy
160,TkeepThirdMARS,plain,NASA,False,cg048,TkeepThirdMARS,full,1.0,1,11308,100,200,11308,3500,4710,4809,0.016583915787751757,0.005902613671983118,0.0055503580263243065,7709,7509,True,True,4701,True,True,0.1738,0.0422,results/gate1/scores/160_full_mf1.0_seed1.npy
160,TkeepThirdMARS,plain,NASA,False,cg048,TkeepThirdMARS,full,1.0,2,11308,100,200,11308,3500,4710,4809,0.009059160886080497,0.0081158784138164,0.008233985436622036,7709,7509,True,True,5411,False,False,0.1794,0.0435,results/gate1/scores/160_full_mf1.0_seed2.npy
160,TkeepThirdMARS,plain,NASA,False,cg048,TkeepThirdMARS,train_prefix,1,0,3500,100,200,11308,3500,4710,4809,0.017018851555400616,0.01408946711221519,0.014095223616402471,7709,7509,True,True,10700,False,False,0.1093,0.0425,results/gate1/scores/160_train_prefix_mf1_seed0.npy
160,TkeepThirdMARS,plain,NASA,False,cg048,TkeepThirdMARS,train_prefix,1,1,3500,100,200,11308,3500,4710,4809,0.019090667696908592,0.021952498479772226,0.02208519306922926,7709,7509,False,False,10544,False,False,0.1083,0.0437,results/gate1/scores/160_train_prefix_mf1_seed1.npy
160,TkeepThirdMARS,plain,NASA,False,cg048,TkeepThirdMARS,train_prefix,1,2,3500,100,200,11308,3500,4710,4809,0.014001873167688417,0.01539305687914652,0.015395579321681771,7709,7509,False,False,7840,False,False,0.1078,0.0434,results/gate1/scores/160_train_prefix_mf1_seed2.npy
160,TkeepThirdMARS,plain,NASA,False,cg048,TkeepThirdMARS,train_prefix,1.0,0,3500,100,200,11308,3500,4710,4809,0.03811390718365837,0.03135838345861197,0.030023492245802856,7709,7509,True,True,4679,True,True,0.1032,0.035,results/gate1/scores/160_train_prefix_mf1.0_seed0.npy
160,TkeepThirdMARS,plain,NASA,False,cg048,TkeepThirdMARS,train_prefix,1.0,1,3500,100,200,11308,3500,4710,4809,0.06166023096248907,0.02842949099838677,0.027390995096182966,7709,7509,True,True,4736,True,True,0.1024,0.0335,results/gate1/scores/160_train_prefix_mf1.0_seed1.npy
160,TkeepThirdMARS,plain,NASA,False,cg048,TkeepThirdMARS,train_prefix,1.0,2,3500,100,200,11308,3500,4710,4809,0.04641920486922435,0.021086310450562813,0.020028666539853465,7709,7509,True,True,4687,True,True,0.1023,0.0332,results/gate1/scores/160_train_prefix_mf1.0_seed2.npy
161,WalkingAceleration1,plain,Acceleration,False,cg053,WalkingAceleration1,full,1,0,6684,100,200,6684,1500,2763,2995,-0.0026891539394804376,0.009936255582375177,0.01007543919514519,4952,4752,False,False,4111,False,False,0.1469,0.0327,results/gate1/scores/161_full_mf1_seed0.npy
161,WalkingAceleration1,plain,Acceleration,False,cg053,WalkingAceleration1,full,1,1,6684,100,200,6684,1500,2763,2995,-0.0013465089026250543,0.00998191175338667,0.010037797015654916,4952,4752,False,False,4058,False,False,0.1459,0.0323,results/gate1/scores/161_full_mf1_seed1.npy
161,WalkingAceleration1,plain,Acceleration,False,cg053,WalkingAceleration1,full,1,2,6684,100,200,6684,1500,2763,2995,-0.002632594242279518,0.009619991308795046,0.009682824944812245,4952,4752,False,False,5562,False,False,0.1467,0.0326,results/gate1/scores/161_full_mf1_seed2.npy
161,WalkingAceleration1,plain,Acceleration,False,cg053,WalkingAceleration1,full,1.0,0,6684,100,200,6684,1500,2763,2995,-0.029779956019696352,0.021746302046282147,0.021921962031893213,4952,4752,False,False,5577,False,False,0.1243,0.0221,results/gate1/scores/161_full_mf1.0_seed0.npy
161,WalkingAceleration1,plain,Acceleration,False,cg053,WalkingAceleration1,full,1.0,1,6684,100,200,6684,1500,2763,2995,-0.02357305838285212,0.01661729646081201,0.017182874094003472,4952,4752,False,False,4067,False,False,0.1241,0.0222,results/gate1/scores/161_full_mf1.0_seed1.npy
161,WalkingAceleration1,plain,Acceleration,False,cg053,WalkingAceleration1,full,1.0,2,6684,100,200,6684,1500,2763,2995,-0.029891544171634366,0.018444350332484438,0.018604599783907994,4952,4752,False,False,5562,False,False,0.1245,0.0251,results/gate1/scores/161_full_mf1.0_seed2.npy
161,WalkingAceleration1,plain,Acceleration,False,cg053,WalkingAceleration1,train_prefix,1,0,1500,100,200,6684,1500,2763,2995,-0.0017933601679726574,0.021749725407704666,0.0218231005961907,4952,4752,False,False,5547,False,False,0.0901,0.0323,results/gate1/scores/161_train_prefix_mf1_seed0.npy
161,WalkingAceleration1,plain,Acceleration,False,cg053,WalkingAceleration1,train_prefix,1,1,1500,100,200,6684,1500,2763,2995,-0.006184109045518582,0.022361757037180123,0.022450305650833013,4952,4752,False,False,5629,False,False,0.0893,0.0325,results/gate1/scores/161_train_prefix_mf1_seed1.npy
161,WalkingAceleration1,plain,Acceleration,False,cg053,WalkingAceleration1,train_prefix,1,2,1500,100,200,6684,1500,2763,2995,-0.0031036138131275703,0.022139506655685905,0.02227739463419674,4952,4752,False,False,5568,False,False,0.0889,0.0326,results/gate1/scores/161_train_prefix_mf1_seed2.npy
161,WalkingAceleration1,plain,Acceleration,False,cg053,WalkingAceleration1,train_prefix,1.0,0,1500,100,200,6684,1500,2763,2995,-0.006687592181548574,0.05077310048232966,0.050957141126522734,4952,4752,False,False,5755,False,False,0.0831,0.0218,results/gate1/scores/161_train_prefix_mf1.0_seed0.npy
161,WalkingAceleration1,plain,Acceleration,False,cg053,WalkingAceleration1,train_prefix,1.0,1,1500,100,200,6684,1500,2763,2995,-0.008266783132696243,0.0500750271049399,0.05024331923526166,4952,4752,False,False,5756,False,False,0.0831,0.022,results/gate1/scores/161_train_prefix_mf1.0_seed1.npy
161,WalkingAceleration1,plain,Acceleration,False,cg053,WalkingAceleration1,train_prefix,1.0,2,1500,100,200,6684,1500,2763,2995,-0.01974992344093668,0.056407173447779534,0.056591644617341876,4952,4752,False,False,5751,False,False,0.0845,0.0223,results/gate1/scores/161_train_prefix_mf1.0_seed2.npy
162,WalkingAceleration5,plain,Acceleration,False,cg053,WalkingAceleration5,full,1,0,6684,100,200,6684,2700,5919,5979,0.11835482390052543,0.028767679510364186,0.011585864461718016,3924,3724,True,True,5958,True,True,0.1506,0.0324,results/gate1/scores/162_full_mf1_seed0.npy
162,WalkingAceleration5,plain,Acceleration,False,cg053,WalkingAceleration5,full,1,1,6684,100,200,6684,2700,5919,5979,0.11508749517541006,0.04823856606413209,0.009762089369970734,3924,3724,True,True,5944,True,True,0.1461,0.0319,results/gate1/scores/162_full_mf1_seed1.npy
162,WalkingAceleration5,plain,Acceleration,False,cg053,WalkingAceleration5,full,1,2,6684,100,200,6684,2700,5919,5979,0.12293710393560486,0.033480163477501185,0.009330430272976009,3924,3724,True,True,5946,True,True,0.1508,0.0318,results/gate1/scores/162_full_mf1_seed2.npy
162,WalkingAceleration5,plain,Acceleration,False,cg053,WalkingAceleration5,full,1.0,0,6684,100,200,6684,2700,5919,5979,0.2079535346543998,0.10081770786418151,0.017064036685377672,3924,3724,True,True,5946,True,True,0.1276,0.0218,results/gate1/scores/162_full_mf1.0_seed0.npy
162,WalkingAceleration5,plain,Acceleration,False,cg053,WalkingAceleration5,full,1.0,1,6684,100,200,6684,2700,5919,5979,0.2131783623870725,0.10594500565154458,0.01634118943097247,3924,3724,True,True,5931,True,True,0.1249,0.0223,results/gate1/scores/162_full_mf1.0_seed1.npy
162,WalkingAceleration5,plain,Acceleration,False,cg053,WalkingAceleration5,full,1.0,2,6684,100,200,6684,2700,5919,5979,0.2081101721335638,0.10997417780009844,0.018479593729369772,3924,3724,True,True,5940,True,True,0.1579,0.0243,results/gate1/scores/162_full_mf1.0_seed2.npy
162,WalkingAceleration5,plain,Acceleration,False,cg053,WalkingAceleration5,train_prefix,1,0,2700,100,200,6684,2700,5919,5979,0.16464236416952815,0.042631663102756734,0.020971406146526508,3924,3724,True,True,5950,True,True,0.1093,0.0327,results/gate1/scores/162_train_prefix_mf1_seed0.npy
162,WalkingAceleration5,plain,Acceleration,False,cg053,WalkingAceleration5,train_prefix,1,1,2700,100,200,6684,2700,5919,5979,0.14374895428091783,0.06560421469022891,0.02430164559493287,3924,3724,True,True,5943,True,True,0.1099,0.0336,results/gate1/scores/162_train_prefix_mf1_seed1.npy
162,WalkingAceleration5,plain,Acceleration,False,cg053,WalkingAceleration5,train_prefix,1,2,2700,100,200,6684,2700,5919,5979,0.15685745142255775,0.056255245864464364,0.022104193290445513,3924,3724,True,True,5946,True,True,0.11,0.0334,results/gate1/scores/162_train_prefix_mf1_seed2.npy
162,WalkingAceleration5,plain,Acceleration,False,cg053,WalkingAceleration5,train_prefix,1.0,0,2700,100,200,6684,2700,5919,5979,0.22619638891170862,0.13500264250896382,0.05308234027092793,3924,3724,True,True,5946,True,True,0.0994,0.0228,results/gate1/scores/162_train_prefix_mf1.0_seed0.npy
162,WalkingAceleration5,plain,Acceleration,False,cg053,WalkingAceleration5,train_prefix,1.0,1,2700,100,200,6684,2700,5919,5979,0.23817780905071068,0.14493171018021184,0.05932456882012718,3924,3724,True,True,5943,True,True,0.0984,0.0229,results/gate1/scores/162_train_prefix_mf1.0_seed1.npy
162,WalkingAceleration5,plain,Acceleration,False,cg053,WalkingAceleration5,train_prefix,1.0,2,2700,100,200,6684,2700,5919,5979,0.23199993114058082,0.13172327728692618,0.05718526323268451,3924,3724,True,True,5946,True,True,0.0988,0.0231,results/gate1/scores/162_train_prefix_mf1.0_seed2.npy
163,apneaecg2,plain,ECG,True,cg055,apneaecg2,full,1,0,38501,100,200,38501,10000,20949,21100,0.15186394598386133,0.06068367518416533,0.06077759843401848,28350,28150,True,True,21035,True,True,0.4579,0.1337,results/gate1/scores/163_full_mf1_seed0.npy
163,apneaecg2,plain,ECG,True,cg055,apneaecg2,full,1,1,38501,100,200,38501,10000,20949,21100,0.13551985675253325,0.055608011529465665,0.05569333719462178,28350,28150,True,True,21034,True,True,0.4805,0.1445,results/gate1/scores/163_full_mf1_seed1.npy
163,apneaecg2,plain,ECG,True,cg055,apneaecg2,full,1,2,38501,100,200,38501,10000,20949,21100,0.14192983240028162,0.05965970367409765,0.05981806291387713,28350,28150,True,True,21036,True,True,0.4722,0.1456,results/gate1/scores/163_full_mf1_seed2.npy
163,apneaecg2,plain,ECG,True,cg055,apneaecg2,full,1.0,0,38501,100,200,38501,10000,20949,21100,0.14648049638932226,0.10231837155896556,0.10234112556136579,28350,28150,True,True,27005,False,False,0.3463,0.0846,results/gate1/scores/163_full_mf1.0_seed0.npy
163,apneaecg2,plain,ECG,True,cg055,apneaecg2,full,1.0,1,38501,100,200,38501,10000,20949,21100,0.1427082022919895,0.08061297038937497,0.08073619601430142,28350,28150,True,True,21035,True,True,0.4135,0.0991,results/gate1/scores/163_full_mf1.0_seed1.npy
163,apneaecg2,plain,ECG,True,cg055,apneaecg2,full,1.0,2,38501,100,200,38501,10000,20949,21100,0.13776652950912222,0.09484536424774496,0.09500425540010828,28350,28150,True,True,21022,True,True,0.4505,0.1385,results/gate1/scores/163_full_mf1.0_seed2.npy
163,apneaecg2,plain,ECG,True,cg055,apneaecg2,train_prefix,1,0,10000,100,200,38501,10000,20949,21100,0.14034629544146837,0.058619394581085185,0.058674542427120085,28350,28150,True,True,21032,True,True,0.1415,0.1172,results/gate1/scores/163_train_prefix_mf1_seed0.npy
163,apneaecg2,plain,ECG,True,cg055,apneaecg2,train_prefix,1,1,10000,100,200,38501,10000,20949,21100,0.1185626542703504,0.045452325436834265,0.045572739867657516,28350,28150,True,True,21037,True,True,0.1406,0.1135,results/gate1/scores/163_train_prefix_mf1_seed1.npy
163,apneaecg2,plain,ECG,True,cg055,apneaecg2,train_prefix,1,2,10000,100,200,38501,10000,20949,21100,0.14196644212931886,0.05695841510077343,0.05699945173517647,28350,28150,True,True,21026,True,True,0.15,0.1506,results/gate1/scores/163_train_prefix_mf1_seed2.npy
163,apneaecg2,plain,ECG,True,cg055,apneaecg2,train_prefix,1.0,0,10000,100,200,38501,10000,20949,21100,0.1269284300527334,0.09745856209644004,0.09749287784844454,28350,28150,True,True,27006,False,False,0.1409,0.0878,results/gate1/scores/163_train_prefix_mf1.0_seed0.npy
163,apneaecg2,plain,ECG,True,cg055,apneaecg2,train_prefix,1.0,1,10000,100,200,38501,10000,20949,21100,0.1500604924801867,0.08879612503567375,0.08882440306081531,28350,28150,True,True,21064,True,True,0.1333,0.0843,results/gate1/scores/163_train_prefix_mf1.0_seed1.npy
163,apneaecg2,plain,ECG,True,cg055,apneaecg2,train_prefix,1.0,2,10000,100,200,38501,10000,20949,21100,0.14669622477896804,0.11085691790421036,0.1110933973182197,28350,28150,True,True,26984,False,False,0.1364,0.0976,results/gate1/scores/163_train_prefix_mf1.0_seed2.npy
164,apneaecg3,plain,ECG,True,cg056,apneaecg3,full,1,0,38379,100,200,38379,5000,11110,11211,-0.008358162809820546,0.06737226946429632,0.06741439623370489,33278,33078,False,False,26882,False,False,0.4807,0.1435,results/gate1/scores/164_full_mf1_seed0.npy
164,apneaecg3,plain,ECG,True,cg056,apneaecg3,full,1,1,38379,100,200,38379,5000,11110,11211,-0.01630604830731064,0.05339518354960754,0.053478242008736306,33278,33078,False,False,17656,False,False,0.486,0.1466,results/gate1/scores/164_full_mf1_seed1.npy
164,apneaecg3,plain,ECG,True,cg056,apneaecg3,full,1,2,38379,100,200,38379,5000,11110,11211,-0.016614170775604342,0.06120472699955238,0.061265415959459765,33278,33078,False,False,26871,False,False,0.4644,0.1575,results/gate1/scores/164_full_mf1_seed2.npy
164,apneaecg3,plain,ECG,True,cg056,apneaecg3,full,1.0,0,38379,100,200,38379,5000,11110,11211,-0.06546183799196537,0.10447780955243113,0.1045161081949723,33278,33078,False,False,26882,False,False,0.3378,0.1619,results/gate1/scores/164_full_mf1.0_seed0.npy
164,apneaecg3,plain,ECG,True,cg056,apneaecg3,full,1.0,1,38379,100,200,38379,5000,11110,11211,-0.06988130583716246,0.0832970432390796,0.08334845514331533,33278,33078,False,False,26893,False,False,0.3385,0.1772,results/gate1/scores/164_full_mf1.0_seed1.npy
164,apneaecg3,plain,ECG,True,cg056,apneaecg3,full,1.0,2,38379,100,200,38379,5000,11110,11211,-0.07519564082712282,0.09773554583816464,0.09787230281352582,33278,33078,False,False,26879,False,False,0.3392,0.1513,results/gate1/scores/164_full_mf1.0_seed2.npy
164,apneaecg3,plain,ECG,True,cg056,apneaecg3,train_prefix,1,0,5000,100,200,38379,5000,11110,11211,0.010154798017091238,0.09114984110556053,0.09117079843532319,33278,33078,False,False,26890,False,False,0.1097,0.1313,results/gate1/scores/164_train_prefix_mf1_seed0.npy
164,apneaecg3,plain,ECG,True,cg056,apneaecg3,train_prefix,1,1,5000,100,200,38379,5000,11110,11211,0.00200790204917467,0.07698638609741755,0.07701143824817976,33278,33078,False,False,37093,False,False,0.1372,0.113,results/gate1/scores/164_train_prefix_mf1_seed1.npy
164,apneaecg3,plain,ECG,True,cg056,apneaecg3,train_prefix,1,2,5000,100,200,38379,5000,11110,11211,0.0066971057826706315,0.0904143318714877,0.09045724739315272,33278,33078,False,False,37090,False,False,0.1174,0.1232,results/gate1/scores/164_train_prefix_mf1_seed2.npy
164,apneaecg3,plain,ECG,True,cg056,apneaecg3,train_prefix,1.0,0,5000,100,200,38379,5000,11110,11211,0.004672291340028001,0.1681340947585805,0.16821691833494062,33278,33078,False,False,26859,False,False,0.1032,0.0859,results/gate1/scores/164_train_prefix_mf1.0_seed0.npy
164,apneaecg3,plain,ECG,True,cg056,apneaecg3,train_prefix,1.0,1,5000,100,200,38379,5000,11110,11211,-0.013054874340254263,0.14659080245944892,0.14661510996159538,33278,33078,False,False,26903,False,False,0.1064,0.0894,results/gate1/scores/164_train_prefix_mf1.0_seed1.npy
164,apneaecg3,plain,ECG,True,cg056,apneaecg3,train_prefix,1.0,2,5000,100,200,38379,5000,11110,11211,-0.017883079091605192,0.15919230425774172,0.15923640668647732,33278,33078,False,False,37090,False,False,0.1061,0.0824,results/gate1/scores/164_train_prefix_mf1.0_seed2.npy
165,apneaecg4,plain,ECG,True,cg057,apneaecg4,full,1,0,38269,100,200,38269,6000,15999,16100,-0.05505441308867154,0.06500874929364052,0.06508024905381114,32168,31968,False,False,26771,False,False,0.4334,0.1475,results/gate1/scores/165_full_mf1_seed0.npy
165,apneaecg4,plain,ECG,True,cg057,apneaecg4,full,1,1,38269,100,200,38269,6000,15999,16100,-0.06082785700423027,0.051929418518682574,0.051970814882137326,32168,31968,False,False,17548,False,False,0.4751,0.1436,results/gate1/scores/165_full_mf1_seed1.npy
165,apneaecg4,plain,ECG,True,cg057,apneaecg4,full,1,2,38269,100,200,38269,6000,15999,16100,-0.057913107045378664,0.06287015630519426,0.06293537327891521,32168,31968,False,False,26775,False,False,0.4733,0.1503,results/gate1/scores/165_full_mf1_seed2.npy
165,apneaecg4,plain,ECG,True,cg057,apneaecg4,full,1.0,0,38269,100,200,38269,6000,15999,16100,-0.09530912957390275,0.10160381104929471,0.10167162125008013,32168,31968,False,False,26751,False,False,0.4103,0.1131,results/gate1/scores/165_full_mf1.0_seed0.npy
165,apneaecg4,plain,ECG,True,cg057,apneaecg4,full,1.0,1,38269,100,200,38269,6000,15999,16100,-0.1046152159180811,0.08280145136302894,0.08288587482566663,32168,31968,False,False,26783,False,False,0.4412,0.1347,results/gate1/scores/165_full_mf1.0_seed1.npy
165,apneaecg4,plain,ECG,True,cg057,apneaecg4,full,1.0,2,38269,100,200,38269,6000,15999,16100,-0.1001104502507294,0.09302753260629441,0.09317467517257362,32168,31968,False,False,36978,False,False,0.3927,0.1257,results/gate1/scores/165_full_mf1.0_seed2.npy
165,apneaecg4,plain,ECG,True,cg057,apneaecg4,train_prefix,1,0,6000,100,200,38269,6000,15999,16100,-0.05093279027640485,0.06950741400550062,0.06956016929944202,32168,31968,False,False,26771,False,False,0.1168,0.157,results/gate1/scores/165_train_prefix_mf1_seed0.npy
165,apneaecg4,plain,ECG,True,cg057,apneaecg4,train_prefix,1,1,6000,100,200,38269,6000,15999,16100,-0.05604000774163015,0.05827246333207078,0.058333929696843034,32168,31968,False,False,36982,False,False,0.1201,0.1233,results/gate1/scores/165_train_prefix_mf1_seed1.npy
165,apneaecg4,plain,ECG,True,cg057,apneaecg4,train_prefix,1,2,6000,100,200,38269,6000,15999,16100,-0.04693398267502741,0.0723078809696102,0.07241003817628977,32168,31968,False,False,36982,False,False,0.1242,0.1338,results/gate1/scores/165_train_prefix_mf1_seed2.npy
165,apneaecg4,plain,ECG,True,cg057,apneaecg4,train_prefix,1.0,0,6000,100,200,38269,6000,15999,16100,-0.09668619674380285,0.09143750086834751,0.09147142199238864,32168,31968,False,False,34027,False,False,0.1121,0.094,results/gate1/scores/165_train_prefix_mf1.0_seed0.npy
165,apneaecg4,plain,ECG,True,cg057,apneaecg4,train_prefix,1.0,1,6000,100,200,38269,6000,15999,16100,-0.09675662029450427,0.0930546255401656,0.09307964768668374,32168,31968,False,False,26791,False,False,0.1121,0.0946,results/gate1/scores/165_train_prefix_mf1.0_seed1.npy
165,apneaecg4,plain,ECG,True,cg057,apneaecg4,train_prefix,1.0,2,6000,100,200,38269,6000,15999,16100,-0.10001937837599029,0.09905024376092467,0.09908011681336555,32168,31968,False,False,34032,False,False,0.1104,0.1154,results/gate1/scores/165_train_prefix_mf1.0_seed2.npy
166,apneaecg,plain,ECG,True,cg055,apneaecg,full,1,0,38501,100,200,38501,10000,12239,12308,-0.043047848302642355,0.06379646287526554,0.06396534732447748,28432,28232,False,False,17763,False,False,0.4569,0.1358,results/gate1/scores/166_full_mf1_seed0.npy
166,apneaecg,plain,ECG,True,cg055,apneaecg,full,1,1,38501,100,200,38501,10000,12239,12308,-0.04984564844885675,0.05743240190318569,0.05745991896307748,28432,28232,False,False,17779,False,False,0.4475,0.1543,results/gate1/scores/166_full_mf1_seed1.npy
166,apneaecg,plain,ECG,True,cg055,apneaecg,full,1,2,38501,100,200,38501,10000,12239,12308,-0.04947296648737748,0.06099554119599001,0.06104120518906285,28432,28232,False,False,17758,False,False,0.4749,0.1503,results/gate1/scores/166_full_mf1_seed2.npy
166,apneaecg,plain,ECG,True,cg055,apneaecg,full,1.0,0,38501,100,200,38501,10000,12239,12308,-0.07485426399705192,0.10574973720734995,0.10579120269171231,28432,28232,False,False,27005,False,False,0.4582,0.1428,results/gate1/scores/166_full_mf1.0_seed0.npy
166,apneaecg,plain,ECG,True,cg055,apneaecg,full,1.0,1,38501,100,200,38501,10000,12239,12308,-0.09449550813643381,0.08235585279393419,0.08243571128848895,28432,28232,False,False,27017,False,False,0.3949,0.1152,results/gate1/scores/166_full_mf1.0_seed1.npy
166,apneaecg,plain,ECG,True,cg055,apneaecg,full,1.0,2,38501,100,200,38501,10000,12239,12308,-0.08237780277510132,0.09456024039562787,0.0945882798754869,28432,28232,False,False,17776,False,False,0.3346,0.1102,results/gate1/scores/166_full_mf1.0_seed2.npy
166,apneaecg,plain,ECG,True,cg055,apneaecg,train_prefix,1,0,10000,100,200,38501,10000,12239,12308,-0.050825497148781096,0.05897611311626053,0.059061105626898626,28432,28232,False,False,27005,False,False,0.1576,0.1238,results/gate1/scores/166_train_prefix_mf1_seed0.npy
166,apneaecg,plain,ECG,True,cg055,apneaecg,train_prefix,1,1,10000,100,200,38501,10000,12239,12308,-0.05980129890470065,0.04541275981784139,0.045514424778865394,28432,28232,False,False,37213,False,False,0.1609,0.1231,results/gate1/scores/166_train_prefix_mf1_seed1.npy
166,apneaecg,plain,ECG,True,cg055,apneaecg,train_prefix,1,2,10000,100,200,38501,10000,12239,12308,-0.04989738157985829,0.05738760625978798,0.057420715768745155,28432,28232,False,False,37214,False,False,0.1594,0.1401,results/gate1/scores/166_train_prefix_mf1_seed2.npy
166,apneaecg,plain,ECG,True,cg055,apneaecg,train_prefix,1.0,0,10000,100,200,38501,10000,12239,12308,-0.08196983576234484,0.09766435841456468,0.09777203620695579,28432,28232,False,False,27006,False,False,0.1354,0.1203,results/gate1/scores/166_train_prefix_mf1.0_seed0.npy
166,apneaecg,plain,ECG,True,cg055,apneaecg,train_prefix,1.0,1,10000,100,200,38501,10000,12239,12308,-0.08807429754685081,0.08890098746039246,0.08893760555604711,28432,28232,False,False,27016,False,False,0.1429,0.1093,results/gate1/scores/166_train_prefix_mf1.0_seed1.npy
166,apneaecg,plain,ECG,True,cg055,apneaecg,train_prefix,1.0,2,10000,100,200,38501,10000,12239,12308,-0.07574506669467124,0.11131977063505324,0.11145998588153164,28432,28232,False,False,26984,False,False,0.1419,0.111,results/gate1/scores/166_train_prefix_mf1.0_seed2.npy
167,gait1,plain,Gait,False,cg059,gait1,full,1,0,65000,100,200,65000,20000,38499,38800,0.12528680985355145,0.06363688276348407,0.06393217759293511,44699,44499,True,True,60530,False,False,0.7213,0.2694,results/gate1/scores/167_full_mf1_seed0.npy
167,gait1,plain,Gait,False,cg059,gait1,full,1,1,65000,100,200,65000,20000,38499,38800,0.12499823861040715,0.06729017792753118,0.0673386513326987,44699,44499,True,True,60530,False,False,0.7674,0.262,results/gate1/scores/167_full_mf1_seed1.npy
167,gait1,plain,Gait,False,cg059,gait1,full,1,2,65000,100,200,65000,20000,38499,38800,0.12121316997444465,0.05837553379179489,0.05842391263799039,44699,44499,True,True,38749,True,True,0.7633,0.26,results/gate1/scores/167_full_mf1_seed2.npy
167,gait1,plain,Gait,False,cg059,gait1,full,1.0,0,65000,100,200,65000,20000,38499,38800,0.08123789580010576,0.036262085682287226,0.03627711331972317,44699,44499,True,True,38714,True,True,0.5921,0.2471,results/gate1/scores/167_full_mf1.0_seed0.npy
167,gait1,plain,Gait,False,cg059,gait1,full,1.0,1,65000,100,200,65000,20000,38499,38800,0.0737938630759486,0.03556991880908776,0.035724087093716335,44699,44499,True,True,60513,False,False,0.7244,0.289,results/gate1/scores/167_full_mf1.0_seed1.npy
167,gait1,plain,Gait,False,cg059,gait1,full,1.0,2,65000,100,200,65000,20000,38499,38800,0.08995730342970987,0.03805149888698377,0.03814244500940415,44699,44499,True,True,38729,True,True,0.7044,0.2851,results/gate1/scores/167_full_mf1.0_seed2.npy
167,gait1,plain,Gait,False,cg059,gait1,train_prefix,1,0,20000,100,200,65000,20000,38499,38800,0.11600059455927492,0.10593407927948226,0.10594986215843749,44699,44499,True,True,55145,False,False,0.2871,0.2616,results/gate1/scores/167_train_prefix_mf1_seed0.npy
167,gait1,plain,Gait,False,cg059,gait1,train_prefix,1,1,20000,100,200,65000,20000,38499,38800,0.11546232618845431,0.119709949663017,0.11972474664767202,44699,44499,False,False,22114,False,False,0.2877,0.2526,results/gate1/scores/167_train_prefix_mf1_seed1.npy
167,gait1,plain,Gait,False,cg059,gait1,train_prefix,1,2,20000,100,200,65000,20000,38499,38800,0.10960716482341415,0.09613533045032836,0.09621473942359882,44699,44499,True,True,38749,True,True,0.2713,0.2424,results/gate1/scores/167_train_prefix_mf1_seed2.npy
167,gait1,plain,Gait,False,cg059,gait1,train_prefix,1.0,0,20000,100,200,65000,20000,38499,38800,0.07367641050490636,0.05979815998521665,0.05983030807957531,44699,44499,True,True,54003,False,False,0.28,0.168,results/gate1/scores/167_train_prefix_mf1.0_seed0.npy
167,gait1,plain,Gait,False,cg059,gait1,train_prefix,1.0,1,20000,100,200,65000,20000,38499,38800,0.07694163395885678,0.061235654230858444,0.061245068963561945,44699,44499,True,True,60187,False,False,0.2189,0.1901,results/gate1/scores/167_train_prefix_mf1.0_seed1.npy
167,gait1,plain,Gait,False,cg059,gait1,train_prefix,1.0,2,20000,100,200,65000,20000,38499,38800,0.06884312215806254,0.050554187175624515,0.05058551502175309,44699,44499,True,True,38709,True,True,0.2486,0.239,results/gate1/scores/167_train_prefix_mf1.0_seed2.npy
168,gait2,plain,Gait,False,cg059,gait2,full,1,0,65000,100,200,65000,22000,46499,46800,0.10546406577119516,0.0643826760663396,0.06452587706408995,42699,42499,True,True,60530,False,False,0.7772,0.2644,results/gate1/scores/168_full_mf1_seed0.npy
168,gait2,plain,Gait,False,cg059,gait2,full,1,1,65000,100,200,65000,22000,46499,46800,0.11190963489260763,0.06640941360472045,0.06655136368196074,42699,42499,True,True,60531,False,False,0.7755,0.2595,results/gate1/scores/168_full_mf1_seed1.npy
168,gait2,plain,Gait,False,cg059,gait2,full,1,2,65000,100,200,65000,22000,46499,46800,0.11457921688218997,0.06071361686560521,0.060784863033081886,42699,42499,True,True,60507,False,False,0.7511,0.2657,results/gate1/scores/168_full_mf1_seed2.npy
168,gait2,plain,Gait,False,cg059,gait2,full,1.0,0,65000,100,200,65000,22000,46499,46800,0.07628483862418689,0.035683657024322434,0.03571666731626557,42699,42499,True,True,46697,True,True,0.572,0.3106,results/gate1/scores/168_full_mf1.0_seed0.npy
168,gait2,plain,Gait,False,cg059,gait2,full,1.0,1,65000,100,200,65000,22000,46499,46800,0.08106507381089179,0.03731318965142308,0.03741648587018064,42699,42499,True,True,46702,True,True,0.6257,0.2656,results/gate1/scores/168_full_mf1.0_seed1.npy
168,gait2,plain,Gait,False,cg059,gait2,full,1.0,2,65000,100,200,65000,22000,46499,46800,0.09092320996370762,0.03828896967419458,0.03831222260347206,42699,42499,True,True,46705,True,True,0.6842,0.2073,results/gate1/scores/168_full_mf1.0_seed2.npy
168,gait2,plain,Gait,False,cg059,gait2,train_prefix,1,0,22000,100,200,65000,22000,46499,46800,0.13083606607289944,0.11998527285745943,0.1200852902264059,42699,42499,True,True,55154,False,False,0.3106,0.2562,results/gate1/scores/168_train_prefix_mf1_seed0.npy
168,gait2,plain,Gait,False,cg059,gait2,train_prefix,1,1,22000,100,200,65000,22000,46499,46800,0.13537873850427662,0.12453689616090112,0.12460259034284203,42699,42499,True,True,55156,False,False,0.3056,0.2453,results/gate1/scores/168_train_prefix_mf1_seed1.npy
168,gait2,plain,Gait,False,cg059,gait2,train_prefix,1,2,22000,100,200,65000,22000,46499,46800,0.12838731717489538,0.11100077189278144,0.11111533550837453,42699,42499,True,True,55150,False,False,0.3073,0.2425,results/gate1/scores/168_train_prefix_mf1_seed2.npy
168,gait2,plain,Gait,False,cg059,gait2,train_prefix,1.0,0,22000,100,200,65000,22000,46499,46800,0.07807119171988719,0.05955815930678574,0.059571541480232346,42699,42499,True,True,54021,False,False,0.2194,0.1939,results/gate1/scores/168_train_prefix_mf1.0_seed0.npy
168,gait2,plain,Gait,False,cg059,gait2,train_prefix,1.0,1,22000,100,200,65000,22000,46499,46800,0.08582651070777547,0.06589271649032609,0.06593745708346907,42699,42499,True,True,60497,False,False,0.2539,0.2483,results/gate1/scores/168_train_prefix_mf1.0_seed1.npy
168,gait2,plain,Gait,False,cg059,gait2,train_prefix,1.0,2,22000,100,200,65000,22000,46499,46800,0.0870140422709661,0.060931439498949046,0.060963083254348245,42699,42499,True,True,46724,True,True,0.2475,0.2209,results/gate1/scores/168_train_prefix_mf1.0_seed2.npy
169,gait3,plain,Gait,False,cg059,gait3,full,1,0,65000,100,200,65000,24500,59899,60500,0.09697777016322107,0.06664604298936086,0.06132251476144807,39899,39699,True,True,60531,True,True,0.7893,0.2649,results/gate1/scores/169_full_mf1_seed0.npy
169,gait3,plain,Gait,False,cg059,gait3,full,1,1,65000,100,200,65000,24500,59899,60500,0.11302930400720468,0.06924230362250612,0.06364525588145013,39899,39699,True,True,55144,False,False,0.7679,0.2614,results/gate1/scores/169_full_mf1_seed1.npy
169,gait3,plain,Gait,False,cg059,gait3,full,1,2,65000,100,200,65000,24500,59899,60500,0.10509260295569656,0.06041704857965773,0.05585601809348099,39899,39699,True,True,60506,True,True,0.7486,0.2938,results/gate1/scores/169_full_mf1_seed2.npy
169,gait3,plain,Gait,False,cg059,gait3,full,1.0,0,65000,100,200,65000,24500,59899,60500,0.05163275695854774,0.037332580237949185,0.03606726796252718,39899,39699,True,True,54019,False,False,0.6878,0.3055,results/gate1/scores/169_full_mf1.0_seed0.npy
169,gait3,plain,Gait,False,cg059,gait3,full,1.0,1,65000,100,200,65000,24500,59899,60500,0.07339479669687532,0.03679088140709975,0.03548694178721199,39899,39699,True,True,60502,True,True,0.6742,0.3026,results/gate1/scores/169_full_mf1.0_seed1.npy
169,gait3,plain,Gait,False,cg059,gait3,full,1.0,2,65000,100,200,65000,24500,59899,60500,0.07559066294290073,0.037998633134198385,0.03689439535202346,39899,39699,True,True,60496,True,True,0.6003,0.2182,results/gate1/scores/169_full_mf1.0_seed2.npy
169,gait3,plain,Gait,False,cg059,gait3,train_prefix,1,0,24500,100,200,65000,24500,59899,60500,0.1173498651139121,0.11863467200952171,0.11403686670349023,39899,39699,False,True,55155,False,False,0.3319,0.2584,results/gate1/scores/169_train_prefix_mf1_seed0.npy
169,gait3,plain,Gait,False,cg059,gait3,train_prefix,1,1,24500,100,200,65000,24500,59899,60500,0.11632125548547723,0.11528700786371834,0.1111178868293575,39899,39699,True,True,55156,False,False,0.3309,0.2475,results/gate1/scores/169_train_prefix_mf1_seed1.npy
169,gait3,plain,Gait,False,cg059,gait3,train_prefix,1,2,24500,100,200,65000,24500,59899,60500,0.11440516396406508,0.10503339206669196,0.10126125621344721,39899,39699,True,True,55148,False,False,0.3495,0.2286,results/gate1/scores/169_train_prefix_mf1_seed2.npy
169,gait3,plain,Gait,False,cg059,gait3,train_prefix,1.0,0,24500,100,200,65000,24500,59899,60500,0.05873676297967456,0.0594109477603818,0.05799552259967287,39899,39699,False,True,54017,False,False,0.2554,0.195,results/gate1/scores/169_train_prefix_mf1.0_seed0.npy
169,gait3,plain,Gait,False,cg059,gait3,train_prefix,1.0,1,24500,100,200,65000,24500,59899,60500,0.0881087825961252,0.06087617328269065,0.059662657431934774,39899,39699,True,True,60511,True,True,0.2879,0.2166,results/gate1/scores/169_train_prefix_mf1.0_seed1.npy
169,gait3,plain,Gait,False,cg059,gait3,train_prefix,1.0,2,24500,100,200,65000,24500,59899,60500,0.06895999277760823,0.060129877172992285,0.05882240459134361,39899,39699,True,True,54018,False,False,0.2868,0.2149,results/gate1/scores/169_train_prefix_mf1.0_seed2.npy
170,gaitHunt1,plain,Gait,False,cg062,gaitHunt1,full,1,0,64000,100,200,64000,18500,33069,33180,0.02730327610435046,0.02110155788225102,0.021136597220164904,45389,45189,True,True,60490,False,False,0.7393,0.2458,results/gate1/scores/170_full_mf1_seed0.npy
170,gaitHunt1,plain,Gait,False,cg062,gaitHunt1,full,1,1,64000,100,200,64000,18500,33069,33180,0.026388988129853463,0.02322931006461455,0.02331555285273819,45389,45189,True,True,60466,False,False,0.7347,0.2537,results/gate1/scores/170_full_mf1_seed1.npy
170,gaitHunt1,plain,Gait,False,cg062,gaitHunt1,full,1,2,64000,100,200,64000,18500,33069,33180,0.030044777552931112,0.02454837491123253,0.024570642860571097,45389,45189,True,True,60468,False,False,0.7283,0.2869,results/gate1/scores/170_full_mf1_seed2.npy
170,gaitHunt1,plain,Gait,False,cg062,gaitHunt1,full,1.0,0,64000,100,200,64000,18500,33069,33180,0.04216193366993959,0.02332382753989005,0.0233548796284101,45389,45189,True,True,23114,False,False,0.6887,0.2943,results/gate1/scores/170_full_mf1.0_seed0.npy
170,gaitHunt1,plain,Gait,False,cg062,gaitHunt1,full,1.0,1,64000,100,200,64000,18500,33069,33180,0.03345243463065506,0.02271893576912183,0.022813293786974005,45389,45189,True,True,23106,False,False,0.7065,0.2924,results/gate1/scores/170_full_mf1.0_seed1.npy
170,gaitHunt1,plain,Gait,False,cg062,gaitHunt1,full,1.0,2,64000,100,200,64000,18500,33069,33180,0.05161077438347972,0.025142571765032762,0.025155240231231318,45389,45189,True,True,23105,False,False,0.5962,0.2091,results/gate1/scores/170_full_mf1.0_seed2.npy
170,gaitHunt1,plain,Gait,False,cg062,gaitHunt1,train_prefix,1,0,18500,100,200,64000,18500,33069,33180,0.025682774919104312,0.033073735295443246,0.03311680037827031,45389,45189,False,False,60495,False,False,0.2617,0.2398,results/gate1/scores/170_train_prefix_mf1_seed0.npy
170,gaitHunt1,plain,Gait,False,cg062,gaitHunt1,train_prefix,1,1,18500,100,200,64000,18500,33069,33180,0.019318797045863034,0.04026483519563097,0.04035490754844819,45389,45189,False,False,60467,False,False,0.2405,0.2424,results/gate1/scores/170_train_prefix_mf1_seed1.npy
170,gaitHunt1,plain,Gait,False,cg062,gaitHunt1,train_prefix,1,2,18500,100,200,64000,18500,33069,33180,0.02362707998482705,0.03905944173645235,0.039107813466491614,45389,45189,False,False,60464,False,False,0.255,0.2446,results/gate1/scores/170_train_prefix_mf1_seed2.npy
170,gaitHunt1,plain,Gait,False,cg062,gaitHunt1,train_prefix,1.0,0,18500,100,200,64000,18500,33069,33180,0.03797909048228554,0.031049405192367378,0.031054392081774986,45389,45189,True,True,23111,False,False,0.2399,0.2442,results/gate1/scores/170_train_prefix_mf1.0_seed0.npy
170,gaitHunt1,plain,Gait,False,cg062,gaitHunt1,train_prefix,1.0,1,18500,100,200,64000,18500,33069,33180,0.03413642925039484,0.026676122949222208,0.02669679961141794,45389,45189,True,True,23106,False,False,0.2553,0.211,results/gate1/scores/170_train_prefix_mf1.0_seed1.npy
170,gaitHunt1,plain,Gait,False,cg062,gaitHunt1,train_prefix,1.0,2,18500,100,200,64000,18500,33069,33180,0.04007834854350345,0.028400563867528452,0.028475779038992288,45389,45189,True,True,23107,False,False,0.2343,0.2177,results/gate1/scores/170_train_prefix_mf1.0_seed2.npy
171,gaitHunt2,plain,Gait,False,cg062,gaitHunt2,full,1,0,64000,100,200,64000,18500,31199,31850,0.048809188685838056,0.020053157448369805,0.02008055680489456,44849,44649,True,True,22924,False,False,0.6541,0.2257,results/gate1/scores/171_full_mf1_seed0.npy
171,gaitHunt2,plain,Gait,False,cg062,gaitHunt2,full,1,1,64000,100,200,64000,18500,31199,31850,0.03110792599340184,0.024953811096271927,0.025002294858322654,44849,44649,True,True,60465,False,False,0.6342,0.2217,results/gate1/scores/171_full_mf1_seed1.npy
171,gaitHunt2,plain,Gait,False,cg062,gaitHunt2,full,1,2,64000,100,200,64000,18500,31199,31850,0.044565543818900655,0.024837999696228335,0.024884311528514013,44849,44649,True,True,60468,False,False,0.6498,0.2247,results/gate1/scores/171_full_mf1_seed2.npy
171,gaitHunt2,plain,Gait,False,cg062,gaitHunt2,full,1.0,0,64000,100,200,64000,18500,31199,31850,0.06393135354430624,0.02220927701580851,0.022268293593894414,44849,44649,True,True,23111,False,False,0.4797,0.1514,results/gate1/scores/171_full_mf1.0_seed0.npy
171,gaitHunt2,plain,Gait,False,cg062,gaitHunt2,full,1.0,1,64000,100,200,64000,18500,31199,31850,0.06642158334838832,0.02215362388341667,0.022181924087767577,44849,44649,True,True,31252,True,True,0.532,0.1839,results/gate1/scores/171_full_mf1.0_seed1.npy
171,gaitHunt2,plain,Gait,False,cg062,gaitHunt2,full,1.0,2,64000,100,200,64000,18500,31199,31850,0.06076323196622735,0.02497752569554628,0.024990357315687026,44849,44649,True,True,31242,True,True,0.5358,0.1649,results/gate1/scores/171_full_mf1.0_seed2.npy
171,gaitHunt2,plain,Gait,False,cg062,gaitHunt2,train_prefix,1,0,18500,100,200,64000,18500,31199,31850,0.03968083348087681,0.03316063252331863,0.03318168625433398,44849,44649,True,True,60495,False,False,0.2633,0.2527,results/gate1/scores/171_train_prefix_mf1_seed0.npy
171,gaitHunt2,plain,Gait,False,cg062,gaitHunt2,train_prefix,1,1,18500,100,200,64000,18500,31199,31850,0.03593850537197185,0.04041180154070233,0.04044038398775037,44849,44649,False,False,60467,False,False,0.2753,0.1994,results/gate1/scores/171_train_prefix_mf1_seed1.npy
171,gaitHunt2,plain,Gait,False,cg062,gaitHunt2,train_prefix,1,2,18500,100,200,64000,18500,31199,31850,0.05445760795656074,0.039157998324651354,0.039209705880602,44849,44649,True,True,60464,False,False,0.2203,0.2042,results/gate1/scores/171_train_prefix_mf1_seed2.npy
171,gaitHunt2,plain,Gait,False,cg062,gaitHunt2,train_prefix,1.0,0,18500,100,200,64000,18500,31199,31850,0.05785345694999655,0.031127301754362954,0.03116097032475455,44849,44649,True,True,31743,True,True,0.1928,0.1608,results/gate1/scores/171_train_prefix_mf1.0_seed0.npy
171,gaitHunt2,plain,Gait,False,cg062,gaitHunt2,train_prefix,1.0,1,18500,100,200,64000,18500,31199,31850,0.07020199444786679,0.026798984124324337,0.026819773333840346,44849,44649,True,True,31732,True,True,0.1998,0.1668,results/gate1/scores/171_train_prefix_mf1.0_seed1.npy
171,gaitHunt2,plain,Gait,False,cg062,gaitHunt2,train_prefix,1.0,2,18500,100,200,64000,18500,31199,31850,0.07010786935039992,0.0285555711330635,0.028630819993405745,44849,44649,True,True,31255,True,True,0.1915,0.1548,results/gate1/scores/171_train_prefix_mf1.0_seed2.npy
172,gaitHunt3,plain,Gait,False,cg062,gaitHunt3,full,1,0,64000,100,200,64000,23400,38399,39200,0.06085331463456345,0.02113038996606767,0.020576112517485125,39799,39599,True,True,60494,False,False,0.6444,0.2181,results/gate1/scores/172_full_mf1_seed0.npy
172,gaitHunt3,plain,Gait,False,cg062,gaitHunt3,full,1,1,64000,100,200,64000,23400,38399,39200,0.06011580781892001,0.025160655245461426,0.024646807817528035,39799,39599,True,True,60470,False,False,0.6551,0.2286,results/gate1/scores/172_full_mf1_seed1.npy
172,gaitHunt3,plain,Gait,False,cg062,gaitHunt3,full,1,2,64000,100,200,64000,23400,38399,39200,0.057450038349377786,0.02477125312180731,0.024368725788489906,39799,39599,True,True,38488,True,True,0.645,0.24,results/gate1/scores/172_full_mf1_seed2.npy
172,gaitHunt3,plain,Gait,False,cg062,gaitHunt3,full,1.0,0,64000,100,200,64000,23400,38399,39200,0.08284418857231901,0.01956969296532004,0.01954818684335702,39799,39599,True,True,38489,True,True,0.5162,0.1993,results/gate1/scores/172_full_mf1.0_seed0.npy
172,gaitHunt3,plain,Gait,False,cg062,gaitHunt3,full,1.0,1,64000,100,200,64000,23400,38399,39200,0.07618629784842745,0.019017500008308607,0.019040392080450635,39799,39599,True,True,38480,True,True,0.5142,0.1908,results/gate1/scores/172_full_mf1.0_seed1.npy
172,gaitHunt3,plain,Gait,False,cg062,gaitHunt3,full,1.0,2,64000,100,200,64000,23400,38399,39200,0.07913105011858734,0.020874054410335994,0.020875230270616,39799,39599,True,True,38474,True,True,0.5045,0.1675,results/gate1/scores/172_full_mf1.0_seed2.npy
172,gaitHunt3,plain,Gait,False,cg062,gaitHunt3,train_prefix,1,0,23400,100,200,64000,23400,38399,39200,0.05944156166915482,0.029067037239570923,0.02873626215477476,39799,39599,True,True,60494,False,False,0.3506,0.243,results/gate1/scores/172_train_prefix_mf1_seed0.npy
172,gaitHunt3,plain,Gait,False,cg062,gaitHunt3,train_prefix,1,1,23400,100,200,64000,23400,38399,39200,0.05065331309611354,0.03266057737513344,0.032038276090672106,39799,39599,True,True,60473,False,False,0.2874,0.2104,results/gate1/scores/172_train_prefix_mf1_seed1.npy
172,gaitHunt3,plain,Gait,False,cg062,gaitHunt3,train_prefix,1,2,23400,100,200,64000,23400,38399,39200,0.06268184485277972,0.036678193734278906,0.03597613622179357,39799,39599,True,True,60489,False,False,0.2707,0.2222,results/gate1/scores/172_train_prefix_mf1_seed2.npy
172,gaitHunt3,plain,Gait,False,cg062,gaitHunt3,train_prefix,1.0,0,23400,100,200,64000,23400,38399,39200,0.06847180478223625,0.021539911243217594,0.02135541107467989,39799,39599,True,True,38487,True,True,0.2259,0.1557,results/gate1/scores/172_train_prefix_mf1.0_seed0.npy
172,gaitHunt3,plain,Gait,False,cg062,gaitHunt3,train_prefix,1.0,1,23400,100,200,64000,23400,38399,39200,0.06717811696181941,0.0224609126350878,0.022172048468060576,39799,39599,True,True,38478,True,True,0.2429,0.1632,results/gate1/scores/172_train_prefix_mf1.0_seed1.npy
172,gaitHunt3,plain,Gait,False,cg062,gaitHunt3,train_prefix,1.0,2,23400,100,200,64000,23400,38399,39200,0.060960528167286254,0.02432302727181941,0.02372532645682086,39799,39599,True,True,38475,True,True,0.226,0.174,results/gate1/scores/172_train_prefix_mf1.0_seed2.npy
173,insectEPG1,plain,EPG,False,cg065,insectEPG1,full,1,0,10001,100,200,10001,3000,6999,7030,0.012727736229127484,0.022308631757161117,0.022602665738497577,6970,6770,False,False,6325,False,False,0.1941,0.0458,results/gate1/scores/173_full_mf1_seed0.npy
173,insectEPG1,plain,EPG,False,cg065,insectEPG1,full,1,1,10001,100,200,10001,3000,6999,7030,0.0047806962476786286,0.02012183022712942,0.020281083881260865,6970,6770,False,False,6331,False,False,0.2011,0.0499,results/gate1/scores/173_full_mf1_seed1.npy
173,insectEPG1,plain,EPG,False,cg065,insectEPG1,full,1,2,10001,100,200,10001,3000,6999,7030,0.01534452119458185,0.021164493617596754,0.021882313965760448,6970,6770,False,False,6316,False,False,0.19,0.0539,results/gate1/scores/173_full_mf1_seed2.npy
173,insectEPG1,plain,EPG,False,cg065,insectEPG1,full,1.0,0,10001,100,200,10001,3000,6999,7030,0.025221212477344768,0.04071402640009554,0.04212100168144931,6970,6770,False,False,6361,False,False,0.1804,0.0417,results/gate1/scores/173_full_mf1.0_seed0.npy
173,insectEPG1,plain,EPG,False,cg065,insectEPG1,full,1.0,1,10001,100,200,10001,3000,6999,7030,0.03418452581775622,0.041128492054974465,0.041305645272834035,6970,6770,False,False,6350,False,False,0.1742,0.0416,results/gate1/scores/173_full_mf1.0_seed1.npy
173,insectEPG1,plain,EPG,False,cg065,insectEPG1,full,1.0,2,10001,100,200,10001,3000,6999,7030,0.02942156468763668,0.04293744474930288,0.043196909487345954,6970,6770,False,False,6343,False,False,0.1835,0.0421,results/gate1/scores/173_full_mf1.0_seed2.npy
173,insectEPG1,plain,EPG,False,cg065,insectEPG1,train_prefix,1,0,3000,100,200,10001,3000,6999,7030,0.023451429929344902,0.03389345255383536,0.03401586217454485,6970,6770,False,False,6325,False,False,0.1139,0.0491,results/gate1/scores/173_train_prefix_mf1_seed0.npy
173,insectEPG1,plain,EPG,False,cg065,insectEPG1,train_prefix,1,1,3000,100,200,10001,3000,6999,7030,0.021176714928055507,0.03419864081877929,0.03425449683087246,6970,6770,False,False,6321,False,False,0.1111,0.0478,results/gate1/scores/173_train_prefix_mf1_seed1.npy
173,insectEPG1,plain,EPG,False,cg065,insectEPG1,train_prefix,1,2,3000,100,200,10001,3000,6999,7030,0.025276441800466842,0.0332683422433955,0.03329340497632135,6970,6770,False,False,6344,False,False,0.1105,0.0505,results/gate1/scores/173_train_prefix_mf1_seed2.npy
173,insectEPG1,plain,EPG,False,cg065,insectEPG1,train_prefix,1.0,0,3000,100,200,10001,3000,6999,7030,0.044266179389761406,0.05501915537771392,0.055696076058124794,6970,6770,False,False,6323,False,False,0.1089,0.0425,results/gate1/scores/173_train_prefix_mf1.0_seed0.npy
173,insectEPG1,plain,EPG,False,cg065,insectEPG1,train_prefix,1.0,1,3000,100,200,10001,3000,6999,7030,0.04849870984518667,0.05278207117480403,0.052973277295859184,6970,6770,False,False,6350,False,False,0.1057,0.0421,results/gate1/scores/173_train_prefix_mf1.0_seed1.npy
173,insectEPG1,plain,EPG,False,cg065,insectEPG1,train_prefix,1.0,2,3000,100,200,10001,3000,6999,7030,0.035638789051560926,0.05182534094547138,0.052007744481638155,6970,6770,False,False,6333,False,False,0.1077,0.0449,results/gate1/scores/173_train_prefix_mf1.0_seed2.npy
174,insectEPG2,plain,EPG,False,cg065,insectEPG2,full,1,0,9998,100,200,9998,3700,7999,8025,0.034933860003044215,0.024543651184961688,0.023864835443416187,6272,6072,True,True,6328,False,False,0.1827,0.0472,results/gate1/scores/174_full_mf1_seed0.npy
174,insectEPG2,plain,EPG,False,cg065,insectEPG2,full,1,1,9998,100,200,9998,3700,7999,8025,0.017234186083073588,0.023579738523235045,0.02366982529783616,6272,6072,False,False,6355,False,False,0.2091,0.0526,results/gate1/scores/174_full_mf1_seed1.npy
174,insectEPG2,plain,EPG,False,cg065,insectEPG2,full,1,2,9998,100,200,9998,3700,7999,8025,0.027532066677240397,0.022269322065774737,0.02208201358858978,6272,6072,True,True,6313,False,False,0.2172,0.0552,results/gate1/scores/174_full_mf1_seed2.npy
174,insectEPG2,plain,EPG,False,cg065,insectEPG2,full,1.0,0,9998,100,200,9998,3700,7999,8025,0.04949141113294586,0.04619180333723446,0.04354547005227551,6272,6072,True,True,6321,False,False,0.1767,0.0427,results/gate1/scores/174_full_mf1.0_seed0.npy
174,insectEPG2,plain,EPG,False,cg065,insectEPG2,full,1.0,1,9998,100,200,9998,3700,7999,8025,0.06335536225631433,0.04712933845963498,0.042672867556436414,6272,6072,True,True,6348,False,False,0.186,0.0493,results/gate1/scores/174_full_mf1.0_seed1.npy
174,insectEPG2,plain,EPG,False,cg065,insectEPG2,full,1.0,2,9998,100,200,9998,3700,7999,8025,0.060912171012465266,0.04700261878937133,0.04391745356857255,6272,6072,True,True,6334,False,False,0.1883,0.0421,results/gate1/scores/174_full_mf1.0_seed2.npy
174,insectEPG2,plain,EPG,False,cg065,insectEPG2,train_prefix,1,0,3700,100,200,9998,3700,7999,8025,0.05187160826246573,0.03450857469447998,0.034435746168318265,6272,6072,True,True,6328,False,False,0.1243,0.0488,results/gate1/scores/174_train_prefix_mf1_seed0.npy
174,insectEPG2,plain,EPG,False,cg065,insectEPG2,train_prefix,1,1,3700,100,200,9998,3700,7999,8025,0.0309651146831873,0.035101227496605325,0.035101227496605325,6272,6072,False,False,6355,False,False,0.1214,0.0482,results/gate1/scores/174_train_prefix_mf1_seed1.npy
174,insectEPG2,plain,EPG,False,cg065,insectEPG2,train_prefix,1,2,3700,100,200,9998,3700,7999,8025,0.029524368458820782,0.03425989032567355,0.03466724750334387,6272,6072,False,False,6335,False,False,0.1236,0.0506,results/gate1/scores/174_train_prefix_mf1_seed2.npy
174,insectEPG2,plain,EPG,False,cg065,insectEPG2,train_prefix,1.0,0,3700,100,200,9998,3700,7999,8025,0.05971122253728922,0.0566461827331449,0.053656362815625164,6272,6072,True,True,6340,False,False,0.1138,0.0409,results/gate1/scores/174_train_prefix_mf1.0_seed0.npy
174,insectEPG2,plain,EPG,False,cg065,insectEPG2,train_prefix,1.0,1,3700,100,200,9998,3700,7999,8025,0.05297704694502536,0.056800915727550555,0.054432323719782946,6272,6072,False,False,6350,False,False,0.112,0.042,results/gate1/scores/174_train_prefix_mf1.0_seed1.npy
174,insectEPG2,plain,EPG,False,cg065,insectEPG2,train_prefix,1.0,2,3700,100,200,9998,3700,7999,8025,0.057571336189821354,0.05453679700939182,0.05234541051900318,6272,6072,True,True,6329,False,False,0.1172,0.0454,results/gate1/scores/174_train_prefix_mf1.0_seed2.npy
175,insectEPG3,plain,EPG,False,cg065,insectEPG3,full,1,0,9998,100,200,9998,5200,6999,7050,0.030839080258240004,0.025950939243837463,0.026416752137015418,4747,4547,True,True,6338,False,False,0.196,0.0484,results/gate1/scores/175_full_mf1_seed0.npy
175,insectEPG3,plain,EPG,False,cg065,insectEPG3,full,1,1,9998,100,200,9998,5200,6999,7050,0.0266689440098985,0.025215803555395027,0.025509252843258248,4747,4547,True,True,6355,False,False,0.1988,0.0493,results/gate1/scores/175_full_mf1_seed1.npy
175,insectEPG3,plain,EPG,False,cg065,insectEPG3,full,1,2,9998,100,200,9998,5200,6999,7050,0.01560144115766493,0.023707338153190854,0.023807107983435855,4747,4547,False,False,6338,False,False,0.1988,0.0506,results/gate1/scores/175_full_mf1_seed2.npy
175,insectEPG3,plain,EPG,False,cg065,insectEPG3,full,1.0,0,9998,100,200,9998,5200,6999,7050,0.017407216076431142,0.05207283976235994,0.05277201721391235,4747,4547,False,False,6329,False,False,0.1745,0.0391,results/gate1/scores/175_full_mf1.0_seed0.npy
175,insectEPG3,plain,EPG,False,cg065,insectEPG3,full,1.0,1,9998,100,200,9998,5200,6999,7050,0.020818109979680588,0.054296851528055384,0.05464127813321003,4747,4547,False,False,6315,False,False,0.179,0.0436,results/gate1/scores/175_full_mf1.0_seed1.npy
175,insectEPG3,plain,EPG,False,cg065,insectEPG3,full,1.0,2,9998,100,200,9998,5200,6999,7050,0.01707106203578157,0.04980014650507183,0.05051725525476168,4747,4547,False,False,6350,False,False,0.1812,0.0412,results/gate1/scores/175_full_mf1.0_seed2.npy
175,insectEPG3,plain,EPG,False,cg065,insectEPG3,train_prefix,1,0,5200,100,200,9998,5200,6999,7050,0.033062425222243785,0.0358718629455879,0.0360112099735003,4747,4547,False,False,6325,False,False,0.1434,0.0506,results/gate1/scores/175_train_prefix_mf1_seed0.npy
175,insectEPG3,plain,EPG,False,cg065,insectEPG3,train_prefix,1,1,5200,100,200,9998,5200,6999,7050,0.027813929804884285,0.03488772499761577,0.03525250408040503,4747,4547,False,False,6329,False,False,0.1416,0.052,results/gate1/scores/175_train_prefix_mf1_seed1.npy
175,insectEPG3,plain,EPG,False,cg065,insectEPG3,train_prefix,1,2,5200,100,200,9998,5200,6999,7050,0.03729988109282745,0.03373024372033594,0.034376233131238575,4747,4547,True,True,6335,False,False,0.1414,0.0528,results/gate1/scores/175_train_prefix_mf1_seed2.npy
175,insectEPG3,plain,EPG,False,cg065,insectEPG3,train_prefix,1.0,0,5200,100,200,9998,5200,6999,7050,0.03323675112675295,0.056065212562050736,0.05659548022509072,4747,4547,False,False,6332,False,False,0.1341,0.0437,results/gate1/scores/175_train_prefix_mf1.0_seed0.npy
175,insectEPG3,plain,EPG,False,cg065,insectEPG3,train_prefix,1.0,1,5200,100,200,9998,5200,6999,7050,0.0335636665473531,0.05924173394585525,0.06017933773132051,4747,4547,False,False,6351,False,False,0.133,0.0449,results/gate1/scores/175_train_prefix_mf1.0_seed1.npy
175,insectEPG3,plain,EPG,False,cg065,insectEPG3,train_prefix,1.0,2,5200,100,200,9998,5200,6999,7050,0.0473417757428074,0.05599326813884096,0.056423732103123715,4747,4547,False,False,6333,False,False,0.1331,0.0444,results/gate1/scores/175_train_prefix_mf1.0_seed2.npy
176,insectEPG4,plain,EPG,False,cg065,insectEPG4,full,1,0,9998,100,200,9998,1300,6507,6558,0.020294423595559108,0.02041137651705644,0.020551691250845463,8647,8447,False,False,6328,False,False,0.1992,0.0486,results/gate1/scores/176_full_mf1_seed0.npy
176,insectEPG4,plain,EPG,False,cg065,insectEPG4,full,1,1,9998,100,200,9998,1300,6507,6558,0.012605590224054941,0.019583931542363174,0.019462456079655823,8647,8447,False,False,6355,False,False,0.1968,0.049,results/gate1/scores/176_full_mf1_seed1.npy
176,insectEPG4,plain,EPG,False,cg065,insectEPG4,full,1,2,9998,100,200,9998,1300,6507,6558,0.02157789723496606,0.0187451429780539,0.01877341595405237,8647,8447,True,True,6313,False,False,0.1996,0.0498,results/gate1/scores/176_full_mf1_seed2.npy
176,insectEPG4,plain,EPG,False,cg065,insectEPG4,full,1.0,0,9998,100,200,9998,1300,6507,6558,0.026785380247991875,0.038900698786640146,0.03909800241600472,8647,8447,False,False,6347,False,False,0.1741,0.0403,results/gate1/scores/176_full_mf1.0_seed0.npy
176,insectEPG4,plain,EPG,False,cg065,insectEPG4,full,1.0,1,9998,100,200,9998,1300,6507,6558,0.03296064640841867,0.03626371212780117,0.036752919062912955,8647,8447,False,False,6349,False,False,0.2189,0.0453,results/gate1/scores/176_full_mf1.0_seed1.npy
176,insectEPG4,plain,EPG,False,cg065,insectEPG4,full,1.0,2,9998,100,200,9998,1300,6507,6558,0.029248108185488286,0.03845910044938303,0.03908664582571496,8647,8447,False,False,6328,False,False,0.1819,0.0466,results/gate1/scores/176_full_mf1.0_seed2.npy
176,insectEPG4,plain,EPG,False,cg065,insectEPG4,train_prefix,1,0,1300,100,200,9998,1300,6507,6558,0.020546807699480363,0.030821230279141,0.030821230279141,8647,8447,False,False,6325,False,False,0.0924,0.049,results/gate1/scores/176_train_prefix_mf1_seed0.npy
176,insectEPG4,plain,EPG,False,cg065,insectEPG4,train_prefix,1,1,1300,100,200,9998,1300,6507,6558,0.021975922422170724,0.029136640366707097,0.02932964785109193,8647,8447,False,False,6356,False,False,0.0921,0.0506,results/gate1/scores/176_train_prefix_mf1_seed1.npy
176,insectEPG4,plain,EPG,False,cg065,insectEPG4,train_prefix,1,2,1300,100,200,9998,1300,6507,6558,0.02315383687311867,0.03069678846790823,0.030728577123943245,8647,8447,False,False,6335,False,False,0.0919,0.0512,results/gate1/scores/176_train_prefix_mf1_seed2.npy
176,insectEPG4,plain,EPG,False,cg065,insectEPG4,train_prefix,1.0,0,1300,100,200,9998,1300,6507,6558,0.03637146696731319,0.05006674867961708,0.050489069871860984,8647,8447,False,False,6333,False,False,0.0902,0.0444,results/gate1/scores/176_train_prefix_mf1.0_seed0.npy
176,insectEPG4,plain,EPG,False,cg065,insectEPG4,train_prefix,1.0,1,1300,100,200,9998,1300,6507,6558,0.035299771409584846,0.051817529612996266,0.05198836324029426,8647,8447,False,False,6351,False,False,0.0911,0.0432,results/gate1/scores/176_train_prefix_mf1.0_seed1.npy
176,insectEPG4,plain,EPG,False,cg065,insectEPG4,train_prefix,1.0,2,1300,100,200,9998,1300,6507,6558,0.04074920720159825,0.05186846186598921,0.052216183381560255,8647,8447,False,False,6333,False,False,0.0908,0.0444,results/gate1/scores/176_train_prefix_mf1.0_seed2.npy
177,insectEPG5,plain,EPG,False,cg065,insectEPG5,full,1,0,10028,100,200,10028,3200,8499,8501,-0.013036532878662965,0.022637712925520054,0.022803062528790774,6826,6626,False,False,6323,False,False,0.2211,0.0597,results/gate1/scores/177_full_mf1_seed0.npy
177,insectEPG5,plain,EPG,False,cg065,insectEPG5,full,1,1,10028,100,200,10028,3200,8499,8501,-0.01645951724569561,0.021608813217052186,0.021767785674705414,6826,6626,False,False,6330,False,False,0.2284,0.0567,results/gate1/scores/177_full_mf1_seed1.npy
177,insectEPG5,plain,EPG,False,cg065,insectEPG5,full,1,2,10028,100,200,10028,3200,8499,8501,-0.02675168900445879,0.021139962466654005,0.02144671737599424,6826,6626,False,False,6313,False,False,0.22,0.0558,results/gate1/scores/177_full_mf1_seed2.npy
177,insectEPG5,plain,EPG,False,cg065,insectEPG5,full,1.0,0,10028,100,200,10028,3200,8499,8501,0.06337256338118763,0.06291181607731836,0.04210162237993567,6826,6626,True,True,8519,True,True,0.194,0.0491,results/gate1/scores/177_full_mf1.0_seed0.npy
177,insectEPG5,plain,EPG,False,cg065,insectEPG5,full,1.0,1,10028,100,200,10028,3200,8499,8501,0.06729420004236053,0.06194435758872502,0.03957814397829992,6826,6626,True,True,8519,True,True,0.1787,0.0407,results/gate1/scores/177_full_mf1.0_seed1.npy
177,insectEPG5,plain,EPG,False,cg065,insectEPG5,full,1.0,2,10028,100,200,10028,3200,8499,8501,0.06388572777380552,0.06043680120267622,0.03825690770412679,6826,6626,True,True,8519,True,True,0.1789,0.0417,results/gate1/scores/177_full_mf1.0_seed2.npy
177,insectEPG5,plain,EPG,False,cg065,insectEPG5,train_prefix,1,0,3200,100,200,10028,3200,8499,8501,-0.014331264046106018,0.03423402655384977,0.03449111939203031,6826,6626,False,False,6325,False,False,0.117,0.0534,results/gate1/scores/177_train_prefix_mf1_seed0.npy
177,insectEPG5,plain,EPG,False,cg065,insectEPG5,train_prefix,1,1,3200,100,200,10028,3200,8499,8501,-0.014398820593808592,0.033505913142300836,0.03371883249886354,6826,6626,False,False,6319,False,False,0.1115,0.0498,results/gate1/scores/177_train_prefix_mf1_seed1.npy
177,insectEPG5,plain,EPG,False,cg065,insectEPG5,train_prefix,1,2,3200,100,200,10028,3200,8499,8501,-0.01578659090370793,0.03242620122990533,0.03269976863828003,6826,6626,False,False,6326,False,False,0.1193,0.0608,results/gate1/scores/177_train_prefix_mf1_seed2.npy
177,insectEPG5,plain,EPG,False,cg065,insectEPG5,train_prefix,1.0,0,3200,100,200,10028,3200,8499,8501,0.06999702188775137,0.06446612330394805,0.050021693267633394,6826,6626,True,True,8520,True,True,0.1131,0.0482,results/gate1/scores/177_train_prefix_mf1.0_seed0.npy
177,insectEPG5,plain,EPG,False,cg065,insectEPG5,train_prefix,1.0,1,3200,100,200,10028,3200,8499,8501,0.07694933546667138,0.06717317566222736,0.05420761468830673,6826,6626,True,True,8520,True,True,0.114,0.05,results/gate1/scores/177_train_prefix_mf1.0_seed1.npy
177,insectEPG5,plain,EPG,False,cg065,insectEPG5,train_prefix,1.0,2,3200,100,200,10028,3200,8499,8501,0.06863503671911675,0.06748742367435473,0.053066090346053835,6826,6626,True,True,8529,True,True,0.1109,0.0413,results/gate1/scores/177_train_prefix_mf1.0_seed2.npy
178,ltstdbs30791AI,plain,ECG,True,cg070,ltstdbs30791AI,full,1,0,56123,100,200,56123,17555,52599,52800,0.1495904429547476,0.05347979737311506,0.053135040097212954,38367,38167,True,True,53399,False,False,0.6921,0.2105,results/gate1/scores/178_full_mf1_seed0.npy
178,ltstdbs30791AI,plain,ECG,True,cg070,ltstdbs30791AI,full,1,1,56123,100,200,56123,17555,52599,52800,0.17592771809673452,0.04852964453322485,0.04852964453322485,38367,38167,True,True,52674,True,True,0.6672,0.2108,results/gate1/scores/178_full_mf1_seed1.npy
178,ltstdbs30791AI,plain,ECG,True,cg070,ltstdbs30791AI,full,1,2,56123,100,200,56123,17555,52599,52800,0.17493718928947805,0.04895363642305997,0.048971836020750406,38367,38167,True,True,52674,True,True,0.7075,0.2344,results/gate1/scores/178_full_mf1_seed2.npy
178,ltstdbs30791AI,plain,ECG,True,cg070,ltstdbs30791AI,full,1.0,0,56123,100,200,56123,17555,52599,52800,0.20375047343204816,0.0261244060582117,0.02594342813665776,38367,38167,True,True,52724,True,True,0.5006,0.1668,results/gate1/scores/178_full_mf1.0_seed0.npy
178,ltstdbs30791AI,plain,ECG,True,cg070,ltstdbs30791AI,full,1.0,1,56123,100,200,56123,17555,52599,52800,0.2100022926645015,0.03195299579252675,0.031785279492665575,38367,38167,True,True,52679,True,True,0.5524,0.1808,results/gate1/scores/178_full_mf1.0_seed1.npy
178,ltstdbs30791AI,plain,ECG,True,cg070,ltstdbs30791AI,full,1.0,2,56123,100,200,56123,17555,52599,52800,0.20496928388073504,0.02458796510446794,0.023942878817827667,38367,38167,True,True,52714,True,True,0.5194,0.2157,results/gate1/scores/178_full_mf1.0_seed2.npy
178,ltstdbs30791AI,plain,ECG,True,cg070,ltstdbs30791AI,train_prefix,1,0,17555,100,200,56123,17555,52599,52800,0.14318908615026726,0.05094625939430795,0.05125719770391247,38367,38167,True,True,53399,False,False,0.2194,0.2236,results/gate1/scores/178_train_prefix_mf1_seed0.npy
178,ltstdbs30791AI,plain,ECG,True,cg070,ltstdbs30791AI,train_prefix,1,1,17555,100,200,56123,17555,52599,52800,0.1616306688920845,0.0502106417492404,0.050366928123569146,38367,38167,True,True,52674,True,True,0.255,0.1971,results/gate1/scores/178_train_prefix_mf1_seed1.npy
178,ltstdbs30791AI,plain,ECG,True,cg070,ltstdbs30791AI,train_prefix,1,2,17555,100,200,56123,17555,52599,52800,0.17466618043710014,0.05063777351787424,0.0506491846755002,38367,38167,True,True,52673,True,True,0.24,0.2219,results/gate1/scores/178_train_prefix_mf1_seed2.npy
178,ltstdbs30791AI,plain,ECG,True,cg070,ltstdbs30791AI,train_prefix,1.0,0,17555,100,200,56123,17555,52599,52800,0.19281536466368288,0.02445536529870233,0.024338459121982466,38367,38167,True,True,52681,True,True,0.1809,0.1352,results/gate1/scores/178_train_prefix_mf1.0_seed0.npy
178,ltstdbs30791AI,plain,ECG,True,cg070,ltstdbs30791AI,train_prefix,1.0,1,17555,100,200,56123,17555,52599,52800,0.2022737415921172,0.028459813584972335,0.02819056143807455,38367,38167,True,True,52673,True,True,0.1843,0.1894,results/gate1/scores/178_train_prefix_mf1.0_seed1.npy
178,ltstdbs30791AI,plain,ECG,True,cg070,ltstdbs30791AI,train_prefix,1.0,2,17555,100,200,56123,17555,52599,52800,0.19235065999887102,0.023534775236176263,0.023117164384490872,38367,38167,True,True,52726,True,True,0.1836,0.1421,results/gate1/scores/178_train_prefix_mf1.0_seed2.npy
179,ltstdbs30791AS,plain,ECG,True,cg071,ltstdbs30791AS,full,1,0,55000,100,200,55000,23000,52599,52800,0.16706473113277975,0.022967759114384742,0.022863976540117136,31799,31599,True,True,52679,True,True,0.6396,0.1961,results/gate1/scores/179_full_mf1_seed0.npy
179,ltstdbs30791AS,plain,ECG,True,cg071,ltstdbs30791AS,full,1,1,55000,100,200,55000,23000,52599,52800,0.19993190059964489,0.028541877365174363,0.028773840252976895,31799,31599,True,True,52677,True,True,0.6353,0.2112,results/gate1/scores/179_full_mf1_seed1.npy
179,ltstdbs30791AS,plain,ECG,True,cg071,ltstdbs30791AS,full,1,2,55000,100,200,55000,23000,52599,52800,0.1990096515076829,0.02674198504799346,0.026600556592005276,31799,31599,True,True,52676,True,True,0.6288,0.225,results/gate1/scores/179_full_mf1_seed2.npy
179,ltstdbs30791AS,plain,ECG,True,cg071,ltstdbs30791AS,full,1.0,0,55000,100,200,55000,23000,52599,52800,0.2484006075352047,0.024525792991072035,0.024479301192233075,31799,31599,True,True,52688,True,True,0.4963,0.1547,results/gate1/scores/179_full_mf1.0_seed0.npy
179,ltstdbs30791AS,plain,ECG,True,cg071,ltstdbs30791AS,full,1.0,1,55000,100,200,55000,23000,52599,52800,0.23661409843922016,0.023478807304869224,0.023478807304869224,31799,31599,True,True,52676,True,True,0.5553,0.1965,results/gate1/scores/179_full_mf1.0_seed1.npy
179,ltstdbs30791AS,plain,ECG,True,cg071,ltstdbs30791AS,full,1.0,2,55000,100,200,55000,23000,52599,52800,0.25103583267909063,0.021793837059085427,0.02152917188254632,31799,31599,True,True,52690,True,True,0.5741,0.1843,results/gate1/scores/179_full_mf1.0_seed2.npy
179,ltstdbs30791AS,plain,ECG,True,cg071,ltstdbs30791AS,train_prefix,1,0,23000,100,200,55000,23000,52599,52800,0.16100605540512658,0.02242340181931592,0.02242340181931592,31799,31599,True,True,52676,True,True,0.3015,0.2094,results/gate1/scores/179_train_prefix_mf1_seed0.npy
179,ltstdbs30791AS,plain,ECG,True,cg071,ltstdbs30791AS,train_prefix,1,1,23000,100,200,55000,23000,52599,52800,0.18972996792873664,0.025077913737087835,0.024868347591939836,31799,31599,True,True,52678,True,True,0.2949,0.2132,results/gate1/scores/179_train_prefix_mf1_seed1.npy
179,ltstdbs30791AS,plain,ECG,True,cg071,ltstdbs30791AS,train_prefix,1,2,23000,100,200,55000,23000,52599,52800,0.1924186565072259,0.02125006435507682,0.02139252029886686,31799,31599,True,True,52677,True,True,0.3567,0.2193,results/gate1/scores/179_train_prefix_mf1_seed2.npy
179,ltstdbs30791AS,plain,ECG,True,cg071,ltstdbs30791AS,train_prefix,1.0,0,23000,100,200,55000,23000,52599,52800,0.22949806100106052,0.019855529411674594,0.019886589443845776,31799,31599,True,True,52687,True,True,0.2364,0.1711,results/gate1/scores/179_train_prefix_mf1.0_seed0.npy
179,ltstdbs30791AS,plain,ECG,True,cg071,ltstdbs30791AS,train_prefix,1.0,1,23000,100,200,55000,23000,52599,52800,0.22966349558510984,0.0212605387432487,0.021284547635229262,31799,31599,True,True,52679,True,True,0.2379,0.187,results/gate1/scores/179_train_prefix_mf1.0_seed1.npy
179,ltstdbs30791AS,plain,ECG,True,cg071,ltstdbs30791AS,train_prefix,1.0,2,23000,100,200,55000,23000,52599,52800,0.2381537346537469,0.016942232908734957,0.01673409737787319,31799,31599,True,True,52690,True,True,0.2236,0.1902,results/gate1/scores/179_train_prefix_mf1.0_seed2.npy
180,ltstdbs30791ES,plain,ECG,True,cg072,ltstdbs30791ES,full,1,0,55000,100,200,55000,20000,52599,52800,0.05357757304889388,0.03678800162157,0.03688064753926811,34799,34599,True,True,29416,False,False,0.6599,0.2217,results/gate1/scores/180_full_mf1_seed0.npy
180,ltstdbs30791ES,plain,ECG,True,cg072,ltstdbs30791ES,full,1,1,55000,100,200,55000,20000,52599,52800,0.022411003417680153,0.030603536190079914,0.030664670866003114,34799,34599,False,False,29787,False,False,0.6835,0.2026,results/gate1/scores/180_full_mf1_seed1.npy
180,ltstdbs30791ES,plain,ECG,True,cg072,ltstdbs30791ES,full,1,2,55000,100,200,55000,20000,52599,52800,0.039834117273174985,0.034790413235846626,0.034811520158305236,34799,34599,True,True,29802,False,False,0.6895,0.2275,results/gate1/scores/180_full_mf1_seed2.npy
180,ltstdbs30791ES,plain,ECG,True,cg072,ltstdbs30791ES,full,1.0,0,55000,100,200,55000,20000,52599,52800,-0.02273120692314512,0.03376674038414834,0.03379399326545058,34799,34599,False,False,53821,False,False,0.5472,0.1983,results/gate1/scores/180_full_mf1.0_seed0.npy
180,ltstdbs30791ES,plain,ECG,True,cg072,ltstdbs30791ES,full,1.0,1,55000,100,200,55000,20000,52599,52800,-0.02062605840499082,0.026538230342989456,0.026596337908861026,34799,34599,False,False,53824,False,False,0.5493,0.1986,results/gate1/scores/180_full_mf1.0_seed1.npy
180,ltstdbs30791ES,plain,ECG,True,cg072,ltstdbs30791ES,full,1.0,2,55000,100,200,55000,20000,52599,52800,-0.018644088891627275,0.03557976863141371,0.035544252407668536,34799,34599,False,False,30486,False,False,0.4513,0.1563,results/gate1/scores/180_full_mf1.0_seed2.npy
180,ltstdbs30791ES,plain,ECG,True,cg072,ltstdbs30791ES,train_prefix,1,0,20000,100,200,55000,20000,52599,52800,0.05019381373402404,0.040423541027775345,0.040471162955988085,34799,34599,True,True,29839,False,False,0.2699,0.2116,results/gate1/scores/180_train_prefix_mf1_seed0.npy
180,ltstdbs30791ES,plain,ECG,True,cg072,ltstdbs30791ES,train_prefix,1,1,20000,100,200,55000,20000,52599,52800,0.030115378763167,0.03511378042823518,0.03516260953866908,34799,34599,False,False,29785,False,False,0.3009,0.2249,results/gate1/scores/180_train_prefix_mf1_seed1.npy
180,ltstdbs30791ES,plain,ECG,True,cg072,ltstdbs30791ES,train_prefix,1,2,20000,100,200,55000,20000,52599,52800,0.03950033140347048,0.03754116364382706,0.03759760601970009,34799,34599,True,True,29794,False,False,0.2866,0.2128,results/gate1/scores/180_train_prefix_mf1_seed2.npy
180,ltstdbs30791ES,plain,ECG,True,cg072,ltstdbs30791ES,train_prefix,1.0,0,20000,100,200,55000,20000,52599,52800,-0.024290709976252323,0.036086401423605766,0.03608983234626714,34799,34599,False,False,53823,False,False,0.2127,0.1721,results/gate1/scores/180_train_prefix_mf1.0_seed0.npy
180,ltstdbs30791ES,plain,ECG,True,cg072,ltstdbs30791ES,train_prefix,1.0,1,20000,100,200,55000,20000,52599,52800,-0.002735055542168019,0.02945848621482054,0.029504067953063765,34799,34599,False,False,32936,False,False,0.2255,0.1933,results/gate1/scores/180_train_prefix_mf1.0_seed1.npy
180,ltstdbs30791ES,plain,ECG,True,cg072,ltstdbs30791ES,train_prefix,1.0,2,20000,100,200,55000,20000,52599,52800,-0.022713297189118076,0.035640208770912535,0.035764236991725,34799,34599,False,False,30281,False,False,0.2193,0.1768,results/gate1/scores/180_train_prefix_mf1.0_seed2.npy
181,park3m,plain,Gait,False,cg073,park3m,full,1,0,90000,100,200,90000,60000,72149,72495,0.0827696302373776,0.022487855076671035,0.022308988759878735,29654,29454,True,True,77319,False,False,0.9729,0.3284,results/gate1/scores/181_full_mf1_seed0.npy
181,park3m,plain,Gait,False,cg073,park3m,full,1,1,90000,100,200,90000,60000,72149,72495,0.07399931638021073,0.026121626554117563,0.0260819098719873,29654,29454,True,True,77325,False,False,0.955,0.3409,results/gate1/scores/181_full_mf1_seed1.npy
181,park3m,plain,Gait,False,cg073,park3m,full,1,2,90000,100,200,90000,60000,72149,72495,0.0683553951362158,0.02451236283584056,0.024559167600827422,29654,29454,True,True,77317,False,False,0.9574,0.3439,results/gate1/scores/181_full_mf1_seed2.npy
181,park3m,plain,Gait,False,cg073,park3m,full,1.0,0,90000,100,200,90000,60000,72149,72495,0.08487637416878524,0.030644826325718258,0.03088468747394818,29654,29454,True,True,77324,False,False,0.7901,0.3008,results/gate1/scores/181_full_mf1.0_seed0.npy
181,park3m,plain,Gait,False,cg073,park3m,full,1.0,1,90000,100,200,90000,60000,72149,72495,0.07595177014680798,0.026385321145783562,0.0266981061905991,29654,29454,True,True,77306,False,False,0.8982,0.3777,results/gate1/scores/181_full_mf1.0_seed1.npy
181,park3m,plain,Gait,False,cg073,park3m,full,1.0,2,90000,100,200,90000,60000,72149,72495,0.08176005755642923,0.0324503713687919,0.032623927675731426,29654,29454,True,True,77319,False,False,0.8702,0.368,results/gate1/scores/181_full_mf1.0_seed2.npy
181,park3m,plain,Gait,False,cg073,park3m,train_prefix,1,0,60000,100,200,90000,60000,72149,72495,0.07174545269859456,0.023359903578935713,0.022890782361876753,29654,29454,True,True,77340,False,False,0.7109,0.3315,results/gate1/scores/181_train_prefix_mf1_seed0.npy
181,park3m,plain,Gait,False,cg073,park3m,train_prefix,1,1,60000,100,200,90000,60000,72149,72495,0.07051598591785313,0.02937984104116161,0.029528921039061445,29654,29454,True,True,77344,False,False,0.6654,0.3535,results/gate1/scores/181_train_prefix_mf1_seed1.npy
181,park3m,plain,Gait,False,cg073,park3m,train_prefix,1,2,60000,100,200,90000,60000,72149,72495,0.06567618690188626,0.02913098831986198,0.029208731875078067,29654,29454,True,True,77323,False,False,0.6929,0.3568,results/gate1/scores/181_train_prefix_mf1_seed2.npy
181,park3m,plain,Gait,False,cg073,park3m,train_prefix,1.0,0,60000,100,200,90000,60000,72149,72495,0.08337778841911048,0.026878906765668804,0.02702361476297118,29654,29454,True,True,77321,False,False,0.5506,0.3353,results/gate1/scores/181_train_prefix_mf1.0_seed0.npy
181,park3m,plain,Gait,False,cg073,park3m,train_prefix,1.0,1,60000,100,200,90000,60000,72149,72495,0.07828499984299453,0.02843630490005669,0.028591059472798698,29654,29454,True,True,77333,False,False,0.5568,0.3289,results/gate1/scores/181_train_prefix_mf1.0_seed1.npy
181,park3m,plain,Gait,False,cg073,park3m,train_prefix,1.0,2,60000,100,200,90000,60000,72149,72495,0.07184656648558163,0.02645254291867544,0.026519783920964556,29654,29454,True,True,77318,False,False,0.4868,0.3483,results/gate1/scores/181_train_prefix_mf1.0_seed2.npy
182,qtdbSel1005V,plain,ECG,True,cg074,qtdbSel1005V,full,1,0,36001,100,200,36001,4000,12399,12800,-0.009206001896691907,0.06871088987718176,0.06885719705063915,31600,31400,False,False,29478,False,False,0.519,0.1758,results/gate1/scores/182_full_mf1_seed0.npy
182,qtdbSel1005V,plain,ECG,True,cg074,qtdbSel1005V,full,1,1,36001,100,200,36001,4000,12399,12800,-0.012578896621802671,0.06359592106751828,0.06372209181290744,31600,31400,False,False,29457,False,False,0.5191,0.1733,results/gate1/scores/182_full_mf1_seed1.npy
182,qtdbSel1005V,plain,ECG,True,cg074,qtdbSel1005V,full,1,2,36001,100,200,36001,4000,12399,12800,-0.010270506244355548,0.07012357430417678,0.07016133036382657,31600,31400,False,False,29477,False,False,0.5261,0.1716,results/gate1/scores/182_full_mf1_seed2.npy
182,qtdbSel1005V,plain,ECG,True,cg074,qtdbSel1005V,full,1.0,0,36001,100,200,36001,4000,12399,12800,-0.013611809346838255,0.06510970228902058,0.06538294648119003,31600,31400,False,False,29484,False,False,0.3578,0.1128,results/gate1/scores/182_full_mf1.0_seed0.npy
182,qtdbSel1005V,plain,ECG,True,cg074,qtdbSel1005V,full,1.0,1,36001,100,200,36001,4000,12399,12800,-0.010914092271731457,0.06970711070217217,0.06978354008584396,31600,31400,False,False,29484,False,False,0.4189,0.1151,results/gate1/scores/182_full_mf1.0_seed1.npy
182,qtdbSel1005V,plain,ECG,True,cg074,qtdbSel1005V,full,1.0,2,36001,100,200,36001,4000,12399,12800,-0.0070097932104417615,0.061058043384451914,0.0611449073030455,31600,31400,False,False,29493,False,False,0.3185,0.1455,results/gate1/scores/182_full_mf1.0_seed2.npy
182,qtdbSel1005V,plain,ECG,True,cg074,qtdbSel1005V,train_prefix,1,0,4000,100,200,36001,4000,12399,12800,0.02623250493987811,0.11012539568570368,0.1103068337773304,31600,31400,False,False,29474,False,False,0.1149,0.1621,results/gate1/scores/182_train_prefix_mf1_seed0.npy
182,qtdbSel1005V,plain,ECG,True,cg074,qtdbSel1005V,train_prefix,1,1,4000,100,200,36001,4000,12399,12800,0.020507562530259094,0.1064223496053022,0.10648784451870769,31600,31400,False,False,29457,False,False,0.1152,0.1738,results/gate1/scores/182_train_prefix_mf1_seed1.npy
182,qtdbSel1005V,plain,ECG,True,cg074,qtdbSel1005V,train_prefix,1,2,4000,100,200,36001,4000,12399,12800,0.019763302087373424,0.11114725618976434,0.11121760056323259,31600,31400,False,False,29476,False,False,0.116,0.1759,results/gate1/scores/182_train_prefix_mf1_seed2.npy
182,qtdbSel1005V,plain,ECG,True,cg074,qtdbSel1005V,train_prefix,1.0,0,4000,100,200,36001,4000,12399,12800,0.027239194644427756,0.09707410688416673,0.09742745108039912,31600,31400,False,False,29491,False,False,0.1052,0.1333,results/gate1/scores/182_train_prefix_mf1.0_seed0.npy
182,qtdbSel1005V,plain,ECG,True,cg074,qtdbSel1005V,train_prefix,1.0,1,4000,100,200,36001,4000,12399,12800,0.021658372385058466,0.10310873460870723,0.10320002654616653,31600,31400,False,False,29478,False,False,0.1092,0.1493,results/gate1/scores/182_train_prefix_mf1.0_seed1.npy
182,qtdbSel1005V,plain,ECG,True,cg074,qtdbSel1005V,train_prefix,1.0,2,4000,100,200,36001,4000,12399,12800,0.014476322031913125,0.09779926648448452,0.09787907972281056,31600,31400,False,False,29489,False,False,0.1032,0.1521,results/gate1/scores/182_train_prefix_mf1.0_seed2.npy
183,qtdbSel100MLII,plain,ECG,True,cg075,qtdbSel100MLII,full,1,0,30000,100,200,30000,4000,13399,13800,-0.0063280588704370255,0.07456424216243293,0.07482955079118683,25599,25399,False,False,9039,False,False,0.4288,0.1273,results/gate1/scores/183_full_mf1_seed0.npy
183,qtdbSel100MLII,plain,ECG,True,cg075,qtdbSel100MLII,full,1,1,30000,100,200,30000,4000,13399,13800,0.002512819688372969,0.07364643640260655,0.07371958815996417,25599,25399,False,False,9047,False,False,0.4438,0.1312,results/gate1/scores/183_full_mf1_seed1.npy
183,qtdbSel100MLII,plain,ECG,True,cg075,qtdbSel100MLII,full,1,2,30000,100,200,30000,4000,13399,13800,-0.008630409993106936,0.07092475942527371,0.07138692937510369,25599,25399,False,False,9040,False,False,0.4384,0.1205,results/gate1/scores/183_full_mf1_seed2.npy
183,qtdbSel100MLII,plain,ECG,True,cg075,qtdbSel100MLII,full,1.0,0,30000,100,200,30000,4000,13399,13800,-0.007820850464203777,0.0525553193099075,0.052813779374405914,25599,25399,False,False,9047,False,False,0.3505,0.0973,results/gate1/scores/183_full_mf1.0_seed0.npy
183,qtdbSel100MLII,plain,ECG,True,cg075,qtdbSel100MLII,full,1.0,1,30000,100,200,30000,4000,13399,13800,-0.007244648032795342,0.06433328976896915,0.06442277582388074,25599,25399,False,False,9040,False,False,0.3475,0.1134,results/gate1/scores/183_full_mf1.0_seed1.npy
183,qtdbSel100MLII,plain,ECG,True,cg075,qtdbSel100MLII,full,1.0,2,30000,100,200,30000,4000,13399,13800,0.009294837097950037,0.04496560264926699,0.045037051083645384,25599,25399,False,False,9032,False,False,0.3101,0.091,results/gate1/scores/183_full_mf1.0_seed2.npy
183,qtdbSel100MLII,plain,ECG,True,cg075,qtdbSel100MLII,train_prefix,1,0,4000,100,200,30000,4000,13399,13800,-0.0019091219347178723,0.08621007683957088,0.08628905475009246,25599,25399,False,False,9040,False,False,0.1102,0.1337,results/gate1/scores/183_train_prefix_mf1_seed0.npy
183,qtdbSel100MLII,plain,ECG,True,cg075,qtdbSel100MLII,train_prefix,1,1,4000,100,200,30000,4000,13399,13800,-0.0006401524461468466,0.07362655646316069,0.07383666700225129,25599,25399,False,False,9045,False,False,0.1166,0.136,results/gate1/scores/183_train_prefix_mf1_seed1.npy
183,qtdbSel100MLII,plain,ECG,True,cg075,qtdbSel100MLII,train_prefix,1,2,4000,100,200,30000,4000,13399,13800,-0.003577635773056642,0.07835693429738033,0.0786421368966939,25599,25399,False,False,9040,False,False,0.1158,0.1379,results/gate1/scores/183_train_prefix_mf1_seed2.npy
183,qtdbSel100MLII,plain,ECG,True,cg075,qtdbSel100MLII,train_prefix,1.0,0,4000,100,200,30000,4000,13399,13800,0.0110013113714017,0.06180634455989741,0.06191462339853828,25599,25399,False,False,9053,False,False,0.102,0.0886,results/gate1/scores/183_train_prefix_mf1.0_seed0.npy
183,qtdbSel100MLII,plain,ECG,True,cg075,qtdbSel100MLII,train_prefix,1.0,1,4000,100,200,30000,4000,13399,13800,-0.000595897381133581,0.06864617302127587,0.06887862180230521,25599,25399,False,False,9043,False,False,0.1024,0.0874,results/gate1/scores/183_train_prefix_mf1.0_seed1.npy
183,qtdbSel100MLII,plain,ECG,True,cg075,qtdbSel100MLII,train_prefix,1.0,2,4000,100,200,30000,4000,13399,13800,0.003590365587064215,0.05445379773022833,0.05452441398549467,25599,25399,False,False,9042,False,False,0.1022,0.0983,results/gate1/scores/183_train_prefix_mf1.0_seed2.npy
184,resperation10,plain,RESP,True,cg076,resperation10,full,1,0,195000,100,200,195000,48000,130699,131880,0.11524183558719281,0.043157582782524746,0.04319003523753485,145819,145619,True,True,134610,False,False,2.0973,0.7332,results/gate1/scores/184_full_mf1_seed0.npy
184,resperation10,plain,RESP,True,cg076,resperation10,full,1,1,195000,100,200,195000,48000,130699,131880,0.09489916572922563,0.03872935241665415,0.03881567051493855,145819,145619,True,True,134603,False,False,2.0685,0.7499,results/gate1/scores/184_full_mf1_seed1.npy
184,resperation10,plain,RESP,True,cg076,resperation10,full,1,2,195000,100,200,195000,48000,130699,131880,0.10006327889285749,0.038655065925790974,0.03868003697151939,145819,145619,True,True,134613,False,False,2.1662,0.7127,results/gate1/scores/184_full_mf1_seed2.npy
184,resperation10,plain,RESP,True,cg076,resperation10,full,1.0,0,195000,100,200,195000,48000,130699,131880,0.13881070121910344,0.058694284896624434,0.058807961795962885,145819,145619,True,True,134616,False,False,1.9102,0.8041,results/gate1/scores/184_full_mf1.0_seed0.npy
184,resperation10,plain,RESP,True,cg076,resperation10,full,1.0,1,195000,100,200,195000,48000,130699,131880,0.14394068542564153,0.06437460892575492,0.06441728911252621,145819,145619,True,True,134618,False,False,1.9019,0.8769,results/gate1/scores/184_full_mf1.0_seed1.npy
184,resperation10,plain,RESP,True,cg076,resperation10,full,1.0,2,195000,100,200,195000,48000,130699,131880,0.13136240715528724,0.05926396276342567,0.05930863893502224,145819,145619,True,True,134616,False,False,1.9726,0.888,results/gate1/scores/184_full_mf1.0_seed2.npy
184,resperation10,plain,RESP,True,cg076,resperation10,train_prefix,1,0,48000,100,200,195000,48000,130699,131880,0.04613985882006211,0.00828759882334777,0.008337040262143427,145819,145619,True,True,134616,False,False,0.5108,0.6955,results/gate1/scores/184_train_prefix_mf1_seed0.npy
184,resperation10,plain,RESP,True,cg076,resperation10,train_prefix,1,1,48000,100,200,195000,48000,130699,131880,0.041393209501544015,0.009465582231246423,0.009496121419982607,145819,145619,True,True,134611,False,False,0.5407,0.6882,results/gate1/scores/184_train_prefix_mf1_seed1.npy
184,resperation10,plain,RESP,True,cg076,resperation10,train_prefix,1,2,48000,100,200,195000,48000,130699,131880,0.0450629177808437,0.008456808967625644,0.008478221005004442,145819,145619,True,True,134611,False,False,0.5167,0.7032,results/gate1/scores/184_train_prefix_mf1_seed2.npy
184,resperation10,plain,RESP,True,cg076,resperation10,train_prefix,1.0,0,48000,100,200,195000,48000,130699,131880,0.06650426825244282,0.01680414946837226,0.016819961808970305,145819,145619,True,True,134614,False,False,0.5451,0.7678,results/gate1/scores/184_train_prefix_mf1.0_seed0.npy
184,resperation10,plain,RESP,True,cg076,resperation10,train_prefix,1.0,1,48000,100,200,195000,48000,130699,131880,0.06775078380784572,0.018280016589498644,0.01832072852201277,145819,145619,True,True,134624,False,False,0.5127,0.7637,results/gate1/scores/184_train_prefix_mf1.0_seed1.npy
184,resperation10,plain,RESP,True,cg076,resperation10,train_prefix,1.0,2,48000,100,200,195000,48000,130699,131880,0.06792495658406805,0.01697726097412544,0.016997910753241915,145819,145619,True,True,134609,False,False,0.4702,0.7562,results/gate1/scores/184_train_prefix_mf1.0_seed2.npy
185,resperation11,plain,RESP,True,cg076,resperation11,full,1,0,195000,100,200,195000,58000,110799,110801,-0.01229280071636274,0.03834467752809477,0.03834987399477873,136998,136798,False,False,134610,False,False,2.0769,0.745,results/gate1/scores/185_full_mf1_seed0.npy
185,resperation11,plain,RESP,True,cg076,resperation11,full,1,1,195000,100,200,195000,58000,110799,110801,-0.009575218778555605,0.03509482761826845,0.03514796518354227,136998,136798,False,False,134603,False,False,2.1978,0.7652,results/gate1/scores/185_full_mf1_seed1.npy
185,resperation11,plain,RESP,True,cg076,resperation11,full,1,2,195000,100,200,195000,58000,110799,110801,-0.004589618128435169,0.03497380422449975,0.03499528577145608,136998,136798,False,False,134613,False,False,2.1411,0.7709,results/gate1/scores/185_full_mf1_seed2.npy
185,resperation11,plain,RESP,True,cg076,resperation11,full,1.0,0,195000,100,200,195000,58000,110799,110801,-0.016459056420680795,0.055560205597384206,0.05559138659156272,136998,136798,False,False,134616,False,False,1.9647,0.8494,results/gate1/scores/185_full_mf1.0_seed0.npy
185,resperation11,plain,RESP,True,cg076,resperation11,full,1.0,1,195000,100,200,195000,58000,110799,110801,-0.01224417664091515,0.05675656781652687,0.0567811621701051,136998,136798,False,False,134630,False,False,2.0506,0.8948,results/gate1/scores/185_full_mf1.0_seed1.npy
185,resperation11,plain,RESP,True,cg076,resperation11,full,1.0,2,195000,100,200,195000,58000,110799,110801,-0.01263503062864968,0.05672583602851333,0.05678346972331971,136998,136798,False,False,134615,False,False,1.9836,1.023,results/gate1/scores/185_full_mf1.0_seed2.npy
185,resperation11,plain,RESP,True,cg076,resperation11,train_prefix,1,0,58000,100,200,195000,58000,110799,110801,-0.024356837634365913,0.008083852104026573,0.008094526279815967,136998,136798,False,False,134611,False,False,0.6664,0.7357,results/gate1/scores/185_train_prefix_mf1_seed0.npy
185,resperation11,plain,RESP,True,cg076,resperation11,train_prefix,1,1,58000,100,200,195000,58000,110799,110801,-0.02159755228900473,0.009608579129457383,0.00965784165903063,136998,136798,False,False,134605,False,False,0.6748,0.7387,results/gate1/scores/185_train_prefix_mf1_seed1.npy
185,resperation11,plain,RESP,True,cg076,resperation11,train_prefix,1,2,58000,100,200,195000,58000,110799,110801,-0.013585464586851836,0.009345679184856594,0.009349276329717982,136998,136798,False,False,134624,False,False,0.6904,0.7312,results/gate1/scores/185_train_prefix_mf1_seed2.npy
185,resperation11,plain,RESP,True,cg076,resperation11,train_prefix,1.0,0,58000,100,200,195000,58000,110799,110801,-0.012177291677214486,0.014259195044148845,0.014289997313221801,136998,136798,False,False,134613,False,False,0.5471,0.8102,results/gate1/scores/185_train_prefix_mf1.0_seed0.npy
185,resperation11,plain,RESP,True,cg076,resperation11,train_prefix,1.0,1,58000,100,200,195000,58000,110799,110801,-0.025237946599619532,0.013176465433118026,0.013232534100293878,136998,136798,False,False,134627,False,False,0.5416,0.7284,results/gate1/scores/185_train_prefix_mf1.0_seed1.npy
185,resperation11,plain,RESP,True,cg076,resperation11,train_prefix,1.0,2,58000,100,200,195000,58000,110799,110801,-0.02020273577192444,0.014786822955704892,0.014792937860371523,136998,136798,False,False,134615,False,False,0.6361,0.8877,results/gate1/scores/185_train_prefix_mf1.0_seed2.npy
186,resperation1,plain,RESP,True,cg078,resperation1,full,1,0,200000,100,200,200000,100000,110259,110412,-0.01870851366832016,0.03486410635399412,0.03497856197978167,99847,99647,False,False,134609,False,False,2.1995,0.7911,results/gate1/scores/186_full_mf1_seed0.npy
186,resperation1,plain,RESP,True,cg078,resperation1,full,1,1,200000,100,200,200000,100000,110259,110412,-0.01768479773443965,0.03115836998760687,0.03123285013544283,99847,99647,False,False,134614,False,False,2.1978,0.7806,results/gate1/scores/186_full_mf1_seed1.npy
186,resperation1,plain,RESP,True,cg078,resperation1,full,1,2,200000,100,200,200000,100000,110259,110412,-0.0162511470566693,0.028760559333299948,0.028877183614201996,99847,99647,False,False,134613,False,False,2.1597,0.805,results/gate1/scores/186_full_mf1_seed2.npy
186,resperation1,plain,RESP,True,cg078,resperation1,full,1.0,0,200000,100,200,200000,100000,110259,110412,-0.0022399916397128905,0.048906417191990015,0.04898045654761938,99847,99647,False,False,134616,False,False,2.0266,0.9499,results/gate1/scores/186_full_mf1.0_seed0.npy
186,resperation1,plain,RESP,True,cg078,resperation1,full,1.0,1,200000,100,200,200000,100000,110259,110412,0.009159382762739532,0.0545554033709288,0.054695825947446285,99847,99647,False,False,134627,False,False,2.2209,0.9994,results/gate1/scores/186_full_mf1.0_seed1.npy
186,resperation1,plain,RESP,True,cg078,resperation1,full,1.0,2,200000,100,200,200000,100000,110259,110412,0.005762582063632005,0.04755666547130044,0.04775335018473363,99847,99647,False,False,134617,False,False,2.1625,0.902,results/gate1/scores/186_full_mf1.0_seed2.npy
186,resperation1,plain,RESP,True,cg078,resperation1,train_prefix,1,0,100000,100,200,200000,100000,110259,110412,-0.03482357195796182,0.014416620355895082,0.014441877680099418,99847,99647,False,False,134611,False,False,1.1256,0.756,results/gate1/scores/186_train_prefix_mf1_seed0.npy
186,resperation1,plain,RESP,True,cg078,resperation1,train_prefix,1,1,100000,100,200,200000,100000,110259,110412,-0.013741918192904712,0.013839381287266294,0.013877762915116967,99847,99647,False,False,134606,False,False,1.0868,0.7709,results/gate1/scores/186_train_prefix_mf1_seed1.npy
186,resperation1,plain,RESP,True,cg078,resperation1,train_prefix,1,2,100000,100,200,200000,100000,110259,110412,-0.02279128375938122,0.013977915561874325,0.014031635639815118,99847,99647,False,False,134607,False,False,1.1171,0.7729,results/gate1/scores/186_train_prefix_mf1_seed2.npy
186,resperation1,plain,RESP,True,cg078,resperation1,train_prefix,1.0,0,100000,100,200,200000,100000,110259,110412,-0.016724785155580624,0.02469374455757357,0.024811124613849666,99847,99647,False,False,134616,False,False,0.9493,0.9484,results/gate1/scores/186_train_prefix_mf1.0_seed0.npy
186,resperation1,plain,RESP,True,cg078,resperation1,train_prefix,1.0,1,100000,100,200,200000,100000,110259,110412,-0.007307315229689304,0.026025998368085213,0.026066420216910607,99847,99647,False,False,134618,False,False,1.0229,0.9143,results/gate1/scores/186_train_prefix_mf1.0_seed1.npy
186,resperation1,plain,RESP,True,cg078,resperation1,train_prefix,1.0,2,100000,100,200,200000,100000,110259,110412,-0.002305249493678274,0.02269975484274619,0.02284276385204119,99847,99647,False,False,134610,False,False,1.0132,0.8997,results/gate1/scores/186_train_prefix_mf1.0_seed2.npy
187,resperation2,plain,RESP,True,cg078,resperation2,full,1,0,200051,100,200,200051,30000,168249,168250,-0.09407536582400006,0.06623215785352649,0.06628138827735412,170050,169850,False,False,134608,False,False,2.2648,0.7511,results/gate1/scores/187_full_mf1_seed0.npy
187,resperation2,plain,RESP,True,cg078,resperation2,full,1,1,200051,100,200,200051,30000,168249,168250,-0.08848494548198377,0.06049620921511843,0.06052353486999191,170050,169850,False,False,134622,False,False,2.24,0.7653,results/gate1/scores/187_full_mf1_seed1.npy
187,resperation2,plain,RESP,True,cg078,resperation2,full,1,2,200051,100,200,200051,30000,168249,168250,-0.10253775331936554,0.0667147785898552,0.0667666613808932,170050,169850,False,False,134616,False,False,2.1971,0.7649,results/gate1/scores/187_full_mf1_seed2.npy
187,resperation2,plain,RESP,True,cg078,resperation2,full,1.0,0,200051,100,200,200051,30000,168249,168250,-0.13021523520149314,0.09256439487369368,0.09260163766110355,170050,169850,False,False,134616,False,False,2.1559,0.9646,results/gate1/scores/187_full_mf1.0_seed0.npy
187,resperation2,plain,RESP,True,cg078,resperation2,full,1.0,1,200051,100,200,200051,30000,168249,168250,-0.12872548657711347,0.09552399288918025,0.09555109848617323,170050,169850,False,False,134617,False,False,2.1258,1.08,results/gate1/scores/187_full_mf1.0_seed1.npy
187,resperation2,plain,RESP,True,cg078,resperation2,full,1.0,2,200051,100,200,200051,30000,168249,168250,-0.135932282451586,0.09075696769291684,0.09081895966598844,170050,169850,False,False,134617,False,False,2.064,0.9877,results/gate1/scores/187_full_mf1.0_seed2.npy
187,resperation2,plain,RESP,True,cg078,resperation2,train_prefix,1,0,30000,100,200,200051,30000,168249,168250,-0.0970638458083905,0.0406891901809111,0.040712563500353745,170050,169850,False,False,134609,False,False,0.3911,0.7661,results/gate1/scores/187_train_prefix_mf1_seed0.npy
187,resperation2,plain,RESP,True,cg078,resperation2,train_prefix,1,1,30000,100,200,200051,30000,168249,168250,-0.09637071930739699,0.03886643771106054,0.03889008404330249,170050,169850,False,False,134615,False,False,0.3834,0.8205,results/gate1/scores/187_train_prefix_mf1_seed1.npy
187,resperation2,plain,RESP,True,cg078,resperation2,train_prefix,1,2,30000,100,200,200051,30000,168249,168250,-0.10468906141778889,0.040110704407341394,0.0401268025610668,170050,169850,False,False,134612,False,False,0.389,0.7743,results/gate1/scores/187_train_prefix_mf1_seed2.npy
187,resperation2,plain,RESP,True,cg078,resperation2,train_prefix,1.0,0,30000,100,200,200051,30000,168249,168250,-0.13985631273356658,0.05545763428550515,0.05552180216940007,170050,169850,False,False,134616,False,False,0.3093,1.0075,results/gate1/scores/187_train_prefix_mf1.0_seed0.npy
187,resperation2,plain,RESP,True,cg078,resperation2,train_prefix,1.0,1,30000,100,200,200051,30000,168249,168250,-0.12830365657060733,0.057530876631732654,0.057549248879478085,170050,169850,False,False,134627,False,False,0.3567,0.9002,results/gate1/scores/187_train_prefix_mf1.0_seed1.npy
187,resperation2,plain,RESP,True,cg078,resperation2,train_prefix,1.0,2,30000,100,200,200051,30000,168249,168250,-0.14766242575369665,0.05427944633373369,0.05433201063364335,170050,169850,False,False,134618,False,False,0.3292,0.9062,results/gate1/scores/187_train_prefix_mf1.0_seed2.npy
188,resperation2,plain,RESP,True,cg078,resperation2,full,1,0,190050,100,200,190050,30000,168249,168251,-0.0913496394633812,0.06626575959433091,0.06631512589501608,160048,159848,False,False,134608,False,False,2.1222,0.7435,results/gate1/scores/188_full_mf1_seed0.npy
188,resperation2,plain,RESP,True,cg078,resperation2,full,1,1,190050,100,200,190050,30000,168249,168251,-0.09476313114397111,0.06162744967321783,0.06164860360317073,160048,159848,False,False,134618,False,False,2.1959,0.748,results/gate1/scores/188_full_mf1_seed1.npy
188,resperation2,plain,RESP,True,cg078,resperation2,full,1,2,190050,100,200,190050,30000,168249,168251,-0.10359604567580794,0.06674245482742645,0.06677227681056258,160048,159848,False,False,134612,False,False,2.304,0.7406,results/gate1/scores/188_full_mf1_seed2.npy
188,resperation2,plain,RESP,True,cg078,resperation2,full,1.0,0,190050,100,200,190050,30000,168249,168251,-0.12986757585159014,0.09024065725910435,0.09039226068558898,160048,159848,False,False,134616,False,False,1.93,0.8141,results/gate1/scores/188_full_mf1.0_seed0.npy
188,resperation2,plain,RESP,True,cg078,resperation2,full,1.0,1,190050,100,200,190050,30000,168249,168251,-0.12718176312075136,0.09397081229245026,0.09403340634600724,160048,159848,False,False,134617,False,False,1.8056,0.7931,results/gate1/scores/188_full_mf1.0_seed1.npy
188,resperation2,plain,RESP,True,cg078,resperation2,full,1.0,2,190050,100,200,190050,30000,168249,168251,-0.1301774998699025,0.09028097884181184,0.09033182273587484,160048,159848,False,False,134609,False,False,1.9382,0.7954,results/gate1/scores/188_full_mf1.0_seed2.npy
188,resperation2,plain,RESP,True,cg078,resperation2,train_prefix,1,0,30000,100,200,190050,30000,168249,168251,-0.09650375071989553,0.04267397280774737,0.04271130249584393,160048,159848,False,False,134609,False,False,0.3816,0.7591,results/gate1/scores/188_train_prefix_mf1_seed0.npy
188,resperation2,plain,RESP,True,cg078,resperation2,train_prefix,1,1,30000,100,200,190050,30000,168249,168251,-0.09637071930739699,0.04010837571037492,0.04011393475533902,160048,159848,False,False,134615,False,False,0.3513,0.7051,results/gate1/scores/188_train_prefix_mf1_seed1.npy
188,resperation2,plain,RESP,True,cg078,resperation2,train_prefix,1,2,30000,100,200,190050,30000,168249,168251,-0.10468906141778889,0.041422537505056846,0.04144277734542721,160048,159848,False,False,134612,False,False,0.3878,0.7096,results/gate1/scores/188_train_prefix_mf1_seed2.npy
188,resperation2,plain,RESP,True,cg078,resperation2,train_prefix,1.0,0,30000,100,200,190050,30000,168249,168251,-0.13985631273356658,0.05818798421996151,0.058274042626806404,160048,159848,False,False,134616,False,False,0.3928,0.8921,results/gate1/scores/188_train_prefix_mf1.0_seed0.npy
188,resperation2,plain,RESP,True,cg078,resperation2,train_prefix,1.0,1,30000,100,200,190050,30000,168249,168251,-0.12830365657060733,0.059642786527465116,0.05967894862990646,160048,159848,False,False,134627,False,False,0.4127,0.891,results/gate1/scores/188_train_prefix_mf1.0_seed1.npy
188,resperation2,plain,RESP,True,cg078,resperation2,train_prefix,1.0,2,30000,100,200,190050,30000,168249,168251,-0.14726144983123074,0.05664533822613913,0.05667264886197032,160048,159848,False,False,134618,False,False,0.3327,0.8892,results/gate1/scores/188_train_prefix_mf1.0_seed2.npy
189,resperation3,plain,RESP,True,cg078,resperation3,full,1,0,190100,100,200,190100,45000,158249,158251,-0.0914886712114294,0.047050395255828624,0.047140494217747596,145098,144898,False,False,134615,False,False,2.2843,0.787,results/gate1/scores/189_full_mf1_seed0.npy
189,resperation3,plain,RESP,True,cg078,resperation3,full,1,1,190100,100,200,190100,45000,158249,158251,-0.0931888054936762,0.044824622880642345,0.044901356142114254,145098,144898,False,False,134619,False,False,2.0456,0.7089,results/gate1/scores/189_full_mf1_seed1.npy
189,resperation3,plain,RESP,True,cg078,resperation3,full,1,2,190100,100,200,190100,45000,158249,158251,-0.09913204040649137,0.04765374840865012,0.04771407035861437,145098,144898,False,False,134612,False,False,2.0109,0.7501,results/gate1/scores/189_full_mf1_seed2.npy
189,resperation3,plain,RESP,True,cg078,resperation3,full,1.0,0,190100,100,200,190100,45000,158249,158251,-0.1326547508132795,0.06369399905432577,0.06380418957473384,145098,144898,False,False,134616,False,False,1.8638,0.8369,results/gate1/scores/189_full_mf1.0_seed0.npy
189,resperation3,plain,RESP,True,cg078,resperation3,full,1.0,1,190100,100,200,190100,45000,158249,158251,-0.12124251322479113,0.0737436412112531,0.07378502784993517,145098,144898,False,False,134619,False,False,1.6621,0.691,results/gate1/scores/189_full_mf1.0_seed1.npy
189,resperation3,plain,RESP,True,cg078,resperation3,full,1.0,2,190100,100,200,190100,45000,158249,158251,-0.12678293223530218,0.07433646253654055,0.07451598572369292,145098,144898,False,False,134615,False,False,1.73,0.883,results/gate1/scores/189_full_mf1.0_seed2.npy
189,resperation3,plain,RESP,True,cg078,resperation3,train_prefix,1,0,45000,100,200,190100,45000,158249,158251,-0.10515614920171301,0.017275132271103815,0.01731523892831397,145098,144898,False,False,134611,False,False,0.5621,0.7596,results/gate1/scores/189_train_prefix_mf1_seed0.npy
189,resperation3,plain,RESP,True,cg078,resperation3,train_prefix,1,1,45000,100,200,190100,45000,158249,158251,-0.10018509327636271,0.01736178517438985,0.017372703290072577,145098,144898,False,False,134611,False,False,0.563,0.7517,results/gate1/scores/189_train_prefix_mf1_seed1.npy
189,resperation3,plain,RESP,True,cg078,resperation3,train_prefix,1,2,45000,100,200,190100,45000,158249,158251,-0.11794335742589634,0.018179822930398954,0.018186852768068605,145098,144898,False,False,134616,False,False,0.6011,0.7472,results/gate1/scores/189_train_prefix_mf1_seed2.npy
189,resperation3,plain,RESP,True,cg078,resperation3,train_prefix,1.0,0,45000,100,200,190100,45000,158249,158251,-0.14132063069984124,0.02901375994858386,0.029061733508539005,145098,144898,False,False,134616,False,False,0.5496,0.7406,results/gate1/scores/189_train_prefix_mf1.0_seed0.npy
189,resperation3,plain,RESP,True,cg078,resperation3,train_prefix,1.0,1,45000,100,200,190100,45000,158249,158251,-0.14471029888092146,0.030633809499509945,0.03076295349173365,145098,144898,False,False,134618,False,False,0.521,0.7611,results/gate1/scores/189_train_prefix_mf1.0_seed1.npy
189,resperation3,plain,RESP,True,cg078,resperation3,train_prefix,1.0,2,45000,100,200,190100,45000,158249,158251,-0.14743433287148777,0.030520777905549537,0.03059973228012346,145098,144898,False,False,134609,False,False,0.5511,0.7789,results/gate1/scores/189_train_prefix_mf1.0_seed2.npy
190,resperation4,plain,RESP,True,cg076,resperation4,full,1,0,195250,100,200,195250,70000,128429,128431,-0.0976885770605852,0.0353863833647942,0.03540473301996813,125248,125048,False,False,134854,False,False,2.1451,0.7627,results/gate1/scores/190_full_mf1_seed0.npy
190,resperation4,plain,RESP,True,cg076,resperation4,full,1,1,195250,100,200,195250,70000,128429,128431,-0.1040716427555819,0.0324645062682573,0.03247788112046709,125248,125048,False,False,134868,False,False,2.1881,0.7704,results/gate1/scores/190_full_mf1_seed1.npy
190,resperation4,plain,RESP,True,cg076,resperation4,full,1,2,195250,100,200,195250,70000,128429,128431,-0.10842665188667133,0.03315649030308234,0.03318293424858807,125248,125048,False,False,134862,False,False,2.0462,0.6758,results/gate1/scores/190_full_mf1_seed2.npy
190,resperation4,plain,RESP,True,cg076,resperation4,full,1.0,0,195250,100,200,195250,70000,128429,128431,-0.13756603122411726,0.0485491131212357,0.048562415108201064,125248,125048,False,False,134866,False,False,2.0442,0.68,results/gate1/scores/190_full_mf1.0_seed0.npy
190,resperation4,plain,RESP,True,cg076,resperation4,full,1.0,1,195250,100,200,195250,70000,128429,128431,-0.13033591019986773,0.05199632528217377,0.0520506314004352,125248,125048,False,False,134875,False,False,1.7762,0.7119,results/gate1/scores/190_full_mf1.0_seed1.npy
190,resperation4,plain,RESP,True,cg076,resperation4,full,1.0,2,195250,100,200,195250,70000,128429,128431,-0.1415709854909471,0.04898556196479867,0.04905300257509163,125248,125048,False,False,134873,False,False,1.72,0.7909,results/gate1/scores/190_full_mf1.0_seed2.npy
190,resperation4,plain,RESP,True,cg076,resperation4,train_prefix,1,0,70000,100,200,195250,70000,128429,128431,-0.10238619125987364,0.008121348423482184,0.008192475955881653,125248,125048,False,False,134863,False,False,0.9047,0.7763,results/gate1/scores/190_train_prefix_mf1_seed0.npy
190,resperation4,plain,RESP,True,cg076,resperation4,train_prefix,1,1,70000,100,200,195250,70000,128429,128431,-0.10423787992977968,0.007674084170112633,0.007688510923751128,125248,125048,False,False,134863,False,False,0.8652,0.8071,results/gate1/scores/190_train_prefix_mf1_seed1.npy
190,resperation4,plain,RESP,True,cg076,resperation4,train_prefix,1,2,70000,100,200,195250,70000,128429,128431,-0.11163681838460093,0.009663684029742017,0.009688727486330167,125248,125048,False,False,134867,False,False,0.9032,0.8097,results/gate1/scores/190_train_prefix_mf1_seed2.npy
190,resperation4,plain,RESP,True,cg076,resperation4,train_prefix,1.0,0,70000,100,200,195250,70000,128429,128431,-0.14455541815155704,0.013838806145426595,0.013872963565938699,125248,125048,False,False,134866,False,False,0.764,0.9809,results/gate1/scores/190_train_prefix_mf1.0_seed0.npy
190,resperation4,plain,RESP,True,cg076,resperation4,train_prefix,1.0,1,70000,100,200,195250,70000,128429,128431,-0.14092538417789624,0.01632887561245782,0.016346667701290375,125248,125048,False,False,134877,False,False,0.8532,0.8994,results/gate1/scores/190_train_prefix_mf1.0_seed1.npy
190,resperation4,plain,RESP,True,cg076,resperation4,train_prefix,1.0,2,70000,100,200,195250,70000,128429,128431,-0.14511650023839395,0.014601200426466539,0.014667644032488159,125248,125048,False,False,134868,False,False,0.6964,0.931,results/gate1/scores/190_train_prefix_mf1.0_seed2.npy
191,resperation9,plain,RESP,True,cg076,resperation9,full,1,0,195000,100,200,195000,38000,143410,143511,-0.0029737836539555085,0.06156377166414857,0.061600399689489445,156899,156699,False,False,134610,False,False,2.1528,0.7597,results/gate1/scores/191_full_mf1_seed0.npy
191,resperation9,plain,RESP,True,cg076,resperation9,full,1,1,195000,100,200,195000,38000,143410,143511,-0.003304064554542352,0.05711387321219036,0.05725308644382311,156899,156699,False,False,134616,False,False,2.1993,0.7698,results/gate1/scores/191_full_mf1_seed1.npy
191,resperation9,plain,RESP,True,cg076,resperation9,full,1,2,195000,100,200,195000,38000,143410,143511,-0.002240890904778081,0.060048567427502926,0.06006837532179027,156899,156699,False,False,134613,False,False,2.0535,0.6905,results/gate1/scores/191_full_mf1_seed2.npy
191,resperation9,plain,RESP,True,cg076,resperation9,full,1.0,0,195000,100,200,195000,38000,143410,143511,0.0035520857429429675,0.08748953988863582,0.08752596467419613,156899,156699,False,False,134615,False,False,1.9732,0.797,results/gate1/scores/191_full_mf1.0_seed0.npy
191,resperation9,plain,RESP,True,cg076,resperation9,full,1.0,1,195000,100,200,195000,38000,143410,143511,0.006308683558714723,0.09151494810150745,0.09155387027008462,156899,156699,False,False,134618,False,False,1.75,0.739,results/gate1/scores/191_full_mf1.0_seed1.npy
191,resperation9,plain,RESP,True,cg076,resperation9,full,1.0,2,195000,100,200,195000,38000,143410,143511,0.004023964080243858,0.09180406330354544,0.09194262208969357,156899,156699,False,False,134615,False,False,1.6681,0.8195,results/gate1/scores/191_full_mf1.0_seed2.npy
191,resperation9,plain,RESP,True,cg076,resperation9,train_prefix,1,0,38000,100,200,195000,38000,143410,143511,-0.005785882248581675,0.03158758082537448,0.03159398002563543,156899,156699,False,False,134615,False,False,0.548,0.795,results/gate1/scores/191_train_prefix_mf1_seed0.npy
191,resperation9,plain,RESP,True,cg076,resperation9,train_prefix,1,1,38000,100,200,195000,38000,143410,143511,-0.004835415438512958,0.03223484090029087,0.032241926109272664,156899,156699,False,False,134629,False,False,0.5418,0.8342,results/gate1/scores/191_train_prefix_mf1_seed1.npy
191,resperation9,plain,RESP,True,cg076,resperation9,train_prefix,1,2,38000,100,200,195000,38000,143410,143511,-0.007221875476647988,0.031703051146998874,0.0317194326245259,156899,156699,False,False,134614,False,False,0.5806,0.8057,results/gate1/scores/191_train_prefix_mf1_seed2.npy
191,resperation9,plain,RESP,True,cg076,resperation9,train_prefix,1.0,0,38000,100,200,195000,38000,143410,143511,0.003423188533092758,0.045490868101124786,0.04557449846602933,156899,156699,False,False,134620,False,False,0.5491,0.9538,results/gate1/scores/191_train_prefix_mf1.0_seed0.npy
191,resperation9,plain,RESP,True,cg076,resperation9,train_prefix,1.0,1,38000,100,200,195000,38000,143410,143511,0.0032343569272261785,0.05102751302001167,0.051055822566149274,156899,156699,False,False,134627,False,False,0.5494,0.8524,results/gate1/scores/191_train_prefix_mf1.0_seed1.npy
191,resperation9,plain,RESP,True,cg076,resperation9,train_prefix,1.0,2,38000,100,200,195000,38000,143410,143511,-0.0017550241971092673,0.051305266079066325,0.051357569397585706,156899,156699,False,False,134608,False,False,0.4167,0.9393,results/gate1/scores/191_train_prefix_mf1.0_seed2.npy
192,s20101mML2,plain,ECG,True,cg084,s20101mML2,full,1,0,40000,100,200,40000,12000,35773,35874,0.15943972265514822,0.06542778220284977,0.05901294319626552,27899,27699,True,True,35855,True,True,0.58,0.1945,results/gate1/scores/192_full_mf1_seed0.npy
192,s20101mML2,plain,ECG,True,cg084,s20101mML2,full,1,1,40000,100,200,40000,12000,35773,35874,0.17365427152792456,0.06489950501654317,0.05953075987977542,27899,27699,True,True,35867,True,True,0.6021,0.2188,results/gate1/scores/192_full_mf1_seed1.npy
192,s20101mML2,plain,ECG,True,cg084,s20101mML2,full,1,2,40000,100,200,40000,12000,35773,35874,0.1533152438608058,0.05492608714822893,0.04966229665852532,27899,27699,True,True,35858,True,True,0.6364,0.1918,results/gate1/scores/192_full_mf1_seed2.npy
192,s20101mML2,plain,ECG,True,cg084,s20101mML2,full,1.0,0,40000,100,200,40000,12000,35773,35874,0.1863010441377363,0.03010107152888616,0.02731229237335977,27899,27699,True,True,35852,True,True,0.3337,0.1247,results/gate1/scores/192_full_mf1.0_seed0.npy
192,s20101mML2,plain,ECG,True,cg084,s20101mML2,full,1.0,1,40000,100,200,40000,12000,35773,35874,0.16914664787252442,0.03168817243779399,0.02903381355934251,27899,27699,True,True,35891,True,True,0.4454,0.1488,results/gate1/scores/192_full_mf1.0_seed1.npy
192,s20101mML2,plain,ECG,True,cg084,s20101mML2,full,1.0,2,40000,100,200,40000,12000,35773,35874,0.17353366577665474,0.028107648296709326,0.02582061786085622,27899,27699,True,True,35853,True,True,0.4639,0.1571,results/gate1/scores/192_full_mf1.0_seed2.npy
192,s20101mML2,plain,ECG,True,cg084,s20101mML2,train_prefix,1,0,12000,100,200,40000,12000,35773,35874,0.16846079112598872,0.07467968268148098,0.06984491468920384,27899,27699,True,True,37628,False,False,0.2197,0.1939,results/gate1/scores/192_train_prefix_mf1_seed0.npy
192,s20101mML2,plain,ECG,True,cg084,s20101mML2,train_prefix,1,1,12000,100,200,40000,12000,35773,35874,0.1774923665516499,0.07178193055043858,0.06595537559421824,27899,27699,True,True,35865,True,True,0.219,0.2104,results/gate1/scores/192_train_prefix_mf1_seed1.npy
192,s20101mML2,plain,ECG,True,cg084,s20101mML2,train_prefix,1,2,12000,100,200,40000,12000,35773,35874,0.15903703180743467,0.06761313232425462,0.06245442509960259,27899,27699,True,True,37648,False,False,0.225,0.2054,results/gate1/scores/192_train_prefix_mf1_seed2.npy
192,s20101mML2,plain,ECG,True,cg084,s20101mML2,train_prefix,1.0,0,12000,100,200,40000,12000,35773,35874,0.16743455031797572,0.0354052176030804,0.03198248459499488,27899,27699,True,True,35891,True,True,0.183,0.1643,results/gate1/scores/192_train_prefix_mf1.0_seed0.npy
192,s20101mML2,plain,ECG,True,cg084,s20101mML2,train_prefix,1.0,1,12000,100,200,40000,12000,35773,35874,0.1737425476348115,0.03438252389615382,0.032045219553860894,27899,27699,True,True,35862,True,True,0.1756,0.1293,results/gate1/scores/192_train_prefix_mf1.0_seed1.npy
192,s20101mML2,plain,ECG,True,cg084,s20101mML2,train_prefix,1.0,2,12000,100,200,40000,12000,35773,35874,0.18311994971902873,0.03173557788155791,0.029794068967382882,27899,27699,True,True,35854,True,True,0.1615,0.1221,results/gate1/scores/192_train_prefix_mf1.0_seed2.npy
193,s20101m,plain,ECG,True,cg085,s20101m,full,1,0,40000,100,200,40000,10000,35773,35874,0.014642432843929465,0.033024209573967636,0.03306055682167256,29899,29699,False,False,10740,False,False,0.6201,0.1923,results/gate1/scores/193_full_mf1_seed0.npy
193,s20101m,plain,ECG,True,cg085,s20101m,full,1,1,40000,100,200,40000,10000,35773,35874,0.012039041234485848,0.03161837793992257,0.031632713982550825,29899,29699,False,False,10772,False,False,0.5982,0.2061,results/gate1/scores/193_full_mf1_seed1.npy
193,s20101m,plain,ECG,True,cg085,s20101m,full,1,2,40000,100,200,40000,10000,35773,35874,0.013069715965273954,0.030614045970684213,0.030641630365138575,29899,29699,False,False,10759,False,False,0.5976,0.2003,results/gate1/scores/193_full_mf1_seed2.npy
193,s20101m,plain,ECG,True,cg085,s20101m,full,1.0,0,40000,100,200,40000,10000,35773,35874,0.006656557937107288,0.02964701926088968,0.03001956405333102,29899,29699,False,False,10777,False,False,0.4991,0.1792,results/gate1/scores/193_full_mf1.0_seed0.npy
193,s20101m,plain,ECG,True,cg085,s20101m,full,1.0,1,40000,100,200,40000,10000,35773,35874,0.012815320546018194,0.02926099354105564,0.02939380540257871,29899,29699,False,False,10718,False,False,0.4011,0.141,results/gate1/scores/193_full_mf1.0_seed1.npy
193,s20101m,plain,ECG,True,cg085,s20101m,full,1.0,2,40000,100,200,40000,10000,35773,35874,0.008226475760922725,0.0271006635285299,0.027159190443175857,29899,29699,False,False,10769,False,False,0.4178,0.1355,results/gate1/scores/193_full_mf1.0_seed2.npy
193,s20101m,plain,ECG,True,cg085,s20101m,train_prefix,1,0,10000,100,200,40000,10000,35773,35874,0.02193671645180817,0.04168026105733991,0.04179179167414789,29899,29699,False,False,10751,False,False,0.1931,0.1924,results/gate1/scores/193_train_prefix_mf1_seed0.npy
193,s20101m,plain,ECG,True,cg085,s20101m,train_prefix,1,1,10000,100,200,40000,10000,35773,35874,0.01462631779309137,0.03836065043871444,0.038446880798748986,29899,29699,False,False,10775,False,False,0.1929,0.2034,results/gate1/scores/193_train_prefix_mf1_seed1.npy
193,s20101m,plain,ECG,True,cg085,s20101m,train_prefix,1,2,10000,100,200,40000,10000,35773,35874,0.01936857295669714,0.03797425365171758,0.038147054996723904,29899,29699,False,False,10761,False,False,0.1871,0.1973,results/gate1/scores/193_train_prefix_mf1_seed2.npy
193,s20101m,plain,ECG,True,cg085,s20101m,train_prefix,1.0,0,10000,100,200,40000,10000,35773,35874,0.008430915963903107,0.030722190142913098,0.030763314605324565,29899,29699,False,False,10778,False,False,0.1649,0.1494,results/gate1/scores/193_train_prefix_mf1.0_seed0.npy
193,s20101m,plain,ECG,True,cg085,s20101m,train_prefix,1.0,1,10000,100,200,40000,10000,35773,35874,0.014314581385187153,0.0359879493947793,0.03602401551076556,29899,29699,False,False,10754,False,False,0.1678,0.1864,results/gate1/scores/193_train_prefix_mf1.0_seed1.npy
193,s20101m,plain,ECG,True,cg085,s20101m,train_prefix,1.0,2,10000,100,200,40000,10000,35773,35874,0.011059062355308458,0.032125142069813664,0.03220332264696526,29899,29699,False,False,10715,False,False,0.1681,0.1488,results/gate1/scores/193_train_prefix_mf1.0_seed2.npy
194,sddb49,plain,ECG,True,cg086,sddb49,full,1,0,80000,100,200,80000,20000,67949,68200,-0.004217245170242467,0.10662532372378708,0.10677051520594402,59749,59549,False,False,47650,False,False,0.7611,0.2772,results/gate1/scores/194_full_mf1_seed0.npy
194,sddb49,plain,ECG,True,cg086,sddb49,full,1,1,80000,100,200,80000,20000,67949,68200,0.003288386604871074,0.11250710621757998,0.11259410995895447,59749,59549,False,False,47657,False,False,0.7943,0.2701,results/gate1/scores/194_full_mf1_seed1.npy
194,sddb49,plain,ECG,True,cg086,sddb49,full,1,2,80000,100,200,80000,20000,67949,68200,0.005133152623289949,0.105483085265603,0.10585007620066841,59749,59549,False,False,47651,False,False,0.8195,0.2875,results/gate1/scores/194_full_mf1_seed2.npy
194,sddb49,plain,ECG,True,cg086,sddb49,full,1.0,0,80000,100,200,80000,20000,67949,68200,0.06061356091870285,0.12205744535171603,0.12224013170884994,59749,59549,False,False,47666,False,False,0.6987,0.2584,results/gate1/scores/194_full_mf1.0_seed0.npy
194,sddb49,plain,ECG,True,cg086,sddb49,full,1.0,1,80000,100,200,80000,20000,67949,68200,0.07816706998225487,0.1194871535200617,0.1195985263874465,59749,59549,False,False,47649,False,False,0.7392,0.3229,results/gate1/scores/194_full_mf1.0_seed1.npy
194,sddb49,plain,ECG,True,cg086,sddb49,full,1.0,2,80000,100,200,80000,20000,67949,68200,0.08978203022734688,0.12166019978179761,0.12184289372447749,59749,59549,False,False,47657,False,False,0.7281,0.2517,results/gate1/scores/194_full_mf1.0_seed2.npy
194,sddb49,plain,ECG,True,cg086,sddb49,train_prefix,1,0,20000,100,200,80000,20000,67949,68200,-0.026941061704647273,0.05346281030486689,0.05362123015738588,59749,59549,False,False,47669,False,False,0.2414,0.2807,results/gate1/scores/194_train_prefix_mf1_seed0.npy
194,sddb49,plain,ECG,True,cg086,sddb49,train_prefix,1,1,20000,100,200,80000,20000,67949,68200,-0.02911690039103154,0.05466208228559986,0.05572102250449483,59749,59549,False,False,47649,False,False,0.2425,0.2534,results/gate1/scores/194_train_prefix_mf1_seed1.npy
194,sddb49,plain,ECG,True,cg086,sddb49,train_prefix,1,2,20000,100,200,80000,20000,67949,68200,-0.02146674998701803,0.041437546903325476,0.0419352885477334,59749,59549,False,False,47649,False,False,0.2283,0.2889,results/gate1/scores/194_train_prefix_mf1_seed2.npy
194,sddb49,plain,ECG,True,cg086,sddb49,train_prefix,1.0,0,20000,100,200,80000,20000,67949,68200,0.018885667297365294,0.050625111885115266,0.05075893338004464,59749,59549,False,False,47662,False,False,0.2298,0.3361,results/gate1/scores/194_train_prefix_mf1.0_seed0.npy
194,sddb49,plain,ECG,True,cg086,sddb49,train_prefix,1.0,1,20000,100,200,80000,20000,67949,68200,0.03594146125109898,0.04884532816692642,0.04913916944912063,59749,59549,False,False,47663,False,False,0.217,0.3138,results/gate1/scores/194_train_prefix_mf1.0_seed1.npy
194,sddb49,plain,ECG,True,cg086,sddb49,train_prefix,1.0,2,20000,100,200,80000,20000,67949,68200,0.03587902965066825,0.04789810753502224,0.04796949913721298,59749,59549,False,False,47647,False,False,0.234,0.3629,results/gate1/scores/194_train_prefix_mf1.0_seed2.npy
195,sel840mECG1,plain,ECG,True,cg087,sel840mECG1,full,1,0,60000,100,200,60000,17000,51369,51740,0.032137326554245005,0.031591414387012025,0.031616152855351895,42629,42429,True,True,21251,False,False,0.7068,0.2472,results/gate1/scores/195_full_mf1_seed0.npy
195,sel840mECG1,plain,ECG,True,cg087,sel840mECG1,full,1,1,60000,100,200,60000,17000,51369,51740,0.020721484031265835,0.0246722904989791,0.024488461158401503,42629,42429,False,False,21224,False,False,0.7521,0.2547,results/gate1/scores/195_full_mf1_seed1.npy
195,sel840mECG1,plain,ECG,True,cg087,sel840mECG1,full,1,2,60000,100,200,60000,17000,51369,51740,0.01717745036125301,0.025511279214535103,0.025315548392228,42629,42429,False,False,21222,False,False,0.8424,0.2512,results/gate1/scores/195_full_mf1_seed2.npy
195,sel840mECG1,plain,ECG,True,cg087,sel840mECG1,full,1.0,0,60000,100,200,60000,17000,51369,51740,0.046704277986778675,0.027088941732771196,0.026454328509262468,42629,42429,True,True,51209,True,False,0.57,0.2622,results/gate1/scores/195_full_mf1.0_seed0.npy
195,sel840mECG1,plain,ECG,True,cg087,sel840mECG1,full,1.0,1,60000,100,200,60000,17000,51369,51740,0.045850440208921706,0.026880649802119752,0.026391067897561495,42629,42429,True,True,51211,True,False,0.6547,0.2597,results/gate1/scores/195_full_mf1.0_seed1.npy
195,sel840mECG1,plain,ECG,True,cg087,sel840mECG1,full,1.0,2,60000,100,200,60000,17000,51369,51740,0.04781674567380073,0.025981668835929082,0.02555415545352679,42629,42429,True,True,51203,True,False,0.6265,0.247,results/gate1/scores/195_full_mf1.0_seed2.npy
195,sel840mECG1,plain,ECG,True,cg087,sel840mECG1,train_prefix,1,0,17000,100,200,60000,17000,51369,51740,0.026251966076218936,0.0254693954326818,0.025510442456442458,42629,42429,True,True,21233,False,False,0.2345,0.2505,results/gate1/scores/195_train_prefix_mf1_seed0.npy
195,sel840mECG1,plain,ECG,True,cg087,sel840mECG1,train_prefix,1,1,17000,100,200,60000,17000,51369,51740,0.029111831928343934,0.024837809944495557,0.024717057849932743,42629,42429,True,True,21212,False,False,0.2655,0.2513,results/gate1/scores/195_train_prefix_mf1_seed1.npy
195,sel840mECG1,plain,ECG,True,cg087,sel840mECG1,train_prefix,1,2,17000,100,200,60000,17000,51369,51740,0.018284617122293734,0.024020036151003434,0.02382976442192247,42629,42429,False,False,21218,False,False,0.2527,0.2429,results/gate1/scores/195_train_prefix_mf1_seed2.npy
195,sel840mECG1,plain,ECG,True,cg087,sel840mECG1,train_prefix,1.0,0,17000,100,200,60000,17000,51369,51740,0.0582251376621955,0.027269996415413028,0.026946653310804498,42629,42429,True,True,51195,True,False,0.1986,0.1978,results/gate1/scores/195_train_prefix_mf1.0_seed0.npy
195,sel840mECG1,plain,ECG,True,cg087,sel840mECG1,train_prefix,1.0,1,17000,100,200,60000,17000,51369,51740,0.05003861943142046,0.027497942284937616,0.026674437604408224,42629,42429,True,True,51203,True,False,0.2147,0.1892,results/gate1/scores/195_train_prefix_mf1.0_seed1.npy
195,sel840mECG1,plain,ECG,True,cg087,sel840mECG1,train_prefix,1.0,2,17000,100,200,60000,17000,51369,51740,0.07864793743729537,0.026864435507858248,0.026327236248491693,42629,42429,True,True,51463,True,True,0.2168,0.1922,results/gate1/scores/195_train_prefix_mf1.0_seed2.npy
196,sel840mECG2,plain,ECG,True,cg088,sel840mECG2,full,1,0,57001,100,200,57001,20000,49369,49740,0.002866207854575531,0.11120249838227696,0.11138897684302866,36630,36430,False,False,43326,False,False,0.6864,0.24,results/gate1/scores/196_full_mf1_seed0.npy
196,sel840mECG2,plain,ECG,True,cg088,sel840mECG2,full,1,1,57001,100,200,57001,20000,49369,49740,-0.006432691656272527,0.10830810310786065,0.10879844244363591,36630,36430,False,False,43330,False,False,0.706,0.2454,results/gate1/scores/196_full_mf1_seed1.npy
196,sel840mECG2,plain,ECG,True,cg088,sel840mECG2,full,1,2,57001,100,200,57001,20000,49369,49740,-0.0034475226480156773,0.11269945736684109,0.1131077117917227,36630,36430,False,False,43325,False,False,0.8069,0.239,results/gate1/scores/196_full_mf1_seed2.npy
196,sel840mECG2,plain,ECG,True,cg088,sel840mECG2,full,1.0,0,57001,100,200,57001,20000,49369,49740,-0.007814195522523215,0.11015746816547868,0.11062315264904694,36630,36430,False,False,41748,False,False,0.5581,0.2321,results/gate1/scores/196_full_mf1.0_seed0.npy
196,sel840mECG2,plain,ECG,True,cg088,sel840mECG2,full,1.0,1,57001,100,200,57001,20000,49369,49740,-0.009062673839115076,0.11481294212680132,0.11523786453145986,36630,36430,False,False,41745,False,False,0.6284,0.246,results/gate1/scores/196_full_mf1.0_seed1.npy
196,sel840mECG2,plain,ECG,True,cg088,sel840mECG2,full,1.0,2,57001,100,200,57001,20000,49369,49740,-0.015182501151421057,0.11251240990772904,0.11284766809879433,36630,36430,False,False,41754,False,False,0.5846,0.2318,results/gate1/scores/196_full_mf1.0_seed2.npy
196,sel840mECG2,plain,ECG,True,cg088,sel840mECG2,train_prefix,1,0,20000,100,200,57001,20000,49369,49740,-0.006378610917634364,0.09882982206799512,0.09933885432256115,36630,36430,False,False,43327,False,False,0.2867,0.2138,results/gate1/scores/196_train_prefix_mf1_seed0.npy
196,sel840mECG2,plain,ECG,True,cg088,sel840mECG2,train_prefix,1,1,20000,100,200,57001,20000,49369,49740,-0.008595298741201796,0.10133957060079472,0.10197850838406068,36630,36430,False,False,41747,False,False,0.3111,0.2275,results/gate1/scores/196_train_prefix_mf1_seed1.npy
196,sel840mECG2,plain,ECG,True,cg088,sel840mECG2,train_prefix,1,2,20000,100,200,57001,20000,49369,49740,-0.011977387536711237,0.0962805610434756,0.09654146728750691,36630,36430,False,False,43334,False,False,0.2766,0.2201,results/gate1/scores/196_train_prefix_mf1_seed2.npy
196,sel840mECG2,plain,ECG,True,cg088,sel840mECG2,train_prefix,1.0,0,20000,100,200,57001,20000,49369,49740,-0.01710117041718312,0.09121335408089483,0.09148458140175826,36630,36430,False,False,41747,False,False,0.2272,0.1764,results/gate1/scores/196_train_prefix_mf1.0_seed0.npy
196,sel840mECG2,plain,ECG,True,cg088,sel840mECG2,train_prefix,1.0,1,20000,100,200,57001,20000,49369,49740,-0.02351762807788621,0.09082692931234917,0.0915100976316453,36630,36430,False,False,41756,False,False,0.2396,0.1751,results/gate1/scores/196_train_prefix_mf1.0_seed1.npy
196,sel840mECG2,plain,ECG,True,cg088,sel840mECG2,train_prefix,1.0,2,20000,100,200,57001,20000,49369,49740,-0.017348633431012506,0.0936434958169937,0.09376389185709304,36630,36430,False,False,41748,False,False,0.2417,0.2018,results/gate1/scores/196_train_prefix_mf1.0_seed2.npy
197,tiltAPB1,plain,ABP,True,cg089,tiltAPB1,full,1,0,130001,100,200,130001,100000,114282,114350,-6.038459071289193e-05,-0.004227714594070077,-0.004346699309538142,29933,29733,True,True,100099,False,False,1.3945,0.5223,results/gate1/scores/197_full_mf1_seed0.npy
197,tiltAPB1,plain,ABP,True,cg089,tiltAPB1,full,1,1,130001,100,200,130001,100000,114282,114350,0.02585477093046029,0.005442679056882871,0.004996314069824179,29933,29733,True,True,100091,False,False,1.4263,0.5192,results/gate1/scores/197_full_mf1_seed1.npy
197,tiltAPB1,plain,ABP,True,cg089,tiltAPB1,full,1,2,130001,100,200,130001,100000,114282,114350,0.014236056934958885,0.0021113481969251193,0.0019421593418374355,29933,29733,True,True,100094,False,False,1.502,0.5442,results/gate1/scores/197_full_mf1_seed2.npy
197,tiltAPB1,plain,ABP,True,cg089,tiltAPB1,full,1.0,0,130001,100,200,130001,100000,114282,114350,0.05144250634476433,0.010502189723375695,0.00980702625102164,29933,29733,True,True,114275,True,True,1.1945,0.483,results/gate1/scores/197_full_mf1.0_seed0.npy
197,tiltAPB1,plain,ABP,True,cg089,tiltAPB1,full,1.0,1,130001,100,200,130001,100000,114282,114350,0.05822425860706637,0.014808304063888536,0.013704257441342448,29933,29733,True,True,114283,True,True,1.1829,0.5337,results/gate1/scores/197_full_mf1.0_seed1.npy
197,tiltAPB1,plain,ABP,True,cg089,tiltAPB1,full,1.0,2,130001,100,200,130001,100000,114282,114350,0.058177548493865694,0.013389301350137809,0.012703795483545452,29933,29733,True,True,114271,True,True,1.3131,0.5994,results/gate1/scores/197_full_mf1.0_seed2.npy
197,tiltAPB1,plain,ABP,True,cg089,tiltAPB1,train_prefix,1,0,100000,100,200,130001,100000,114282,114350,0.0010393768399585834,-0.007297676052163797,-0.007688319678830652,29933,29733,True,True,100099,False,False,1.0897,0.5019,results/gate1/scores/197_train_prefix_mf1_seed0.npy
197,tiltAPB1,plain,ABP,True,cg089,tiltAPB1,train_prefix,1,1,100000,100,200,130001,100000,114282,114350,0.019401961720825422,0.006958563238086614,0.006811241044788633,29933,29733,True,True,100091,False,False,1.1581,0.5373,results/gate1/scores/197_train_prefix_mf1_seed1.npy
197,tiltAPB1,plain,ABP,True,cg089,tiltAPB1,train_prefix,1,2,100000,100,200,130001,100000,114282,114350,0.023162966243332028,-0.0010606429978563235,-0.00134799234473313,29933,29733,True,True,100092,False,False,1.2332,0.5098,results/gate1/scores/197_train_prefix_mf1_seed2.npy
197,tiltAPB1,plain,ABP,True,cg089,tiltAPB1,train_prefix,1.0,0,100000,100,200,130001,100000,114282,114350,0.06240204707844532,0.011751219425579721,0.010944837157558864,29933,29733,True,True,114275,True,True,0.949,0.5446,results/gate1/scores/197_train_prefix_mf1.0_seed0.npy
197,tiltAPB1,plain,ABP,True,cg089,tiltAPB1,train_prefix,1.0,1,100000,100,200,130001,100000,114282,114350,0.0475089252066051,0.018675440008915058,0.018189339929297225,29933,29733,True,True,114275,True,True,0.9473,0.4093,results/gate1/scores/197_train_prefix_mf1.0_seed1.npy
197,tiltAPB1,plain,ABP,True,cg089,tiltAPB1,train_prefix,1.0,2,100000,100,200,130001,100000,114282,114350,0.0710672463730746,0.018257088752968907,0.01789075846691481,29933,29733,True,True,114272,True,True,0.8111,0.48,results/gate1/scores/197_train_prefix_mf1.0_seed2.npy
198,tiltAPB2,plain,ABP,True,cg089,tiltAPB2,full,1,0,128767,100,200,128767,50000,124158,124985,-0.00613679379916543,0.08219858210101282,0.0822441305686202,77940,77740,False,False,85074,False,False,1.4018,0.5208,results/gate1/scores/198_full_mf1_seed0.npy
198,tiltAPB2,plain,ABP,True,cg089,tiltAPB2,full,1,1,128767,100,200,128767,50000,124158,124985,-0.0007791032105624041,0.08581896766990008,0.08594232173424533,77940,77740,False,False,85076,False,False,1.5081,0.5007,results/gate1/scores/198_full_mf1_seed1.npy
198,tiltAPB2,plain,ABP,True,cg089,tiltAPB2,full,1,2,128767,100,200,128767,50000,124158,124985,-0.008758510058126112,0.08173683229126066,0.08178416734582357,77940,77740,False,False,85077,False,False,1.4954,0.5142,results/gate1/scores/198_full_mf1_seed2.npy
198,tiltAPB2,plain,ABP,True,cg089,tiltAPB2,full,1.0,0,128767,100,200,128767,50000,124158,124985,0.03761256558988857,0.05605489038887613,0.05607396639063248,77940,77740,False,False,85072,False,False,1.2631,0.5396,results/gate1/scores/198_full_mf1.0_seed0.npy
198,tiltAPB2,plain,ABP,True,cg089,tiltAPB2,full,1.0,1,128767,100,200,128767,50000,124158,124985,0.030037809146517103,0.04748255064129428,0.047488097158488236,77940,77740,False,False,85077,False,False,1.3877,0.5294,results/gate1/scores/198_full_mf1.0_seed1.npy
198,tiltAPB2,plain,ABP,True,cg089,tiltAPB2,full,1.0,2,128767,100,200,128767,50000,124158,124985,0.019802036734827166,0.03892701720318319,0.038941058091275856,77940,77740,False,False,85074,False,False,1.1834,0.585,results/gate1/scores/198_full_mf1.0_seed2.npy
198,tiltAPB2,plain,ABP,True,cg089,tiltAPB2,train_prefix,1,0,50000,100,200,128767,50000,124158,124985,0.02294413998979361,0.1055970822732768,0.10562326793163018,77940,77740,False,False,84849,False,False,0.5926,0.5265,results/gate1/scores/198_train_prefix_mf1_seed0.npy
198,tiltAPB2,plain,ABP,True,cg089,tiltAPB2,train_prefix,1,1,50000,100,200,128767,50000,124158,124985,0.029698179868713814,0.1063705335564106,0.10642168493300487,77940,77740,False,False,85072,False,False,0.5934,0.538,results/gate1/scores/198_train_prefix_mf1_seed1.npy
198,tiltAPB2,plain,ABP,True,cg089,tiltAPB2,train_prefix,1,2,50000,100,200,128767,50000,124158,124985,0.007353406175448662,0.09492259736089992,0.09493139498125622,77940,77740,False,False,85072,False,False,0.6113,0.499,results/gate1/scores/198_train_prefix_mf1_seed2.npy
198,tiltAPB2,plain,ABP,True,cg089,tiltAPB2,train_prefix,1.0,0,50000,100,200,128767,50000,124158,124985,0.05088436815807984,0.055584938188686615,0.05558988071447731,77940,77740,False,False,96771,False,False,0.4794,0.464,results/gate1/scores/198_train_prefix_mf1.0_seed0.npy
198,tiltAPB2,plain,ABP,True,cg089,tiltAPB2,train_prefix,1.0,1,50000,100,200,128767,50000,124158,124985,0.04077798744418826,0.05415152333311512,0.054183169497655635,77940,77740,False,False,85080,False,False,0.4538,0.4823,results/gate1/scores/198_train_prefix_mf1.0_seed1.npy
198,tiltAPB2,plain,ABP,True,cg089,tiltAPB2,train_prefix,1.0,2,50000,100,200,128767,50000,124158,124985,0.028867594617503323,0.03530554438169142,0.03532730476873499,77940,77740,False,False,82119,False,False,0.4597,0.5789,results/gate1/scores/198_train_prefix_mf1.0_seed2.npy
199,tiltAPB3,plain,ABP,True,cg089,tiltAPB3,full,1,0,129489,100,200,129489,40000,113999,114370,-0.019087364784553418,0.0780019850985974,0.07804738561893525,89118,88918,False,False,85074,False,False,1.4983,0.5256,results/gate1/scores/199_full_mf1_seed0.npy
199,tiltAPB3,plain,ABP,True,cg089,tiltAPB3,full,1,1,129489,100,200,129489,40000,113999,114370,-0.01772448502492341,0.08223527567600279,0.08225711119285516,89118,88918,False,False,85076,False,False,1.5148,0.5133,results/gate1/scores/199_full_mf1_seed1.npy
199,tiltAPB3,plain,ABP,True,cg089,tiltAPB3,full,1,2,129489,100,200,129489,40000,113999,114370,-0.02083058322934428,0.07654681155058604,0.07663950845693812,89118,88918,False,False,85073,False,False,1.4756,0.5362,results/gate1/scores/199_full_mf1_seed2.npy
199,tiltAPB3,plain,ABP,True,cg089,tiltAPB3,full,1.0,0,129489,100,200,129489,40000,113999,114370,-0.07036405400493212,0.0554874754822153,0.055495979189005055,89118,88918,False,False,85072,False,False,1.375,0.4931,results/gate1/scores/199_full_mf1.0_seed0.npy
199,tiltAPB3,plain,ABP,True,cg089,tiltAPB3,full,1.0,1,129489,100,200,129489,40000,113999,114370,-0.056170753498660464,0.04579965425474534,0.045852071371938856,89118,88918,False,False,85077,False,False,1.2532,0.5282,results/gate1/scores/199_full_mf1.0_seed1.npy
199,tiltAPB3,plain,ABP,True,cg089,tiltAPB3,full,1.0,2,129489,100,200,129489,40000,113999,114370,-0.06681592708181677,0.036840535573801445,0.03686580570434903,89118,88918,False,False,85074,False,False,0.8305,0.3277,results/gate1/scores/199_full_mf1.0_seed2.npy
199,tiltAPB3,plain,ABP,True,cg089,tiltAPB3,train_prefix,1,0,40000,100,200,129489,40000,113999,114370,-0.028706584092824783,0.10533651726500973,0.10543954559902605,89118,88918,False,False,84849,False,False,0.4955,0.5027,results/gate1/scores/199_train_prefix_mf1_seed0.npy
199,tiltAPB3,plain,ABP,True,cg089,tiltAPB3,train_prefix,1,1,40000,100,200,129489,40000,113999,114370,-0.032461112598071995,0.10492262132360662,0.1049528013524661,89118,88918,False,False,85071,False,False,0.4946,0.5478,results/gate1/scores/199_train_prefix_mf1_seed1.npy
199,tiltAPB3,plain,ABP,True,cg089,tiltAPB3,train_prefix,1,2,40000,100,200,129489,40000,113999,114370,-0.03416667177692978,0.09220559769389396,0.09224888324089996,89118,88918,False,False,85072,False,False,0.5108,0.5275,results/gate1/scores/199_train_prefix_mf1_seed2.npy
199,tiltAPB3,plain,ABP,True,cg089,tiltAPB3,train_prefix,1.0,0,40000,100,200,129489,40000,113999,114370,-0.05837735556812623,0.05067778766579257,0.050705056161203785,89118,88918,False,False,84847,False,False,0.4308,0.557,results/gate1/scores/199_train_prefix_mf1.0_seed0.npy
199,tiltAPB3,plain,ABP,True,cg089,tiltAPB3,train_prefix,1.0,1,40000,100,200,129489,40000,113999,114370,-0.04927545575043352,0.0527871219450851,0.052801206122594396,89118,88918,False,False,82354,False,False,0.4442,0.5025,results/gate1/scores/199_train_prefix_mf1.0_seed1.npy
199,tiltAPB3,plain,ABP,True,cg089,tiltAPB3,train_prefix,1.0,2,40000,100,200,129489,40000,113999,114370,-0.05494022718233993,0.0378967178976261,0.03794804577594088,89118,88918,False,False,82347,False,False,0.3983,0.4842,results/gate1/scores/199_train_prefix_mf1.0_seed2.npy
200,tiltAPB4,plain,ABP,True,cg089,tiltAPB4,full,1,0,128001,100,200,128001,20000,67994,67996,-0.002969049380835531,0.06951581355191241,0.0695575419612013,107999,107799,False,False,85074,False,False,1.462,0.5128,results/gate1/scores/200_full_mf1_seed0.npy
200,tiltAPB4,plain,ABP,True,cg089,tiltAPB4,full,1,1,128001,100,200,128001,20000,67994,67996,-0.0026591396516975063,0.07704685996904524,0.07711813883947632,107999,107799,False,False,85076,False,False,1.4478,0.5247,results/gate1/scores/200_full_mf1_seed1.npy
200,tiltAPB4,plain,ABP,True,cg089,tiltAPB4,full,1,2,128001,100,200,128001,20000,67994,67996,-0.0005303637057250121,0.06946520785947856,0.06948779449083108,107999,107799,False,False,85077,False,False,1.4617,0.5337,results/gate1/scores/200_full_mf1_seed2.npy
200,tiltAPB4,plain,ABP,True,cg089,tiltAPB4,full,1.0,0,128001,100,200,128001,20000,67994,67996,0.015284041315850483,0.05305898676572192,0.05309248056628668,107999,107799,False,False,85072,False,False,1.2749,0.5687,results/gate1/scores/200_full_mf1.0_seed0.npy
200,tiltAPB4,plain,ABP,True,cg089,tiltAPB4,full,1.0,1,128001,100,200,128001,20000,67994,67996,0.012464915769652918,0.04251476715961704,0.04251878816027814,107999,107799,False,False,85077,False,False,1.2881,0.4042,results/gate1/scores/200_full_mf1.0_seed1.npy
200,tiltAPB4,plain,ABP,True,cg089,tiltAPB4,full,1.0,2,128001,100,200,128001,20000,67994,67996,0.019697804002804964,0.03719109830478453,0.03719780231874042,107999,107799,False,False,85074,False,False,1.3335,0.3478,results/gate1/scores/200_full_mf1.0_seed2.npy
200,tiltAPB4,plain,ABP,True,cg089,tiltAPB4,train_prefix,1,0,20000,100,200,128001,20000,67994,67996,-0.005470857819104169,0.10832123461134857,0.10839147800839528,107999,107799,False,False,82351,False,False,0.2691,0.4959,results/gate1/scores/200_train_prefix_mf1_seed0.npy
200,tiltAPB4,plain,ABP,True,cg089,tiltAPB4,train_prefix,1,1,20000,100,200,128001,20000,67994,67996,-0.02053435811119675,0.1106039399379007,0.1106612917709072,107999,107799,False,False,84848,False,False,0.2752,0.5236,results/gate1/scores/200_train_prefix_mf1_seed1.npy
200,tiltAPB4,plain,ABP,True,cg089,tiltAPB4,train_prefix,1,2,20000,100,200,128001,20000,67994,67996,-0.007546138947830405,0.09506304696584751,0.09510478532925494,107999,107799,False,False,82353,False,False,0.2961,0.5086,results/gate1/scores/200_train_prefix_mf1_seed2.npy
200,tiltAPB4,plain,ABP,True,cg089,tiltAPB4,train_prefix,1.0,0,20000,100,200,128001,20000,67994,67996,-0.01593255689452,0.05358639322859904,0.05362079049129345,107999,107799,False,False,84846,False,False,0.2286,0.4683,results/gate1/scores/200_train_prefix_mf1.0_seed0.npy
200,tiltAPB4,plain,ABP,True,cg089,tiltAPB4,train_prefix,1.0,1,20000,100,200,128001,20000,67994,67996,-0.0257354962675308,0.057648240218863396,0.057661840517478025,107999,107799,False,False,82349,False,False,0.2515,0.5819,results/gate1/scores/200_train_prefix_mf1.0_seed1.npy
200,tiltAPB4,plain,ABP,True,cg089,tiltAPB4,train_prefix,1.0,2,20000,100,200,128001,20000,67994,67996,-0.00592027457869404,0.037745784733425936,0.0377469862915234,107999,107799,False,False,39792,False,False,0.2222,0.5216,results/gate1/scores/200_train_prefix_mf1.0_seed2.npy
201,CHARISfive,plain,ECG,True,cg201,CHARISfive,full,1,0,41347,100,200,41347,10000,17000,17016,0.004766698418111948,0.005954000073385445,0.005954000073385445,31331,31131,False,False,15342,False,False,0.5804,0.1995,results/gate1/scores/201_full_mf1_seed0.npy
201,CHARISfive,plain,ECG,True,cg201,CHARISfive,full,1,1,41347,100,200,41347,10000,17000,17016,-0.0041048318766085945,0.0062831855996295875,0.006218586196483912,31331,31131,False,False,25644,False,False,0.5885,0.18,results/gate1/scores/201_full_mf1_seed1.npy
201,CHARISfive,plain,ECG,True,cg201,CHARISfive,full,1,2,41347,100,200,41347,10000,17000,17016,0.0018829292991090485,0.0045983618182772554,0.00459339707752368,31331,31131,False,False,15341,False,False,0.5385,0.1974,results/gate1/scores/201_full_mf1_seed2.npy
201,CHARISfive,plain,ECG,True,cg201,CHARISfive,full,1.0,0,41347,100,200,41347,10000,17000,17016,0.014297737021209844,0.013525933954325556,0.013093535766997153,31331,31131,True,True,10023,False,False,0.4257,0.1663,results/gate1/scores/201_full_mf1.0_seed0.npy
201,CHARISfive,plain,ECG,True,cg201,CHARISfive,full,1.0,1,41347,100,200,41347,10000,17000,17016,0.022244380084668447,0.01310931356537835,0.012757009828175719,31331,31131,True,True,10023,False,False,0.424,0.1371,results/gate1/scores/201_full_mf1.0_seed1.npy
201,CHARISfive,plain,ECG,True,cg201,CHARISfive,full,1.0,2,41347,100,200,41347,10000,17000,17016,0.01610456576768715,0.012188604793624675,0.01155243627073652,31331,31131,True,True,10020,False,False,0.4279,0.1433,results/gate1/scores/201_full_mf1.0_seed2.npy
201,CHARISfive,plain,ECG,True,cg201,CHARISfive,train_prefix,1,0,10000,100,200,41347,10000,17000,17016,-0.0066689388830621366,-0.0010290558264440457,-0.001027318652740582,31331,31131,False,False,15440,False,False,0.1892,0.2072,results/gate1/scores/201_train_prefix_mf1_seed0.npy
201,CHARISfive,plain,ECG,True,cg201,CHARISfive,train_prefix,1,1,10000,100,200,41347,10000,17000,17016,-0.005781932752421448,0.0006555673450059932,0.0006555673450059932,31331,31131,False,False,15425,False,False,0.1906,0.1919,results/gate1/scores/201_train_prefix_mf1_seed1.npy
201,CHARISfive,plain,ECG,True,cg201,CHARISfive,train_prefix,1,2,10000,100,200,41347,10000,17000,17016,-0.0010546695223692115,0.00044635475196778317,0.0004550782207638909,31331,31131,False,False,15375,False,False,0.1889,0.2016,results/gate1/scores/201_train_prefix_mf1_seed2.npy
201,CHARISfive,plain,ECG,True,cg201,CHARISfive,train_prefix,1.0,0,10000,100,200,41347,10000,17000,17016,0.022833675043039126,0.022107900026088048,0.021995420101683816,31331,31131,True,True,30400,False,False,0.1784,0.201,results/gate1/scores/201_train_prefix_mf1.0_seed0.npy
201,CHARISfive,plain,ECG,True,cg201,CHARISfive,train_prefix,1.0,1,10000,100,200,41347,10000,17000,17016,0.012736850451540271,0.025621905717826444,0.025576134802010833,31331,31131,False,False,32018,False,False,0.1802,0.197,results/gate1/scores/201_train_prefix_mf1.0_seed1.npy
201,CHARISfive,plain,ECG,True,cg201,CHARISfive,train_prefix,1.0,2,10000,100,200,41347,10000,17000,17016,0.014583925963656874,0.030101499388598962,0.0300909681349957,31331,31131,False,False,31898,False,False,0.1793,0.2062,results/gate1/scores/201_train_prefix_mf1.0_seed2.npy
202,CHARISfive,plain,ECG,True,cg202,CHARISfive,full,1,0,41790,100,200,41790,10411,10997,11028,-0.06508687385416922,0.047282255558253244,0.04734658068394664,31348,31148,False,False,37633,False,False,0.5888,0.1998,results/gate1/scores/202_full_mf1_seed0.npy
202,CHARISfive,plain,ECG,True,cg202,CHARISfive,full,1,1,41790,100,200,41790,10411,10997,11028,-0.05929018996361113,0.0504788386785694,0.05064437231538262,31348,31148,False,False,37631,False,False,0.5741,0.2054,results/gate1/scores/202_full_mf1_seed1.npy
202,CHARISfive,plain,ECG,True,cg202,CHARISfive,full,1,2,41790,100,200,41790,10411,10997,11028,-0.058602941615780835,0.04248329281247762,0.04286330493152901,31348,31148,False,False,37635,False,False,0.5946,0.2022,results/gate1/scores/202_full_mf1_seed2.npy
202,CHARISfive,plain,ECG,True,cg202,CHARISfive,full,1.0,0,41790,100,200,41790,10411,10997,11028,-0.08850935975548913,0.03486818822514454,0.03506894995972656,31348,31148,False,False,37620,False,False,0.3844,0.1258,results/gate1/scores/202_full_mf1.0_seed0.npy
202,CHARISfive,plain,ECG,True,cg202,CHARISfive,full,1.0,1,41790,100,200,41790,10411,10997,11028,-0.086201626658095,0.04475469978027761,0.044933205827418124,31348,31148,False,False,37628,False,False,0.4123,0.1287,results/gate1/scores/202_full_mf1.0_seed1.npy
202,CHARISfive,plain,ECG,True,cg202,CHARISfive,full,1.0,2,41790,100,200,41790,10411,10997,11028,-0.08358796785219763,0.03219946177872088,0.032432721396263076,31348,31148,False,False,37632,False,False,0.4005,0.1387,results/gate1/scores/202_full_mf1.0_seed2.npy
202,CHARISfive,plain,ECG,True,cg202,CHARISfive,train_prefix,1,0,10411,100,200,41790,10411,10997,11028,-0.06069193979115034,0.10771607730684839,0.10782007941794909,31348,31148,False,False,37637,False,False,0.1962,0.205,results/gate1/scores/202_train_prefix_mf1_seed0.npy
202,CHARISfive,plain,ECG,True,cg202,CHARISfive,train_prefix,1,1,10411,100,200,41790,10411,10997,11028,-0.062347826872250156,0.10259209834698377,0.10268429607438127,31348,31148,False,False,37627,False,False,0.197,0.2107,results/gate1/scores/202_train_prefix_mf1_seed1.npy
202,CHARISfive,plain,ECG,True,cg202,CHARISfive,train_prefix,1,2,10411,100,200,41790,10411,10997,11028,-0.06561430678043101,0.09660801598481353,0.09676887216050595,31348,31148,False,False,37629,False,False,0.2138,0.2119,results/gate1/scores/202_train_prefix_mf1_seed2.npy
202,CHARISfive,plain,ECG,True,cg202,CHARISfive,train_prefix,1.0,0,10411,100,200,41790,10411,10997,11028,-0.07785124795660547,0.10099999873702765,0.10116843185525844,31348,31148,False,False,37653,False,False,0.16,0.1215,results/gate1/scores/202_train_prefix_mf1.0_seed0.npy
202,CHARISfive,plain,ECG,True,cg202,CHARISfive,train_prefix,1.0,1,10411,100,200,41790,10411,10997,11028,-0.07650124510293621,0.10053564822811113,0.10068273060660025,31348,31148,False,False,37633,False,False,0.1614,0.1257,results/gate1/scores/202_train_prefix_mf1.0_seed1.npy
202,CHARISfive,plain,ECG,True,cg202,CHARISfive,train_prefix,1.0,2,10411,100,200,41790,10411,10997,11028,-0.08302625433455457,0.08934675359320664,0.08961805253987408,31348,31148,False,False,37627,False,False,0.1582,0.1312,results/gate1/scores/202_train_prefix_mf1.0_seed2.npy
203,CHARISfive,plain,ECG,True,cg203,CHARISfive,full,1,0,41612,100,200,41612,10500,10994,11028,-0.0026869565234590165,0.02129553769835876,0.021389857912138696,31078,30878,False,False,12690,False,False,0.5962,0.1959,results/gate1/scores/203_full_mf1_seed0.npy
203,CHARISfive,plain,ECG,True,cg203,CHARISfive,full,1,1,41612,100,200,41612,10500,10994,11028,-0.004272365635766717,0.01888879341929976,0.018880288416180776,31078,30878,False,False,40011,False,False,0.5631,0.1971,results/gate1/scores/203_full_mf1_seed1.npy
203,CHARISfive,plain,ECG,True,cg203,CHARISfive,full,1,2,41612,100,200,41612,10500,10994,11028,-0.004772260059090261,0.019503165528445825,0.01954590055677964,31078,30878,False,False,12690,False,False,0.5548,0.2051,results/gate1/scores/203_full_mf1_seed2.npy
203,CHARISfive,plain,ECG,True,cg203,CHARISfive,full,1.0,0,41612,100,200,41612,10500,10994,11028,0.014384814409771074,0.018900627424998546,0.018931947670589266,31078,30878,False,False,18988,False,False,0.3657,0.136,results/gate1/scores/203_full_mf1.0_seed0.npy
203,CHARISfive,plain,ECG,True,cg203,CHARISfive,full,1.0,1,41612,100,200,41612,10500,10994,11028,0.013268700927514865,0.01598047628866115,0.015986689288750706,31078,30878,False,False,18990,False,False,0.3728,0.1272,results/gate1/scores/203_full_mf1.0_seed1.npy
203,CHARISfive,plain,ECG,True,cg203,CHARISfive,full,1.0,2,41612,100,200,41612,10500,10994,11028,0.01218068105473269,0.015354353321467142,0.015332682726366693,31078,30878,False,False,18990,False,False,0.3894,0.1332,results/gate1/scores/203_full_mf1.0_seed2.npy
203,CHARISfive,plain,ECG,True,cg203,CHARISfive,train_prefix,1,0,10500,100,200,41612,10500,10994,11028,-0.008934503330371657,0.008798360721449645,0.008832649593533635,31078,30878,False,False,19019,False,False,0.1926,0.2025,results/gate1/scores/203_train_prefix_mf1_seed0.npy
203,CHARISfive,plain,ECG,True,cg203,CHARISfive,train_prefix,1,1,10500,100,200,41612,10500,10994,11028,-0.0020434096130101387,0.007583437304582536,0.007583437304582536,31078,30878,False,False,19020,False,False,0.1981,0.2049,results/gate1/scores/203_train_prefix_mf1_seed1.npy
203,CHARISfive,plain,ECG,True,cg203,CHARISfive,train_prefix,1,2,10500,100,200,41612,10500,10994,11028,-0.0036704624263615426,0.005535190280297169,0.0056175812027501725,31078,30878,False,False,18994,False,False,0.208,0.1972,results/gate1/scores/203_train_prefix_mf1_seed2.npy
203,CHARISfive,plain,ECG,True,cg203,CHARISfive,train_prefix,1.0,0,10500,100,200,41612,10500,10994,11028,-0.000419844356615684,0.007149424790309755,0.007160522601308534,31078,30878,False,False,18988,False,False,0.1623,0.1137,results/gate1/scores/203_train_prefix_mf1.0_seed0.npy
203,CHARISfive,plain,ECG,True,cg203,CHARISfive,train_prefix,1.0,1,10500,100,200,41612,10500,10994,11028,0.002415415903826379,0.0069939654829801415,0.007016132300713639,31078,30878,False,False,18989,False,False,0.1784,0.1285,results/gate1/scores/203_train_prefix_mf1.0_seed1.npy
203,CHARISfive,plain,ECG,True,cg203,CHARISfive,train_prefix,1.0,2,10500,100,200,41612,10500,10994,11028,0.014744521486241946,0.00819023972349401,0.008029888269976512,31078,30878,True,True,18990,False,False,0.1528,0.1306,results/gate1/scores/203_train_prefix_mf1.0_seed2.npy
204,CHARISfive,plain,ECG,True,cg204,CHARISfive,full,1,0,41999,100,200,41999,12412,14999,15070,-0.035094809665644155,0.04793909852840382,0.04814223221742667,29516,29316,False,False,37842,False,False,0.589,0.1978,results/gate1/scores/204_full_mf1_seed0.npy
204,CHARISfive,plain,ECG,True,cg204,CHARISfive,full,1,1,41999,100,200,41999,12412,14999,15070,-0.042479767873452645,0.04803670201201268,0.048474553181601945,29516,29316,False,False,37840,False,False,0.5621,0.2041,results/gate1/scores/204_full_mf1_seed1.npy
204,CHARISfive,plain,ECG,True,cg204,CHARISfive,full,1,2,41999,100,200,41999,12412,14999,15070,-0.036974657571523406,0.04091411651553811,0.04105963113444919,29516,29316,False,False,37839,False,False,0.5827,0.1975,results/gate1/scores/204_full_mf1_seed2.npy
204,CHARISfive,plain,ECG,True,cg204,CHARISfive,full,1.0,0,41999,100,200,41999,12412,14999,15070,-0.028709323018701105,0.04460175525450097,0.044877520163813696,29516,29316,False,False,37835,False,False,0.4067,0.1205,results/gate1/scores/204_full_mf1.0_seed0.npy
204,CHARISfive,plain,ECG,True,cg204,CHARISfive,full,1.0,1,41999,100,200,41999,12412,14999,15070,-0.03289046946186175,0.04372629107912452,0.04392014191089933,29516,29316,False,False,37836,False,False,0.3868,0.1319,results/gate1/scores/204_full_mf1.0_seed1.npy
204,CHARISfive,plain,ECG,True,cg204,CHARISfive,full,1.0,2,41999,100,200,41999,12412,14999,15070,-0.027168672626844748,0.032785816469394984,0.03303285175016602,29516,29316,False,False,37843,False,False,0.3842,0.1409,results/gate1/scores/204_full_mf1.0_seed2.npy
204,CHARISfive,plain,ECG,True,cg204,CHARISfive,train_prefix,1,0,12412,100,200,41999,12412,14999,15070,-0.07297861092123287,0.09002997580723626,0.09019114747397633,29516,29316,False,False,37844,False,False,0.2224,0.183,results/gate1/scores/204_train_prefix_mf1_seed0.npy
204,CHARISfive,plain,ECG,True,cg204,CHARISfive,train_prefix,1,1,12412,100,200,41999,12412,14999,15070,-0.0662772743158897,0.08932072443308883,0.08942590892238433,29516,29316,False,False,37844,False,False,0.2379,0.2083,results/gate1/scores/204_train_prefix_mf1_seed1.npy
204,CHARISfive,plain,ECG,True,cg204,CHARISfive,train_prefix,1,2,12412,100,200,41999,12412,14999,15070,-0.060767401322965375,0.08426803562108211,0.08443937976188841,29516,29316,False,False,37837,False,False,0.2285,0.2061,results/gate1/scores/204_train_prefix_mf1_seed2.npy
204,CHARISfive,plain,ECG,True,cg204,CHARISfive,train_prefix,1.0,0,12412,100,200,41999,12412,14999,15070,-0.06082206638801568,0.0880476011727984,0.08826864989029283,29516,29316,False,False,37847,False,False,0.2282,0.1211,results/gate1/scores/204_train_prefix_mf1.0_seed0.npy
204,CHARISfive,plain,ECG,True,cg204,CHARISfive,train_prefix,1.0,1,12412,100,200,41999,12412,14999,15070,-0.046956707993545954,0.09481768191344017,0.09491790132057239,29516,29316,False,False,37834,False,False,0.1904,0.1387,results/gate1/scores/204_train_prefix_mf1.0_seed1.npy
204,CHARISfive,plain,ECG,True,cg204,CHARISfive,train_prefix,1.0,2,12412,100,200,41999,12412,14999,15070,-0.043254898873538394,0.08262075711494928,0.08273579295050355,29516,29316,False,False,37843,False,False,0.1805,0.1292,results/gate1/scores/204_train_prefix_mf1.0_seed2.npy
205,CHARISfive,plain,ECG,True,cg205,CHARISfive,full,1,0,39870,100,200,39870,9812,28994,29085,-0.04943753705094028,0.05119543561257143,0.05134375450722819,29967,29767,False,False,35718,False,False,0.5669,0.1891,results/gate1/scores/205_full_mf1_seed0.npy
205,CHARISfive,plain,ECG,True,cg205,CHARISfive,full,1,1,39870,100,200,39870,9812,28994,29085,-0.05589867329923853,0.05307766681235555,0.053215500308420094,29967,29767,False,False,35712,False,False,0.5728,0.1999,results/gate1/scores/205_full_mf1_seed1.npy
205,CHARISfive,plain,ECG,True,cg205,CHARISfive,full,1,2,39870,100,200,39870,9812,28994,29085,-0.0422347385578738,0.04671620227347051,0.046879230176317906,29967,29767,False,False,35708,False,False,0.5316,0.1907,results/gate1/scores/205_full_mf1_seed2.npy
205,CHARISfive,plain,ECG,True,cg205,CHARISfive,full,1.0,0,39870,100,200,39870,9812,28994,29085,-0.09928775003471824,0.04943949304201224,0.05014026602691513,29967,29767,False,False,35713,False,False,0.3735,0.154,results/gate1/scores/205_full_mf1.0_seed0.npy
205,CHARISfive,plain,ECG,True,cg205,CHARISfive,full,1.0,1,39870,100,200,39870,9812,28994,29085,-0.09415140393038912,0.053056698531141346,0.053115592809351,29967,29767,False,False,35713,False,False,0.3932,0.1389,results/gate1/scores/205_full_mf1.0_seed1.npy
205,CHARISfive,plain,ECG,True,cg205,CHARISfive,full,1.0,2,39870,100,200,39870,9812,28994,29085,-0.09097129473043336,0.041707783404799456,0.04208082455290182,29967,29767,False,False,35714,False,False,0.3914,0.129,results/gate1/scores/205_full_mf1.0_seed2.npy
205,CHARISfive,plain,ECG,True,cg205,CHARISfive,train_prefix,1,0,9812,100,200,39870,9812,28994,29085,-0.05820324957914619,0.10922293953173515,0.10932287230250623,29967,29767,False,False,35714,False,False,0.1862,0.1916,results/gate1/scores/205_train_prefix_mf1_seed0.npy
205,CHARISfive,plain,ECG,True,cg205,CHARISfive,train_prefix,1,1,9812,100,200,39870,9812,28994,29085,-0.059797895866326445,0.10690655929086854,0.10692535739462393,29967,29767,False,False,35741,False,False,0.1869,0.1952,results/gate1/scores/205_train_prefix_mf1_seed1.npy
205,CHARISfive,plain,ECG,True,cg205,CHARISfive,train_prefix,1,2,9812,100,200,39870,9812,28994,29085,-0.066895257692626,0.09338615915098018,0.09347742241894581,29967,29767,False,False,35705,False,False,0.188,0.1936,results/gate1/scores/205_train_prefix_mf1_seed2.npy
205,CHARISfive,plain,ECG,True,cg205,CHARISfive,train_prefix,1.0,0,9812,100,200,39870,9812,28994,29085,-0.10600143456415045,0.09453034359919711,0.09461405762469473,29967,29767,False,False,35700,False,False,0.1721,0.1243,results/gate1/scores/205_train_prefix_mf1.0_seed0.npy
205,CHARISfive,plain,ECG,True,cg205,CHARISfive,train_prefix,1.0,1,9812,100,200,39870,9812,28994,29085,-0.09998930141919227,0.10061930194109034,0.10082181275793588,29967,29767,False,False,35714,False,False,0.1597,0.1303,results/gate1/scores/205_train_prefix_mf1.0_seed1.npy
205,CHARISfive,plain,ECG,True,cg205,CHARISfive,train_prefix,1.0,2,9812,100,200,39870,9812,28994,29085,-0.09827773861049305,0.0924256278888906,0.09263037878971574,29967,29767,False,False,35713,False,False,0.1594,0.1293,results/gate1/scores/205_train_prefix_mf1.0_seed2.npy
206,CHARISten,plain,ECG,True,cg206,CHARISten,full,1,0,42000,100,200,42000,25130,29079,29140,-0.011428409071569778,0.19438653666482794,0.19439543734756345,16809,16609,False,False,25214,False,False,0.5185,0.1636,results/gate1/scores/206_full_mf1_seed0.npy
206,CHARISten,plain,ECG,True,cg206,CHARISten,full,1,1,42000,100,200,42000,25130,29079,29140,-0.006145805060983611,0.20376309153948147,0.20379202554929168,16809,16609,False,False,25295,False,False,0.5428,0.1749,results/gate1/scores/206_full_mf1_seed1.npy
206,CHARISten,plain,ECG,True,cg206,CHARISten,full,1,2,42000,100,200,42000,25130,29079,29140,-0.014099721473702476,0.19665596860146592,0.1966840093131844,16809,16609,False,False,25803,False,False,0.5207,0.1619,results/gate1/scores/206_full_mf1_seed2.npy
206,CHARISten,plain,ECG,True,cg206,CHARISten,full,1.0,0,42000,100,200,42000,25130,29079,29140,0.01520334030697612,0.18498053723498106,0.18503277722982664,16809,16609,False,False,25228,False,False,0.4159,0.1226,results/gate1/scores/206_full_mf1.0_seed0.npy
206,CHARISten,plain,ECG,True,cg206,CHARISten,full,1.0,1,42000,100,200,42000,25130,29079,29140,0.004703572108258003,0.19221945647959313,0.1922550066992243,16809,16609,False,False,26091,False,False,0.3974,0.1449,results/gate1/scores/206_full_mf1.0_seed1.npy
206,CHARISten,plain,ECG,True,cg206,CHARISten,full,1.0,2,42000,100,200,42000,25130,29079,29140,0.001572819784215529,0.1785470222885236,0.178574051150154,16809,16609,False,False,25225,False,False,0.3988,0.1676,results/gate1/scores/206_full_mf1.0_seed2.npy
206,CHARISten,plain,ECG,True,cg206,CHARISten,train_prefix,1,0,25130,100,200,42000,25130,29079,29140,-0.019550134784435957,0.23745517043471642,0.23745800746958623,16809,16609,False,False,25441,False,False,0.3624,0.1549,results/gate1/scores/206_train_prefix_mf1_seed0.npy
206,CHARISten,plain,ECG,True,cg206,CHARISten,train_prefix,1,1,25130,100,200,42000,25130,29079,29140,-0.01783433783765742,0.24583062458220195,0.2458437300030049,16809,16609,False,False,26048,False,False,0.3519,0.1529,results/gate1/scores/206_train_prefix_mf1_seed1.npy
206,CHARISten,plain,ECG,True,cg206,CHARISten,train_prefix,1,2,25130,100,200,42000,25130,29079,29140,-0.018329626936030408,0.22174438290019935,0.22176585623960463,16809,16609,False,False,25247,False,False,0.3437,0.1587,results/gate1/scores/206_train_prefix_mf1_seed2.npy
206,CHARISten,plain,ECG,True,cg206,CHARISten,train_prefix,1.0,0,25130,100,200,42000,25130,29079,29140,-0.0027508851904300413,0.23014599631765803,0.23016680223810126,16809,16609,False,False,26052,False,False,0.262,0.121,results/gate1/scores/206_train_prefix_mf1.0_seed0.npy
206,CHARISten,plain,ECG,True,cg206,CHARISten,train_prefix,1.0,1,25130,100,200,42000,25130,29079,29140,0.0008875076986468167,0.22949697490958454,0.22953790195169904,16809,16609,False,False,25232,False,False,0.2731,0.1098,results/gate1/scores/206_train_prefix_mf1.0_seed1.npy
206,CHARISten,plain,ECG,True,cg206,CHARISten,train_prefix,1.0,2,25130,100,200,42000,25130,29079,29140,0.002946662237386377,0.21327286911812582,0.21329365652455476,16809,16609,False,False,25227,False,False,0.2748,0.1543,results/gate1/scores/206_train_prefix_mf1.0_seed2.npy
207,CHARISten,plain,ECG,True,cg207,CHARISten,full,1,0,39870,100,200,39870,3165,26928,26989,-0.008063346251306891,0.07502095857906683,0.07513601678624794,36644,36444,False,False,6858,False,False,0.5349,0.188,results/gate1/scores/207_full_mf1_seed0.npy
207,CHARISten,plain,ECG,True,cg207,CHARISten,full,1,1,39870,100,200,39870,3165,26928,26989,-0.0010028205556603664,0.07981702281731248,0.07988792108649442,36644,36444,False,False,6871,False,False,0.5583,0.1888,results/gate1/scores/207_full_mf1_seed1.npy
207,CHARISten,plain,ECG,True,cg207,CHARISten,full,1,2,39870,100,200,39870,3165,26928,26989,0.0020002094213963373,0.07359960091826462,0.07365405485623616,36644,36444,False,False,6852,False,False,0.5719,0.1871,results/gate1/scores/207_full_mf1_seed2.npy
207,CHARISten,plain,ECG,True,cg207,CHARISten,full,1.0,0,39870,100,200,39870,3165,26928,26989,-0.0009356237318719485,0.12876325308044992,0.12886692483158632,36644,36444,False,False,6856,False,False,0.3853,0.1284,results/gate1/scores/207_full_mf1.0_seed0.npy
207,CHARISten,plain,ECG,True,cg207,CHARISten,full,1.0,1,39870,100,200,39870,3165,26928,26989,0.004243292080388317,0.13044564258345792,0.1306476080598789,36644,36444,False,False,6855,False,False,0.3811,0.1387,results/gate1/scores/207_full_mf1.0_seed1.npy
207,CHARISten,plain,ECG,True,cg207,CHARISten,full,1.0,2,39870,100,200,39870,3165,26928,26989,0.008593503285510784,0.11519390883728546,0.1153185377565572,36644,36444,False,False,6858,False,False,0.3778,0.1417,results/gate1/scores/207_full_mf1.0_seed2.npy
207,CHARISten,plain,ECG,True,cg207,CHARISten,train_prefix,1,0,3165,100,200,39870,3165,26928,26989,0.012583225468007941,0.08855873392044399,0.08858347645546612,36644,36444,False,False,6855,False,False,0.1134,0.1876,results/gate1/scores/207_train_prefix_mf1_seed0.npy
207,CHARISten,plain,ECG,True,cg207,CHARISten,train_prefix,1,1,3165,100,200,39870,3165,26928,26989,0.008912093022745315,0.08329187274690879,0.08340519152872981,36644,36444,False,False,6837,False,False,0.1132,0.203,results/gate1/scores/207_train_prefix_mf1_seed1.npy
207,CHARISten,plain,ECG,True,cg207,CHARISten,train_prefix,1,2,3165,100,200,39870,3165,26928,26989,0.010928902284911945,0.07412791465383971,0.07415328953273441,36644,36444,False,False,6665,False,False,0.1138,0.1955,results/gate1/scores/207_train_prefix_mf1_seed2.npy
207,CHARISten,plain,ECG,True,cg207,CHARISten,train_prefix,1.0,0,3165,100,200,39870,3165,26928,26989,0.024338362163791816,0.1296697349553022,0.12977024901132767,36644,36444,False,False,6864,False,False,0.1055,0.1398,results/gate1/scores/207_train_prefix_mf1.0_seed0.npy
207,CHARISten,plain,ECG,True,cg207,CHARISten,train_prefix,1.0,1,3165,100,200,39870,3165,26928,26989,0.019132268559435506,0.12064238855710147,0.12072650363208505,36644,36444,False,False,6857,False,False,0.1039,0.1232,results/gate1/scores/207_train_prefix_mf1.0_seed1.npy
207,CHARISten,plain,ECG,True,cg207,CHARISten,train_prefix,1.0,2,3165,100,200,39870,3165,26928,26989,0.017715216244548193,0.1118142547446398,0.11196747963792641,36644,36444,False,False,8275,False,False,0.105,0.131,results/gate1/scores/207_train_prefix_mf1.0_seed2.npy
208,CHARISten,plain,ECG,True,cg208,CHARISten,full,1,0,40870,100,200,40870,5130,27928,27989,0.01010282921230915,0.01733359560102881,0.01731307741864988,35679,35479,False,False,6703,False,False,0.5628,0.1969,results/gate1/scores/208_full_mf1_seed0.npy
208,CHARISten,plain,ECG,True,cg208,CHARISten,full,1,1,40870,100,200,40870,5130,27928,27989,0.005494227135616481,0.01703760609194837,0.01703760609194837,35679,35479,False,False,6720,False,False,0.5911,0.1964,results/gate1/scores/208_full_mf1_seed1.npy
208,CHARISten,plain,ECG,True,cg208,CHARISten,full,1,2,40870,100,200,40870,5130,27928,27989,0.015254179361670117,0.017004607563558594,0.01684986415956794,35679,35479,False,False,6717,False,False,0.5607,0.188,results/gate1/scores/208_full_mf1_seed2.npy
208,CHARISten,plain,ECG,True,cg208,CHARISten,full,1.0,0,40870,100,200,40870,5130,27928,27989,0.025392962712547484,0.008924293475072823,0.008844451273894662,35679,35479,True,True,6763,False,False,0.413,0.1143,results/gate1/scores/208_full_mf1.0_seed0.npy
208,CHARISten,plain,ECG,True,cg208,CHARISten,full,1.0,1,40870,100,200,40870,5130,27928,27989,0.021581660325376173,0.012696436004857077,0.012604328681867394,35679,35479,True,True,19154,False,False,0.4392,0.1434,results/gate1/scores/208_full_mf1.0_seed1.npy
208,CHARISten,plain,ECG,True,cg208,CHARISten,full,1.0,2,40870,100,200,40870,5130,27928,27989,0.02706616729064798,0.009008539999948776,0.008879046175234183,35679,35479,True,True,27989,True,True,0.3952,0.1408,results/gate1/scores/208_full_mf1.0_seed2.npy
208,CHARISten,plain,ECG,True,cg208,CHARISten,train_prefix,1,0,5130,100,200,40870,5130,27928,27989,0.007755955458799979,0.01725954120084842,0.01719527948002039,35679,35479,False,False,6717,False,False,0.1279,0.1867,results/gate1/scores/208_train_prefix_mf1_seed0.npy
208,CHARISten,plain,ECG,True,cg208,CHARISten,train_prefix,1,1,5130,100,200,40870,5130,27928,27989,0.0036781298055638123,0.01676548197934956,0.016740524321583575,35679,35479,False,False,6702,False,False,0.1431,0.1844,results/gate1/scores/208_train_prefix_mf1_seed1.npy
208,CHARISten,plain,ECG,True,cg208,CHARISten,train_prefix,1,2,5130,100,200,40870,5130,27928,27989,0.010552464634828007,0.01612470233827649,0.016114252949912113,35679,35479,False,False,6706,False,False,0.1389,0.1886,results/gate1/scores/208_train_prefix_mf1_seed2.npy
208,CHARISten,plain,ECG,True,cg208,CHARISten,train_prefix,1.0,0,5130,100,200,40870,5130,27928,27989,0.030134254133361904,0.018077046973436935,0.018056224637411484,35679,35479,True,True,6758,False,False,0.1221,0.155,results/gate1/scores/208_train_prefix_mf1.0_seed0.npy
208,CHARISten,plain,ECG,True,cg208,CHARISten,train_prefix,1.0,1,5130,100,200,40870,5130,27928,27989,0.028810820835603934,0.021081059432718513,0.021049070817605344,35679,35479,True,True,33262,False,False,0.1191,0.1284,results/gate1/scores/208_train_prefix_mf1.0_seed1.npy
208,CHARISten,plain,ECG,True,cg208,CHARISten,train_prefix,1.0,2,5130,100,200,40870,5130,27928,27989,0.02653462435666004,0.016530808909211495,0.0164492253926693,35679,35479,True,True,27990,True,True,0.1165,0.1278,results/gate1/scores/208_train_prefix_mf1.0_seed2.npy
209,Fantasia,plain,ECG,True,cg209,Fantasia,full,1,0,92000,100,200,92000,19000,26969,27270,0.008141815460554147,0.037201056375674016,0.037269516540229364,72699,72499,False,False,29123,False,False,1.1908,0.474,results/gate1/scores/209_full_mf1_seed0.npy
209,Fantasia,plain,ECG,True,cg209,Fantasia,full,1,1,92000,100,200,92000,19000,26969,27270,0.0075367515766512905,0.035836996554297305,0.03585379777627373,72699,72499,False,False,29113,False,False,1.2527,0.5088,results/gate1/scores/209_full_mf1_seed1.npy
209,Fantasia,plain,ECG,True,cg209,Fantasia,full,1,2,92000,100,200,92000,19000,26969,27270,0.006143760700738354,0.03546349735322057,0.035508769120606756,72699,72499,False,False,29128,False,False,1.265,0.4891,results/gate1/scores/209_full_mf1_seed2.npy
209,Fantasia,plain,ECG,True,cg209,Fantasia,full,1.0,0,92000,100,200,92000,19000,26969,27270,0.031870200842543606,0.02632202262800781,0.02635504079468981,72699,72499,True,True,29128,False,False,0.8027,0.3362,results/gate1/scores/209_full_mf1.0_seed0.npy
209,Fantasia,plain,ECG,True,cg209,Fantasia,full,1.0,1,92000,100,200,92000,19000,26969,27270,0.027719938324996696,0.02608658025312121,0.0261385331519865,72699,72499,True,True,29122,False,False,0.8202,0.3267,results/gate1/scores/209_full_mf1.0_seed1.npy
209,Fantasia,plain,ECG,True,cg209,Fantasia,full,1.0,2,92000,100,200,92000,19000,26969,27270,0.020093711789328172,0.025041803859707328,0.025052843538129314,72699,72499,False,False,29134,False,False,0.8193,0.3544,results/gate1/scores/209_full_mf1.0_seed2.npy
209,Fantasia,plain,ECG,True,cg209,Fantasia,train_prefix,1,0,19000,100,200,92000,19000,26969,27270,0.0074780722859068005,0.06039613314172644,0.06042527409231764,72699,72499,False,False,29122,False,False,0.3028,0.4594,results/gate1/scores/209_train_prefix_mf1_seed0.npy
209,Fantasia,plain,ECG,True,cg209,Fantasia,train_prefix,1,1,19000,100,200,92000,19000,26969,27270,0.0011418269550963478,0.05759680249324079,0.05760482297308064,72699,72499,False,False,29129,False,False,0.3006,0.4639,results/gate1/scores/209_train_prefix_mf1_seed1.npy
209,Fantasia,plain,ECG,True,cg209,Fantasia,train_prefix,1,2,19000,100,200,92000,19000,26969,27270,0.003296548205255323,0.05872908829035504,0.05888043177910398,72699,72499,False,False,29124,False,False,0.3079,0.4579,results/gate1/scores/209_train_prefix_mf1_seed2.npy
209,Fantasia,plain,ECG,True,cg209,Fantasia,train_prefix,1.0,0,19000,100,200,92000,19000,26969,27270,0.018301895717950933,0.031209427513048206,0.031214408400513732,72699,72499,False,False,29128,False,False,0.2377,0.3337,results/gate1/scores/209_train_prefix_mf1.0_seed0.npy
209,Fantasia,plain,ECG,True,cg209,Fantasia,train_prefix,1.0,1,19000,100,200,92000,19000,26969,27270,0.005115619587923559,0.033662042785241014,0.033669222958136964,72699,72499,False,False,29128,False,False,0.2176,0.3065,results/gate1/scores/209_train_prefix_mf1.0_seed1.npy
209,Fantasia,plain,ECG,True,cg209,Fantasia,train_prefix,1.0,2,19000,100,200,92000,19000,26969,27270,0.013210906081568718,0.030806503112382047,0.030854353010538554,72699,72499,False,False,29119,False,False,0.2513,0.2721,results/gate1/scores/209_train_prefix_mf1.0_seed2.npy
210,Italianpowerdemand,plain,Power Demand,False,cg210,Italianpowerdemand,full,1,0,119819,100,200,119819,36123,74899,74996,-0.01239486353664021,0.06804560764984824,0.06814054459546222,83599,83399,False,False,56514,False,False,1.4044,0.5272,results/gate1/scores/210_full_mf1_seed0.npy
210,Italianpowerdemand,plain,Power Demand,False,cg210,Italianpowerdemand,full,1,1,119819,100,200,119819,36123,74899,74996,-0.007232325594866751,0.06438341808295808,0.06444015738399594,83599,83399,False,False,56900,False,False,1.4471,0.5583,results/gate1/scores/210_full_mf1_seed1.npy
210,Italianpowerdemand,plain,Power Demand,False,cg210,Italianpowerdemand,full,1,2,119819,100,200,119819,36123,74899,74996,-0.016376480204702726,0.060343161255563174,0.0604342437916212,83599,83399,False,False,56911,False,False,1.4895,0.5282,results/gate1/scores/210_full_mf1_seed2.npy
210,Italianpowerdemand,plain,Power Demand,False,cg210,Italianpowerdemand,full,1.0,0,119819,100,200,119819,36123,74899,74996,-0.0255647242894933,0.04478957319717523,0.04488389834362086,83599,83399,False,False,56529,False,False,1.0455,0.3899,results/gate1/scores/210_full_mf1.0_seed0.npy
210,Italianpowerdemand,plain,Power Demand,False,cg210,Italianpowerdemand,full,1.0,1,119819,100,200,119819,36123,74899,74996,-0.023401150791367953,0.044182549400078416,0.04420468862407113,83599,83399,False,False,57146,False,False,1.2811,0.3882,results/gate1/scores/210_full_mf1.0_seed1.npy
210,Italianpowerdemand,plain,Power Demand,False,cg210,Italianpowerdemand,full,1.0,2,119819,100,200,119819,36123,74899,74996,-0.02558023953803623,0.04310692796094856,0.04312669561514716,83599,83399,False,False,106582,False,False,1.278,0.4043,results/gate1/scores/210_full_mf1.0_seed2.npy
210,Italianpowerdemand,plain,Power Demand,False,cg210,Italianpowerdemand,train_prefix,1,0,36123,100,200,119819,36123,74899,74996,-0.01146838629129776,0.061391464378938124,0.061417135033184925,83599,83399,False,False,56899,False,False,0.4738,0.5297,results/gate1/scores/210_train_prefix_mf1_seed0.npy
210,Italianpowerdemand,plain,Power Demand,False,cg210,Italianpowerdemand,train_prefix,1,1,36123,100,200,119819,36123,74899,74996,-0.01434082196722053,0.06191183220287714,0.062019732814047754,83599,83399,False,False,56919,False,False,0.5112,0.5518,results/gate1/scores/210_train_prefix_mf1_seed1.npy
210,Italianpowerdemand,plain,Power Demand,False,cg210,Italianpowerdemand,train_prefix,1,2,36123,100,200,119819,36123,74899,74996,-0.016425059674661124,0.054292469433094744,0.05439970774273076,83599,83399,False,False,56482,False,False,0.4943,0.5216,results/gate1/scores/210_train_prefix_mf1_seed2.npy
210,Italianpowerdemand,plain,Power Demand,False,cg210,Italianpowerdemand,train_prefix,1.0,0,36123,100,200,119819,36123,74899,74996,-0.028122039365983897,0.03812418943437897,0.038195811940866124,83599,83399,False,False,56914,False,False,0.3253,0.3846,results/gate1/scores/210_train_prefix_mf1.0_seed0.npy
210,Italianpowerdemand,plain,Power Demand,False,cg210,Italianpowerdemand,train_prefix,1.0,1,36123,100,200,119819,36123,74899,74996,-0.028858422973441766,0.038692488563661205,0.038808629284601326,83599,83399,False,False,56489,False,False,0.3143,0.3826,results/gate1/scores/210_train_prefix_mf1.0_seed1.npy
210,Italianpowerdemand,plain,Power Demand,False,cg210,Italianpowerdemand,train_prefix,1.0,2,36123,100,200,119819,36123,74899,74996,-0.015167897549291487,0.03353061095691094,0.033540102328984245,83599,83399,False,False,106512,False,False,0.3378,0.3891,results/gate1/scores/210_train_prefix_mf1.0_seed2.npy
211,Italianpowerdemand,plain,Power Demand,False,cg211,Italianpowerdemand,full,1,0,119580,100,200,119580,38113,39239,39336,0.006803063932940168,0.06239493201203949,0.06250960429442914,81370,81170,False,False,56758,False,False,1.4135,0.5492,results/gate1/scores/211_full_mf1_seed0.npy
211,Italianpowerdemand,plain,Power Demand,False,cg211,Italianpowerdemand,full,1,1,119580,100,200,119580,38113,39239,39336,0.0027304017668349223,0.0669504165305332,0.0670555887994014,81370,81170,False,False,56752,False,False,1.4997,0.5686,results/gate1/scores/211_full_mf1_seed1.npy
211,Italianpowerdemand,plain,Power Demand,False,cg211,Italianpowerdemand,full,1,2,119580,100,200,119580,38113,39239,39336,-0.0007570620603237765,0.059485521100747354,0.059683614154704294,81370,81170,False,False,56774,False,False,1.5092,0.6026,results/gate1/scores/211_full_mf1_seed2.npy
211,Italianpowerdemand,plain,Power Demand,False,cg211,Italianpowerdemand,full,1.0,0,119580,100,200,119580,38113,39239,39336,-0.0012092562275789476,0.045196325472571554,0.045252763313133056,81370,81170,False,False,56776,False,False,1.1777,0.5471,results/gate1/scores/211_full_mf1.0_seed0.npy
211,Italianpowerdemand,plain,Power Demand,False,cg211,Italianpowerdemand,full,1.0,1,119580,100,200,119580,38113,39239,39336,-0.00603667834307875,0.046213564882816666,0.046250880335338446,81370,81170,False,False,57006,False,False,1.1678,0.5494,results/gate1/scores/211_full_mf1.0_seed1.npy
211,Italianpowerdemand,plain,Power Demand,False,cg211,Italianpowerdemand,full,1.0,2,119580,100,200,119580,38113,39239,39336,0.002528481172598407,0.040766595147467825,0.04078697808791439,81370,81170,False,False,106343,False,False,1.2115,0.5596,results/gate1/scores/211_full_mf1.0_seed2.npy
211,Italianpowerdemand,plain,Power Demand,False,cg211,Italianpowerdemand,train_prefix,1,0,38113,100,200,119580,38113,39239,39336,0.005111742133603103,0.06341036639228201,0.06348778638142183,81370,81170,False,False,56377,False,False,0.5216,0.5579,results/gate1/scores/211_train_prefix_mf1_seed0.npy
211,Italianpowerdemand,plain,Power Demand,False,cg211,Italianpowerdemand,train_prefix,1,1,38113,100,200,119580,38113,39239,39336,-0.005869735036174939,0.06342779323630296,0.06350307089773899,81370,81170,False,False,56759,False,False,0.535,0.5203,results/gate1/scores/211_train_prefix_mf1_seed1.npy
211,Italianpowerdemand,plain,Power Demand,False,cg211,Italianpowerdemand,train_prefix,1,2,38113,100,200,119580,38113,39239,39336,-0.0070818477927684365,0.06417478845736806,0.06418871690951437,81370,81170,False,False,56771,False,False,0.5086,0.5323,results/gate1/scores/211_train_prefix_mf1_seed2.npy
211,Italianpowerdemand,plain,Power Demand,False,cg211,Italianpowerdemand,train_prefix,1.0,0,38113,100,200,119580,38113,39239,39336,-0.012433594257555192,0.03521458870026249,0.035288850209935003,81370,81170,False,False,56383,False,False,0.425,0.3517,results/gate1/scores/211_train_prefix_mf1.0_seed0.npy
211,Italianpowerdemand,plain,Power Demand,False,cg211,Italianpowerdemand,train_prefix,1.0,1,38113,100,200,119580,38113,39239,39336,-0.014536820977847698,0.03462672004294792,0.03477381663365917,81370,81170,False,False,56341,False,False,0.3608,0.3946,results/gate1/scores/211_train_prefix_mf1.0_seed1.npy
211,Italianpowerdemand,plain,Power Demand,False,cg211,Italianpowerdemand,train_prefix,1.0,2,38113,100,200,119580,38113,39239,39336,-0.00517846960507351,0.03085692411193202,0.030891837431853444,81370,81170,False,False,56378,False,False,0.3618,0.3828,results/gate1/scores/211_train_prefix_mf1.0_seed2.npy
212,Italianpowerdemand,plain,Power Demand,False,cg044,Italianpowerdemand,full,1,0,29931,100,200,29931,8913,29479,29504,-0.02668664467178583,0.059440632871766,0.05991193407155188,20993,20793,False,False,14259,False,False,0.5249,0.1917,results/gate1/scores/212_full_mf1_seed0.npy
212,Italianpowerdemand,plain,Power Demand,False,cg044,Italianpowerdemand,full,1,1,29931,100,200,29931,8913,29479,29504,-0.023144734837826975,0.05017948328598081,0.05088669566657341,20993,20793,False,False,14252,False,False,0.5696,0.1991,results/gate1/scores/212_full_mf1_seed1.npy
212,Italianpowerdemand,plain,Power Demand,False,cg044,Italianpowerdemand,full,1,2,29931,100,200,29931,8913,29479,29504,-0.02647919642066432,0.05213211053212596,0.052460194734851986,20993,20793,False,False,14262,False,False,0.5692,0.1995,results/gate1/scores/212_full_mf1_seed2.npy
212,Italianpowerdemand,plain,Power Demand,False,cg044,Italianpowerdemand,full,1.0,0,29931,100,200,29931,8913,29479,29504,-0.0593559080914457,0.041519230298912656,0.04157985518724796,20993,20793,False,False,14265,False,False,0.3909,0.1248,results/gate1/scores/212_full_mf1.0_seed0.npy
212,Italianpowerdemand,plain,Power Demand,False,cg044,Italianpowerdemand,full,1.0,1,29931,100,200,29931,8913,29479,29504,-0.06764138522344232,0.04399875236256721,0.044116739361666955,20993,20793,False,False,14253,False,False,0.3814,0.1251,results/gate1/scores/212_full_mf1.0_seed1.npy
212,Italianpowerdemand,plain,Power Demand,False,cg044,Italianpowerdemand,full,1.0,2,29931,100,200,29931,8913,29479,29504,-0.0597431924811449,0.03505171095976237,0.03509222527648568,20993,20793,False,False,14255,False,False,0.3808,0.1209,results/gate1/scores/212_full_mf1.0_seed2.npy
212,Italianpowerdemand,plain,Power Demand,False,cg044,Italianpowerdemand,train_prefix,1,0,8913,100,200,29931,8913,29479,29504,-0.027600676815665748,0.0527085472520174,0.053126526453167316,20993,20793,False,False,14258,False,False,0.2307,0.1955,results/gate1/scores/212_train_prefix_mf1_seed0.npy
212,Italianpowerdemand,plain,Power Demand,False,cg044,Italianpowerdemand,train_prefix,1,1,8913,100,200,29931,8913,29479,29504,-0.03401856899168926,0.047539235336832256,0.04829710476741629,20993,20793,False,False,14261,False,False,0.2239,0.1939,results/gate1/scores/212_train_prefix_mf1_seed1.npy
212,Italianpowerdemand,plain,Power Demand,False,cg044,Italianpowerdemand,train_prefix,1,2,8913,100,200,29931,8913,29479,29504,-0.019348830496713987,0.04424172957931941,0.04455571178816013,20993,20793,False,False,14259,False,False,0.1995,0.1928,results/gate1/scores/212_train_prefix_mf1_seed2.npy
212,Italianpowerdemand,plain,Power Demand,False,cg044,Italianpowerdemand,train_prefix,1.0,0,8913,100,200,29931,8913,29479,29504,-0.06783299795077874,0.03654476541925849,0.036583729490119773,20993,20793,False,False,14266,False,False,0.1708,0.1213,results/gate1/scores/212_train_prefix_mf1.0_seed0.npy
212,Italianpowerdemand,plain,Power Demand,False,cg044,Italianpowerdemand,train_prefix,1.0,1,8913,100,200,29931,8913,29479,29504,-0.06185006213930233,0.036476819788783414,0.036540126906205325,20993,20793,False,False,14252,False,False,0.1675,0.1056,results/gate1/scores/212_train_prefix_mf1.0_seed1.npy
212,Italianpowerdemand,plain,Power Demand,False,cg044,Italianpowerdemand,train_prefix,1.0,2,8913,100,200,29931,8913,29479,29504,-0.06057770812252139,0.027712318744653977,0.02773346650600297,20993,20793,False,False,14256,False,False,0.1686,0.1206,results/gate1/scores/212_train_prefix_mf1.0_seed2.npy
213,STAFFIIIDatabase,plain,ECG,True,cg213,STAFFIIIDatabase,full,1,0,300000,100,200,300000,33211,126919,127370,0.10306511640085336,0.06316085655490221,0.06316458573300797,266338,266138,True,True,45203,False,False,3.3797,1.2882,results/gate1/scores/213_full_mf1_seed0.npy
213,STAFFIIIDatabase,plain,ECG,True,cg213,STAFFIIIDatabase,full,1,1,300000,100,200,300000,33211,126919,127370,0.06466605949718285,0.03802585236149824,0.03803249396962674,266338,266138,True,True,45198,False,False,3.4446,1.3165,results/gate1/scores/213_full_mf1_seed1.npy
213,STAFFIIIDatabase,plain,ECG,True,cg213,STAFFIIIDatabase,full,1,2,300000,100,200,300000,33211,126919,127370,0.0937957329795851,0.04195587558898738,0.041964316278346785,266338,266138,True,True,45200,False,False,3.3932,1.3101,results/gate1/scores/213_full_mf1_seed2.npy
213,STAFFIIIDatabase,plain,ECG,True,cg213,STAFFIIIDatabase,full,1.0,0,300000,100,200,300000,33211,126919,127370,0.08649146693521803,0.06006336198555208,0.06006894097529244,266338,266138,True,True,174710,False,False,2.9656,1.3275,results/gate1/scores/213_full_mf1.0_seed0.npy
213,STAFFIIIDatabase,plain,ECG,True,cg213,STAFFIIIDatabase,full,1.0,1,300000,100,200,300000,33211,126919,127370,0.09184718373681588,0.0570973078675467,0.05711142675405158,266338,266138,True,True,174702,False,False,3.4523,1.4752,results/gate1/scores/213_full_mf1.0_seed1.npy
213,STAFFIIIDatabase,plain,ECG,True,cg213,STAFFIIIDatabase,full,1.0,2,300000,100,200,300000,33211,126919,127370,0.1043053960332615,0.07606206261378635,0.07606350101739211,266338,266138,True,True,175542,False,False,3.5597,1.469,results/gate1/scores/213_full_mf1.0_seed2.npy
213,STAFFIIIDatabase,plain,ECG,True,cg213,STAFFIIIDatabase,train_prefix,1,0,33211,100,200,300000,33211,126919,127370,0.08706139595105089,0.05669688107587768,0.05671520578808317,266338,266138,True,True,174722,False,False,0.4037,1.2783,results/gate1/scores/213_train_prefix_mf1_seed0.npy
213,STAFFIIIDatabase,plain,ECG,True,cg213,STAFFIIIDatabase,train_prefix,1,1,33211,100,200,300000,33211,126919,127370,0.06591750136185526,0.031123212054200596,0.031130405308904336,266338,266138,True,True,174716,False,False,0.4141,1.2665,results/gate1/scores/213_train_prefix_mf1_seed1.npy
213,STAFFIIIDatabase,plain,ECG,True,cg213,STAFFIIIDatabase,train_prefix,1,2,33211,100,200,300000,33211,126919,127370,0.08425650708224774,0.04741198193217899,0.047418751451497855,266338,266138,True,True,45199,False,False,0.3993,1.2662,results/gate1/scores/213_train_prefix_mf1_seed2.npy
213,STAFFIIIDatabase,plain,ECG,True,cg213,STAFFIIIDatabase,train_prefix,1.0,0,33211,100,200,300000,33211,126919,127370,0.11070007228941359,0.08351660073665206,0.08351894308016028,266338,266138,True,True,174713,False,False,0.3101,1.4102,results/gate1/scores/213_train_prefix_mf1.0_seed0.npy
213,STAFFIIIDatabase,plain,ECG,True,cg213,STAFFIIIDatabase,train_prefix,1.0,1,33211,100,200,300000,33211,126919,127370,0.11284833819881923,0.08288146598313509,0.0828901826384247,266338,266138,True,True,174707,False,False,0.2918,1.4145,results/gate1/scores/213_train_prefix_mf1.0_seed1.npy
213,STAFFIIIDatabase,plain,ECG,True,cg213,STAFFIIIDatabase,train_prefix,1.0,2,33211,100,200,300000,33211,126919,127370,0.1146496260907155,0.08657078735960355,0.086577898353731,266338,266138,True,True,175570,False,False,0.314,1.4635,results/gate1/scores/213_train_prefix_mf1.0_seed2.npy
214,STAFFIIIDatabase,plain,ECG,True,cg214,STAFFIIIDatabase,full,1,0,299690,100,200,299690,34211,125719,126370,0.062434996105427465,0.12734753283845454,0.12736199270733833,264828,264628,False,False,55174,False,False,3.4083,1.2694,results/gate1/scores/214_full_mf1_seed0.npy
214,STAFFIIIDatabase,plain,ECG,True,cg214,STAFFIIIDatabase,full,1,1,299690,100,200,299690,34211,125719,126370,0.03792881818988991,0.1246659118523859,0.1246979853854736,264828,264628,False,False,55157,False,False,3.433,1.2491,results/gate1/scores/214_full_mf1_seed1.npy
214,STAFFIIIDatabase,plain,ECG,True,cg214,STAFFIIIDatabase,full,1,2,299690,100,200,299690,34211,125719,126370,0.04298440799131331,0.11892477556797218,0.11894103231705798,264828,264628,False,False,55158,False,False,3.4552,1.3032,results/gate1/scores/214_full_mf1_seed2.npy
214,STAFFIIIDatabase,plain,ECG,True,cg214,STAFFIIIDatabase,full,1.0,0,299690,100,200,299690,34211,125719,126370,0.1016482949669747,0.059015208657269315,0.05902192007099831,264828,264628,True,True,246827,False,False,3.345,1.4582,results/gate1/scores/214_full_mf1.0_seed0.npy
214,STAFFIIIDatabase,plain,ECG,True,cg214,STAFFIIIDatabase,full,1.0,1,299690,100,200,299690,34211,125719,126370,0.10504416826067331,0.06249330023101028,0.062539268054231,264828,264628,True,True,246789,False,False,3.5216,1.62,results/gate1/scores/214_full_mf1.0_seed1.npy
214,STAFFIIIDatabase,plain,ECG,True,cg214,STAFFIIIDatabase,full,1.0,2,299690,100,200,299690,34211,125719,126370,0.11266412236918977,0.058973757022182084,0.05898796977302281,264828,264628,True,True,246813,False,False,3.5126,1.4627,results/gate1/scores/214_full_mf1.0_seed2.npy
214,STAFFIIIDatabase,plain,ECG,True,cg214,STAFFIIIDatabase,train_prefix,1,0,34211,100,200,299690,34211,125719,126370,0.08726127852123089,0.19572610225156173,0.19572610225156173,264828,264628,False,False,41834,False,False,0.4162,1.3088,results/gate1/scores/214_train_prefix_mf1_seed0.npy
214,STAFFIIIDatabase,plain,ECG,True,cg214,STAFFIIIDatabase,train_prefix,1,1,34211,100,200,299690,34211,125719,126370,0.06612261806332265,0.19711888646691567,0.19717879952725134,264828,264628,False,False,60458,False,False,0.4085,1.3379,results/gate1/scores/214_train_prefix_mf1_seed1.npy
214,STAFFIIIDatabase,plain,ECG,True,cg214,STAFFIIIDatabase,train_prefix,1,2,34211,100,200,299690,34211,125719,126370,0.06527938592160165,0.1755498713597542,0.1755498713597542,264828,264628,False,False,246680,False,False,0.4176,1.3322,results/gate1/scores/214_train_prefix_mf1_seed2.npy
214,STAFFIIIDatabase,plain,ECG,True,cg214,STAFFIIIDatabase,train_prefix,1.0,0,34211,100,200,299690,34211,125719,126370,0.1057520540480249,0.06625840337173979,0.06626737365796069,264828,264628,True,True,246775,False,False,0.3642,1.4373,results/gate1/scores/214_train_prefix_mf1.0_seed0.npy
214,STAFFIIIDatabase,plain,ECG,True,cg214,STAFFIIIDatabase,train_prefix,1.0,1,34211,100,200,299690,34211,125719,126370,0.12053556107231578,0.07591571480375263,0.075945646352365,264828,264628,True,True,246841,False,False,0.3358,1.2535,results/gate1/scores/214_train_prefix_mf1.0_seed1.npy
214,STAFFIIIDatabase,plain,ECG,True,cg214,STAFFIIIDatabase,train_prefix,1.0,2,34211,100,200,299690,34211,125719,126370,0.12671773739562786,0.07047029845098399,0.07047414922594485,264828,264628,True,True,246801,False,False,0.3044,1.2159,results/gate1/scores/214_train_prefix_mf1.0_seed2.npy
215,STAFFIIIDatabase,plain,ECG,True,cg215,STAFFIIIDatabase,full,1,0,299990,100,200,299990,36276,106719,107370,0.043206011591042315,0.05036347879132969,0.05036691237122256,263063,262863,False,False,248216,False,False,3.316,1.1956,results/gate1/scores/215_full_mf1_seed0.npy
215,STAFFIIIDatabase,plain,ECG,True,cg215,STAFFIIIDatabase,full,1,1,299990,100,200,299990,36276,106719,107370,0.00947326962263717,0.034308471013871564,0.034322120112628855,263063,262863,False,False,248201,False,False,3.3516,1.2449,results/gate1/scores/215_full_mf1_seed1.npy
215,STAFFIIIDatabase,plain,ECG,True,cg215,STAFFIIIDatabase,full,1,2,299990,100,200,299990,36276,106719,107370,0.010353916292403897,0.037579118215654995,0.03760296776256853,263063,262863,False,False,248196,False,False,3.6699,1.3805,results/gate1/scores/215_full_mf1_seed2.npy
215,STAFFIIIDatabase,plain,ECG,True,cg215,STAFFIIIDatabase,full,1.0,0,299990,100,200,299990,36276,106719,107370,0.05069841277106535,0.06784354994254596,0.06784865058436247,263063,262863,False,False,175565,False,False,3.5419,1.5363,results/gate1/scores/215_full_mf1.0_seed0.npy
215,STAFFIIIDatabase,plain,ECG,True,cg215,STAFFIIIDatabase,full,1.0,1,299990,100,200,299990,36276,106719,107370,0.023873336238384613,0.05404482779035993,0.054048824712772024,263063,262863,False,False,239499,False,False,3.4669,1.4019,results/gate1/scores/215_full_mf1.0_seed1.npy
215,STAFFIIIDatabase,plain,ECG,True,cg215,STAFFIIIDatabase,full,1.0,2,299990,100,200,299990,36276,106719,107370,0.04479104503927167,0.06565569021128545,0.06566035491672331,263063,262863,False,False,239535,False,False,3.3063,1.4029,results/gate1/scores/215_full_mf1.0_seed2.npy
215,STAFFIIIDatabase,plain,ECG,True,cg215,STAFFIIIDatabase,train_prefix,1,0,36276,100,200,299990,36276,106719,107370,0.027441827091356452,0.0337018958036719,0.03370693097941746,263063,262863,False,False,248207,False,False,0.4292,1.2603,results/gate1/scores/215_train_prefix_mf1_seed0.npy
215,STAFFIIIDatabase,plain,ECG,True,cg215,STAFFIIIDatabase,train_prefix,1,1,36276,100,200,299990,36276,106719,107370,0.0014523041169920425,0.012907181599501624,0.012914751295035113,263063,262863,False,False,248209,False,False,0.4568,1.2364,results/gate1/scores/215_train_prefix_mf1_seed1.npy
215,STAFFIIIDatabase,plain,ECG,True,cg215,STAFFIIIDatabase,train_prefix,1,2,36276,100,200,299990,36276,106719,107370,-0.002351318904433075,0.01626536747198015,0.01627450356107055,263063,262863,False,False,248194,False,False,0.4398,1.2124,results/gate1/scores/215_train_prefix_mf1_seed2.npy
215,STAFFIIIDatabase,plain,ECG,True,cg215,STAFFIIIDatabase,train_prefix,1.0,0,36276,100,200,299990,36276,106719,107370,0.024894683150422203,0.053495600507564564,0.05350646231972996,263063,262863,False,False,239507,False,False,0.3488,1.2347,results/gate1/scores/215_train_prefix_mf1.0_seed0.npy
215,STAFFIIIDatabase,plain,ECG,True,cg215,STAFFIIIDatabase,train_prefix,1.0,1,36276,100,200,299990,36276,106719,107370,0.031283874356776376,0.04838643843458103,0.04839631240330121,263063,262863,False,False,239517,False,False,0.4234,1.3111,results/gate1/scores/215_train_prefix_mf1.0_seed1.npy
215,STAFFIIIDatabase,plain,ECG,True,cg215,STAFFIIIDatabase,train_prefix,1.0,2,36276,100,200,299990,36276,106719,107370,0.04642694449984375,0.06303771357905368,0.0630523279734603,263063,262863,False,False,240366,False,False,0.3706,1.3245,results/gate1/scores/215_train_prefix_mf1.0_seed2.npy
216,STAFFIIIDatabase,plain,ECG,True,cg216,STAFFIIIDatabase,full,1,0,299890,100,200,299890,37216,160719,161370,0.16610013859889983,0.09177842350106524,0.09179009331373346,262023,261823,True,True,161259,True,True,3.1743,1.1762,results/gate1/scores/216_full_mf1_seed0.npy
216,STAFFIIIDatabase,plain,ECG,True,cg216,STAFFIIIDatabase,full,1,1,299890,100,200,299890,37216,160719,161370,0.14933111674148292,0.0714672382556619,0.07149814973089758,262023,261823,True,True,161259,True,True,3.1926,1.2503,results/gate1/scores/216_full_mf1_seed1.npy
216,STAFFIIIDatabase,plain,ECG,True,cg216,STAFFIIIDatabase,full,1,2,299890,100,200,299890,37216,160719,161370,0.15379281597603922,0.08331418788946938,0.08334433488582023,262023,261823,True,True,161261,True,True,3.6505,1.3111,results/gate1/scores/216_full_mf1_seed2.npy
216,STAFFIIIDatabase,plain,ECG,True,cg216,STAFFIIIDatabase,full,1.0,0,299890,100,200,299890,37216,160719,161370,0.13437101140539365,0.09094435619698027,0.09094739343214413,262023,261823,True,True,161244,True,True,3.5819,1.4443,results/gate1/scores/216_full_mf1.0_seed0.npy
216,STAFFIIIDatabase,plain,ECG,True,cg216,STAFFIIIDatabase,full,1.0,1,299890,100,200,299890,37216,160719,161370,0.1203134009106891,0.08263903444368056,0.08264733606413541,262023,261823,True,True,161267,True,True,3.6142,1.2607,results/gate1/scores/216_full_mf1.0_seed1.npy
216,STAFFIIIDatabase,plain,ECG,True,cg216,STAFFIIIDatabase,full,1.0,2,299890,100,200,299890,37216,160719,161370,0.11275859259077958,0.06446076845342176,0.06446832210986544,262023,261823,True,True,161255,True,True,3.4124,1.3836,results/gate1/scores/216_full_mf1.0_seed2.npy
216,STAFFIIIDatabase,plain,ECG,True,cg216,STAFFIIIDatabase,train_prefix,1,0,37216,100,200,299890,37216,160719,161370,0.1810323782014781,0.10463294303815834,0.10465095677738057,262023,261823,True,True,161260,True,True,0.4419,1.2107,results/gate1/scores/216_train_prefix_mf1_seed0.npy
216,STAFFIIIDatabase,plain,ECG,True,cg216,STAFFIIIDatabase,train_prefix,1,1,37216,100,200,299890,37216,160719,161370,0.16574744633489258,0.08509044352110197,0.08510892946861728,262023,261823,True,True,161269,True,True,0.4058,1.1791,results/gate1/scores/216_train_prefix_mf1_seed1.npy
216,STAFFIIIDatabase,plain,ECG,True,cg216,STAFFIIIDatabase,train_prefix,1,2,37216,100,200,299890,37216,160719,161370,0.15724533156774456,0.09476207849506975,0.09476786364425024,262023,261823,True,True,161245,True,True,0.4622,1.1902,results/gate1/scores/216_train_prefix_mf1_seed2.npy
216,STAFFIIIDatabase,plain,ECG,True,cg216,STAFFIIIDatabase,train_prefix,1.0,0,37216,100,200,299890,37216,160719,161370,0.11241442286290115,0.06854417029449014,0.06854769990761139,262023,261823,True,True,161265,True,True,0.3664,1.3797,results/gate1/scores/216_train_prefix_mf1.0_seed0.npy
216,STAFFIIIDatabase,plain,ECG,True,cg216,STAFFIIIDatabase,train_prefix,1.0,1,37216,100,200,299890,37216,160719,161370,0.11740353994206598,0.08201735899351484,0.08201911868346642,262023,261823,True,True,161258,True,True,0.3256,1.349,results/gate1/scores/216_train_prefix_mf1.0_seed1.npy
216,STAFFIIIDatabase,plain,ECG,True,cg216,STAFFIIIDatabase,train_prefix,1.0,2,37216,100,200,299890,37216,160719,161370,0.10655281304685427,0.06263018686074413,0.06264113395563967,262023,261823,True,True,161261,True,True,0.3709,1.3019,results/gate1/scores/216_train_prefix_mf1.0_seed2.npy
217,STAFFIIIDatabase,plain,ECG,True,cg214,STAFFIIIDatabase,full,1,0,299690,100,200,299690,38211,150719,151370,-0.03403046718022523,0.12815012917320454,0.12819548804810596,260828,260628,False,False,55174,False,False,3.6925,1.4587,results/gate1/scores/217_full_mf1_seed0.npy
217,STAFFIIIDatabase,plain,ECG,True,cg214,STAFFIIIDatabase,full,1,1,299690,100,200,299690,38211,150719,151370,-0.025645044118421112,0.1252368568277643,0.1252517951697792,260828,260628,False,False,55157,False,False,3.7047,1.4303,results/gate1/scores/217_full_mf1_seed1.npy
217,STAFFIIIDatabase,plain,ECG,True,cg214,STAFFIIIDatabase,full,1,2,299690,100,200,299690,38211,150719,151370,-0.02812005537647455,0.11922053815943197,0.11922610350688778,260828,260628,False,False,55158,False,False,3.9947,1.4585,results/gate1/scores/217_full_mf1_seed2.npy
217,STAFFIIIDatabase,plain,ECG,True,cg214,STAFFIIIDatabase,full,1.0,0,299690,100,200,299690,38211,150719,151370,-0.07462160691695874,0.05913208609328471,0.059165942860847746,260828,260628,False,False,246827,False,False,2.8435,1.3074,results/gate1/scores/217_full_mf1.0_seed0.npy
217,STAFFIIIDatabase,plain,ECG,True,cg214,STAFFIIIDatabase,full,1.0,1,299690,100,200,299690,38211,150719,151370,-0.056752496207331804,0.06284233647312489,0.06286405751280373,260828,260628,False,False,246788,False,False,3.3579,1.1826,results/gate1/scores/217_full_mf1.0_seed1.npy
217,STAFFIIIDatabase,plain,ECG,True,cg214,STAFFIIIDatabase,full,1.0,2,299690,100,200,299690,38211,150719,151370,-0.0672542626255685,0.05811594962356081,0.0581335003081639,260828,260628,False,False,246814,False,False,3.2143,1.4673,results/gate1/scores/217_full_mf1.0_seed2.npy
217,STAFFIIIDatabase,plain,ECG,True,cg214,STAFFIIIDatabase,train_prefix,1,0,38211,100,200,299690,38211,150719,151370,0.020726924788896595,0.1985238196623963,0.1985238196623963,260828,260628,False,False,54586,False,False,0.5293,1.6208,results/gate1/scores/217_train_prefix_mf1_seed0.npy
217,STAFFIIIDatabase,plain,ECG,True,cg214,STAFFIIIDatabase,train_prefix,1,1,38211,100,200,299690,38211,150719,151370,0.028969557861213246,0.2012404537425846,0.20126528823508505,260828,260628,False,False,60458,False,False,0.5987,1.3549,results/gate1/scores/217_train_prefix_mf1_seed1.npy
217,STAFFIIIDatabase,plain,ECG,True,cg214,STAFFIIIDatabase,train_prefix,1,2,38211,100,200,299690,38211,150719,151370,0.028523431106174835,0.179909120365916,0.179909120365916,260828,260628,False,False,246679,False,False,0.5537,1.5291,results/gate1/scores/217_train_prefix_mf1_seed2.npy
217,STAFFIIIDatabase,plain,ECG,True,cg214,STAFFIIIDatabase,train_prefix,1.0,0,38211,100,200,299690,38211,150719,151370,-0.04815411668027958,0.06621699340393583,0.06623318751698554,260828,260628,False,False,246792,False,False,0.5769,1.5479,results/gate1/scores/217_train_prefix_mf1.0_seed0.npy
217,STAFFIIIDatabase,plain,ECG,True,cg214,STAFFIIIDatabase,train_prefix,1.0,1,38211,100,200,299690,38211,150719,151370,-0.006593182480187365,0.0830927940472967,0.083105917469632,260828,260628,False,False,246841,False,False,0.4275,1.3924,results/gate1/scores/217_train_prefix_mf1.0_seed1.npy
217,STAFFIIIDatabase,plain,ECG,True,cg214,STAFFIIIDatabase,train_prefix,1.0,2,38211,100,200,299690,38211,150719,151370,-0.043296749102305854,0.06528633635966542,0.06530169436538254,260828,260628,False,False,246807,False,False,0.4833,1.456,results/gate1/scores/217_train_prefix_mf1.0_seed2.npy
218,STAFFIIIDatabase,plain,ECG,True,cg218,STAFFIIIDatabase,full,1,0,299940,100,200,299940,41117,210719,211370,0.09148667478275241,0.052929030711504725,0.05293308725854713,258172,257972,True,True,45140,False,False,3.8238,1.4161,results/gate1/scores/218_full_mf1_seed0.npy
218,STAFFIIIDatabase,plain,ECG,True,cg218,STAFFIIIDatabase,full,1,1,299940,100,200,299940,41117,210719,211370,0.06799610412498458,0.03160964285659605,0.03162191594084513,258172,257972,True,True,45137,False,False,3.824,1.5928,results/gate1/scores/218_full_mf1_seed1.npy
218,STAFFIIIDatabase,plain,ECG,True,cg218,STAFFIIIDatabase,full,1,2,299940,100,200,299940,41117,210719,211370,0.07971079645866463,0.04352368040649536,0.0435317284553102,258172,257972,True,True,45133,False,False,3.6093,1.3368,results/gate1/scores/218_full_mf1_seed2.npy
218,STAFFIIIDatabase,plain,ECG,True,cg218,STAFFIIIDatabase,full,1.0,0,299940,100,200,299940,41117,210719,211370,0.08426018174497274,0.07376064532143735,0.07377269611481861,258172,257972,True,True,175510,False,False,3.2998,1.3792,results/gate1/scores/218_full_mf1.0_seed0.npy
218,STAFFIIIDatabase,plain,ECG,True,cg218,STAFFIIIDatabase,full,1.0,1,299940,100,200,299940,41117,210719,211370,0.08532049468496761,0.06789188720215912,0.06789762528310199,258172,257972,True,True,175520,False,False,3.0199,1.4064,results/gate1/scores/218_full_mf1.0_seed1.npy
218,STAFFIIIDatabase,plain,ECG,True,cg218,STAFFIIIDatabase,full,1.0,2,299940,100,200,299940,41117,210719,211370,0.08770303013891023,0.073014117113257,0.07301586301725299,258172,257972,True,True,175479,False,False,3.2372,1.3904,results/gate1/scores/218_full_mf1.0_seed2.npy
218,STAFFIIIDatabase,plain,ECG,True,cg218,STAFFIIIDatabase,train_prefix,1,0,41117,100,200,299940,41117,210719,211370,0.10576344551711025,0.060329139841354094,0.06033622625051088,258172,257972,True,True,174657,False,False,0.5878,1.5084,results/gate1/scores/218_train_prefix_mf1_seed0.npy
218,STAFFIIIDatabase,plain,ECG,True,cg218,STAFFIIIDatabase,train_prefix,1,1,41117,100,200,299940,41117,210719,211370,0.08935681833091935,0.04290046730355526,0.04291376545876608,258172,257972,True,True,174653,False,False,0.6981,1.4323,results/gate1/scores/218_train_prefix_mf1_seed1.npy
218,STAFFIIIDatabase,plain,ECG,True,cg218,STAFFIIIDatabase,train_prefix,1,2,41117,100,200,299940,41117,210719,211370,0.10151805568527972,0.04966923653933243,0.04968588041823546,258172,257972,True,True,174661,False,False,0.5316,1.3824,results/gate1/scores/218_train_prefix_mf1_seed2.npy
218,STAFFIIIDatabase,plain,ECG,True,cg218,STAFFIIIDatabase,train_prefix,1.0,0,41117,100,200,299940,41117,210719,211370,0.09018451146332296,0.07835672956948908,0.0783674131006019,258172,257972,True,True,174679,False,False,0.4703,1.4768,results/gate1/scores/218_train_prefix_mf1.0_seed0.npy
218,STAFFIIIDatabase,plain,ECG,True,cg218,STAFFIIIDatabase,train_prefix,1.0,1,41117,100,200,299940,41117,210719,211370,0.08996219952167761,0.08139776481166777,0.0814100655542753,258172,257972,True,True,174639,False,False,0.6013,1.313,results/gate1/scores/218_train_prefix_mf1.0_seed1.npy
218,STAFFIIIDatabase,plain,ECG,True,cg218,STAFFIIIDatabase,train_prefix,1.0,2,41117,100,200,299940,41117,210719,211370,0.07746247839062181,0.06441760391067819,0.06442549506366659,258172,257972,True,True,174652,False,False,0.4005,1.224,results/gate1/scores/218_train_prefix_mf1.0_seed2.npy
219,STAFFIIIDatabase,plain,ECG,True,cg219,STAFFIIIDatabase,full,1,0,299840,100,200,299840,41612,64631,64852,0.08048578279113516,0.063651986083801,0.06351267471071777,258007,257807,True,True,45042,False,False,3.8169,1.5854,results/gate1/scores/219_full_mf1_seed0.npy
219,STAFFIIIDatabase,plain,ECG,True,cg219,STAFFIIIDatabase,full,1,1,299840,100,200,299840,41612,64631,64852,0.044683014716302205,0.03443416404227835,0.034054320463557,258007,257807,True,True,45038,False,False,3.5553,1.3354,results/gate1/scores/219_full_mf1_seed1.npy
219,STAFFIIIDatabase,plain,ECG,True,cg219,STAFFIIIDatabase,full,1,2,299840,100,200,299840,41612,64631,64852,0.052112491273332395,0.043364098378054154,0.043117582213766464,258007,257807,True,True,45040,False,False,3.8632,1.3071,results/gate1/scores/219_full_mf1_seed2.npy
219,STAFFIIIDatabase,plain,ECG,True,cg219,STAFFIIIDatabase,full,1.0,0,299840,100,200,299840,41612,64631,64852,0.05451513415579656,0.06564842706152228,0.06567093566600023,258007,257807,False,False,174562,False,False,3.2008,1.4758,results/gate1/scores/219_full_mf1.0_seed0.npy
219,STAFFIIIDatabase,plain,ECG,True,cg219,STAFFIIIDatabase,full,1.0,1,299840,100,200,299840,41612,64631,64852,0.05653757735973752,0.07013678278195132,0.07014086478868985,258007,257807,False,False,175379,False,False,3.3062,1.2925,results/gate1/scores/219_full_mf1.0_seed1.npy
219,STAFFIIIDatabase,plain,ECG,True,cg219,STAFFIIIDatabase,full,1.0,2,299840,100,200,299840,41612,64631,64852,0.05957396300993145,0.07050457506035158,0.0705116803242563,258007,257807,False,False,174543,False,False,3.1843,1.4983,results/gate1/scores/219_full_mf1.0_seed2.npy
219,STAFFIIIDatabase,plain,ECG,True,cg219,STAFFIIIDatabase,train_prefix,1,0,41612,100,200,299840,41612,64631,64852,0.0830918710771803,0.0670796569237486,0.06708800416533649,258007,257807,True,True,174556,False,False,0.5935,1.4327,results/gate1/scores/219_train_prefix_mf1_seed0.npy
219,STAFFIIIDatabase,plain,ECG,True,cg219,STAFFIIIDatabase,train_prefix,1,1,41612,100,200,299840,41612,64631,64852,0.04162404086068283,0.041337196102967134,0.041351888072343745,258007,257807,True,True,174556,False,False,0.7116,1.5027,results/gate1/scores/219_train_prefix_mf1_seed1.npy
219,STAFFIIIDatabase,plain,ECG,True,cg219,STAFFIIIDatabase,train_prefix,1,2,41612,100,200,299840,41612,64631,64852,0.055499204770254496,0.048936325010945234,0.04894913907309551,258007,257807,True,True,174559,False,False,0.6641,1.3609,results/gate1/scores/219_train_prefix_mf1_seed2.npy
219,STAFFIIIDatabase,plain,ECG,True,cg219,STAFFIIIDatabase,train_prefix,1.0,0,41612,100,200,299840,41612,64631,64852,0.07168601002101904,0.08585230268689843,0.08585622379097241,258007,257807,False,False,174550,False,False,0.5046,1.4367,results/gate1/scores/219_train_prefix_mf1.0_seed0.npy
219,STAFFIIIDatabase,plain,ECG,True,cg219,STAFFIIIDatabase,train_prefix,1.0,1,41612,100,200,299840,41612,64631,64852,0.06516126310085169,0.08537190443356357,0.08537844334809885,258007,257807,False,False,174556,False,False,0.5522,1.4141,results/gate1/scores/219_train_prefix_mf1.0_seed1.npy
219,STAFFIIIDatabase,plain,ECG,True,cg219,STAFFIIIDatabase,train_prefix,1.0,2,41612,100,200,299840,41612,64631,64852,0.0579651194341797,0.07482628779964146,0.07482932627577714,258007,257807,False,False,175383,False,False,0.5129,1.3949,results/gate1/scores/219_train_prefix_mf1.0_seed2.npy
220,STAFFIIIDatabase,plain,ECG,True,cg220,STAFFIIIDatabase,full,1,0,299790,100,200,299790,43217,250719,251370,0.10054766398614856,0.06632995809677947,0.06635370372164448,255922,255722,True,True,122614,False,False,4.3724,1.446,results/gate1/scores/220_full_mf1_seed0.npy
220,STAFFIIIDatabase,plain,ECG,True,cg220,STAFFIIIDatabase,full,1,1,299790,100,200,299790,43217,250719,251370,0.07968280820557772,0.07025677885717117,0.07029232412782865,255922,255722,True,True,119297,False,False,3.9685,1.5364,results/gate1/scores/220_full_mf1_seed1.npy
220,STAFFIIIDatabase,plain,ECG,True,cg220,STAFFIIIDatabase,full,1,2,299790,100,200,299790,43217,250719,251370,0.08289289202089101,0.0688605132907785,0.06888123421044028,255922,255722,True,True,122618,False,False,3.8131,1.4974,results/gate1/scores/220_full_mf1_seed2.npy
220,STAFFIIIDatabase,plain,ECG,True,cg220,STAFFIIIDatabase,full,1.0,0,299790,100,200,299790,43217,250719,251370,0.10913072843053928,0.08088402194053264,0.08091439431999585,255922,255722,True,True,122613,False,False,3.2497,1.4767,results/gate1/scores/220_full_mf1.0_seed0.npy
220,STAFFIIIDatabase,plain,ECG,True,cg220,STAFFIIIDatabase,full,1.0,1,299790,100,200,299790,43217,250719,251370,0.10165692878474153,0.09479880640136164,0.0948237806156769,255922,255722,True,True,122601,False,False,2.9825,1.4857,results/gate1/scores/220_full_mf1.0_seed1.npy
220,STAFFIIIDatabase,plain,ECG,True,cg220,STAFFIIIDatabase,full,1.0,2,299790,100,200,299790,43217,250719,251370,0.104118958750406,0.08210630331906664,0.08211365546076774,255922,255722,True,True,119265,False,False,3.5327,1.5635,results/gate1/scores/220_full_mf1.0_seed2.npy
220,STAFFIIIDatabase,plain,ECG,True,cg220,STAFFIIIDatabase,train_prefix,1,0,43217,100,200,299790,43217,250719,251370,0.05121775425837749,0.0654731082018156,0.0655088289663532,255922,255722,False,False,122607,False,False,0.6868,1.7312,results/gate1/scores/220_train_prefix_mf1_seed0.npy
220,STAFFIIIDatabase,plain,ECG,True,cg220,STAFFIIIDatabase,train_prefix,1,1,43217,100,200,299790,43217,250719,251370,0.030398819365927032,0.06576740298917876,0.06580238899297644,255922,255722,False,False,122618,False,False,0.739,1.5251,results/gate1/scores/220_train_prefix_mf1_seed1.npy
220,STAFFIIIDatabase,plain,ECG,True,cg220,STAFFIIIDatabase,train_prefix,1,2,43217,100,200,299790,43217,250719,251370,0.037849847771679324,0.06734296933751664,0.06736169651612309,255922,255722,False,False,122621,False,False,0.7011,1.6678,results/gate1/scores/220_train_prefix_mf1_seed2.npy
220,STAFFIIIDatabase,plain,ECG,True,cg220,STAFFIIIDatabase,train_prefix,1.0,0,43217,100,200,299790,43217,250719,251370,0.04779705853172289,0.08967261257997047,0.08968197867968894,255922,255722,False,False,122617,False,False,0.598,1.4211,results/gate1/scores/220_train_prefix_mf1.0_seed0.npy
220,STAFFIIIDatabase,plain,ECG,True,cg220,STAFFIIIDatabase,train_prefix,1.0,1,43217,100,200,299790,43217,250719,251370,0.053558654253511695,0.09454043662828393,0.09456830389282123,255922,255722,False,False,119309,False,False,0.549,1.4399,results/gate1/scores/220_train_prefix_mf1.0_seed1.npy
220,STAFFIIIDatabase,plain,ECG,True,cg220,STAFFIIIDatabase,train_prefix,1.0,2,43217,100,200,299790,43217,250719,251370,0.04857605883411753,0.08215473182947562,0.08217571117522923,255922,255722,False,False,122597,False,False,0.5217,1.3813,results/gate1/scores/220_train_prefix_mf1.0_seed2.npy
221,STAFFIIIDatabase,plain,ECG,True,cg221,STAFFIIIDatabase,full,1,0,298340,100,200,298340,45616,163631,164852,0.04290759535009092,0.048653312625869506,0.0486642672039289,251503,251303,False,False,246552,False,False,3.8405,1.3311,results/gate1/scores/221_full_mf1_seed0.npy
221,STAFFIIIDatabase,plain,ECG,True,cg221,STAFFIIIDatabase,full,1,1,298340,100,200,298340,45616,163631,164852,0.014307490491227703,0.03507931079356982,0.03508398049478432,251503,251303,False,False,246564,False,False,3.6354,1.3419,results/gate1/scores/221_full_mf1_seed1.npy
221,STAFFIIIDatabase,plain,ECG,True,cg221,STAFFIIIDatabase,full,1,2,298340,100,200,298340,45616,163631,164852,0.028353376877066405,0.03949867507529938,0.03950464627033919,251503,251303,False,False,246546,False,False,3.9059,1.208,results/gate1/scores/221_full_mf1_seed2.npy
221,STAFFIIIDatabase,plain,ECG,True,cg221,STAFFIIIDatabase,full,1.0,0,298340,100,200,298340,45616,163631,164852,0.05537745483415779,0.05965161254222291,0.059657716888558664,251503,251303,False,False,237859,False,False,2.8528,1.4701,results/gate1/scores/221_full_mf1.0_seed0.npy
221,STAFFIIIDatabase,plain,ECG,True,cg221,STAFFIIIDatabase,full,1.0,1,298340,100,200,298340,45616,163631,164852,0.052650580780995604,0.06302063136305465,0.06303672475427745,251503,251303,False,False,72678,False,False,3.1328,1.5288,results/gate1/scores/221_full_mf1.0_seed1.npy
221,STAFFIIIDatabase,plain,ECG,True,cg221,STAFFIIIDatabase,full,1.0,2,298340,100,200,298340,45616,163631,164852,0.050107177804960545,0.054751541919641426,0.054756363080898644,251503,251303,False,False,72692,False,False,3.4097,1.4502,results/gate1/scores/221_full_mf1.0_seed2.npy
221,STAFFIIIDatabase,plain,ECG,True,cg221,STAFFIIIDatabase,train_prefix,1,0,45616,100,200,298340,45616,163631,164852,0.032776384612080656,0.027548678653988103,0.027549741570247373,251503,251303,True,True,246562,False,False,0.5407,1.2401,results/gate1/scores/221_train_prefix_mf1_seed0.npy
221,STAFFIIIDatabase,plain,ECG,True,cg221,STAFFIIIDatabase,train_prefix,1,1,45616,100,200,298340,45616,163631,164852,0.008261326493170573,0.013594037267223625,0.01360117958935926,251503,251303,False,False,246553,False,False,0.6101,1.2399,results/gate1/scores/221_train_prefix_mf1_seed1.npy
221,STAFFIIIDatabase,plain,ECG,True,cg221,STAFFIIIDatabase,train_prefix,1,2,45616,100,200,298340,45616,163631,164852,0.005036285050728173,0.01680017085705149,0.016802104901523108,251503,251303,False,False,117272,False,False,0.6022,1.2485,results/gate1/scores/221_train_prefix_mf1_seed2.npy
221,STAFFIIIDatabase,plain,ECG,True,cg221,STAFFIIIDatabase,train_prefix,1.0,0,45616,100,200,298340,45616,163631,164852,0.06579936149178911,0.054949143733731665,0.054950125086733435,251503,251303,True,True,78834,False,False,0.4629,1.4876,results/gate1/scores/221_train_prefix_mf1.0_seed0.npy
221,STAFFIIIDatabase,plain,ECG,True,cg221,STAFFIIIDatabase,train_prefix,1.0,1,45616,100,200,298340,45616,163631,164852,0.049010208661120824,0.04607938095581984,0.0460867769562962,251503,251303,True,True,157171,False,False,0.5623,1.4746,results/gate1/scores/221_train_prefix_mf1.0_seed1.npy
221,STAFFIIIDatabase,plain,ECG,True,cg221,STAFFIIIDatabase,train_prefix,1.0,2,45616,100,200,298340,45616,163631,164852,0.06468260201746778,0.05722420676047904,0.05722700523879428,251503,251303,True,True,78819,False,False,0.641,1.5193,results/gate1/scores/221_train_prefix_mf1.0_seed2.npy
222,mit14046longtermecg,plain,ECG,True,cg222,mit14046longtermecg,full,1,0,211502,100,200,211502,56123,91199,91700,0.19574140194699835,0.07573058263725164,0.07574167382344539,154878,154678,True,True,91924,True,False,2.7768,1.0625,results/gate1/scores/222_full_mf1_seed0.npy
222,mit14046longtermecg,plain,ECG,True,cg222,mit14046longtermecg,full,1,1,211502,100,200,211502,56123,91199,91700,0.18625659480481999,0.07335014393134416,0.07336153482379963,154878,154678,True,True,91943,True,False,2.7889,1.073,results/gate1/scores/222_full_mf1_seed1.npy
222,mit14046longtermecg,plain,ECG,True,cg222,mit14046longtermecg,full,1,2,211502,100,200,211502,56123,91199,91700,0.19717230474468989,0.07250278198693813,0.07253535187667436,154878,154678,True,True,91280,True,True,3.0774,0.9715,results/gate1/scores/222_full_mf1_seed2.npy
222,mit14046longtermecg,plain,ECG,True,cg222,mit14046longtermecg,full,1.0,0,211502,100,200,211502,56123,91199,91700,0.2245521916422355,0.09408557657359852,0.09409848825729542,154878,154678,True,True,91284,True,True,2.0638,0.9298,results/gate1/scores/222_full_mf1.0_seed0.npy
222,mit14046longtermecg,plain,ECG,True,cg222,mit14046longtermecg,full,1.0,1,211502,100,200,211502,56123,91199,91700,0.2281686983685009,0.08818524330925659,0.08824201640379409,154878,154678,True,True,91282,True,True,2.2994,0.9633,results/gate1/scores/222_full_mf1.0_seed1.npy
222,mit14046longtermecg,plain,ECG,True,cg222,mit14046longtermecg,full,1.0,2,211502,100,200,211502,56123,91199,91700,0.2260240945750684,0.09545923893459017,0.09550311623486561,154878,154678,True,True,91266,True,True,2.2949,1.1602,results/gate1/scores/222_full_mf1.0_seed2.npy
222,mit14046longtermecg,plain,ECG,True,cg222,mit14046longtermecg,train_prefix,1,0,56123,100,200,211502,56123,91199,91700,0.28574623853426145,0.16015700171752995,0.16017730004100944,154878,154678,True,True,91281,True,True,0.7781,0.9987,results/gate1/scores/222_train_prefix_mf1_seed0.npy
222,mit14046longtermecg,plain,ECG,True,cg222,mit14046longtermecg,train_prefix,1,1,56123,100,200,211502,56123,91199,91700,0.28261238988374066,0.16519484733434098,0.16523010329386964,154878,154678,True,True,91285,True,True,0.7063,1.0329,results/gate1/scores/222_train_prefix_mf1_seed1.npy
222,mit14046longtermecg,plain,ECG,True,cg222,mit14046longtermecg,train_prefix,1,2,56123,100,200,211502,56123,91199,91700,0.2795027408265076,0.15731916802596912,0.15737984997063673,154878,154678,True,True,91279,True,True,0.8695,1.1703,results/gate1/scores/222_train_prefix_mf1_seed2.npy
222,mit14046longtermecg,plain,ECG,True,cg222,mit14046longtermecg,train_prefix,1.0,0,56123,100,200,211502,56123,91199,91700,0.3157231225526661,0.18597565428897292,0.1859937132474594,154878,154678,True,True,91284,True,True,0.6659,1.1268,results/gate1/scores/222_train_prefix_mf1.0_seed0.npy
222,mit14046longtermecg,plain,ECG,True,cg222,mit14046longtermecg,train_prefix,1.0,1,56123,100,200,211502,56123,91199,91700,0.3208047779167367,0.17760325394210214,0.17764765244738093,154878,154678,True,True,91273,True,True,0.7382,1.127,results/gate1/scores/222_train_prefix_mf1.0_seed1.npy
222,mit14046longtermecg,plain,ECG,True,cg222,mit14046longtermecg,train_prefix,1.0,2,56123,100,200,211502,56123,91199,91700,0.3184807062441367,0.17742072006078932,0.17745328862761878,154878,154678,True,True,91277,True,True,0.7274,1.0314,results/gate1/scores/222_train_prefix_mf1.0_seed2.npy
223,mit14046longtermecg,plain,ECG,True,cg223,mit14046longtermecg,full,1,0,180386,100,200,180386,74123,131199,131700,0.001013900670839285,0.08778241433965807,0.08789753439571696,105762,105562,False,False,90666,False,False,2.2885,0.9598,results/gate1/scores/223_full_mf1_seed0.npy
223,mit14046longtermecg,plain,ECG,True,cg223,mit14046longtermecg,full,1,1,180386,100,200,180386,74123,131199,131700,-0.0006909026753184055,0.0872729689198036,0.08737360487287538,105762,105562,False,False,106973,False,False,2.4393,0.7418,results/gate1/scores/223_full_mf1_seed1.npy
223,mit14046longtermecg,plain,ECG,True,cg223,mit14046longtermecg,full,1,2,180386,100,200,180386,74123,131199,131700,0.009578563509251015,0.08533575255141174,0.08536249990707978,105762,105562,False,False,106977,False,False,2.0725,0.7743,results/gate1/scores/223_full_mf1_seed2.npy
223,mit14046longtermecg,plain,ECG,True,cg223,mit14046longtermecg,full,1.0,0,180386,100,200,180386,74123,131199,131700,-0.010060685163369443,0.1322495654893344,0.132279763854902,105762,105562,False,False,106975,False,False,1.827,0.7531,results/gate1/scores/223_full_mf1.0_seed0.npy
223,mit14046longtermecg,plain,ECG,True,cg223,mit14046longtermecg,full,1.0,1,180386,100,200,180386,74123,131199,131700,-0.006428260704741895,0.13312217729987968,0.13319493686388462,105762,105562,False,False,106975,False,False,1.8687,0.8147,results/gate1/scores/223_full_mf1.0_seed1.npy
223,mit14046longtermecg,plain,ECG,True,cg223,mit14046longtermecg,full,1.0,2,180386,100,200,180386,74123,131199,131700,-0.004823620731125633,0.1271639829314843,0.12719876144771378,105762,105562,False,False,106726,False,False,2.0555,0.8606,results/gate1/scores/223_full_mf1.0_seed2.npy
223,mit14046longtermecg,plain,ECG,True,cg223,mit14046longtermecg,train_prefix,1,0,74123,100,200,180386,74123,131199,131700,0.0512000535892147,0.13314800229501098,0.1331794345386306,105762,105562,False,False,90667,False,False,1.063,0.9218,results/gate1/scores/223_train_prefix_mf1_seed0.npy
223,mit14046longtermecg,plain,ECG,True,cg223,mit14046longtermecg,train_prefix,1,1,74123,100,200,180386,74123,131199,131700,0.04703511774257063,0.13093925317671692,0.13104818309054778,105762,105562,False,False,106726,False,False,1.1325,0.9282,results/gate1/scores/223_train_prefix_mf1_seed1.npy
223,mit14046longtermecg,plain,ECG,True,cg223,mit14046longtermecg,train_prefix,1,2,74123,100,200,180386,74123,131199,131700,0.06215142941842561,0.13454265360734147,0.1345859649742095,105762,105562,False,False,90662,False,False,1.1241,0.9081,results/gate1/scores/223_train_prefix_mf1_seed2.npy
223,mit14046longtermecg,plain,ECG,True,cg223,mit14046longtermecg,train_prefix,1.0,0,74123,100,200,180386,74123,131199,131700,0.06063194600158195,0.18822836915804494,0.1883394926873184,105762,105562,False,False,106974,False,False,0.8098,0.697,results/gate1/scores/223_train_prefix_mf1.0_seed0.npy
223,mit14046longtermecg,plain,ECG,True,cg223,mit14046longtermecg,train_prefix,1.0,1,74123,100,200,180386,74123,131199,131700,0.07051407578496005,0.19312854162099816,0.19315772740007364,105762,105562,False,False,106978,False,False,0.8305,0.7592,results/gate1/scores/223_train_prefix_mf1.0_seed1.npy
223,mit14046longtermecg,plain,ECG,True,cg223,mit14046longtermecg,train_prefix,1.0,2,74123,100,200,180386,74123,131199,131700,0.06768967790281638,0.194728624009289,0.19477603943875024,105762,105562,False,False,106976,False,False,0.8369,0.7556,results/gate1/scores/223_train_prefix_mf1.0_seed2.npy
224,mit14046longtermecg,plain,ECG,True,cg224,mit14046longtermecg,full,1,0,199753,100,200,199753,76123,191199,191700,-0.05863598192644637,0.06329840570139339,0.06337211491834945,123129,122929,False,False,81782,False,False,2.439,0.8691,results/gate1/scores/224_full_mf1_seed0.npy
224,mit14046longtermecg,plain,ECG,True,cg224,mit14046longtermecg,full,1,1,199753,100,200,199753,76123,191199,191700,-0.05974767113964635,0.058720617886111236,0.05873399111422823,123129,122929,False,False,97351,False,False,2.4632,0.853,results/gate1/scores/224_full_mf1_seed1.npy
224,mit14046longtermecg,plain,ECG,True,cg224,mit14046longtermecg,full,1,2,199753,100,200,199753,76123,191199,191700,-0.059036344378189276,0.056552042281129075,0.05656757479921649,123129,122929,False,False,81773,False,False,2.288,0.9121,results/gate1/scores/224_full_mf1_seed2.npy
224,mit14046longtermecg,plain,ECG,True,cg224,mit14046longtermecg,full,1.0,0,199753,100,200,199753,76123,191199,191700,-0.061194221265112814,0.09101396192348025,0.09104320341085057,123129,122929,False,False,105622,False,False,2.4729,1.0717,results/gate1/scores/224_full_mf1.0_seed0.npy
224,mit14046longtermecg,plain,ECG,True,cg224,mit14046longtermecg,full,1.0,1,199753,100,200,199753,76123,191199,191700,-0.053457980236391534,0.08181611294115847,0.08182284252323545,123129,122929,False,False,105620,False,False,2.3621,0.8778,results/gate1/scores/224_full_mf1.0_seed1.npy
224,mit14046longtermecg,plain,ECG,True,cg224,mit14046longtermecg,full,1.0,2,199753,100,200,199753,76123,191199,191700,-0.05752996478970629,0.08975145002495054,0.08976600977034399,123129,122929,False,False,105627,False,False,1.9529,0.8448,results/gate1/scores/224_full_mf1.0_seed2.npy
224,mit14046longtermecg,plain,ECG,True,cg224,mit14046longtermecg,train_prefix,1,0,76123,100,200,199753,76123,191199,191700,-0.033034601501635175,0.094035714636143,0.0940533907323185,123129,122929,False,False,81782,False,False,1.1927,1.0652,results/gate1/scores/224_train_prefix_mf1_seed0.npy
224,mit14046longtermecg,plain,ECG,True,cg224,mit14046longtermecg,train_prefix,1,1,76123,100,200,199753,76123,191199,191700,-0.03758997695267763,0.09377655866773872,0.0938011696356477,123129,122929,False,False,97357,False,False,1.0939,0.9518,results/gate1/scores/224_train_prefix_mf1_seed1.npy
224,mit14046longtermecg,plain,ECG,True,cg224,mit14046longtermecg,train_prefix,1,2,76123,100,200,199753,76123,191199,191700,-0.03135479269418495,0.09666925557002597,0.09674604190512226,123129,122929,False,False,85268,False,False,1.116,0.9892,results/gate1/scores/224_train_prefix_mf1_seed2.npy
224,mit14046longtermecg,plain,ECG,True,cg224,mit14046longtermecg,train_prefix,1.0,0,76123,100,200,199753,76123,191199,191700,-0.01051417492604878,0.13409851165148098,0.13431481586868455,123129,122929,False,False,105619,False,False,0.8701,0.8863,results/gate1/scores/224_train_prefix_mf1.0_seed0.npy
224,mit14046longtermecg,plain,ECG,True,cg224,mit14046longtermecg,train_prefix,1.0,1,76123,100,200,199753,76123,191199,191700,-0.020362305960692717,0.12282448321963405,0.12290378365837322,123129,122929,False,False,105620,False,False,0.7943,1.0301,results/gate1/scores/224_train_prefix_mf1.0_seed1.npy
224,mit14046longtermecg,plain,ECG,True,cg224,mit14046longtermecg,train_prefix,1.0,2,76123,100,200,199753,76123,191199,191700,-0.011748946095196555,0.13514920981082088,0.13519482417603215,123129,122929,False,False,105619,False,False,1.0616,0.934,results/gate1/scores/224_train_prefix_mf1.0_seed2.npy
225,mit14046longtermecg,plain,ECG,True,cg225,mit14046longtermecg,full,1,0,199999,100,200,199999,81214,142999,143300,0.03356505486494765,0.08030963761584971,0.08038748817399295,118484,118284,False,False,91781,False,False,2.4268,0.8455,results/gate1/scores/225_full_mf1_seed0.npy
225,mit14046longtermecg,plain,ECG,True,cg225,mit14046longtermecg,full,1,1,199999,100,200,199999,81214,142999,143300,0.04395902552981651,0.07764573017273652,0.07772302621900708,118484,118284,False,False,108088,False,False,2.3039,0.8676,results/gate1/scores/225_full_mf1_seed1.npy
225,mit14046longtermecg,plain,ECG,True,cg225,mit14046longtermecg,full,1,2,199999,100,200,199999,81214,142999,143300,0.036990398531853985,0.0820031923434905,0.08202421352250074,118484,118284,False,False,108092,False,False,2.3371,0.8855,results/gate1/scores/225_full_mf1_seed2.npy
225,mit14046longtermecg,plain,ECG,True,cg225,mit14046longtermecg,full,1.0,0,199999,100,200,199999,81214,142999,143300,0.040237063456494304,0.12985077802768002,0.12992654519264257,118484,118284,False,False,107844,False,False,1.9724,0.8028,results/gate1/scores/225_full_mf1.0_seed0.npy
225,mit14046longtermecg,plain,ECG,True,cg225,mit14046longtermecg,full,1.0,1,199999,100,200,199999,81214,142999,143300,0.037708698084255365,0.13375606639563636,0.13381867276623954,118484,118284,False,False,108087,False,False,2.0796,0.6998,results/gate1/scores/225_full_mf1.0_seed1.npy
225,mit14046longtermecg,plain,ECG,True,cg225,mit14046longtermecg,full,1.0,2,199999,100,200,199999,81214,142999,143300,0.0601080159282491,0.1293449836653838,0.1293960496832266,118484,118284,False,False,108085,False,False,1.8847,0.7188,results/gate1/scores/225_full_mf1.0_seed2.npy
225,mit14046longtermecg,plain,ECG,True,cg225,mit14046longtermecg,train_prefix,1,0,81214,100,200,199999,81214,142999,143300,0.07006331917606734,0.11565293471771167,0.1156755356345561,118484,118284,False,False,91779,False,False,1.1867,1.088,results/gate1/scores/225_train_prefix_mf1_seed0.npy
225,mit14046longtermecg,plain,ECG,True,cg225,mit14046longtermecg,train_prefix,1,1,81214,100,200,199999,81214,142999,143300,0.07140204493972163,0.1075317261333495,0.10761595974339004,118484,118284,False,False,108091,False,False,1.2279,1.067,results/gate1/scores/225_train_prefix_mf1_seed1.npy
225,mit14046longtermecg,plain,ECG,True,cg225,mit14046longtermecg,train_prefix,1,2,81214,100,200,199999,81214,142999,143300,0.06418233951967633,0.11349556803772014,0.11356018343384831,118484,118284,False,False,91777,False,False,1.1258,1.0058,results/gate1/scores/225_train_prefix_mf1_seed2.npy
225,mit14046longtermecg,plain,ECG,True,cg225,mit14046longtermecg,train_prefix,1.0,0,81214,100,200,199999,81214,142999,143300,0.09522057245904969,0.18144148552351272,0.1815702070958226,118484,118284,False,False,107837,False,False,0.8121,0.8159,results/gate1/scores/225_train_prefix_mf1.0_seed0.npy
225,mit14046longtermecg,plain,ECG,True,cg225,mit14046longtermecg,train_prefix,1.0,1,81214,100,200,199999,81214,142999,143300,0.09393277441083214,0.18314355147967756,0.18330178043445244,118484,118284,False,False,108089,False,False,0.9216,0.8817,results/gate1/scores/225_train_prefix_mf1.0_seed1.npy
225,mit14046longtermecg,plain,ECG,True,cg225,mit14046longtermecg,train_prefix,1.0,2,81214,100,200,199999,81214,142999,143300,0.09682704635785716,0.18455800621779872,0.18455800621779872,118484,118284,False,False,108091,False,False,0.772,0.7721,results/gate1/scores/225_train_prefix_mf1.0_seed2.npy
226,mit14046longtermecg,plain,ECG,True,cg226,mit14046longtermecg,full,1,0,190001,100,200,190001,96123,122999,123300,0.18315072919351094,0.03952728484226991,0.0395333073962054,93577,93377,True,True,123091,True,True,2.0531,0.7727,results/gate1/scores/226_full_mf1_seed0.npy
226,mit14046longtermecg,plain,ECG,True,cg226,mit14046longtermecg,full,1,1,190001,100,200,190001,96123,122999,123300,0.17748605268736983,0.036150092866311816,0.03618540640155136,93577,93377,True,True,123218,True,True,2.0758,0.7786,results/gate1/scores/226_full_mf1_seed1.npy
226,mit14046longtermecg,plain,ECG,True,cg226,mit14046longtermecg,full,1,2,190001,100,200,190001,96123,122999,123300,0.1759991187693647,0.03662143787200545,0.03664869899717662,93577,93377,True,True,123082,True,True,2.1326,0.7889,results/gate1/scores/226_full_mf1_seed2.npy
226,mit14046longtermecg,plain,ECG,True,cg226,mit14046longtermecg,full,1.0,0,190001,100,200,190001,96123,122999,123300,0.17632310312250776,0.06295052364742121,0.0630955986032769,93577,93377,True,True,179978,False,False,1.7362,0.7164,results/gate1/scores/226_full_mf1.0_seed0.npy
226,mit14046longtermecg,plain,ECG,True,cg226,mit14046longtermecg,full,1.0,1,190001,100,200,190001,96123,122999,123300,0.18702649658826181,0.0644505834899915,0.06447423357993866,93577,93377,True,True,179982,False,False,1.7792,0.695,results/gate1/scores/226_full_mf1.0_seed1.npy
226,mit14046longtermecg,plain,ECG,True,cg226,mit14046longtermecg,full,1.0,2,190001,100,200,190001,96123,122999,123300,0.19024629275655786,0.06468697275581448,0.06478878108595894,93577,93377,True,True,179980,False,False,1.5154,0.7253,results/gate1/scores/226_full_mf1.0_seed2.npy
226,mit14046longtermecg,plain,ECG,True,cg226,mit14046longtermecg,train_prefix,1,0,96123,100,200,190001,96123,122999,123300,0.16486222956629143,0.02906005615357318,0.029100759180312286,93577,93377,True,True,123073,True,True,1.3936,0.9144,results/gate1/scores/226_train_prefix_mf1_seed0.npy
226,mit14046longtermecg,plain,ECG,True,cg226,mit14046longtermecg,train_prefix,1,1,96123,100,200,190001,96123,122999,123300,0.17094556906717634,0.0254740000384217,0.025507417683872186,93577,93377,True,True,123219,True,True,1.3922,0.8479,results/gate1/scores/226_train_prefix_mf1_seed1.npy
226,mit14046longtermecg,plain,ECG,True,cg226,mit14046longtermecg,train_prefix,1,2,96123,100,200,190001,96123,122999,123300,0.14847116493627155,0.02700464209814952,0.027093080005447485,93577,93377,True,True,123081,True,True,1.244,0.8108,results/gate1/scores/226_train_prefix_mf1_seed2.npy
226,mit14046longtermecg,plain,ECG,True,cg226,mit14046longtermecg,train_prefix,1.0,0,96123,100,200,190001,96123,122999,123300,0.17787199177770474,0.0477075298038802,0.047812079478068786,93577,93377,True,True,179988,False,False,0.9159,0.7957,results/gate1/scores/226_train_prefix_mf1.0_seed0.npy
226,mit14046longtermecg,plain,ECG,True,cg226,mit14046longtermecg,train_prefix,1.0,1,96123,100,200,190001,96123,122999,123300,0.172524124272185,0.05141903957614299,0.05129308638445032,93577,93377,True,True,179990,False,False,0.9742,0.7283,results/gate1/scores/226_train_prefix_mf1.0_seed1.npy
226,mit14046longtermecg,plain,ECG,True,cg226,mit14046longtermecg,train_prefix,1.0,2,96123,100,200,190001,96123,122999,123300,0.1760259568528143,0.053296653357014584,0.05332481650262925,93577,93377,True,True,179985,False,False,0.9182,0.7419,results/gate1/scores/226_train_prefix_mf1.0_seed2.npy
227,mit14134longtermecg,plain,ECG,True,cg227,mit14134longtermecg,full,1,0,59302,100,200,59302,11231,28999,29100,-0.010445066451394813,0.028316980904985665,0.028335053592085307,47970,47770,False,False,46865,False,False,0.8562,0.3377,results/gate1/scores/227_full_mf1_seed0.npy
227,mit14134longtermecg,plain,ECG,True,cg227,mit14134longtermecg,full,1,1,59302,100,200,59302,11231,28999,29100,-0.016165098538130973,0.02738771319838359,0.02742669489468579,47970,47770,False,False,45101,False,False,1.0186,0.3277,results/gate1/scores/227_full_mf1_seed1.npy
227,mit14134longtermecg,plain,ECG,True,cg227,mit14134longtermecg,full,1,2,59302,100,200,59302,11231,28999,29100,-0.013546616220775742,0.029402127870734485,0.029462686212005783,47970,47770,False,False,46880,False,False,0.8153,0.2939,results/gate1/scores/227_full_mf1_seed2.npy
227,mit14134longtermecg,plain,ECG,True,cg227,mit14134longtermecg,full,1.0,0,59302,100,200,59302,11231,28999,29100,-0.007448307899193263,0.029071720808042732,0.029104585143415105,47970,47770,False,False,50346,False,False,0.6124,0.244,results/gate1/scores/227_full_mf1.0_seed0.npy
227,mit14134longtermecg,plain,ECG,True,cg227,mit14134longtermecg,full,1.0,1,59302,100,200,59302,11231,28999,29100,-0.012029867183449783,0.02206739005486385,0.022089504316991342,47970,47770,False,False,50376,False,False,0.6185,0.2129,results/gate1/scores/227_full_mf1.0_seed1.npy
227,mit14134longtermecg,plain,ECG,True,cg227,mit14134longtermecg,full,1.0,2,59302,100,200,59302,11231,28999,29100,-0.003945104804304822,0.028458994155711844,0.028486046671762893,47970,47770,False,False,50368,False,False,0.6147,0.2009,results/gate1/scores/227_full_mf1.0_seed2.npy
227,mit14134longtermecg,plain,ECG,True,cg227,mit14134longtermecg,train_prefix,1,0,11231,100,200,59302,11231,28999,29100,-0.006638014498519751,0.030577630127422737,0.030694616461402268,47970,47770,False,False,46864,False,False,0.2817,0.3213,results/gate1/scores/227_train_prefix_mf1_seed0.npy
227,mit14134longtermecg,plain,ECG,True,cg227,mit14134longtermecg,train_prefix,1,1,11231,100,200,59302,11231,28999,29100,-0.015391346530695071,0.03180477786200747,0.03187804113428267,47970,47770,False,False,46884,False,False,0.242,0.3203,results/gate1/scores/227_train_prefix_mf1_seed1.npy
227,mit14134longtermecg,plain,ECG,True,cg227,mit14134longtermecg,train_prefix,1,2,11231,100,200,59302,11231,28999,29100,-0.014631437397612745,0.03270105930888228,0.03278172089830274,47970,47770,False,False,46872,False,False,0.2693,0.3297,results/gate1/scores/227_train_prefix_mf1_seed2.npy
227,mit14134longtermecg,plain,ECG,True,cg227,mit14134longtermecg,train_prefix,1.0,0,11231,100,200,59302,11231,28999,29100,-0.0037689507300226466,0.02493910524095962,0.024958633793579568,47970,47770,False,False,50365,False,False,0.2203,0.2175,results/gate1/scores/227_train_prefix_mf1.0_seed0.npy
227,mit14134longtermecg,plain,ECG,True,cg227,mit14134longtermecg,train_prefix,1.0,1,11231,100,200,59302,11231,28999,29100,-0.010383598492967827,0.02216564963078965,0.022181157373642596,47970,47770,False,False,35508,False,False,0.1749,0.2404,results/gate1/scores/227_train_prefix_mf1.0_seed1.npy
227,mit14134longtermecg,plain,ECG,True,cg227,mit14134longtermecg,train_prefix,1.0,2,11231,100,200,59302,11231,28999,29100,-0.009108495925212623,0.023570129270932935,0.02360452578749562,47970,47770,False,False,35499,False,False,0.168,0.2657,results/gate1/scores/227_train_prefix_mf1.0_seed2.npy
228,mit14134longtermecg,plain,ECG,True,cg228,mit14134longtermecg,full,1,0,59000,100,200,59000,11361,47829,47850,0.007414258246294436,0.06495917994283212,0.06524361535409594,47618,47418,False,False,35918,False,False,0.8006,0.2923,results/gate1/scores/228_full_mf1_seed0.npy
228,mit14134longtermecg,plain,ECG,True,cg228,mit14134longtermecg,full,1,1,59000,100,200,59000,11361,47829,47850,0.0032240632917655554,0.06831966559916033,0.0684817869992546,47618,47418,False,False,35918,False,False,0.8344,0.2814,results/gate1/scores/228_full_mf1_seed1.npy
228,mit14134longtermecg,plain,ECG,True,cg228,mit14134longtermecg,full,1,2,59000,100,200,59000,11361,47829,47850,0.011670435663723888,0.06350682309403329,0.0635592684170044,47618,47418,False,False,35869,False,False,0.8231,0.2827,results/gate1/scores/228_full_mf1_seed2.npy
228,mit14134longtermecg,plain,ECG,True,cg228,mit14134longtermecg,full,1.0,0,59000,100,200,59000,11361,47829,47850,0.01889474996710977,0.05427829957044262,0.05447122537579496,47618,47418,False,False,34758,False,False,0.5317,0.1975,results/gate1/scores/228_full_mf1.0_seed0.npy
228,mit14134longtermecg,plain,ECG,True,cg228,mit14134longtermecg,full,1.0,1,59000,100,200,59000,11361,47829,47850,0.02355508882099322,0.053649011866583204,0.05385652693230199,47618,47418,False,False,34760,False,False,0.5687,0.2129,results/gate1/scores/228_full_mf1.0_seed1.npy
228,mit14134longtermecg,plain,ECG,True,cg228,mit14134longtermecg,full,1.0,2,59000,100,200,59000,11361,47829,47850,0.02118947446990249,0.053679747292369885,0.054008261303727496,47618,47418,False,False,34758,False,False,0.5867,0.1872,results/gate1/scores/228_full_mf1.0_seed2.npy
228,mit14134longtermecg,plain,ECG,True,cg228,mit14134longtermecg,train_prefix,1,0,11361,100,200,59000,11361,47829,47850,-0.004743971232510524,0.03397185597391977,0.034157914475518636,47618,47418,False,False,35912,False,False,0.2171,0.3247,results/gate1/scores/228_train_prefix_mf1_seed0.npy
228,mit14134longtermecg,plain,ECG,True,cg228,mit14134longtermecg,train_prefix,1,1,11361,100,200,59000,11361,47829,47850,-0.006881271876668371,0.03600496545733212,0.036445860537640914,47618,47418,False,False,35867,False,False,0.2879,0.3295,results/gate1/scores/228_train_prefix_mf1_seed1.npy
228,mit14134longtermecg,plain,ECG,True,cg228,mit14134longtermecg,train_prefix,1,2,11361,100,200,59000,11361,47829,47850,-0.005188773183634976,0.034335250668539756,0.03443935994279813,47618,47418,False,False,35855,False,False,0.2702,0.3356,results/gate1/scores/228_train_prefix_mf1_seed2.npy
228,mit14134longtermecg,plain,ECG,True,cg228,mit14134longtermecg,train_prefix,1.0,0,11361,100,200,59000,11361,47829,47850,0.010772775082838193,0.031529810343170275,0.03156127530276623,47618,47418,False,False,34763,False,False,0.2347,0.221,results/gate1/scores/228_train_prefix_mf1.0_seed0.npy
228,mit14134longtermecg,plain,ECG,True,cg228,mit14134longtermecg,train_prefix,1.0,1,11361,100,200,59000,11361,47829,47850,0.016808003535391858,0.030133426468474125,0.030318464783199894,47618,47418,False,False,34758,False,False,0.1774,0.2375,results/gate1/scores/228_train_prefix_mf1.0_seed1.npy
228,mit14134longtermecg,plain,ECG,True,cg228,mit14134longtermecg,train_prefix,1.0,2,11361,100,200,59000,11361,47829,47850,0.01166350244049602,0.03268353639849574,0.03292940664240039,47618,47418,False,False,34762,False,False,0.1723,0.2254,results/gate1/scores/228_train_prefix_mf1.0_seed2.npy
229,mit14134longtermecg,plain,ECG,True,cg229,mit14134longtermecg,full,1,0,59000,100,200,59000,16363,57959,57970,-0.004280429255191287,0.11005576819113888,0.11012575277212669,42626,42426,False,False,37723,False,False,0.8249,0.2878,results/gate1/scores/229_full_mf1_seed0.npy
229,mit14134longtermecg,plain,ECG,True,cg229,mit14134longtermecg,full,1,1,59000,100,200,59000,16363,57959,57970,-0.018679948775081445,0.10981994435210349,0.10988680108406887,42626,42426,False,False,37413,False,False,0.8503,0.3084,results/gate1/scores/229_full_mf1_seed1.npy
229,mit14134longtermecg,plain,ECG,True,cg229,mit14134longtermecg,full,1,2,59000,100,200,59000,16363,57959,57970,-0.01890444494727156,0.10912199796027708,0.10925704372166084,42626,42426,False,False,37405,False,False,0.8673,0.3024,results/gate1/scores/229_full_mf1_seed2.npy
229,mit14134longtermecg,plain,ECG,True,cg229,mit14134longtermecg,full,1.0,0,59000,100,200,59000,16363,57959,57970,-0.005446869457279235,0.09888431236097753,0.09890594001649355,42626,42426,False,False,37049,False,False,0.5722,0.2056,results/gate1/scores/229_full_mf1.0_seed0.npy
229,mit14134longtermecg,plain,ECG,True,cg229,mit14134longtermecg,full,1.0,1,59000,100,200,59000,16363,57959,57970,0.0017141007910763117,0.11068820370189747,0.11071407481485454,42626,42426,False,False,37047,False,False,0.5342,0.2013,results/gate1/scores/229_full_mf1.0_seed1.npy
229,mit14134longtermecg,plain,ECG,True,cg229,mit14134longtermecg,full,1.0,2,59000,100,200,59000,16363,57959,57970,-0.00364756121356119,0.10288581939750596,0.10347391668768821,42626,42426,False,False,37044,False,False,0.6672,0.2623,results/gate1/scores/229_full_mf1.0_seed2.npy
229,mit14134longtermecg,plain,ECG,True,cg229,mit14134longtermecg,train_prefix,1,0,16363,100,200,59000,16363,57959,57970,0.0007449425708405677,0.127263292830085,0.12760770472521502,42626,42426,False,False,37410,False,False,0.2888,0.3008,results/gate1/scores/229_train_prefix_mf1_seed0.npy
229,mit14134longtermecg,plain,ECG,True,cg229,mit14134longtermecg,train_prefix,1,1,16363,100,200,59000,16363,57959,57970,-0.017182290328971894,0.12957099663465954,0.1296564371674745,42626,42426,False,False,37411,False,False,0.263,0.3019,results/gate1/scores/229_train_prefix_mf1_seed1.npy
229,mit14134longtermecg,plain,ECG,True,cg229,mit14134longtermecg,train_prefix,1,2,16363,100,200,59000,16363,57959,57970,-0.013943690124031682,0.12171249603602943,0.12190971093636438,42626,42426,False,False,37412,False,False,0.302,0.311,results/gate1/scores/229_train_prefix_mf1_seed2.npy
229,mit14134longtermecg,plain,ECG,True,cg229,mit14134longtermecg,train_prefix,1.0,0,16363,100,200,59000,16363,57959,57970,0.00420775806004986,0.10854606311568554,0.10859460355572254,42626,42426,False,False,37052,False,False,0.2272,0.2131,results/gate1/scores/229_train_prefix_mf1.0_seed0.npy
229,mit14134longtermecg,plain,ECG,True,cg229,mit14134longtermecg,train_prefix,1.0,1,16363,100,200,59000,16363,57959,57970,0.013635845008837633,0.12174488518459933,0.12180455882915986,42626,42426,False,False,36971,False,False,0.2095,0.2351,results/gate1/scores/229_train_prefix_mf1.0_seed1.npy
229,mit14134longtermecg,plain,ECG,True,cg229,mit14134longtermecg,train_prefix,1.0,2,16363,100,200,59000,16363,57959,57970,0.005717362148975336,0.12679783133452144,0.12714866877675843,42626,42426,False,False,37050,False,False,0.2128,0.1837,results/gate1/scores/229_train_prefix_mf1.0_seed2.npy
230,mit14134longtermecg,plain,ECG,True,cg230,mit14134longtermecg,full,1,0,59000,100,200,59000,19363,19509,19610,-0.031123551343282596,0.14928096718306913,0.14946138725213873,39536,39336,False,False,34678,False,False,0.8354,0.2924,results/gate1/scores/230_full_mf1_seed0.npy
230,mit14134longtermecg,plain,ECG,True,cg230,mit14134longtermecg,full,1,1,59000,100,200,59000,19363,19509,19610,-0.03442689838464147,0.14498695536449152,0.1451237706429663,39536,39336,False,False,34665,False,False,0.8129,0.291,results/gate1/scores/230_full_mf1_seed1.npy
230,mit14134longtermecg,plain,ECG,True,cg230,mit14134longtermecg,full,1,2,59000,100,200,59000,19363,19509,19610,-0.032388640411549596,0.1472350560863084,0.14740573324629935,39536,39336,False,False,34680,False,False,0.8249,0.3236,results/gate1/scores/230_full_mf1_seed2.npy
230,mit14134longtermecg,plain,ECG,True,cg230,mit14134longtermecg,full,1.0,0,59000,100,200,59000,19363,19509,19610,-0.008337620172875537,0.19451276271719514,0.19462109434973496,39536,39336,False,False,34668,False,False,0.6485,0.1644,results/gate1/scores/230_full_mf1.0_seed0.npy
230,mit14134longtermecg,plain,ECG,True,cg230,mit14134longtermecg,full,1.0,1,59000,100,200,59000,19363,19509,19610,-0.011823494988749739,0.18288186255150554,0.18300102553193326,39536,39336,False,False,34672,False,False,0.6769,0.2572,results/gate1/scores/230_full_mf1.0_seed1.npy
230,mit14134longtermecg,plain,ECG,True,cg230,mit14134longtermecg,full,1.0,2,59000,100,200,59000,19363,19509,19610,-0.015677783560872016,0.187934928167926,0.18816137592980195,39536,39336,False,False,34666,False,False,0.6479,0.2416,results/gate1/scores/230_full_mf1.0_seed2.npy
230,mit14134longtermecg,plain,ECG,True,cg230,mit14134longtermecg,train_prefix,1,0,19363,100,200,59000,19363,19509,19610,-0.032718795084548224,0.11587192886277001,0.11592727908582083,39536,39336,False,False,34672,False,False,0.3243,0.2968,results/gate1/scores/230_train_prefix_mf1_seed0.npy
230,mit14134longtermecg,plain,ECG,True,cg230,mit14134longtermecg,train_prefix,1,1,19363,100,200,59000,19363,19509,19610,-0.051552108977186095,0.11077741382791374,0.1109974799891167,39536,39336,False,False,34682,False,False,0.3634,0.2878,results/gate1/scores/230_train_prefix_mf1_seed1.npy
230,mit14134longtermecg,plain,ECG,True,cg230,mit14134longtermecg,train_prefix,1,2,19363,100,200,59000,19363,19509,19610,-0.04977637319373679,0.11204332912691693,0.11242272643632072,39536,39336,False,False,34666,False,False,0.311,0.3083,results/gate1/scores/230_train_prefix_mf1_seed2.npy
230,mit14134longtermecg,plain,ECG,True,cg230,mit14134longtermecg,train_prefix,1.0,0,19363,100,200,59000,19363,19509,19610,-0.03077846905881998,0.15261978132238982,0.1534836601513205,39536,39336,False,False,34663,False,False,0.2766,0.2268,results/gate1/scores/230_train_prefix_mf1.0_seed0.npy
230,mit14134longtermecg,plain,ECG,True,cg230,mit14134longtermecg,train_prefix,1.0,1,19363,100,200,59000,19363,19509,19610,-0.03206139684313897,0.14364998181127664,0.14424807514333665,39536,39336,False,False,34675,False,False,0.2823,0.2232,results/gate1/scores/230_train_prefix_mf1.0_seed1.npy
230,mit14134longtermecg,plain,ECG,True,cg230,mit14134longtermecg,train_prefix,1.0,2,19363,100,200,59000,19363,19509,19610,-0.029109275190582873,0.1549815206473293,0.15520757557536818,39536,39336,False,False,34667,False,False,0.2349,0.2035,results/gate1/scores/230_train_prefix_mf1.0_seed2.npy
231,mit14134longtermecg,plain,ECG,True,cg231,mit14134longtermecg,full,1,0,59000,100,200,59000,8763,47529,47790,-0.0028664243092960673,0.06511491207588657,0.06526491994375569,49976,49776,False,False,36052,False,False,0.8113,0.3009,results/gate1/scores/231_full_mf1_seed0.npy
231,mit14134longtermecg,plain,ECG,True,cg231,mit14134longtermecg,full,1,1,59000,100,200,59000,8763,47529,47790,0.010549174348332024,0.06975842343185326,0.07013775535714423,49976,49776,False,False,36055,False,False,0.7599,0.2705,results/gate1/scores/231_full_mf1_seed1.npy
231,mit14134longtermecg,plain,ECG,True,cg231,mit14134longtermecg,full,1,2,59000,100,200,59000,8763,47529,47790,0.006238898790409286,0.06897346913777683,0.06913321708071829,49976,49776,False,False,36052,False,False,0.8092,0.2955,results/gate1/scores/231_full_mf1_seed2.npy
231,mit14134longtermecg,plain,ECG,True,cg231,mit14134longtermecg,full,1.0,0,59000,100,200,59000,8763,47529,47790,-0.006083262476580253,0.04388654985702008,0.043863517255981366,49976,49776,False,False,53269,False,False,0.5507,0.2101,results/gate1/scores/231_full_mf1.0_seed0.npy
231,mit14134longtermecg,plain,ECG,True,cg231,mit14134longtermecg,full,1.0,1,59000,100,200,59000,8763,47529,47790,-0.015460066409551942,0.043330811019705234,0.0435897564983046,49976,49776,False,False,53255,False,False,0.5354,0.1904,results/gate1/scores/231_full_mf1.0_seed1.npy
231,mit14134longtermecg,plain,ECG,True,cg231,mit14134longtermecg,full,1.0,2,59000,100,200,59000,8763,47529,47790,-0.009523863725303394,0.046196417009261595,0.04636579152808805,49976,49776,False,False,53242,False,False,0.5134,0.1888,results/gate1/scores/231_full_mf1.0_seed2.npy
231,mit14134longtermecg,plain,ECG,True,cg231,mit14134longtermecg,train_prefix,1,0,8763,100,200,59000,8763,47529,47790,0.018357993016029084,0.08089582726660621,0.08117586474662841,49976,49776,False,False,36053,False,False,0.1728,0.3299,results/gate1/scores/231_train_prefix_mf1_seed0.npy
231,mit14134longtermecg,plain,ECG,True,cg231,mit14134longtermecg,train_prefix,1,1,8763,100,200,59000,8763,47529,47790,0.036911000010048545,0.08628740632196197,0.08652576643133308,49976,49776,False,False,36055,False,False,0.1756,0.2997,results/gate1/scores/231_train_prefix_mf1_seed1.npy
231,mit14134longtermecg,plain,ECG,True,cg231,mit14134longtermecg,train_prefix,1,2,8763,100,200,59000,8763,47529,47790,0.025792402111080026,0.08024266686147563,0.08044748217981718,49976,49776,False,False,36051,False,False,0.1675,0.2792,results/gate1/scores/231_train_prefix_mf1_seed2.npy
231,mit14134longtermecg,plain,ECG,True,cg231,mit14134longtermecg,train_prefix,1.0,0,8763,100,200,59000,8763,47529,47790,-0.021470994640295338,0.0374690637847942,0.03735693275905584,49976,49776,False,False,53285,False,False,0.1457,0.277,results/gate1/scores/231_train_prefix_mf1.0_seed0.npy
231,mit14134longtermecg,plain,ECG,True,cg231,mit14134longtermecg,train_prefix,1.0,1,8763,100,200,59000,8763,47529,47790,-0.027476988708679373,0.04100577367501959,0.04092151346797146,49976,49776,False,False,53259,False,False,0.1496,0.2885,results/gate1/scores/231_train_prefix_mf1.0_seed1.npy
231,mit14134longtermecg,plain,ECG,True,cg231,mit14134longtermecg,train_prefix,1.0,2,8763,100,200,59000,8763,47529,47790,-0.006844172054349507,0.04097958480017329,0.041061007438608924,49976,49776,False,False,53268,False,False,0.1431,0.2429,results/gate1/scores/231_train_prefix_mf1.0_seed2.npy
232,mit14134longtermecg,plain,ECG,True,cg231,mit14134longtermecg,full,1,0,59000,100,200,59000,8763,57529,57790,0.003787594973168329,0.0653366033832074,0.0657089156678691,49976,49776,False,False,36052,False,False,0.8228,0.2746,results/gate1/scores/232_full_mf1_seed0.npy
232,mit14134longtermecg,plain,ECG,True,cg231,mit14134longtermecg,full,1,1,59000,100,200,59000,8763,57529,57790,0.0012803216010616736,0.06873194448827394,0.06928611980057076,49976,49776,False,False,36055,False,False,0.7955,0.2905,results/gate1/scores/232_full_mf1_seed1.npy
232,mit14134longtermecg,plain,ECG,True,cg231,mit14134longtermecg,full,1,2,59000,100,200,59000,8763,57529,57790,-0.0014891010302408025,0.06836034238130126,0.06854411227629431,49976,49776,False,False,36053,False,False,0.7943,0.2812,results/gate1/scores/232_full_mf1_seed2.npy
232,mit14134longtermecg,plain,ECG,True,cg231,mit14134longtermecg,full,1.0,0,59000,100,200,59000,8763,57529,57790,-0.0019155509177699592,0.04538113762662177,0.04542608415150537,49976,49776,False,False,53269,False,False,0.579,0.2193,results/gate1/scores/232_full_mf1.0_seed0.npy
232,mit14134longtermecg,plain,ECG,True,cg231,mit14134longtermecg,full,1.0,1,59000,100,200,59000,8763,57529,57790,-0.0006316131118647705,0.044141854761866384,0.04418816920766469,49976,49776,False,False,53255,False,False,0.5507,0.2379,results/gate1/scores/232_full_mf1.0_seed1.npy
232,mit14134longtermecg,plain,ECG,True,cg231,mit14134longtermecg,full,1.0,2,59000,100,200,59000,8763,57529,57790,-0.002932732804837912,0.04784995734015891,0.0479549086915957,49976,49776,False,False,53242,False,False,0.5504,0.2538,results/gate1/scores/232_full_mf1.0_seed2.npy
232,mit14134longtermecg,plain,ECG,True,cg231,mit14134longtermecg,train_prefix,1,0,8763,100,200,59000,8763,57529,57790,0.006782983967130729,0.08089582726660621,0.08117586474662841,49976,49776,False,False,36053,False,False,0.1633,0.3009,results/gate1/scores/232_train_prefix_mf1_seed0.npy
232,mit14134longtermecg,plain,ECG,True,cg231,mit14134longtermecg,train_prefix,1,1,8763,100,200,59000,8763,57529,57790,0.0008805719014695623,0.08628740632196197,0.08652576643133308,49976,49776,False,False,36055,False,False,0.1635,0.2829,results/gate1/scores/232_train_prefix_mf1_seed1.npy
232,mit14134longtermecg,plain,ECG,True,cg231,mit14134longtermecg,train_prefix,1,2,8763,100,200,59000,8763,57529,57790,-0.0031840329751409158,0.08024266686147563,0.08044748217981718,49976,49776,False,False,36051,False,False,0.1641,0.3046,results/gate1/scores/232_train_prefix_mf1_seed2.npy
232,mit14134longtermecg,plain,ECG,True,cg231,mit14134longtermecg,train_prefix,1.0,0,8763,100,200,59000,8763,57529,57790,-0.014399697914535048,0.0374690637847942,0.037589773048766706,49976,49776,False,False,53285,False,False,0.1366,0.242,results/gate1/scores/232_train_prefix_mf1.0_seed0.npy
232,mit14134longtermecg,plain,ECG,True,cg231,mit14134longtermecg,train_prefix,1.0,1,8763,100,200,59000,8763,57529,57790,-0.012945333254627434,0.04100577367501959,0.04110476441393242,49976,49776,False,False,53259,False,False,0.1379,0.2347,results/gate1/scores/232_train_prefix_mf1.0_seed1.npy
232,mit14134longtermecg,plain,ECG,True,cg231,mit14134longtermecg,train_prefix,1.0,2,8763,100,200,59000,8763,57529,57790,-0.005058835624901559,0.04097958480017329,0.041061007438608924,49976,49776,False,False,53268,False,False,0.1379,0.2421,results/gate1/scores/232_train_prefix_mf1.0_seed2.npy
233,mit14157longtermecg,plain,ECG,True,cg233,mit14157longtermecg,full,1,0,92710,100,200,92710,18913,24499,24501,0.06397725553816136,0.06379600202460772,0.06253175129645228,73795,73595,True,True,34873,False,False,1.1038,0.4078,results/gate1/scores/233_full_mf1_seed0.npy
233,mit14157longtermecg,plain,ECG,True,cg233,mit14157longtermecg,full,1,1,92710,100,200,92710,18913,24499,24501,0.06887124511729792,0.05684920664240635,0.05595789646682419,73795,73595,True,True,34828,False,False,1.1698,0.4215,results/gate1/scores/233_full_mf1_seed1.npy
233,mit14157longtermecg,plain,ECG,True,cg233,mit14157longtermecg,full,1,2,92710,100,200,92710,18913,24499,24501,0.09202256681677934,0.0594597077365591,0.057843228334190075,73795,73595,True,True,65845,False,False,1.1197,0.4071,results/gate1/scores/233_full_mf1_seed2.npy
233,mit14157longtermecg,plain,ECG,True,cg233,mit14157longtermecg,full,1.0,0,92710,100,200,92710,18913,24499,24501,0.0993198070943383,0.08833752069802063,0.08742958642842047,73795,73595,True,True,34833,False,False,0.8528,0.3536,results/gate1/scores/233_full_mf1.0_seed0.npy
233,mit14157longtermecg,plain,ECG,True,cg233,mit14157longtermecg,full,1.0,1,92710,100,200,92710,18913,24499,24501,0.08935525318556004,0.09158451540916926,0.09060689073331131,73795,73595,False,False,34851,False,False,0.9129,0.3516,results/gate1/scores/233_full_mf1.0_seed1.npy
233,mit14157longtermecg,plain,ECG,True,cg233,mit14157longtermecg,full,1.0,2,92710,100,200,92710,18913,24499,24501,0.0711355023720322,0.07700404201535725,0.07687442798087299,73795,73595,False,False,79785,False,False,1.0117,0.4296,results/gate1/scores/233_full_mf1.0_seed2.npy
233,mit14157longtermecg,plain,ECG,True,cg233,mit14157longtermecg,train_prefix,1,0,18913,100,200,92710,18913,24499,24501,0.07897290910459026,0.07406929985401906,0.072940821193682,73795,73595,True,True,69955,False,False,0.2666,0.4112,results/gate1/scores/233_train_prefix_mf1_seed0.npy
233,mit14157longtermecg,plain,ECG,True,cg233,mit14157longtermecg,train_prefix,1,1,18913,100,200,92710,18913,24499,24501,0.08769748467593452,0.07241879278917307,0.07170283380387536,73795,73595,True,True,34827,False,False,0.2832,0.4291,results/gate1/scores/233_train_prefix_mf1_seed1.npy
233,mit14157longtermecg,plain,ECG,True,cg233,mit14157longtermecg,train_prefix,1,2,18913,100,200,92710,18913,24499,24501,0.09345652919788217,0.07232161079371391,0.07193965866604621,73795,73595,True,True,70020,False,False,0.2714,0.4152,results/gate1/scores/233_train_prefix_mf1_seed2.npy
233,mit14157longtermecg,plain,ECG,True,cg233,mit14157longtermecg,train_prefix,1.0,0,18913,100,200,92710,18913,24499,24501,0.104788137789601,0.09998022372642514,0.09959489621204291,73795,73595,True,True,79780,False,False,0.2187,0.293,results/gate1/scores/233_train_prefix_mf1.0_seed0.npy
233,mit14157longtermecg,plain,ECG,True,cg233,mit14157longtermecg,train_prefix,1.0,1,18913,100,200,92710,18913,24499,24501,0.1054104240852442,0.0942609354020031,0.09399295835654804,73795,73595,True,True,79783,False,False,0.2137,0.2691,results/gate1/scores/233_train_prefix_mf1.0_seed1.npy
233,mit14157longtermecg,plain,ECG,True,cg233,mit14157longtermecg,train_prefix,1.0,2,18913,100,200,92710,18913,24499,24501,0.09749624155176712,0.09290737904499895,0.0925490356864504,73795,73595,True,True,79781,False,False,0.2552,0.344,results/gate1/scores/233_train_prefix_mf1.0_seed2.npy
234,mit14157longtermecg,plain,ECG,True,cg234,mit14157longtermecg,full,1,0,98710,100,200,98710,18913,24599,24601,-0.033562375366453734,0.054408667525012236,0.05445293755973616,79795,79595,False,False,55857,False,False,1.1962,0.4402,results/gate1/scores/234_full_mf1_seed0.npy
234,mit14157longtermecg,plain,ECG,True,cg234,mit14157longtermecg,full,1,1,98710,100,200,98710,18913,24599,24601,-0.04086950955539004,0.05235223324345425,0.0523734233716367,79795,79595,False,False,80343,False,False,1.1775,0.43,results/gate1/scores/234_full_mf1_seed1.npy
234,mit14157longtermecg,plain,ECG,True,cg234,mit14157longtermecg,full,1,2,98710,100,200,98710,18913,24599,24601,-0.02922215391374894,0.055037915114414596,0.05506075954613679,79795,79595,False,False,80334,False,False,1.1861,0.4415,results/gate1/scores/234_full_mf1_seed2.npy
234,mit14157longtermecg,plain,ECG,True,cg234,mit14157longtermecg,full,1.0,0,98710,100,200,98710,18913,24599,24601,-0.0417583634776012,0.06676531040139778,0.0669014437548046,79795,79595,False,False,80338,False,False,0.9405,0.3966,results/gate1/scores/234_full_mf1.0_seed0.npy
234,mit14157longtermecg,plain,ECG,True,cg234,mit14157longtermecg,full,1.0,1,98710,100,200,98710,18913,24599,24601,-0.043269090053712655,0.07266580747123852,0.07283246682245104,79795,79595,False,False,55839,False,False,1.0716,0.4345,results/gate1/scores/234_full_mf1.0_seed1.npy
234,mit14157longtermecg,plain,ECG,True,cg234,mit14157longtermecg,full,1.0,2,98710,100,200,98710,18913,24599,24601,-0.030192967962213102,0.06432500659091102,0.06436623927948774,79795,79595,False,False,80342,False,False,0.9256,0.4216,results/gate1/scores/234_full_mf1.0_seed2.npy
234,mit14157longtermecg,plain,ECG,True,cg234,mit14157longtermecg,train_prefix,1,0,18913,100,200,98710,18913,24599,24601,-0.04147188895020232,0.05824497086288789,0.0582655800569647,79795,79595,False,False,55860,False,False,0.2765,0.4314,results/gate1/scores/234_train_prefix_mf1_seed0.npy
234,mit14157longtermecg,plain,ECG,True,cg234,mit14157longtermecg,train_prefix,1,1,18913,100,200,98710,18913,24599,24601,-0.03731735007529774,0.056078649030579776,0.056094506154908755,79795,79595,False,False,80342,False,False,0.2667,0.4235,results/gate1/scores/234_train_prefix_mf1_seed1.npy
234,mit14157longtermecg,plain,ECG,True,cg234,mit14157longtermecg,train_prefix,1,2,18913,100,200,98710,18913,24599,24601,-0.02503272271649487,0.05790495268069077,0.05791201837152804,79795,79595,False,False,55840,False,False,0.2788,0.4051,results/gate1/scores/234_train_prefix_mf1_seed2.npy
234,mit14157longtermecg,plain,ECG,True,cg234,mit14157longtermecg,train_prefix,1.0,0,18913,100,200,98710,18913,24599,24601,-0.028051365136572637,0.06850122091515295,0.06856002248060489,79795,79595,False,False,67494,False,False,0.2105,0.2961,results/gate1/scores/234_train_prefix_mf1.0_seed0.npy
234,mit14157longtermecg,plain,ECG,True,cg234,mit14157longtermecg,train_prefix,1.0,1,18913,100,200,98710,18913,24599,24601,-0.028225179629749297,0.06722042713095541,0.06740682244676086,79795,79595,False,False,55852,False,False,0.2455,0.3642,results/gate1/scores/234_train_prefix_mf1.0_seed1.npy
234,mit14157longtermecg,plain,ECG,True,cg234,mit14157longtermecg,train_prefix,1.0,2,18913,100,200,98710,18913,24599,24601,-0.03805899355752784,0.06605473917929314,0.06612286325130828,79795,79595,False,False,67482,False,False,0.2328,0.3616,results/gate1/scores/234_train_prefix_mf1.0_seed2.npy
235,mit14157longtermecg,plain,ECG,True,cg235,mit14157longtermecg,full,1,0,97300,100,200,97300,18913,75449,75451,0.07580802453171448,0.06363155156224977,0.06299650667561546,78385,78185,True,True,76625,False,False,1.1498,0.4085,results/gate1/scores/235_full_mf1_seed0.npy
235,mit14157longtermecg,plain,ECG,True,cg235,mit14157longtermecg,full,1,1,97300,100,200,97300,18913,75449,75451,0.03676572082893448,0.05798824096129757,0.05776329180396461,78385,78185,False,False,76648,False,False,1.1247,0.4152,results/gate1/scores/235_full_mf1_seed1.npy
235,mit14157longtermecg,plain,ECG,True,cg235,mit14157longtermecg,full,1,2,97300,100,200,97300,18913,75449,75451,0.037127162634307986,0.06019017857593251,0.05966609660571352,78385,78185,False,False,76625,False,False,1.2093,0.431,results/gate1/scores/235_full_mf1_seed2.npy
235,mit14157longtermecg,plain,ECG,True,cg235,mit14157longtermecg,full,1.0,0,97300,100,200,97300,18913,75449,75451,0.0974207084188739,0.08116917731875976,0.07974240269269371,78385,78185,True,True,76626,False,False,1.06,0.4341,results/gate1/scores/235_full_mf1.0_seed0.npy
235,mit14157longtermecg,plain,ECG,True,cg235,mit14157longtermecg,full,1.0,1,97300,100,200,97300,18913,75449,75451,0.06698028811450984,0.07953821212530303,0.07789618968859936,78385,78185,False,False,76627,False,False,0.9032,0.4213,results/gate1/scores/235_full_mf1.0_seed1.npy
235,mit14157longtermecg,plain,ECG,True,cg235,mit14157longtermecg,full,1.0,2,97300,100,200,97300,18913,75449,75451,0.08770913146215492,0.07717022924897467,0.07533222394690546,78385,78185,True,True,76662,False,False,0.8172,0.2959,results/gate1/scores/235_full_mf1.0_seed2.npy
235,mit14157longtermecg,plain,ECG,True,cg235,mit14157longtermecg,train_prefix,1,0,18913,100,200,97300,18913,75449,75451,0.08579867101398864,0.067314836708819,0.06673061532415128,78385,78185,True,True,76625,False,False,0.2608,0.3946,results/gate1/scores/235_train_prefix_mf1_seed0.npy
235,mit14157longtermecg,plain,ECG,True,cg235,mit14157longtermecg,train_prefix,1,1,18913,100,200,97300,18913,75449,75451,0.041830791410101265,0.05913412897768502,0.05899404374531891,78385,78185,False,False,76648,False,False,0.2761,0.4108,results/gate1/scores/235_train_prefix_mf1_seed1.npy
235,mit14157longtermecg,plain,ECG,True,cg235,mit14157longtermecg,train_prefix,1,2,18913,100,200,97300,18913,75449,75451,0.04678917826603429,0.06278391592653264,0.06188506198497679,78385,78185,False,False,76649,False,False,0.2763,0.4059,results/gate1/scores/235_train_prefix_mf1_seed2.npy
235,mit14157longtermecg,plain,ECG,True,cg235,mit14157longtermecg,train_prefix,1.0,0,18913,100,200,97300,18913,75449,75451,0.1018062972943744,0.08287476292468739,0.0808540543259359,78385,78185,True,True,76626,False,False,0.2581,0.358,results/gate1/scores/235_train_prefix_mf1.0_seed0.npy
235,mit14157longtermecg,plain,ECG,True,cg235,mit14157longtermecg,train_prefix,1.0,1,18913,100,200,97300,18913,75449,75451,0.09632996395597404,0.07989288234864425,0.07793920357115956,78385,78185,True,True,76627,False,False,0.2387,0.402,results/gate1/scores/235_train_prefix_mf1.0_seed1.npy
235,mit14157longtermecg,plain,ECG,True,cg235,mit14157longtermecg,train_prefix,1.0,2,18913,100,200,97300,18913,75449,75451,0.07365092581304317,0.07307597483613831,0.0712134010764025,78385,78185,True,True,76627,False,False,0.2201,0.3313,results/gate1/scores/235_train_prefix_mf1.0_seed2.npy
236,mit14157longtermecg,plain,ECG,True,cg236,mit14157longtermecg,full,1,0,97000,100,200,97000,19313,46349,46390,-0.009918377770426645,0.05479010372126864,0.05487979195326759,77646,77446,False,False,50420,False,False,1.1635,0.3959,results/gate1/scores/236_full_mf1_seed0.npy
236,mit14157longtermecg,plain,ECG,True,cg236,mit14157longtermecg,full,1,1,97000,100,200,97000,19313,46349,46390,-0.01416768106619476,0.05235199736197383,0.05238075368219833,77646,77446,False,False,50451,False,False,1.2366,0.3924,results/gate1/scores/236_full_mf1_seed1.npy
236,mit14157longtermecg,plain,ECG,True,cg236,mit14157longtermecg,full,1,2,97000,100,200,97000,19313,46349,46390,0.007781211717621028,0.052338756013877594,0.05241864531268511,77646,77446,False,False,50454,False,False,1.2236,0.4198,results/gate1/scores/236_full_mf1_seed2.npy
236,mit14157longtermecg,plain,ECG,True,cg236,mit14157longtermecg,full,1.0,0,97000,100,200,97000,19313,46349,46390,-0.014818625612088021,0.061773101110293084,0.06182068922830345,77646,77446,False,False,81900,False,False,0.9018,0.3869,results/gate1/scores/236_full_mf1.0_seed0.npy
236,mit14157longtermecg,plain,ECG,True,cg236,mit14157longtermecg,full,1.0,1,97000,100,200,97000,19313,46349,46390,-0.00554314857462479,0.061047119663135786,0.061068345739205214,77646,77446,False,False,50449,False,False,1.1077,0.4321,results/gate1/scores/236_full_mf1.0_seed1.npy
236,mit14157longtermecg,plain,ECG,True,cg236,mit14157longtermecg,full,1.0,2,97000,100,200,97000,19313,46349,46390,-0.006011759144260942,0.057743405747335726,0.05779783958529056,77646,77446,False,False,50457,False,False,1.0798,0.4382,results/gate1/scores/236_full_mf1.0_seed2.npy
236,mit14157longtermecg,plain,ECG,True,cg236,mit14157longtermecg,train_prefix,1,0,19313,100,200,97000,19313,46349,46390,-0.009975765955081428,0.05124566918331034,0.051324538817464065,77646,77446,False,False,50455,False,False,0.2871,0.4138,results/gate1/scores/236_train_prefix_mf1_seed0.npy
236,mit14157longtermecg,plain,ECG,True,cg236,mit14157longtermecg,train_prefix,1,1,19313,100,200,97000,19313,46349,46390,-0.011618529997809879,0.04820188749079423,0.04829469569309831,77646,77446,False,False,50449,False,False,0.3096,0.4126,results/gate1/scores/236_train_prefix_mf1_seed1.npy
236,mit14157longtermecg,plain,ECG,True,cg236,mit14157longtermecg,train_prefix,1,2,19313,100,200,97000,19313,46349,46390,-0.007969476837241418,0.05305000639152907,0.05317362954460049,77646,77446,False,False,50445,False,False,0.3013,0.4162,results/gate1/scores/236_train_prefix_mf1_seed2.npy
236,mit14157longtermecg,plain,ECG,True,cg236,mit14157longtermecg,train_prefix,1.0,0,19313,100,200,97000,19313,46349,46390,-0.013518939730630841,0.06471299328595638,0.06479945354450378,77646,77446,False,False,50450,False,False,0.2515,0.3499,results/gate1/scores/236_train_prefix_mf1.0_seed0.npy
236,mit14157longtermecg,plain,ECG,True,cg236,mit14157longtermecg,train_prefix,1.0,1,19313,100,200,97000,19313,46349,46390,-0.009326265096213926,0.06190708360546234,0.061965094712045074,77646,77446,False,False,50455,False,False,0.2207,0.3744,results/gate1/scores/236_train_prefix_mf1.0_seed1.npy
236,mit14157longtermecg,plain,ECG,True,cg236,mit14157longtermecg,train_prefix,1.0,2,19313,100,200,97000,19313,46349,46390,-0.01187275372200991,0.05931224780473964,0.05951326753084777,77646,77446,False,False,81888,False,False,0.2455,0.3925,results/gate1/scores/236_train_prefix_mf1.0_seed2.npy
237,mit14157longtermecg,plain,ECG,True,cg237,mit14157longtermecg,full,1,0,97000,100,200,97000,19313,89559,90370,0.11066603584810242,0.06409163432147666,0.06412552967406332,76876,76676,True,True,38926,False,False,1.3168,0.4436,results/gate1/scores/237_full_mf1_seed0.npy
237,mit14157longtermecg,plain,ECG,True,cg237,mit14157longtermecg,full,1,1,97000,100,200,97000,19313,89559,90370,0.09626473719599099,0.05492002956889491,0.05498007637368446,76876,76676,True,True,38930,False,False,1.3322,0.4584,results/gate1/scores/237_full_mf1_seed1.npy
237,mit14157longtermecg,plain,ECG,True,cg237,mit14157longtermecg,full,1,2,97000,100,200,97000,19313,89559,90370,0.10453348079808672,0.05833116841216565,0.058404265800004435,76876,76676,True,True,38908,False,False,1.3239,0.4515,results/gate1/scores/237_full_mf1_seed2.npy
237,mit14157longtermecg,plain,ECG,True,cg237,mit14157longtermecg,full,1.0,0,97000,100,200,97000,19313,89559,90370,0.1527724262263131,0.08342484072127612,0.08345136944455893,76876,76676,True,True,61995,False,False,1.1674,0.477,results/gate1/scores/237_full_mf1.0_seed0.npy
237,mit14157longtermecg,plain,ECG,True,cg237,mit14157longtermecg,full,1.0,1,97000,100,200,97000,19313,89559,90370,0.14937277197066473,0.08301594474093343,0.08301594474093343,76876,76676,True,True,62072,False,False,1.0284,0.5001,results/gate1/scores/237_full_mf1.0_seed1.npy
237,mit14157longtermecg,plain,ECG,True,cg237,mit14157longtermecg,full,1.0,2,97000,100,200,97000,19313,89559,90370,0.16433810084470368,0.07863751069163799,0.07867584667115124,76876,76676,True,True,62073,False,False,1.1308,0.5141,results/gate1/scores/237_full_mf1.0_seed2.npy
237,mit14157longtermecg,plain,ECG,True,cg237,mit14157longtermecg,train_prefix,1,0,19313,100,200,97000,19313,89559,90370,0.11978958464774808,0.06332513112126018,0.06336791541012798,76876,76676,True,True,38909,False,False,0.2804,0.4396,results/gate1/scores/237_train_prefix_mf1_seed0.npy
237,mit14157longtermecg,plain,ECG,True,cg237,mit14157longtermecg,train_prefix,1,1,19313,100,200,97000,19313,89559,90370,0.102651205382494,0.05699791958735448,0.05703636320437064,76876,76676,True,True,38907,False,False,0.3267,0.4461,results/gate1/scores/237_train_prefix_mf1_seed1.npy
237,mit14157longtermecg,plain,ECG,True,cg237,mit14157longtermecg,train_prefix,1,2,19313,100,200,97000,19313,89559,90370,0.095444809589121,0.06039543052920879,0.06042177649474617,76876,76676,True,True,38908,False,False,0.3037,0.4187,results/gate1/scores/237_train_prefix_mf1_seed2.npy
237,mit14157longtermecg,plain,ECG,True,cg237,mit14157longtermecg,train_prefix,1.0,0,19313,100,200,97000,19313,89559,90370,0.15060832163858262,0.07866692784172458,0.07862346424452876,76876,76676,True,True,61997,False,False,0.2536,0.4084,results/gate1/scores/237_train_prefix_mf1.0_seed0.npy
237,mit14157longtermecg,plain,ECG,True,cg237,mit14157longtermecg,train_prefix,1.0,1,19313,100,200,97000,19313,89559,90370,0.14070885951727075,0.08125475232355586,0.08137978305714266,76876,76676,True,True,61996,False,False,0.2498,0.4046,results/gate1/scores/237_train_prefix_mf1.0_seed1.npy
237,mit14157longtermecg,plain,ECG,True,cg237,mit14157longtermecg,train_prefix,1.0,2,19313,100,200,97000,19313,89559,90370,0.14635132424453484,0.07916765841440376,0.07924269566409334,76876,76676,True,True,62072,False,False,0.3212,0.4407,results/gate1/scores/237_train_prefix_mf1.0_seed2.npy
238,mit14157longtermecg,plain,ECG,True,cg238,mit14157longtermecg,full,1,0,99000,100,200,99000,21311,72599,72780,0.061855420054354904,0.06846606449331166,0.06852595189323547,77508,77308,False,False,82392,False,False,1.364,0.4731,results/gate1/scores/238_full_mf1_seed0.npy
238,mit14157longtermecg,plain,ECG,True,cg238,mit14157longtermecg,full,1,1,99000,100,200,99000,21311,72599,72780,0.059950798314172826,0.059116087347861536,0.05913788567808728,77508,77308,True,True,82417,False,False,1.3539,0.4609,results/gate1/scores/238_full_mf1_seed1.npy
238,mit14157longtermecg,plain,ECG,True,cg238,mit14157longtermecg,full,1,2,99000,100,200,99000,21311,72599,72780,0.057979233080276305,0.059629987531552034,0.05982618282151226,77508,77308,False,False,41767,False,False,1.408,0.4486,results/gate1/scores/238_full_mf1_seed2.npy
238,mit14157longtermecg,plain,ECG,True,cg238,mit14157longtermecg,full,1.0,0,99000,100,200,99000,21311,72599,72780,0.11775513298884516,0.0816101507085869,0.08170044455154117,77508,77308,True,True,68203,False,False,1.195,0.4544,results/gate1/scores/238_full_mf1.0_seed0.npy
238,mit14157longtermecg,plain,ECG,True,cg238,mit14157longtermecg,full,1.0,1,99000,100,200,99000,21311,72599,72780,0.10910931115345518,0.08307305725379147,0.0831737731055442,77508,77308,True,True,68202,False,False,1.2165,0.5459,results/gate1/scores/238_full_mf1.0_seed1.npy
238,mit14157longtermecg,plain,ECG,True,cg238,mit14157longtermecg,full,1.0,2,99000,100,200,99000,21311,72599,72780,0.10345336997711457,0.08431357830725675,0.08433995682133207,77508,77308,True,True,68207,False,False,1.2041,0.5002,results/gate1/scores/238_full_mf1.0_seed2.npy
238,mit14157longtermecg,plain,ECG,True,cg238,mit14157longtermecg,train_prefix,1,0,21311,100,200,99000,21311,72599,72780,0.06948012356313765,0.07623606789745534,0.07625825505221145,77508,77308,False,False,82391,False,False,0.3214,0.4419,results/gate1/scores/238_train_prefix_mf1_seed0.npy
238,mit14157longtermecg,plain,ECG,True,cg238,mit14157longtermecg,train_prefix,1,1,21311,100,200,99000,21311,72599,72780,0.07094445354237394,0.07038504996091953,0.07044721708798274,77508,77308,True,True,68200,False,False,0.3426,0.4743,results/gate1/scores/238_train_prefix_mf1_seed1.npy
238,mit14157longtermecg,plain,ECG,True,cg238,mit14157longtermecg,train_prefix,1,2,21311,100,200,99000,21311,72599,72780,0.07089015036487117,0.07144601908722242,0.0715733344907673,77508,77308,False,False,51840,False,False,0.3583,0.509,results/gate1/scores/238_train_prefix_mf1_seed2.npy
238,mit14157longtermecg,plain,ECG,True,cg238,mit14157longtermecg,train_prefix,1.0,0,21311,100,200,99000,21311,72599,72780,0.12005724337419094,0.10208990514992158,0.10210929907806843,77508,77308,True,True,68207,False,False,0.3247,0.4887,results/gate1/scores/238_train_prefix_mf1.0_seed0.npy
238,mit14157longtermecg,plain,ECG,True,cg238,mit14157longtermecg,train_prefix,1.0,1,21311,100,200,99000,21311,72599,72780,0.11684417593820118,0.10428215862004041,0.10433770280065363,77508,77308,True,True,51832,False,False,0.3409,0.4361,results/gate1/scores/238_train_prefix_mf1.0_seed1.npy
238,mit14157longtermecg,plain,ECG,True,cg238,mit14157longtermecg,train_prefix,1.0,2,21311,100,200,99000,21311,72599,72780,0.13803327968953139,0.1036817641900959,0.10373866868560166,77508,77308,True,True,51833,False,False,0.2696,0.4691,results/gate1/scores/238_train_prefix_mf1.0_seed2.npy
239,taichidbS0715Master,plain,Gait,False,cg239,taichidbS0715Master,full,1,0,897667,100,200,897667,190037,593449,593514,0.1540977218769256,0.028836634467945377,0.028836634467945377,707565,707365,True,True,205116,False,False,8.2655,2.7901,results/gate1/scores/239_full_mf1_seed0.npy
239,taichidbS0715Master,plain,Gait,False,cg239,taichidbS0715Master,full,1,1,897667,100,200,897667,190037,593449,593514,0.1482232251694059,0.03509348099041176,0.034479049627366296,707565,707365,True,True,205117,False,False,8.3179,2.9618,results/gate1/scores/239_full_mf1_seed1.npy
239,taichidbS0715Master,plain,Gait,False,cg239,taichidbS0715Master,full,1,2,897667,100,200,897667,190037,593449,593514,0.1520335305575724,0.03159797783927365,0.030982605855702228,707565,707365,True,True,205117,False,False,8.7207,3.0129,results/gate1/scores/239_full_mf1_seed2.npy
239,taichidbS0715Master,plain,Gait,False,cg239,taichidbS0715Master,full,1.0,0,897667,100,200,897667,190037,593449,593514,0.11252734223287209,0.06327229324948846,0.06327229324948846,707565,707365,True,True,205097,False,False,10.9573,4.675,results/gate1/scores/239_full_mf1.0_seed0.npy
239,taichidbS0715Master,plain,Gait,False,cg239,taichidbS0715Master,full,1.0,1,897667,100,200,897667,190037,593449,593514,0.11144175858468619,0.06020294222383604,0.0601707062041168,707565,707365,True,True,517548,False,False,10.1205,4.8023,results/gate1/scores/239_full_mf1.0_seed1.npy
239,taichidbS0715Master,plain,Gait,False,cg239,taichidbS0715Master,full,1.0,2,897667,100,200,897667,190037,593449,593514,0.12158349739579943,0.062091834331280404,0.062077946581635075,707565,707365,True,True,203407,False,False,9.8783,4.6279,results/gate1/scores/239_full_mf1.0_seed2.npy
239,taichidbS0715Master,plain,Gait,False,cg239,taichidbS0715Master,train_prefix,1,0,190037,100,200,897667,190037,593449,593514,0.15630034295397022,0.026934562122366057,0.026487185099636767,707565,707365,True,True,205116,False,False,1.5828,2.7715,results/gate1/scores/239_train_prefix_mf1_seed0.npy
239,taichidbS0715Master,plain,Gait,False,cg239,taichidbS0715Master,train_prefix,1,1,190037,100,200,897667,190037,593449,593514,0.14331943318269702,0.03453901926358205,0.03453901926358205,707565,707365,True,True,205117,False,False,1.7047,2.767,results/gate1/scores/239_train_prefix_mf1_seed1.npy
239,taichidbS0715Master,plain,Gait,False,cg239,taichidbS0715Master,train_prefix,1,2,190037,100,200,897667,190037,593449,593514,0.15454447761791468,0.02974064820839417,0.029121063112410462,707565,707365,True,True,205117,False,False,1.6768,2.9247,results/gate1/scores/239_train_prefix_mf1_seed2.npy
239,taichidbS0715Master,plain,Gait,False,cg239,taichidbS0715Master,train_prefix,1.0,0,190037,100,200,897667,190037,593449,593514,0.10305604080607023,0.05615076813637154,0.05615076813637154,707565,707365,True,True,418195,False,False,2.116,4.4692,results/gate1/scores/239_train_prefix_mf1.0_seed0.npy
239,taichidbS0715Master,plain,Gait,False,cg239,taichidbS0715Master,train_prefix,1.0,1,190037,100,200,897667,190037,593449,593514,0.10523144252574423,0.06316422016852219,0.06314251809765525,707565,707365,True,True,517549,False,False,2.112,4.8638,results/gate1/scores/239_train_prefix_mf1.0_seed1.npy
239,taichidbS0715Master,plain,Gait,False,cg239,taichidbS0715Master,train_prefix,1.0,2,190037,100,200,897667,190037,593449,593514,0.11445007639629123,0.0725026804362604,0.0724586427193814,707565,707365,True,True,423073,False,False,2.1131,4.8719,results/gate1/scores/239_train_prefix_mf1.0_seed2.npy
240,taichidbS0715Master,plain,Gait,False,cg240,taichidbS0715Master,full,1,0,900000,100,200,900000,240030,884099,884200,-0.011002182966188823,0.021508698733189714,0.021558157316811734,659869,659669,False,False,260210,False,False,8.2233,2.99,results/gate1/scores/240_full_mf1_seed0.npy
240,taichidbS0715Master,plain,Gait,False,cg240,taichidbS0715Master,full,1,1,900000,100,200,900000,240030,884099,884200,-0.013061624569747132,0.030848014798293973,0.03086773413598261,659869,659669,False,False,260211,False,False,8.7061,3.1065,results/gate1/scores/240_full_mf1_seed1.npy
240,taichidbS0715Master,plain,Gait,False,cg240,taichidbS0715Master,full,1,2,900000,100,200,900000,240030,884099,884200,-0.015739170299508443,0.025291069523338483,0.025370261651109866,659869,659669,False,False,260211,False,False,8.455,3.0202,results/gate1/scores/240_full_mf1_seed2.npy
240,taichidbS0715Master,plain,Gait,False,cg240,taichidbS0715Master,full,1.0,0,900000,100,200,900000,240030,884099,884200,-0.011005707828133149,0.05921978179489873,0.05921978179489873,659869,659669,False,False,260203,False,False,10.2219,4.6724,results/gate1/scores/240_full_mf1.0_seed0.npy
240,taichidbS0715Master,plain,Gait,False,cg240,taichidbS0715Master,full,1.0,1,900000,100,200,900000,240030,884099,884200,-0.0147299626453119,0.05165644784790955,0.051658454896887585,659869,659669,False,False,420535,False,False,10.3574,4.5598,results/gate1/scores/240_full_mf1.0_seed1.npy
240,taichidbS0715Master,plain,Gait,False,cg240,taichidbS0715Master,full,1.0,2,900000,100,200,900000,240030,884099,884200,-0.00662275303770854,0.06607529359149844,0.06607529359149844,659869,659669,False,False,260196,False,False,9.8438,4.2739,results/gate1/scores/240_full_mf1.0_seed2.npy
240,taichidbS0715Master,plain,Gait,False,cg240,taichidbS0715Master,train_prefix,1,0,240030,100,200,900000,240030,884099,884200,-0.011755460610806234,0.02579882200986494,0.02579882200986494,659869,659669,False,False,260210,False,False,2.1994,2.7914,results/gate1/scores/240_train_prefix_mf1_seed0.npy
240,taichidbS0715Master,plain,Gait,False,cg240,taichidbS0715Master,train_prefix,1,1,240030,100,200,900000,240030,884099,884200,-0.015061798004381233,0.0292369739860473,0.0292369739860473,659869,659669,False,False,260211,False,False,2.2788,2.9244,results/gate1/scores/240_train_prefix_mf1_seed1.npy
240,taichidbS0715Master,plain,Gait,False,cg240,taichidbS0715Master,train_prefix,1,2,240030,100,200,900000,240030,884099,884200,-0.015998394979707675,0.023897256102455744,0.023897256102455744,659869,659669,False,False,260211,False,False,2.2451,2.9644,results/gate1/scores/240_train_prefix_mf1_seed2.npy
240,taichidbS0715Master,plain,Gait,False,cg240,taichidbS0715Master,train_prefix,1.0,0,240030,100,200,900000,240030,884099,884200,-0.015432713748758098,0.06973780676076002,0.06973780676076002,659869,659669,False,False,519869,False,False,2.7033,4.831,results/gate1/scores/240_train_prefix_mf1.0_seed0.npy
240,taichidbS0715Master,plain,Gait,False,cg240,taichidbS0715Master,train_prefix,1.0,1,240030,100,200,900000,240030,884099,884200,-0.0005559353949603496,0.06971411972054897,0.06971411972054897,659869,659669,False,False,420535,False,False,2.7394,4.8191,results/gate1/scores/240_train_prefix_mf1.0_seed1.npy
240,taichidbS0715Master,plain,Gait,False,cg240,taichidbS0715Master,train_prefix,1.0,2,240030,100,200,900000,240030,884099,884200,-0.021618241840444807,0.0635645819830836,0.06359262425905274,659869,659669,False,False,519891,False,False,3.1244,4.7116,results/gate1/scores/240_train_prefix_mf1.0_seed2.npy
241,taichidbS0715Master,plain,Gait,False,cg241,taichidbS0715Master,full,1,0,900000,100,200,900000,250000,837399,839100,0.1033030760822844,0.1244742209291021,0.1244742209291021,648299,648099,False,False,250572,False,False,8.5663,3.1918,results/gate1/scores/241_full_mf1_seed0.npy
241,taichidbS0715Master,plain,Gait,False,cg241,taichidbS0715Master,full,1,1,900000,100,200,900000,250000,837399,839100,0.10177608247395509,0.1235370880979011,0.1235370880979011,648299,648099,False,False,250573,False,False,8.5614,2.9332,results/gate1/scores/241_full_mf1_seed1.npy
241,taichidbS0715Master,plain,Gait,False,cg241,taichidbS0715Master,full,1,2,900000,100,200,900000,250000,837399,839100,0.10616721721705003,0.12610587238390725,0.12610587238390725,648299,648099,False,False,250573,False,False,8.3604,2.7872,results/gate1/scores/241_full_mf1_seed2.npy
241,taichidbS0715Master,plain,Gait,False,cg241,taichidbS0715Master,full,1.0,0,900000,100,200,900000,250000,837399,839100,0.04743070821123707,0.05047200459669962,0.05047582079276936,648299,648099,False,False,311538,False,False,10.2887,4.6712,results/gate1/scores/241_full_mf1.0_seed0.npy
241,taichidbS0715Master,plain,Gait,False,cg241,taichidbS0715Master,full,1.0,1,900000,100,200,900000,250000,837399,839100,0.05133765479599073,0.047272231222741046,0.047272231222741046,648299,648099,True,True,658667,False,False,9.9877,4.6722,results/gate1/scores/241_full_mf1.0_seed1.npy
241,taichidbS0715Master,plain,Gait,False,cg241,taichidbS0715Master,full,1.0,2,900000,100,200,900000,250000,837399,839100,0.047891814641452424,0.05198035436370585,0.05198217820396556,648299,648099,False,False,282519,False,False,9.1749,4.0366,results/gate1/scores/241_full_mf1.0_seed2.npy
241,taichidbS0715Master,plain,Gait,False,cg241,taichidbS0715Master,train_prefix,1,0,250000,100,200,900000,250000,837399,839100,0.09502677738530474,0.1143464530200694,0.1143464530200694,648299,648099,False,False,250572,False,False,2.3541,2.8797,results/gate1/scores/241_train_prefix_mf1_seed0.npy
241,taichidbS0715Master,plain,Gait,False,cg241,taichidbS0715Master,train_prefix,1,1,250000,100,200,900000,250000,837399,839100,0.09398153506883977,0.11423314539584983,0.11423314539584983,648299,648099,False,False,250573,False,False,2.3088,2.7763,results/gate1/scores/241_train_prefix_mf1_seed1.npy
241,taichidbS0715Master,plain,Gait,False,cg241,taichidbS0715Master,train_prefix,1,2,250000,100,200,900000,250000,837399,839100,0.10125982053550409,0.11923169078159124,0.11923169078159124,648299,648099,False,False,250573,False,False,2.3673,2.7239,results/gate1/scores/241_train_prefix_mf1_seed2.npy
241,taichidbS0715Master,plain,Gait,False,cg241,taichidbS0715Master,train_prefix,1.0,0,250000,100,200,900000,250000,837399,839100,0.04807282872906393,0.04873539497757928,0.04873539497757928,648299,648099,False,False,311526,False,False,2.9676,4.8186,results/gate1/scores/241_train_prefix_mf1.0_seed0.npy
241,taichidbS0715Master,plain,Gait,False,cg241,taichidbS0715Master,train_prefix,1.0,1,250000,100,200,900000,250000,837399,839100,0.047172889004680085,0.05163995270295997,0.05164636184161453,648299,648099,False,False,799111,False,False,3.296,4.6711,results/gate1/scores/241_train_prefix_mf1.0_seed1.npy
241,taichidbS0715Master,plain,Gait,False,cg241,taichidbS0715Master,train_prefix,1.0,2,250000,100,200,900000,250000,837399,839100,0.05092896269175473,0.050467028331744546,0.050467028331744546,648299,648099,True,True,799106,False,False,2.8484,4.8524,results/gate1/scores/241_train_prefix_mf1.0_seed2.npy
242,tilt12744mtable,plain,ABP,True,cg242,tilt12744mtable,full,1,0,286667,100,200,286667,100000,104629,104890,-0.01871786000353237,0.06842522150711425,0.06848473537434034,186406,186206,False,False,188047,False,False,3.5896,1.3346,results/gate1/scores/242_full_mf1_seed0.npy
242,tilt12744mtable,plain,ABP,True,cg242,tilt12744mtable,full,1,1,286667,100,200,286667,100000,104629,104890,-0.021384629493869656,0.05816696605592479,0.05823516262855456,186406,186206,False,False,187804,False,False,3.7588,1.2496,results/gate1/scores/242_full_mf1_seed1.npy
242,tilt12744mtable,plain,ABP,True,cg242,tilt12744mtable,full,1,2,286667,100,200,286667,100000,104629,104890,-0.03020400191567224,0.05691279240709541,0.05696146174039538,186406,186206,False,False,187253,False,False,3.4305,1.2744,results/gate1/scores/242_full_mf1_seed2.npy
242,tilt12744mtable,plain,ABP,True,cg242,tilt12744mtable,full,1.0,0,286667,100,200,286667,100000,104629,104890,0.011566829035583648,0.08668896532447642,0.08682698418379883,186406,186206,False,False,187204,False,False,3.6246,1.635,results/gate1/scores/242_full_mf1.0_seed0.npy
242,tilt12744mtable,plain,ABP,True,cg242,tilt12744mtable,full,1.0,1,286667,100,200,286667,100000,104629,104890,0.01040859460469079,0.08660258034734396,0.08669367664820371,186406,186206,False,False,188313,False,False,3.6301,1.6207,results/gate1/scores/242_full_mf1.0_seed1.npy
242,tilt12744mtable,plain,ABP,True,cg242,tilt12744mtable,full,1.0,2,286667,100,200,286667,100000,104629,104890,0.00915256466055403,0.09227391127591937,0.09242703638796645,186406,186206,False,False,187536,False,False,3.6856,1.6149,results/gate1/scores/242_full_mf1.0_seed2.npy
242,tilt12744mtable,plain,ABP,True,cg242,tilt12744mtable,train_prefix,1,0,100000,100,200,286667,100000,104629,104890,-0.024452644540507995,0.052859128408822176,0.05292282623050942,186406,186206,False,False,187805,False,False,1.2638,1.2504,results/gate1/scores/242_train_prefix_mf1_seed0.npy
242,tilt12744mtable,plain,ABP,True,cg242,tilt12744mtable,train_prefix,1,1,100000,100,200,286667,100000,104629,104890,-0.024972678493518863,0.04918023713593715,0.04931217856274647,186406,186206,False,False,187769,False,False,1.2649,1.2917,results/gate1/scores/242_train_prefix_mf1_seed1.npy
242,tilt12744mtable,plain,ABP,True,cg242,tilt12744mtable,train_prefix,1,2,100000,100,200,286667,100000,104629,104890,-0.025425574498641634,0.052085050763645876,0.05213963657493392,186406,186206,False,False,187524,False,False,1.1786,1.2772,results/gate1/scores/242_train_prefix_mf1_seed2.npy
242,tilt12744mtable,plain,ABP,True,cg242,tilt12744mtable,train_prefix,1.0,0,100000,100,200,286667,100000,104629,104890,-0.005396437099874085,0.08143367477828528,0.0815119064672283,186406,186206,False,False,187768,False,False,1.183,1.5988,results/gate1/scores/242_train_prefix_mf1.0_seed0.npy
242,tilt12744mtable,plain,ABP,True,cg242,tilt12744mtable,train_prefix,1.0,1,100000,100,200,286667,100000,104629,104890,0.005681243103249245,0.07863820874403103,0.0786453090293805,186406,186206,False,False,187492,False,False,1.2186,1.449,results/gate1/scores/242_train_prefix_mf1.0_seed1.npy
242,tilt12744mtable,plain,ABP,True,cg242,tilt12744mtable,train_prefix,1.0,2,100000,100,200,286667,100000,104629,104890,-0.002684445585371842,0.08179149947436412,0.0819214108744194,186406,186206,False,False,187813,False,False,1.1613,1.515,results/gate1/scores/242_train_prefix_mf1.0_seed2.npy
243,tilt12744mtable,plain,ABP,True,cg243,tilt12744mtable,full,1,0,250001,100,200,250001,100000,203354,203400,-0.016172096724093532,0.06431926405967107,0.06434685419612489,149955,149755,False,False,170517,False,False,3.1185,1.1343,results/gate1/scores/243_full_mf1_seed0.npy
243,tilt12744mtable,plain,ABP,True,cg243,tilt12744mtable,full,1,1,250001,100,200,250001,100000,203354,203400,-0.004740722044826617,0.06332765442346332,0.06340931375696623,149955,149755,False,False,169983,False,False,3.0795,1.0961,results/gate1/scores/243_full_mf1_seed1.npy
243,tilt12744mtable,plain,ABP,True,cg243,tilt12744mtable,full,1,2,250001,100,200,250001,100000,203354,203400,-0.021738666446185162,0.0571315539412735,0.057262012885411044,149955,149755,False,False,170023,False,False,2.9103,1.0909,results/gate1/scores/243_full_mf1_seed2.npy
243,tilt12744mtable,plain,ABP,True,cg243,tilt12744mtable,full,1.0,0,250001,100,200,250001,100000,203354,203400,-0.01772055206852874,0.09460037638512533,0.09473046071505613,149955,149755,False,False,169518,False,False,3.0461,1.3123,results/gate1/scores/243_full_mf1.0_seed0.npy
243,tilt12744mtable,plain,ABP,True,cg243,tilt12744mtable,full,1.0,1,250001,100,200,250001,100000,203354,203400,-0.013714864271382354,0.09931978390463318,0.09969512774826748,149955,149755,False,False,170487,False,False,3.0882,1.3552,results/gate1/scores/243_full_mf1.0_seed1.npy
243,tilt12744mtable,plain,ABP,True,cg243,tilt12744mtable,full,1.0,2,250001,100,200,250001,100000,203354,203400,-0.013228494848252836,0.09753914898511783,0.09779149369797567,149955,149755,False,False,169777,False,False,2.9047,1.3218,results/gate1/scores/243_full_mf1.0_seed2.npy
243,tilt12744mtable,plain,ABP,True,cg243,tilt12744mtable,train_prefix,1,0,100000,100,200,250001,100000,203354,203400,-0.024713994413827822,0.045208037862080344,0.045277620840690085,149955,149755,False,False,170016,False,False,1.5841,1.3006,results/gate1/scores/243_train_prefix_mf1_seed0.npy
243,tilt12744mtable,plain,ABP,True,cg243,tilt12744mtable,train_prefix,1,1,100000,100,200,250001,100000,203354,203400,-0.03344335257412545,0.04372768920504585,0.043880412413273055,149955,149755,False,False,170000,False,False,1.4721,1.2527,results/gate1/scores/243_train_prefix_mf1_seed1.npy
243,tilt12744mtable,plain,ABP,True,cg243,tilt12744mtable,train_prefix,1,2,100000,100,200,250001,100000,203354,203400,-0.022522603492532156,0.0489918698453929,0.0491588571798284,149955,149755,False,False,169742,False,False,1.354,1.147,results/gate1/scores/243_train_prefix_mf1_seed2.npy
243,tilt12744mtable,plain,ABP,True,cg243,tilt12744mtable,train_prefix,1.0,0,100000,100,200,250001,100000,203354,203400,-0.02771612159247977,0.0809789069661929,0.08122006207441632,149955,149755,False,False,170248,False,False,1.2707,1.458,results/gate1/scores/243_train_prefix_mf1.0_seed0.npy
243,tilt12744mtable,plain,ABP,True,cg243,tilt12744mtable,train_prefix,1.0,1,100000,100,200,250001,100000,203354,203400,-0.02048802065230676,0.08119418078523465,0.08129600247237855,149955,149755,False,False,169522,False,False,1.342,1.4749,results/gate1/scores/243_train_prefix_mf1.0_seed1.npy
243,tilt12744mtable,plain,ABP,True,cg243,tilt12744mtable,train_prefix,1.0,2,100000,100,200,250001,100000,203354,203400,-0.026249205643590512,0.08208453962196688,0.08217251690273182,149955,149755,False,False,169777,False,False,1.29,1.48,results/gate1/scores/243_train_prefix_mf1.0_seed2.npy
244,tilt12754table,plain,ABP,True,cg244,tilt12754table,full,1,0,300262,100,200,300262,100013,104629,104890,0.02217165409088878,0.06259662002464826,0.06260319192724255,199988,199788,False,False,190953,False,False,3.6379,1.3479,results/gate1/scores/244_full_mf1_seed0.npy
244,tilt12754table,plain,ABP,True,cg244,tilt12754table,full,1,1,300262,100,200,300262,100013,104629,104890,0.014359606608631337,0.055274291340980275,0.055295077261756004,199988,199788,False,False,190724,False,False,3.5662,1.3498,results/gate1/scores/244_full_mf1_seed1.npy
244,tilt12754table,plain,ABP,True,cg244,tilt12754table,full,1,2,300262,100,200,300262,100013,104629,104890,0.01960071772968497,0.055253527419554624,0.055260983951390286,199988,199788,False,False,190737,False,False,3.484,1.304,results/gate1/scores/244_full_mf1_seed2.npy
244,tilt12754table,plain,ABP,True,cg244,tilt12754table,full,1.0,0,300262,100,200,300262,100013,104629,104890,0.047089526214878,0.09393861599094706,0.09420112224741022,199988,199788,False,False,190743,False,False,3.239,1.3456,results/gate1/scores/244_full_mf1.0_seed0.npy
244,tilt12754table,plain,ABP,True,cg244,tilt12754table,full,1.0,1,300262,100,200,300262,100013,104629,104890,0.03951338825631123,0.09545686451407204,0.09561816655598177,199988,199788,False,False,190452,False,False,3.1017,1.3495,results/gate1/scores/244_full_mf1.0_seed1.npy
244,tilt12754table,plain,ABP,True,cg244,tilt12754table,full,1.0,2,300262,100,200,300262,100013,104629,104890,0.03473397920225585,0.09304592315178185,0.09318703796546947,199988,199788,False,False,190724,False,False,2.9573,1.4476,results/gate1/scores/244_full_mf1.0_seed2.npy
244,tilt12754table,plain,ABP,True,cg244,tilt12754table,train_prefix,1,0,100013,100,200,300262,100013,104629,104890,0.032967151434216135,0.07594502251903112,0.07595724704633187,199988,199788,False,False,190953,False,False,1.271,1.3611,results/gate1/scores/244_train_prefix_mf1_seed0.npy
244,tilt12754table,plain,ABP,True,cg244,tilt12754table,train_prefix,1,1,100013,100,200,300262,100013,104629,104890,0.02527000884319347,0.07152248714538058,0.07153814739806535,199988,199788,False,False,190995,False,False,1.2513,1.3291,results/gate1/scores/244_train_prefix_mf1_seed1.npy
244,tilt12754table,plain,ABP,True,cg244,tilt12754table,train_prefix,1,2,100013,100,200,300262,100013,104629,104890,0.027328342497316915,0.07214768889131234,0.07215306936178664,199988,199788,False,False,190725,False,False,1.2456,1.3581,results/gate1/scores/244_train_prefix_mf1_seed2.npy
244,tilt12754table,plain,ABP,True,cg244,tilt12754table,train_prefix,1.0,0,100013,100,200,300262,100013,104629,104890,0.057058526707405355,0.10375234621554258,0.10377088935641189,199988,199788,False,False,190724,False,False,1.244,1.6501,results/gate1/scores/244_train_prefix_mf1.0_seed0.npy
244,tilt12754table,plain,ABP,True,cg244,tilt12754table,train_prefix,1.0,1,100013,100,200,300262,100013,104629,104890,0.05637703631640145,0.11019267142619539,0.11024592598898,199988,199788,False,False,190741,False,False,1.1515,1.4187,results/gate1/scores/244_train_prefix_mf1.0_seed1.npy
244,tilt12754table,plain,ABP,True,cg244,tilt12754table,train_prefix,1.0,2,100013,100,200,300262,100013,104629,104890,0.062139179884197704,0.11879300279635914,0.11881546549976917,199988,199788,False,False,190699,False,False,1.0875,1.535,results/gate1/scores/244_train_prefix_mf1.0_seed2.npy
245,tilt12754table,plain,ABP,True,cg245,tilt12754table,full,1,0,298747,100,200,298747,100211,270799,271070,0.03914485536353218,0.060884585461113395,0.06090378992293023,198265,198065,False,False,189328,False,False,3.6558,1.3377,results/gate1/scores/245_full_mf1_seed0.npy
245,tilt12754table,plain,ABP,True,cg245,tilt12754table,full,1,1,298747,100,200,298747,100211,270799,271070,0.03354759273739871,0.05689409936696608,0.05690170812289013,198265,198065,False,False,189069,False,False,3.76,1.395,results/gate1/scores/245_full_mf1_seed1.npy
245,tilt12754table,plain,ABP,True,cg245,tilt12754table,full,1,2,298747,100,200,298747,100211,270799,271070,0.03584691627936776,0.06107972084416506,0.0611397937497577,198265,198065,False,False,189570,False,False,3.7893,1.4415,results/gate1/scores/245_full_mf1_seed2.npy
245,tilt12754table,plain,ABP,True,cg245,tilt12754table,full,1.0,0,298747,100,200,298747,100211,270799,271070,0.07554704671570744,0.09163576804212134,0.09171420563458266,198265,198065,False,False,189812,False,False,3.1238,1.0935,results/gate1/scores/245_full_mf1.0_seed0.npy
245,tilt12754table,plain,ABP,True,cg245,tilt12754table,full,1.0,1,298747,100,200,298747,100211,270799,271070,0.08083225635871688,0.09693918293961336,0.09701623109867291,198265,198065,False,False,190104,False,False,3.1629,1.2619,results/gate1/scores/245_full_mf1.0_seed1.npy
245,tilt12754table,plain,ABP,True,cg245,tilt12754table,full,1.0,2,298747,100,200,298747,100211,270799,271070,0.07947219952030049,0.0937317156305003,0.0937511136844974,198265,198065,False,False,189075,False,False,2.7761,1.2649,results/gate1/scores/245_full_mf1.0_seed2.npy
245,tilt12754table,plain,ABP,True,cg245,tilt12754table,train_prefix,1,0,100211,100,200,298747,100211,270799,271070,0.05408349627890602,0.0792128420393005,0.07924560309924342,198265,198065,False,False,189332,False,False,1.3241,1.3464,results/gate1/scores/245_train_prefix_mf1_seed0.npy
245,tilt12754table,plain,ABP,True,cg245,tilt12754table,train_prefix,1,1,100211,100,200,298747,100211,270799,271070,0.04293157652992324,0.06987886287672665,0.06990217303210464,198265,198065,False,False,189818,False,False,1.3127,1.4135,results/gate1/scores/245_train_prefix_mf1_seed1.npy
245,tilt12754table,plain,ABP,True,cg245,tilt12754table,train_prefix,1,2,100211,100,200,298747,100211,270799,271070,0.0462140631314521,0.06799266129310635,0.0680183404084957,198265,198065,False,False,189102,False,False,1.3392,1.4097,results/gate1/scores/245_train_prefix_mf1_seed2.npy
245,tilt12754table,plain,ABP,True,cg245,tilt12754table,train_prefix,1.0,0,100211,100,200,298747,100211,270799,271070,0.09075424851874142,0.10546005977729606,0.10550002642008038,198265,198065,False,False,189072,False,False,1.1123,1.4805,results/gate1/scores/245_train_prefix_mf1.0_seed0.npy
245,tilt12754table,plain,ABP,True,cg245,tilt12754table,train_prefix,1.0,1,100211,100,200,298747,100211,270799,271070,0.0952247378528851,0.09997470790782792,0.10002223137852201,198265,198065,False,False,190093,False,False,1.182,1.4225,results/gate1/scores/245_train_prefix_mf1.0_seed1.npy
245,tilt12754table,plain,ABP,True,cg245,tilt12754table,train_prefix,1.0,2,100211,100,200,298747,100211,270799,271070,0.09051015833195669,0.10391369540409919,0.10395438985618427,198265,198065,False,False,189592,False,False,1.0935,1.3408,results/gate1/scores/245_train_prefix_mf1.0_seed2.npy
246,tilt12755mtable,plain,ABP,True,cg246,tilt12755mtable,full,1,0,299867,100,200,299867,100211,270799,271070,0.006463270286454104,0.12600790479868734,0.12611562430305237,199385,199185,False,False,107194,False,False,3.6185,1.4149,results/gate1/scores/246_full_mf1_seed0.npy
246,tilt12755mtable,plain,ABP,True,cg246,tilt12755mtable,full,1,1,299867,100,200,299867,100211,270799,271070,0.01127703126587476,0.12771032376621447,0.12774233748310937,199385,199185,False,False,106464,False,False,3.6651,1.4018,results/gate1/scores/246_full_mf1_seed1.npy
246,tilt12755mtable,plain,ABP,True,cg246,tilt12755mtable,full,1,2,299867,100,200,299867,100211,270799,271070,0.002816975633885832,0.12337210525315728,0.12354469268591318,199385,199185,False,False,106689,False,False,3.5099,1.5492,results/gate1/scores/246_full_mf1_seed2.npy
246,tilt12755mtable,plain,ABP,True,cg246,tilt12755mtable,full,1.0,0,299867,100,200,299867,100211,270799,271070,0.014753081940261314,0.1389476371985478,0.13896735588748846,199385,199185,False,False,106200,False,False,2.8623,1.2324,results/gate1/scores/246_full_mf1.0_seed0.npy
246,tilt12755mtable,plain,ABP,True,cg246,tilt12755mtable,full,1.0,1,299867,100,200,299867,100211,270799,271070,0.025721413234228385,0.13467576862916422,0.13472636135439453,199385,199185,False,False,107184,False,False,2.3569,0.6105,results/gate1/scores/246_full_mf1.0_seed1.npy
246,tilt12755mtable,plain,ABP,True,cg246,tilt12755mtable,full,1.0,2,299867,100,200,299867,100211,270799,271070,0.013563846232884091,0.13879988533116386,0.1390121797570072,199385,199185,False,False,107185,False,False,1.4493,0.6138,results/gate1/scores/246_full_mf1.0_seed2.npy
246,tilt12755mtable,plain,ABP,True,cg246,tilt12755mtable,train_prefix,1,0,100211,100,200,299867,100211,270799,271070,0.047066683775361495,0.13697206700940562,0.13699533722066728,199385,199185,False,False,106668,False,False,1.3175,1.3255,results/gate1/scores/246_train_prefix_mf1_seed0.npy
246,tilt12755mtable,plain,ABP,True,cg246,tilt12755mtable,train_prefix,1,1,100211,100,200,299867,100211,270799,271070,0.04718132486679433,0.1376228773369258,0.1377246923370596,199385,199185,False,False,106428,False,False,1.3153,1.3369,results/gate1/scores/246_train_prefix_mf1_seed1.npy
246,tilt12755mtable,plain,ABP,True,cg246,tilt12755mtable,train_prefix,1,2,100211,100,200,299867,100211,270799,271070,0.041771419271495136,0.13061977305489922,0.13074531833778888,199385,199185,False,False,106679,False,False,1.2757,1.3353,results/gate1/scores/246_train_prefix_mf1_seed2.npy
246,tilt12755mtable,plain,ABP,True,cg246,tilt12755mtable,train_prefix,1.0,0,100211,100,200,299867,100211,270799,271070,0.07053172283318404,0.17851983644638889,0.17868509918271205,199385,199185,False,False,106169,False,False,1.0876,1.2436,results/gate1/scores/246_train_prefix_mf1.0_seed0.npy
246,tilt12755mtable,plain,ABP,True,cg246,tilt12755mtable,train_prefix,1.0,1,100211,100,200,299867,100211,270799,271070,0.07925680992849399,0.18584942374519303,0.18587395906170978,199385,199185,False,False,106943,False,False,0.9986,1.2022,results/gate1/scores/246_train_prefix_mf1.0_seed1.npy
246,tilt12755mtable,plain,ABP,True,cg246,tilt12755mtable,train_prefix,1.0,2,100211,100,200,299867,100211,270799,271070,0.06486502960610058,0.1731529471803092,0.17315543349231086,199385,199185,False,False,106468,False,False,1.227,1.4809,results/gate1/scores/246_train_prefix_mf1.0_seed2.npy
247,tilt12755mtable,plain,ABP,True,cg246,tilt12755mtable,full,1,0,200000,100,200,200000,50211,121899,121980,0.04207945988755113,0.12260062257191397,0.12266171242117052,149708,149508,False,False,106446,False,False,2.6788,0.9315,results/gate1/scores/247_full_mf1_seed0.npy
247,tilt12755mtable,plain,ABP,True,cg246,tilt12755mtable,full,1,1,200000,100,200,200000,50211,121899,121980,0.023247679274711608,0.11194488300302563,0.11197677871357022,149708,149508,False,False,106693,False,False,2.6136,0.9299,results/gate1/scores/247_full_mf1_seed1.npy
247,tilt12755mtable,plain,ABP,True,cg246,tilt12755mtable,full,1,2,200000,100,200,200000,50211,121899,121980,0.016364862049963014,0.11185747750829181,0.11201538442385817,149708,149508,False,False,106960,False,False,2.5618,0.8804,results/gate1/scores/247_full_mf1_seed2.npy
247,tilt12755mtable,plain,ABP,True,cg246,tilt12755mtable,full,1.0,0,200000,100,200,200000,50211,121899,121980,-0.0026945825580526606,0.08872415467755079,0.08874203270998315,149708,149508,False,False,106210,False,False,2.3266,0.7956,results/gate1/scores/247_full_mf1.0_seed0.npy
247,tilt12755mtable,plain,ABP,True,cg246,tilt12755mtable,full,1.0,1,200000,100,200,200000,50211,121899,121980,0.0006521140064432718,0.09228667868143446,0.0923661606484114,149708,149508,False,False,106472,False,False,2.0134,0.9262,results/gate1/scores/247_full_mf1.0_seed1.npy
247,tilt12755mtable,plain,ABP,True,cg246,tilt12755mtable,full,1.0,2,200000,100,200,200000,50211,121899,121980,0.003381356736058494,0.07820102572856036,0.07823046313912241,149708,149508,False,False,107213,False,False,1.9125,0.7414,results/gate1/scores/247_full_mf1.0_seed2.npy
247,tilt12755mtable,plain,ABP,True,cg246,tilt12755mtable,train_prefix,1,0,50211,100,200,200000,50211,121899,121980,0.06783923884031462,0.12900138851877366,0.12904113807122228,149708,149508,False,False,106698,False,False,0.7462,0.9681,results/gate1/scores/247_train_prefix_mf1_seed0.npy
247,tilt12755mtable,plain,ABP,True,cg246,tilt12755mtable,train_prefix,1,1,50211,100,200,200000,50211,121899,121980,0.05190067736483012,0.12707560763675504,0.12710227543182584,149708,149508,False,False,106180,False,False,0.715,0.9048,results/gate1/scores/247_train_prefix_mf1_seed1.npy
247,tilt12755mtable,plain,ABP,True,cg246,tilt12755mtable,train_prefix,1,2,50211,100,200,200000,50211,121899,121980,0.04640406153946697,0.12755280517022072,0.12759153151223615,149708,149508,False,False,106679,False,False,0.6834,0.8886,results/gate1/scores/247_train_prefix_mf1_seed2.npy
247,tilt12755mtable,plain,ABP,True,cg246,tilt12755mtable,train_prefix,1.0,0,50211,100,200,200000,50211,121899,121980,0.01807733780091869,0.13100775212597313,0.1310157531760925,149708,149508,False,False,107189,False,False,0.5861,1.0752,results/gate1/scores/247_train_prefix_mf1.0_seed0.npy
247,tilt12755mtable,plain,ABP,True,cg246,tilt12755mtable,train_prefix,1.0,1,50211,100,200,200000,50211,121899,121980,0.01985404750581715,0.13556995609246794,0.13568781679096534,149708,149508,False,False,106681,False,False,0.642,1.0023,results/gate1/scores/247_train_prefix_mf1.0_seed1.npy
247,tilt12755mtable,plain,ABP,True,cg246,tilt12755mtable,train_prefix,1.0,2,50211,100,200,200000,50211,121899,121980,0.029343939726921286,0.12367554526667433,0.12373800442654112,149708,149508,False,False,106715,False,False,0.6149,0.8661,results/gate1/scores/247_train_prefix_mf1.0_seed2.npy
248,weallwalk,plain,Gait,False,cg248,weallwalk,full,1,0,8432,100,200,8432,2000,4701,4707,-0.0008945292232592217,0.007332586648450656,0.007437971077447786,6426,6226,False,False,7427,False,False,0.214,0.0535,results/gate1/scores/248_full_mf1_seed0.npy
248,weallwalk,plain,Gait,False,cg248,weallwalk,full,1,1,8432,100,200,8432,2000,4701,4707,0.005046338396520189,0.010369052239160292,0.010298380492017867,6426,6226,False,False,3227,False,False,0.2179,0.0476,results/gate1/scores/248_full_mf1_seed1.npy
248,weallwalk,plain,Gait,False,cg248,weallwalk,full,1,2,8432,100,200,8432,2000,4701,4707,0.000793227480101022,0.012007445916925208,0.012059791804592962,6426,6226,False,False,7829,False,False,0.2073,0.0481,results/gate1/scores/248_full_mf1_seed2.npy
248,weallwalk,plain,Gait,False,cg248,weallwalk,full,1.0,0,8432,100,200,8432,2000,4701,4707,-0.009634838409771196,-0.009693741087890673,-0.009687663099992444,6426,6226,True,True,7733,False,False,0.1896,0.0418,results/gate1/scores/248_full_mf1.0_seed0.npy
248,weallwalk,plain,Gait,False,cg248,weallwalk,full,1.0,1,8432,100,200,8432,2000,4701,4707,-0.015481609972555932,-0.009853483008607361,-0.009692372559118395,6426,6226,False,False,7738,False,False,0.1945,0.0384,results/gate1/scores/248_full_mf1.0_seed1.npy
248,weallwalk,plain,Gait,False,cg248,weallwalk,full,1.0,2,8432,100,200,8432,2000,4701,4707,-0.0021960658493981877,-0.010206161716489331,-0.010150307717403842,6426,6226,True,True,5760,False,False,0.1745,0.0383,results/gate1/scores/248_full_mf1.0_seed2.npy
248,weallwalk,plain,Gait,False,cg248,weallwalk,train_prefix,1,0,2000,100,200,8432,2000,4701,4707,0.016140711775155192,0.022861058380829052,0.0229213847691854,6426,6226,False,False,5733,False,False,0.1189,0.0522,results/gate1/scores/248_train_prefix_mf1_seed0.npy
248,weallwalk,plain,Gait,False,cg248,weallwalk,train_prefix,1,1,2000,100,200,8432,2000,4701,4707,0.01751230297541212,0.026751922119220534,0.026878294625459043,6426,6226,False,False,3465,False,False,0.1144,0.0478,results/gate1/scores/248_train_prefix_mf1_seed1.npy
248,weallwalk,plain,Gait,False,cg248,weallwalk,train_prefix,1,2,2000,100,200,8432,2000,4701,4707,0.01416867603772709,0.027483144755899608,0.027738621143613112,6426,6226,False,False,3233,False,False,0.1156,0.052,results/gate1/scores/248_train_prefix_mf1_seed2.npy
248,weallwalk,plain,Gait,False,cg248,weallwalk,train_prefix,1.0,0,2000,100,200,8432,2000,4701,4707,-0.02934238411788609,-0.021839302039894024,-0.021778748065570855,6426,6226,False,False,4418,False,False,0.1151,0.043,results/gate1/scores/248_train_prefix_mf1.0_seed0.npy
248,weallwalk,plain,Gait,False,cg248,weallwalk,train_prefix,1.0,1,2000,100,200,8432,2000,4701,4707,-0.026243524869626667,-0.022143354371365415,-0.02200021975610661,6426,6226,False,False,3252,False,False,0.1112,0.0405,results/gate1/scores/248_train_prefix_mf1.0_seed1.npy
248,weallwalk,plain,Gait,False,cg248,weallwalk,train_prefix,1.0,2,2000,100,200,8432,2000,4701,4707,-0.016178447850578592,-0.020890733673212078,-0.020841869462314283,6426,6226,True,True,3204,False,False,0.115,0.043,results/gate1/scores/248_train_prefix_mf1.0_seed2.npy
249,weallwalk,plain,Gait,False,cg249,weallwalk,full,1,0,10524,100,200,10524,2753,8284,8315,-0.011942819585286146,0.009139022615339215,0.009215033190140517,7740,7540,False,False,5750,False,False,0.3087,0.0746,results/gate1/scores/249_full_mf1_seed0.npy
249,weallwalk,plain,Gait,False,cg249,weallwalk,full,1,1,10524,100,200,10524,2753,8284,8315,-0.016661158250869335,0.01406967933266288,0.014200985212530968,7740,7540,False,False,3236,False,False,0.2747,0.0621,results/gate1/scores/249_full_mf1_seed1.npy
249,weallwalk,plain,Gait,False,cg249,weallwalk,full,1,2,10524,100,200,10524,2753,8284,8315,-0.016652830179107236,0.012457356145998775,0.012469225463904183,7740,7540,False,False,9540,False,False,0.2419,0.0646,results/gate1/scores/249_full_mf1_seed2.npy
249,weallwalk,plain,Gait,False,cg249,weallwalk,full,1.0,0,10524,100,200,10524,2753,8284,8315,-0.03177239343574667,-0.005490028014502967,-0.00544020626499056,7740,7540,False,False,5745,False,False,0.2164,0.0491,results/gate1/scores/249_full_mf1.0_seed0.npy
249,weallwalk,plain,Gait,False,cg249,weallwalk,full,1.0,1,10524,100,200,10524,2753,8284,8315,-0.03631772921237075,-0.003967731320848459,-0.003812013109310407,7740,7540,False,False,9561,False,False,0.2061,0.0534,results/gate1/scores/249_full_mf1.0_seed1.npy
249,weallwalk,plain,Gait,False,cg249,weallwalk,full,1.0,2,10524,100,200,10524,2753,8284,8315,-0.023253547551603027,-6.285429926656283e-05,4.561030428764881e-05,7740,7540,False,False,5744,False,False,0.2138,0.054,results/gate1/scores/249_full_mf1.0_seed2.npy
249,weallwalk,plain,Gait,False,cg249,weallwalk,train_prefix,1,0,2753,100,200,10524,2753,8284,8315,-0.005970460959603852,0.021810783530069582,0.021892238124105932,7740,7540,False,False,9966,False,False,0.1504,0.0735,results/gate1/scores/249_train_prefix_mf1_seed0.npy
249,weallwalk,plain,Gait,False,cg249,weallwalk,train_prefix,1,1,2753,100,200,10524,2753,8284,8315,-0.006277881620634973,0.026454558951877517,0.026812835354768597,7740,7540,False,False,9937,False,False,0.1593,0.0818,results/gate1/scores/249_train_prefix_mf1_seed1.npy
249,weallwalk,plain,Gait,False,cg249,weallwalk,train_prefix,1,2,2753,100,200,10524,2753,8284,8315,-0.009121204899253721,0.029397104636139502,0.029456239790965556,7740,7540,False,False,5727,False,False,0.1685,0.1291,results/gate1/scores/249_train_prefix_mf1_seed2.npy
249,weallwalk,plain,Gait,False,cg249,weallwalk,train_prefix,1.0,0,2753,100,200,10524,2753,8284,8315,-0.04659922009819395,-0.02187495636425228,-0.02180721077864473,7740,7540,False,False,5747,False,False,0.1507,0.0646,results/gate1/scores/249_train_prefix_mf1.0_seed0.npy
249,weallwalk,plain,Gait,False,cg249,weallwalk,train_prefix,1.0,1,2753,100,200,10524,2753,8284,8315,-0.045248576090010595,-0.020786712337358532,-0.020726514064168804,7740,7540,False,False,3686,False,False,0.3243,0.0707,results/gate1/scores/249_train_prefix_mf1.0_seed1.npy
249,weallwalk,plain,Gait,False,cg249,weallwalk,train_prefix,1.0,2,2753,100,200,10524,2753,8284,8315,-0.04506676254563091,-0.01984082708407999,-0.01961080081927404,7740,7540,False,False,3705,False,False,0.1649,0.0682,results/gate1/scores/249_train_prefix_mf1.0_seed2.npy
250,weallwalk,plain,Gait,False,cg250,weallwalk,full,1,0,10468,100,200,10468,2951,7289,7296,0.023745408882698327,0.008334136200656112,0.007760570381110129,7510,7310,True,True,7292,True,True,0.2049,0.0534,results/gate1/scores/250_full_mf1_seed0.npy
250,weallwalk,plain,Gait,False,cg250,weallwalk,full,1,1,10468,100,200,10468,2951,7289,7296,0.014223199125397323,0.01128894712920023,0.010900973486645675,7510,7310,True,True,3572,False,False,0.2359,0.0944,results/gate1/scores/250_full_mf1_seed1.npy
250,weallwalk,plain,Gait,False,cg250,weallwalk,full,1,2,10468,100,200,10468,2951,7289,7296,0.0027837470202722314,0.014100937709812566,0.014073207185891081,7510,7310,False,False,9750,False,False,0.2341,0.0581,results/gate1/scores/250_full_mf1_seed2.npy
250,weallwalk,plain,Gait,False,cg250,weallwalk,full,1.0,0,10468,100,200,10468,2951,7289,7296,-0.0008435968850885045,-0.006201389044407286,-0.006859921027954126,7510,7310,True,True,7392,True,True,0.1961,0.0472,results/gate1/scores/250_full_mf1.0_seed0.npy
250,weallwalk,plain,Gait,False,cg250,weallwalk,full,1.0,1,10468,100,200,10468,2951,7289,7296,0.002008859208332048,-0.005595051260009614,-0.006684342567574163,7510,7310,True,True,5918,False,False,0.2039,0.0567,results/gate1/scores/250_full_mf1.0_seed1.npy
250,weallwalk,plain,Gait,False,cg250,weallwalk,full,1.0,2,10468,100,200,10468,2951,7289,7296,-0.0021640902471055656,-0.002761166870288148,-0.00345468027536461,7510,7310,True,True,9953,False,False,0.2155,0.0559,results/gate1/scores/250_full_mf1.0_seed2.npy
250,weallwalk,plain,Gait,False,cg250,weallwalk,train_prefix,1,0,2951,100,200,10468,2951,7289,7296,0.015943153032294988,0.02103037214746537,0.02059834115412906,7510,7310,False,False,9689,False,False,0.123,0.0559,results/gate1/scores/250_train_prefix_mf1_seed0.npy
250,weallwalk,plain,Gait,False,cg250,weallwalk,train_prefix,1,1,2951,100,200,10468,2951,7289,7296,0.01848458977374673,0.025471773901484317,0.02541655143089181,7510,7310,False,False,3120,False,False,0.1202,0.057,results/gate1/scores/250_train_prefix_mf1_seed1.npy
250,weallwalk,plain,Gait,False,cg250,weallwalk,train_prefix,1,2,2951,100,200,10468,2951,7289,7296,0.011383540921281188,0.02725800903965175,0.027249004231911855,7510,7310,False,False,9750,False,False,0.1202,0.0531,results/gate1/scores/250_train_prefix_mf1_seed2.npy
250,weallwalk,plain,Gait,False,cg250,weallwalk,train_prefix,1.0,0,2951,100,200,10468,2951,7289,7296,-0.019045619786728807,-0.0241732063200881,-0.024682538679769404,7510,7310,True,True,5705,False,False,0.1132,0.0467,results/gate1/scores/250_train_prefix_mf1.0_seed0.npy
250,weallwalk,plain,Gait,False,cg250,weallwalk,train_prefix,1.0,1,2951,100,200,10468,2951,7289,7296,-0.012576411233030993,-0.02095514314152982,-0.021500119875182036,7510,7310,True,True,7262,True,True,0.1109,0.0472,results/gate1/scores/250_train_prefix_mf1.0_seed1.npy
250,weallwalk,plain,Gait,False,cg250,weallwalk,train_prefix,1.0,2,2951,100,200,10468,2951,7289,7296,-0.027373205921353783,-0.02331966826097045,-0.023776620443213853,7510,7310,False,False,9904,False,False,0.1096,0.0465,results/gate1/scores/250_train_prefix_mf1.0_seed2.npy
