num,name,variant,domain_goswami,is_medical,content_group,name_group,detector,fit_on,max_features,seed,n_fit,window,n_estimators,mode,n,train_end,start0,stop0,max_anom,thr_b0,thr_bw,n_normal_b0,n_normal_bw,p1_b0,p1_bw,argmax0,p2_archive,p2_brief,max_support,p1_support_bw,train_max,train_p99,train_selfmatch_max,n_selfmatch,n_const_train,fit_s,score_s,score_file
1,DISTORTED1sddb40,DISTORTED,ECG,True,cg001,1sddb40,MatrixProfile,full,NA,0,79795,208,NA,self_join,79795,35000,51999,52620,12.086965497239735,4.45616173452509,4.400194872801993,44174,43758,True,True,52459,True,True,12.086965497239735,True,6.014829426827769,4.289510132422713,6.014829426827769,34793,0,0.0001,20.5015,results/gate1/MatrixProfile/scores/001_full_self_join_seed0.npy
1,DISTORTED1sddb40,DISTORTED,ECG,True,cg001,1sddb40,MatrixProfile,train_prefix,NA,0,35000,208,NA,ab_join,79795,35000,51999,52620,12.872626071825785,5.030678211734032,4.997682304977514,44174,43758,True,True,52430,True,True,12.872626071825785,True,4.109479046250486,1.457574279384313e-06,2.5609196494747204e-06,34793,0,2.1531,49.3078,results/gate1/MatrixProfile/scores/001_train_prefix_ab_join_seed0.npy
2,DISTORTED2sddb40,DISTORTED,ECG,True,cg001,2sddb40,MatrixProfile,full,NA,0,80001,208,NA,self_join,80001,35000,56599,56900,15.395968104752429,4.474332170973623,4.3775765856217745,44700,44284,True,True,56701,True,True,15.395968104752429,True,6.168921846747819,4.59528396890636,6.168921846747819,34793,0,0.0,21.1152,results/gate1/MatrixProfile/scores/002_full_self_join_seed0.npy
2,DISTORTED2sddb40,DISTORTED,ECG,True,cg001,2sddb40,MatrixProfile,train_prefix,NA,0,35000,208,NA,ab_join,80001,35000,56599,56900,15.395968104752429,5.1252004051792195,5.038689854847229,44700,44284,True,True,56701,True,True,15.395968104752429,True,3.495777960682893,9.848303581391754e-07,1.8735210472943439e-06,34793,0,2.1341,48.9594,results/gate1/MatrixProfile/scores/002_train_prefix_ab_join_seed0.npy
3,DISTORTED3sddb40,DISTORTED,ECG,True,cg001,3sddb40,MatrixProfile,full,NA,0,80000,208,NA,self_join,80000,35000,46599,46900,5.540898180472314,4.684264382501529,4.688208398974778,44699,44283,True,True,67207,False,False,5.540898180472314,True,6.451822383321874,4.362738013918973,6.451822383321874,34793,0,0.0009,21.018,results/gate1/MatrixProfile/scores/003_full_self_join_seed0.npy
3,DISTORTED3sddb40,DISTORTED,ECG,True,cg001,3sddb40,MatrixProfile,train_prefix,NA,0,35000,208,NA,ab_join,80000,35000,46599,46900,5.540898180472314,5.151952601685812,5.155775621696989,44699,44283,True,True,67254,False,False,5.540898180472314,True,3.392666000202491,3.5960920164581195e-06,5.986633076424465e-06,34793,0,2.1144,49.4216,results/gate1/MatrixProfile/scores/003_train_prefix_ab_join_seed0.npy
4,DISTORTEDBIDMC1,DISTORTED,ECG,True,cg004,BIDMC1,MatrixProfile,full,NA,0,11000,81,NA,self_join,11000,2500,5399,5600,7.525279305078353,0.9640524267825042,0.9624297741864639,8299,8137,True,True,5541,True,True,7.525279305078353,True,5.384213070756364,3.884993458174471,5.384213070756364,2420,0,0.0001,0.8829,results/gate1/MatrixProfile/scores/004_full_self_join_seed0.npy
4,DISTORTEDBIDMC1,DISTORTED,ECG,True,cg004,BIDMC1,MatrixProfile,train_prefix,NA,0,2500,81,NA,ab_join,11000,2500,5399,5600,8.861083418104407,1.3608444195922347,1.3533290083792797,8299,8137,True,True,5541,True,True,8.861083418104407,True,0.8668734266910414,0.7299296865156747,5.017953586722236e-07,2420,0,2.1358,40.0045,results/gate1/MatrixProfile/scores/004_train_prefix_ab_join_seed0.npy
5,DISTORTEDCIMIS44AirTemperature1,DISTORTED,Air Temperature,False,cg005,CIMIS44AirTemperature1,MatrixProfile,full,NA,0,8184,24,NA,self_join,8184,4000,5390,5392,2.308255798507062,2.2586960645490084,2.1237395485268658,4182,4134,True,True,7207,False,False,2.308255798507062,True,4.467898605516394,2.3087918778708003,4.467898605516394,3977,0,0.0,0.4844,results/gate1/MatrixProfile/scores/005_full_self_join_seed0.npy
5,DISTORTEDCIMIS44AirTemperature1,DISTORTED,Air Temperature,False,cg005,CIMIS44AirTemperature1,MatrixProfile,train_prefix,NA,0,4000,24,NA,ab_join,8184,4000,5390,5392,2.308255798507062,2.3676253382818895,2.3206338043997468,4182,4134,False,False,7208,False,False,2.308255798507062,False,0.9787102278157588,6.405766385854684e-07,9.461944023601737e-07,3977,0,0.0,0.2295,results/gate1/MatrixProfile/scores/005_train_prefix_ab_join_seed0.npy
6,DISTORTEDCIMIS44AirTemperature2,DISTORTED,Air Temperature,False,cg005,CIMIS44AirTemperature2,MatrixProfile,full,NA,0,8184,24,NA,self_join,8184,4000,5702,5727,2.6496709999245183,2.124642974282358,2.1348026924627925,4159,4111,True,True,7206,False,False,2.6496709999245183,True,3.8115038316402163,2.3196369141639175,3.8115038316402163,3977,0,0.0,0.3932,results/gate1/MatrixProfile/scores/006_full_self_join_seed0.npy
6,DISTORTEDCIMIS44AirTemperature2,DISTORTED,Air Temperature,False,cg005,CIMIS44AirTemperature2,MatrixProfile,train_prefix,NA,0,4000,24,NA,ab_join,8184,4000,5702,5727,2.6496709999245183,2.3231477804635805,2.3280329395068944,4159,4111,True,True,7207,False,False,2.6496709999245183,True,1.135285236985564,1.197319176811554e-06,1.3696104637475082e-06,3977,0,0.0001,0.5029,results/gate1/MatrixProfile/scores/006_train_prefix_ab_join_seed0.npy
7,DISTORTEDCIMIS44AirTemperature3,DISTORTED,Air Temperature,False,cg005,CIMIS44AirTemperature3,MatrixProfile,full,NA,0,8184,24,NA,self_join,8184,4000,6519,6544,3.6675759679807283,2.2967372993953594,2.0741834601604694,4159,4111,True,True,6520,True,True,3.6675759679807283,True,3.258231951848525,2.306260541849487,3.258231951848525,3977,0,0.0,0.5142,results/gate1/MatrixProfile/scores/007_full_self_join_seed0.npy
7,DISTORTEDCIMIS44AirTemperature3,DISTORTED,Air Temperature,False,cg005,CIMIS44AirTemperature3,MatrixProfile,train_prefix,NA,0,4000,24,NA,ab_join,8184,4000,6519,6544,3.6675759679807283,2.3198097214452478,2.17207162601716,4159,4111,True,True,7206,False,False,3.6675759679807283,True,1.1548456463250099,1.8108037647205843e-06,3.1117392454334545e-06,3977,0,0.0,0.3221,results/gate1/MatrixProfile/scores/007_train_prefix_ab_join_seed0.npy
8,DISTORTEDCIMIS44AirTemperature4,DISTORTED,Air Temperature,False,cg005,CIMIS44AirTemperature4,MatrixProfile,full,NA,0,8184,24,NA,self_join,8184,4000,5548,5597,2.9022582911127763,2.1563965014959092,2.0391445843488407,4135,4087,True,True,7206,False,False,2.9022582911127763,True,3.3258611551724284,2.2505478797946843,3.3258611551724284,3977,0,0.0,0.3776,results/gate1/MatrixProfile/scores/008_full_self_join_seed0.npy
8,DISTORTEDCIMIS44AirTemperature4,DISTORTED,Air Temperature,False,cg005,CIMIS44AirTemperature4,MatrixProfile,train_prefix,NA,0,4000,24,NA,ab_join,8184,4000,5548,5597,2.9022582911127763,2.24670532944525,2.2248778735929835,4135,4087,True,True,7206,False,False,2.9022582911127763,True,1.0864549300106112,0.0,0.0,3977,0,0.0,0.4884,results/gate1/MatrixProfile/scores/008_train_prefix_ab_join_seed0.npy
9,DISTORTEDCIMIS44AirTemperature5,DISTORTED,Air Temperature,False,cg005,CIMIS44AirTemperature5,MatrixProfile,full,NA,0,8184,24,NA,self_join,8184,4000,4851,4900,5.078250859398085,2.312633144118677,2.3067188037527693,4135,4087,True,True,4862,True,True,5.078250859398085,True,3.984387796844196,2.3042348278079303,3.984387796844196,3977,0,0.0,0.3048,results/gate1/MatrixProfile/scores/009_full_self_join_seed0.npy
9,DISTORTEDCIMIS44AirTemperature5,DISTORTED,Air Temperature,False,cg005,CIMIS44AirTemperature5,MatrixProfile,train_prefix,NA,0,4000,24,NA,ab_join,8184,4000,4851,4900,5.354684375325687,2.4330577233419852,2.426726926464567,4135,4087,True,True,4862,True,True,5.354684375325687,True,0.9730631620851586,9.05941535166187e-07,1.5190416499822924e-06,3977,0,0.0,0.5823,results/gate1/MatrixProfile/scores/009_train_prefix_ab_join_seed0.npy
10,DISTORTEDCIMIS44AirTemperature6,DISTORTED,Air Temperature,False,cg005,CIMIS44AirTemperature6,MatrixProfile,full,NA,0,8184,24,NA,self_join,8184,4000,6005,6054,4.481592876074477,2.2368572590030196,2.0671368408902304,4135,4087,True,True,6043,True,True,4.481592876074477,True,3.288180119785441,2.0103515561064818,3.288180119785441,3977,0,0.0,0.4754,results/gate1/MatrixProfile/scores/010_full_self_join_seed0.npy
10,DISTORTEDCIMIS44AirTemperature6,DISTORTED,Air Temperature,False,cg005,CIMIS44AirTemperature6,MatrixProfile,train_prefix,NA,0,4000,24,NA,ab_join,8184,4000,6005,6054,4.589261398872038,2.536670043156017,2.2794611295973684,4135,4087,True,True,6044,True,True,4.589261398872038,True,1.0015549736608036,9.685702805775826e-07,1.351987865235061e-06,3977,0,0.0,0.3745,results/gate1/MatrixProfile/scores/010_train_prefix_ab_join_seed0.npy
11,DISTORTEDECG1,DISTORTED,ECG,True,cg011,ECG1,MatrixProfile,full,NA,0,30000,91,NA,self_join,30000,10000,11799,12100,8.207009806511966,2.1583778123229282,2.141718762511966,19699,19517,True,True,25902,False,False,8.207009806511966,True,8.523166502394753,2.4367415802913577,8.523166502394753,9910,0,0.0,1.7861,results/gate1/MatrixProfile/scores/011_full_self_join_seed0.npy
11,DISTORTEDECG1,DISTORTED,ECG,True,cg011,ECG1,MatrixProfile,train_prefix,NA,0,10000,91,NA,ab_join,30000,10000,11799,12100,8.480293860317248,3.048998655110797,3.057138963079605,19699,19517,True,True,25900,False,False,8.480293860317248,True,1.319231956682333,4.4951150205726494e-07,6.514040528057335e-07,9910,0,0.0001,2.0231,results/gate1/MatrixProfile/scores/011_train_prefix_ab_join_seed0.npy
12,DISTORTEDECG2,DISTORTED,ECG,True,cg011,ECG2,MatrixProfile,full,NA,0,30000,91,NA,self_join,30000,15000,15999,16100,3.5498416691718573,2.3564640582476093,2.3487033747957793,14899,14717,True,True,25904,False,False,3.872279923057879,True,8.2936603921954,2.0552657170307898,8.2936603921954,14910,0,0.0001,4.3647,results/gate1/MatrixProfile/scores/012_full_self_join_seed0.npy
12,DISTORTEDECG2,DISTORTED,ECG,True,cg011,ECG2,MatrixProfile,train_prefix,NA,0,15000,91,NA,ab_join,30000,15000,15999,16100,3.6666802854372498,2.632506787684502,2.592576601399398,14899,14717,True,True,25904,False,False,3.9524386128176037,True,1.1228725713517405,2.3487565883373604e-06,1.9369721330121563e-05,14910,0,0.0,3.0741,results/gate1/MatrixProfile/scores/012_train_prefix_ab_join_seed0.npy
13,DISTORTEDECG3,DISTORTED,ECG,True,cg013,ECG3,MatrixProfile,full,NA,0,30000,166,NA,self_join,30000,15000,15999,16100,13.373226693337507,3.2046702826107865,2.8366461233192934,14899,14567,True,True,16104,True,True,14.067614014731031,True,3.913391190562054,3.22988899957868,3.913391190562054,14835,0,0.0001,4.4265,results/gate1/MatrixProfile/scores/013_full_self_join_seed0.npy
13,DISTORTEDECG3,DISTORTED,ECG,True,cg013,ECG3,MatrixProfile,train_prefix,NA,0,15000,166,NA,ab_join,30000,15000,15999,16100,13.429573287428369,3.4600388737663064,2.9063652947071428,14899,14567,True,True,16105,True,True,15.342478401944138,True,2.8265856282058954,8.368564297019823e-07,9.975990774223833e-07,14835,0,0.0001,3.052,results/gate1/MatrixProfile/scores/013_train_prefix_ab_join_seed0.npy
14,DISTORTEDECG3,DISTORTED,ECG,True,cg013,ECG3,MatrixProfile,full,NA,0,30000,166,NA,self_join,30000,8000,16999,17100,13.337562954532464,2.851876552833804,2.6930577270867664,21899,21567,True,True,16992,True,True,13.77347486689858,True,4.106038608901561,3.446409165193222,4.106038608901561,7835,0,0.0001,2.222,results/gate1/MatrixProfile/scores/014_full_self_join_seed0.npy
14,DISTORTEDECG3,DISTORTED,ECG,True,cg013,ECG3,MatrixProfile,train_prefix,NA,0,8000,166,NA,ab_join,30000,8000,16999,17100,13.337562954532464,3.4166168120377445,3.184477111209129,21899,21567,True,True,16990,True,True,14.007414107441864,True,2.0794481760205494,1.843467697753718,9.975990774223833e-07,7835,0,0.0001,2.3506,results/gate1/MatrixProfile/scores/014_train_prefix_ab_join_seed0.npy
15,DISTORTEDECG4,DISTORTED,ECG,True,cg015,ECG4,MatrixProfile,full,NA,0,200000,125,NA,self_join,200000,5000,16799,17100,6.35327283046192,7.240066583936119,7.23822676245905,194699,194449,False,False,17161,True,True,11.703770643651877,True,10.009365278598713,6.719561144924432,10.009365278598713,4876,0,0.0001,115.7032,results/gate1/MatrixProfile/scores/015_full_self_join_seed0.npy
15,DISTORTEDECG4,DISTORTED,ECG,True,cg015,ECG4,MatrixProfile,train_prefix,NA,0,5000,125,NA,ab_join,200000,5000,16799,17100,8.192175860572497,9.166607940678142,9.166381554169288,194699,194449,False,False,115296,False,False,12.747035115122697,True,4.579059920085147,3.839523977261908,8.65679237143863e-07,4876,0,0.0,6.2704,results/gate1/MatrixProfile/scores/015_train_prefix_ab_join_seed0.npy
16,DISTORTEDECG4,DISTORTED,ECG,True,cg013,ECG4,MatrixProfile,full,NA,0,30000,166,NA,self_join,30000,5000,16899,17100,15.020669484982832,3.213474009394286,3.0764418621393492,24799,24467,True,True,17106,True,True,15.458959021070058,True,3.565511144517887,2.230737860585745,3.565511144517887,4835,0,0.0001,2.5916,results/gate1/MatrixProfile/scores/016_full_self_join_seed0.npy
16,DISTORTEDECG4,DISTORTED,ECG,True,cg013,ECG4,MatrixProfile,train_prefix,NA,0,5000,166,NA,ab_join,30000,5000,16899,17100,15.393315530894064,3.667017427791907,3.288418204813639,24799,24467,True,True,17106,True,True,15.81162350303557,True,2.141894246485088,1.7879604507029485,1.0689441224611375e-06,4835,0,0.0,1.1682,results/gate1/MatrixProfile/scores/016_train_prefix_ab_join_seed0.npy
17,DISTORTEDECG4,DISTORTED,ECG,True,cg013,ECG4,MatrixProfile,full,NA,0,30000,166,NA,self_join,30000,5000,16999,17100,14.570577330996334,3.1343058284118475,3.021219013734593,24899,24567,True,True,17107,True,True,15.69352941740047,True,3.2320602696065186,2.3836491506938313,3.2320602696065186,4835,0,0.0,2.5607,results/gate1/MatrixProfile/scores/017_full_self_join_seed0.npy
17,DISTORTEDECG4,DISTORTED,ECG,True,cg013,ECG4,MatrixProfile,train_prefix,NA,0,5000,166,NA,ab_join,30000,5000,16999,17100,14.865242442867382,3.483867194342602,3.2660821148631634,24899,24567,True,True,17107,True,True,15.884505234614101,True,2.1669414428911282,2.032574818606487,2.1550603139151245e-06,4835,0,0.0,1.2415,results/gate1/MatrixProfile/scores/017_train_prefix_ab_join_seed0.npy
18,DISTORTEDECG4,DISTORTED,ECG,True,cg013,ECG4,MatrixProfile,full,NA,0,30000,166,NA,self_join,30000,8000,16999,17100,11.360846687791401,2.8117518096672214,2.6573326067249443,21899,21567,True,True,17098,True,True,11.360846687791401,True,4.128144355301024,3.3529127339038034,4.128144355301024,7835,0,0.0001,2.1367,results/gate1/MatrixProfile/scores/018_full_self_join_seed0.npy
18,DISTORTEDECG4,DISTORTED,ECG,True,cg013,ECG4,MatrixProfile,train_prefix,NA,0,8000,166,NA,ab_join,30000,8000,16999,17100,11.436567015905716,3.338914066272066,3.1765295956882005,21899,21567,True,True,17099,True,True,11.436567015905716,True,2.054359144976637,1.5440603001204642,9.78950721362641e-07,7835,0,0.0,1.6309,results/gate1/MatrixProfile/scores/018_train_prefix_ab_join_seed0.npy
19,DISTORTEDGP711MarkerLFM5z1,DISTORTED,Gait,False,cg019,GP711MarkerLFM5z1,MatrixProfile,full,NA,0,12000,218,NA,self_join,12000,5000,6167,6212,4.66555494234454,4.472378057300874,2.2328081128937196,6955,6519,True,True,6249,True,True,5.082097356905596,True,2.29681666192554,2.06128512289111,2.29681666192554,4783,0,0.0,0.5414,results/gate1/MatrixProfile/scores/019_full_self_join_seed0.npy
19,DISTORTEDGP711MarkerLFM5z1,DISTORTED,Gait,False,cg019,GP711MarkerLFM5z1,MatrixProfile,train_prefix,NA,0,5000,218,NA,ab_join,12000,5000,6167,6212,5.093011231137585,5.013335966295721,2.584684451308619,6955,6519,True,True,6284,True,True,5.377695839492479,True,2.0230110283204055,1.8173185898485171,1.5557269020245298e-06,4783,0,0.0,0.3149,results/gate1/MatrixProfile/scores/019_train_prefix_ab_join_seed0.npy
20,DISTORTEDGP711MarkerLFM5z2,DISTORTED,Gait,False,cg019,GP711MarkerLFM5z2,MatrixProfile,full,NA,0,12000,218,NA,self_join,12000,5000,7174,7388,14.170660732897275,11.723079252406487,2.1832860124128213,6786,6350,True,True,7332,True,True,14.170660732897275,True,2.391204310234278,2.166881779130577,2.391204310234278,4783,0,0.0,0.5702,results/gate1/MatrixProfile/scores/020_full_self_join_seed0.npy
20,DISTORTEDGP711MarkerLFM5z2,DISTORTED,Gait,False,cg019,GP711MarkerLFM5z2,MatrixProfile,train_prefix,NA,0,5000,218,NA,ab_join,12000,5000,7174,7388,15.859961727943372,12.11762015200393,2.3546339083157024,6786,6350,True,True,7345,True,True,15.859961727943372,True,1.5780438720035637,1.4615893464780025,1.1218506231736368e-06,4783,0,0.0,0.3559,results/gate1/MatrixProfile/scores/020_train_prefix_ab_join_seed0.npy
21,DISTORTEDGP711MarkerLFM5z3,DISTORTED,Gait,False,cg019,GP711MarkerLFM5z3,MatrixProfile,full,NA,0,12000,218,NA,self_join,12000,5000,5947,5993,4.336963746576351,4.246100861662583,2.18940644633261,6954,6518,True,True,6027,True,True,4.438852647061738,True,2.3420377176527207,2.1264124272481197,2.3420377176527207,4783,0,0.0,0.3422,results/gate1/MatrixProfile/scores/021_full_self_join_seed0.npy
21,DISTORTEDGP711MarkerLFM5z3,DISTORTED,Gait,False,cg019,GP711MarkerLFM5z3,MatrixProfile,train_prefix,NA,0,5000,218,NA,ab_join,12000,5000,5947,5993,4.423920757827622,4.437428998075054,2.3142740600265905,6954,6518,False,True,6018,True,True,4.670862093750111,True,1.6380987833122833,1.4758334131694293,1.9678561710380527e-06,4783,0,0.0,0.44,results/gate1/MatrixProfile/scores/021_train_prefix_ab_join_seed0.npy
22,DISTORTEDGP711MarkerLFM5z4,DISTORTED,Gait,False,cg019,GP711MarkerLFM5z4,MatrixProfile,full,NA,0,12000,218,NA,self_join,12000,4000,6526,6645,9.873790616781072,7.956975488929149,2.273307992975911,7881,7445,True,True,6493,True,True,10.936886437356906,True,2.436401432380928,2.3473523821263433,2.436401432380928,3783,0,0.0,0.3911,results/gate1/MatrixProfile/scores/022_full_self_join_seed0.npy
22,DISTORTEDGP711MarkerLFM5z4,DISTORTED,Gait,False,cg019,GP711MarkerLFM5z4,MatrixProfile,train_prefix,NA,0,4000,218,NA,ab_join,12000,4000,6526,6645,11.017329079577378,8.915186897630745,3.0322273270599154,7881,7445,True,True,6664,True,True,11.347722541828931,True,1.6714081430122574,1.340182813695283,6.600390252575309e-07,3783,0,0.0001,0.2684,results/gate1/MatrixProfile/scores/022_train_prefix_ab_join_seed0.npy
23,DISTORTEDGP711MarkerLFM5z5,DISTORTED,Gait,False,cg019,GP711MarkerLFM5z5,MatrixProfile,full,NA,0,12000,218,NA,self_join,12000,5000,8611,8716,11.110801966010817,7.447170499673634,2.5241316656688233,6895,6459,True,True,8756,True,True,11.325213069970728,True,2.5181161430106327,2.1025657262803747,2.5181161430106327,4783,0,0.0,0.3831,results/gate1/MatrixProfile/scores/023_full_self_join_seed0.npy
23,DISTORTEDGP711MarkerLFM5z5,DISTORTED,Gait,False,cg019,GP711MarkerLFM5z5,MatrixProfile,train_prefix,NA,0,5000,218,NA,ab_join,12000,5000,8611,8716,13.79052542728274,13.656204730189586,3.052819372335997,6895,6459,True,True,8594,True,True,14.560676862353791,True,1.8163191619084245,1.4105511343658614,1.5400910589342386e-06,4783,0,0.0,0.259,results/gate1/MatrixProfile/scores/023_train_prefix_ab_join_seed0.npy
24,DISTORTEDInternalBleeding10,DISTORTED,ABP,True,cg024,InternalBleeding10,MatrixProfile,full,NA,0,7501,154,NA,self_join,7501,3200,4525,4556,2.5997703024122902,2.693556428525451,2.051389618080336,4270,3962,False,True,4490,True,True,2.8073357391650937,True,2.0914902548227183,1.9813448940692582,2.0914902548227183,3047,0,0.0,0.1902,results/gate1/MatrixProfile/scores/024_full_self_join_seed0.npy
24,DISTORTEDInternalBleeding10,DISTORTED,ABP,True,cg024,InternalBleeding10,MatrixProfile,train_prefix,NA,0,3200,154,NA,ab_join,7501,3200,4525,4556,2.9935903154399934,2.876670630178566,2.1004964688276693,4270,3962,True,True,4544,True,True,2.9935903154399934,True,1.651700885796972,1.566175900354232,6.133054383771621e-07,3047,0,0.0,0.1659,results/gate1/MatrixProfile/scores/024_train_prefix_ab_join_seed0.npy
25,DISTORTEDInternalBleeding14,DISTORTED,ABP,True,cg024,InternalBleeding14,MatrixProfile,full,NA,0,7501,154,NA,self_join,7501,2800,5606,5634,6.6730845015493125,6.349073701406183,1.5351380364897151,4673,4365,True,True,5594,True,True,6.739721489092089,True,1.9323909264312282,1.8467705895098987,1.9323909264312282,2647,0,0.0,0.163,results/gate1/MatrixProfile/scores/025_full_self_join_seed0.npy
25,DISTORTEDInternalBleeding14,DISTORTED,ABP,True,cg024,InternalBleeding14,MatrixProfile,train_prefix,NA,0,2800,154,NA,ab_join,7501,2800,5606,5634,6.6730845015493125,6.349073701406183,1.7391966289074343,4673,4365,True,True,5594,True,True,6.739721489092089,True,1.1198887297257087,0.9005403668293388,5.230286352272107e-07,2647,0,0.0,0.1474,results/gate1/MatrixProfile/scores/025_train_prefix_ab_join_seed0.npy
26,DISTORTEDInternalBleeding15,DISTORTED,ABP,True,cg026,InternalBleeding15,MatrixProfile,full,NA,0,7601,173,NA,self_join,7601,1700,5683,5854,4.392813260514847,3.6469277277906476,1.7051571573368103,5730,5384,True,True,5893,True,True,6.110549584657701,True,1.594674578540115,1.5254945250107161,1.594674578540115,1528,0,0.0,0.2661,results/gate1/MatrixProfile/scores/026_full_self_join_seed0.npy
26,DISTORTEDInternalBleeding15,DISTORTED,ABP,True,cg026,InternalBleeding15,MatrixProfile,train_prefix,NA,0,1700,173,NA,ab_join,7601,1700,5683,5854,5.059293854491566,4.451685428592198,2.2639655092889743,5730,5384,True,True,5893,True,True,6.375258868681381,True,1.7838023715753624,1.7657724991691572,7.839767001846972e-07,1528,0,0.0,0.125,results/gate1/MatrixProfile/scores/026_train_prefix_ab_join_seed0.npy
27,DISTORTEDInternalBleeding16,DISTORTED,ABP,True,cg027,InternalBleeding16,MatrixProfile,full,NA,0,7501,183,NA,self_join,7501,1200,4186,4199,1.554751511513534,1.9142965035190067,1.7638706406026436,6288,5922,False,False,6717,False,False,2.1510526474048404,True,1.4889646334682314,1.469689698593892,1.4889646334682314,1018,0,0.0,0.2178,results/gate1/MatrixProfile/scores/027_full_self_join_seed0.npy
27,DISTORTEDInternalBleeding16,DISTORTED,ABP,True,cg027,InternalBleeding16,MatrixProfile,train_prefix,NA,0,1200,183,NA,ab_join,7501,1200,4186,4199,2.0553447294041365,2.600325560392501,2.573993842586319,6288,5922,False,False,4279,True,True,2.792828823071825,True,1.8973746398899831,1.8409022980269982,7.807127772229753e-07,1018,0,0.0,0.1255,results/gate1/MatrixProfile/scores/027_train_prefix_ab_join_seed0.npy
28,DISTORTEDInternalBleeding17,DISTORTED,ABP,True,cg027,InternalBleeding17,MatrixProfile,full,NA,0,7500,183,NA,self_join,7500,1600,3197,3309,3.9085950021936964,2.9676798119602017,2.5619531511406244,5788,5422,True,True,3225,True,True,3.9085950021936964,True,4.071259875247458,3.7880965419587365,4.071259875247458,1418,0,0.0,0.1721,results/gate1/MatrixProfile/scores/028_full_self_join_seed0.npy
28,DISTORTEDInternalBleeding17,DISTORTED,ABP,True,cg027,InternalBleeding17,MatrixProfile,train_prefix,NA,0,1600,183,NA,ab_join,7500,1600,3197,3309,4.088024270375279,3.3940433403637917,3.167291510861348,5788,5422,True,True,3236,True,True,4.088024270375279,True,1.6819247351924378,1.5173659215982007,1.4253799967250966e-06,1418,0,0.0,0.1061,results/gate1/MatrixProfile/scores/028_train_prefix_ab_join_seed0.npy
29,DISTORTEDInternalBleeding18,DISTORTED,ABP,True,cg027,InternalBleeding18,MatrixProfile,full,NA,0,7500,183,NA,self_join,7500,2300,4484,4587,1.8613738777220903,1.720734584956797,1.760155598670639,5097,4731,True,True,5367,False,False,1.8613738777220903,True,2.1184221938881973,1.9435409580300722,2.1184221938881973,2118,0,0.0,0.3092,results/gate1/MatrixProfile/scores/029_full_self_join_seed0.npy
29,DISTORTEDInternalBleeding18,DISTORTED,ABP,True,cg027,InternalBleeding18,MatrixProfile,train_prefix,NA,0,2300,183,NA,ab_join,7500,2300,4484,4587,1.8692563798479078,1.9974722670981508,1.9604231045382214,5097,4731,False,False,4251,False,False,1.8692563798479078,False,1.2522996737498064,1.0626888419751919,1.0474361044639333e-06,2118,0,0.0,0.1721,results/gate1/MatrixProfile/scores/029_train_prefix_ab_join_seed0.npy
30,DISTORTEDInternalBleeding19,DISTORTED,ABP,True,cg027,InternalBleeding19,MatrixProfile,full,NA,0,7500,183,NA,self_join,7500,3000,4186,4197,2.096891317188194,2.2517248821346736,1.5610129710795069,4489,4123,False,True,4258,True,True,2.57936630927069,True,1.7216288633332348,1.557482673502509,1.7216288633332348,2818,0,0.0,0.2485,results/gate1/MatrixProfile/scores/030_full_self_join_seed0.npy
30,DISTORTEDInternalBleeding19,DISTORTED,ABP,True,cg027,InternalBleeding19,MatrixProfile,train_prefix,NA,0,3000,183,NA,ab_join,7500,3000,4186,4197,2.096891317188194,2.2517248821346736,1.72136755761088,4489,4123,False,True,4258,True,True,2.57936630927069,True,1.233383877032737,1.1459806196557758,1.29073648385428e-06,2818,0,0.0,0.2885,results/gate1/MatrixProfile/scores/030_train_prefix_ab_join_seed0.npy
31,DISTORTEDInternalBleeding20,DISTORTED,ABP,True,cg027,InternalBleeding20,MatrixProfile,full,NA,0,7500,183,NA,self_join,7500,2700,5758,5919,10.046946208369972,3.3941645878613396,2.0291408965901323,4639,4273,True,True,5894,True,True,10.046946208369972,True,2.0315355485728293,1.7465528828953774,2.0315355485728293,2518,0,0.0,0.3215,results/gate1/MatrixProfile/scores/031_full_self_join_seed0.npy
31,DISTORTEDInternalBleeding20,DISTORTED,ABP,True,cg027,InternalBleeding20,MatrixProfile,train_prefix,NA,0,2700,183,NA,ab_join,7500,2700,5758,5919,10.564921755728006,3.4755328675425052,2.0309357987077505,4639,4273,True,True,5891,True,True,10.564921755728006,True,1.0742841574466004,1.003977186360189,1.5084803980402665e-06,2518,0,0.0,0.2141,results/gate1/MatrixProfile/scores/031_train_prefix_ab_join_seed0.npy
32,DISTORTEDInternalBleeding4,DISTORTED,ABP,True,cg032,InternalBleeding4,MatrixProfile,full,NA,0,7321,178,NA,self_join,7321,1000,4674,5033,10.353540020004383,3.4548617715136576,1.847165096636327,5962,5606,True,True,4771,True,True,10.353540020004383,True,1.4502766602637787,1.4092629723043737,1.4502766602637787,823,0,0.0,0.3548,results/gate1/MatrixProfile/scores/032_full_self_join_seed0.npy
32,DISTORTEDInternalBleeding4,DISTORTED,ABP,True,cg032,InternalBleeding4,MatrixProfile,train_prefix,NA,0,1000,178,NA,ab_join,7321,1000,4674,5033,14.867040819203636,3.859601645733312,2.490985264445758,5962,5606,True,True,4781,True,True,14.867040819203636,True,1.732646699536674,1.6673542164523947,9.110448579569323e-07,823,0,0.0,0.1775,results/gate1/MatrixProfile/scores/032_train_prefix_ab_join_seed0.npy
33,DISTORTEDInternalBleeding5,DISTORTED,ABP,True,cg033,InternalBleeding5,MatrixProfile,full,NA,0,7415,173,NA,self_join,7415,4000,6199,6370,12.344529231279783,6.493140838300464,2.2830379565665653,3244,2898,True,True,6246,True,True,12.344529231279783,True,1.945797183306592,1.8405459726175266,1.945797183306592,3828,0,0.0,0.3,results/gate1/MatrixProfile/scores/033_full_self_join_seed0.npy
33,DISTORTEDInternalBleeding5,DISTORTED,ABP,True,cg033,InternalBleeding5,MatrixProfile,train_prefix,NA,0,4000,173,NA,ab_join,7415,4000,6199,6370,12.585485439007975,6.98941093760409,2.369921766764777,3244,2898,True,True,6244,True,True,12.585485439007975,True,1.252746256083856,1.0995744692150047,1.6398049169465644e-06,3828,0,0.0,0.2225,results/gate1/MatrixProfile/scores/033_train_prefix_ab_join_seed0.npy
34,DISTORTEDInternalBleeding6,DISTORTED,ABP,True,cg034,InternalBleeding6,MatrixProfile,full,NA,0,7654,154,NA,self_join,7654,1500,3473,3629,7.940251688095744,5.9045945387791505,1.8476683454474307,5998,5690,True,True,3737,True,False,7.940251688095744,True,1.9342566689249883,1.873029564175126,1.9342566689249883,1347,0,0.0,0.2792,results/gate1/MatrixProfile/scores/034_full_self_join_seed0.npy
34,DISTORTEDInternalBleeding6,DISTORTED,ABP,True,cg034,InternalBleeding6,MatrixProfile,train_prefix,NA,0,1500,154,NA,ab_join,7654,1500,3473,3629,8.559535631501886,7.198224385116875,2.4371974936553333,5998,5690,True,True,3737,True,False,8.559535631501886,True,1.790386753625399,1.7357500749389556,9.608649578782027e-07,1347,0,0.0,0.2157,results/gate1/MatrixProfile/scores/034_train_prefix_ab_join_seed0.npy
35,DISTORTEDInternalBleeding8,DISTORTED,ABP,True,cg035,InternalBleeding8,MatrixProfile,full,NA,0,7501,165,NA,self_join,7501,2500,5864,5974,1.6752704619064207,1.731149901896219,1.5409573089516426,4891,4561,False,True,5816,True,True,1.9430064905164015,True,1.9066765062430844,1.7310278658801364,1.9066765062430844,2336,0,0.0,0.2738,results/gate1/MatrixProfile/scores/035_full_self_join_seed0.npy
35,DISTORTEDInternalBleeding8,DISTORTED,ABP,True,cg035,InternalBleeding8,MatrixProfile,train_prefix,NA,0,2500,165,NA,ab_join,7501,2500,5864,5974,2.0280317154631886,2.183320958280227,2.0099250146534957,4891,4561,False,True,7404,False,False,2.3997267845642396,True,1.360646339919213,1.2573829866169057,7.6563552490861e-07,2336,0,0.0,0.2086,results/gate1/MatrixProfile/scores/035_train_prefix_ab_join_seed0.npy
36,DISTORTEDInternalBleeding9,DISTORTED,ABP,True,cg036,InternalBleeding9,MatrixProfile,full,NA,0,7501,175,NA,self_join,7501,4200,6598,6681,1.0766367140606719,1.8365939401806675,1.8492955573994692,3218,2868,False,False,5367,False,False,1.3281202784496149,False,2.1462795505433867,2.036802706771874,2.1462795505433867,4026,0,0.0,0.337,results/gate1/MatrixProfile/scores/036_full_self_join_seed0.npy
36,DISTORTEDInternalBleeding9,DISTORTED,ABP,True,cg036,InternalBleeding9,MatrixProfile,train_prefix,NA,0,4200,175,NA,ab_join,7501,4200,6598,6681,1.1079208746746563,1.8365939401806675,1.8492955573994692,3218,2868,False,False,5367,False,False,1.5495165408716134,False,0.9753791203009368,0.9073511668850137,1.2310379476739694e-06,4026,0,0.0,0.3974,results/gate1/MatrixProfile/scores/036_train_prefix_ab_join_seed0.npy
37,DISTORTEDLab2Cmac011215EPG1,DISTORTED,EPG,False,cg037,Lab2Cmac011215EPG1,MatrixProfile,full,NA,0,30001,33,NA,self_join,30001,5000,17209,17260,3.7852550819255963,2.3309464225019263,2.3271612136256503,24950,24884,True,True,17230,True,True,3.7852550819255963,True,3.2148956471786754,2.275501091275809,3.2148956471786754,4968,0,0.0,3.108,results/gate1/MatrixProfile/scores/037_full_self_join_seed0.npy
37,DISTORTEDLab2Cmac011215EPG1,DISTORTED,EPG,False,cg037,Lab2Cmac011215EPG1,MatrixProfile,train_prefix,NA,0,5000,33,NA,ab_join,30001,5000,17209,17260,4.253168673039555,3.0653355661751482,3.068981700895439,24950,24884,True,True,22100,False,False,4.253168673039555,True,2.381832307468583,5.277468505107191e-07,6.575110993656579e-07,4968,0,0.0,1.1428,results/gate1/MatrixProfile/scores/037_train_prefix_ab_join_seed0.npy
38,DISTORTEDLab2Cmac011215EPG2,DISTORTED,EPG,False,cg037,Lab2Cmac011215EPG2,MatrixProfile,full,NA,0,29950,33,NA,self_join,29950,5000,27861,27932,4.649225929447017,2.3642006240510476,2.3556996466562534,24879,24813,True,True,27914,True,True,4.649225929447017,True,3.326747179507607,2.272813685318445,3.326747179507607,4968,0,0.0001,2.9266,results/gate1/MatrixProfile/scores/038_full_self_join_seed0.npy
38,DISTORTEDLab2Cmac011215EPG2,DISTORTED,EPG,False,cg037,Lab2Cmac011215EPG2,MatrixProfile,train_prefix,NA,0,5000,33,NA,ab_join,29950,5000,27861,27932,5.176637176807578,3.066989053808522,3.069108358191387,24879,24813,True,True,27914,True,True,5.176637176807578,True,2.1795199086375106,4.6097362930351553e-07,5.742266436814574e-07,4968,0,0.0001,0.9886,results/gate1/MatrixProfile/scores/038_train_prefix_ab_join_seed0.npy
39,DISTORTEDLab2Cmac011215EPG3,DISTORTED,EPG,False,cg037,Lab2Cmac011215EPG3,MatrixProfile,full,NA,0,29950,33,NA,self_join,29950,5000,16389,16420,5.176823766792128,2.3610589682129164,2.329285967985281,24919,24853,True,True,16400,True,True,5.176823766792128,True,3.173714451717408,2.3144552443432067,3.173714451717408,4968,0,0.0,2.9203,results/gate1/MatrixProfile/scores/039_full_self_join_seed0.npy
39,DISTORTEDLab2Cmac011215EPG3,DISTORTED,EPG,False,cg037,Lab2Cmac011215EPG3,MatrixProfile,train_prefix,NA,0,5000,33,NA,ab_join,29950,5000,16389,16420,5.44827722393159,3.122224509688172,3.0739746160424404,24919,24853,True,True,16399,True,True,5.44827722393159,True,2.129204993699875,5.481116222664571e-07,7.938278080145838e-07,4968,0,0.0,1.0833,results/gate1/MatrixProfile/scores/039_train_prefix_ab_join_seed0.npy
40,DISTORTEDLab2Cmac011215EPG4,DISTORTED,EPG,False,cg040,Lab2Cmac011215EPG4,MatrixProfile,full,NA,0,30066,34,NA,self_join,30066,6000,17389,17520,4.359308772850784,2.4066940370759426,2.377896947575512,23935,23867,True,True,17598,True,True,4.359308772850784,True,3.1377357007178643,2.2757116819554852,3.1377357007178643,5967,0,0.0001,3.1192,results/gate1/MatrixProfile/scores/040_full_self_join_seed0.npy
40,DISTORTEDLab2Cmac011215EPG4,DISTORTED,EPG,False,cg040,Lab2Cmac011215EPG4,MatrixProfile,train_prefix,NA,0,6000,34,NA,ab_join,30066,6000,17389,17520,5.686766220343293,3.3765081630949187,3.2723325946709947,23935,23867,True,True,17416,True,True,5.686766220343293,True,2.6594323030412577,0.0,2.1283115233608635e-07,5967,0,0.0001,1.2507,results/gate1/MatrixProfile/scores/040_train_prefix_ab_join_seed0.npy
41,DISTORTEDLab2Cmac011215EPG5,DISTORTED,EPG,False,cg041,Lab2Cmac011215EPG5,MatrixProfile,full,NA,0,29826,33,NA,self_join,29826,7000,17389,17520,4.634531037768354,2.3167450464878985,2.2988981510686255,22695,22629,True,True,17447,True,True,4.634531037768354,True,3.519799386284308,2.349341585305496,3.519799386284308,6968,0,0.0001,3.2035,results/gate1/MatrixProfile/scores/041_full_self_join_seed0.npy
41,DISTORTEDLab2Cmac011215EPG5,DISTORTED,EPG,False,cg041,Lab2Cmac011215EPG5,MatrixProfile,train_prefix,NA,0,7000,33,NA,ab_join,29826,7000,17389,17520,5.430467321505721,2.9765460469190996,2.9403550658562785,22695,22629,True,True,17441,True,True,5.430467321505721,True,1.3935925449904738,5.805718820923018e-07,9.908992092935025e-07,6968,0,0.0,1.2667,results/gate1/MatrixProfile/scores/041_train_prefix_ab_join_seed0.npy
42,DISTORTEDLab2Cmac011215EPG6,DISTORTED,EPG,False,cg042,Lab2Cmac011215EPG6,MatrixProfile,full,NA,0,29859,33,NA,self_join,29859,7000,12189,12420,3.9926287528401905,2.2851213509985873,2.269922622193448,22628,22562,True,True,12187,True,True,4.127664360587356,True,3.3762037602207937,2.4312097780442947,3.3762037602207937,6968,0,0.0003,3.0578,results/gate1/MatrixProfile/scores/042_full_self_join_seed0.npy
42,DISTORTEDLab2Cmac011215EPG6,DISTORTED,EPG,False,cg042,Lab2Cmac011215EPG6,MatrixProfile,train_prefix,NA,0,7000,33,NA,ab_join,29859,7000,12189,12420,5.223670508249469,2.923501710143376,2.9152255307062953,22628,22562,True,True,12260,True,True,5.223670508249469,True,1.7918281653571524,3.202883192927342e-07,4.36479405041838e-07,6968,0,0.0,1.2527,results/gate1/MatrixProfile/scores/042_train_prefix_ab_join_seed0.npy
43,DISTORTEDMesoplodonDensirostris,DISTORTED,Acceleration,False,cg043,MesoplodonDensirostris,MatrixProfile,full,NA,0,24667,45,NA,self_join,24667,10000,19279,19440,3.9686158191983205,4.916700874058771,4.919280415795267,14506,14416,False,False,14961,False,False,3.9686158191983205,False,6.857957920283732,5.1287399571906205,6.857957920283732,9956,0,0.0,2.4165,results/gate1/MatrixProfile/scores/043_full_self_join_seed0.npy
43,DISTORTEDMesoplodonDensirostris,DISTORTED,Acceleration,False,cg043,MesoplodonDensirostris,MatrixProfile,train_prefix,NA,0,10000,45,NA,ab_join,24667,10000,19279,19440,4.5168654110209285,5.077086158342379,5.078881087107406,14506,14416,False,False,14970,False,False,4.5168654110209285,False,1.6058211054220883,2.0872983495677765e-06,3.7574866871564717e-06,9956,0,0.0047,1.5556,results/gate1/MatrixProfile/scores/043_train_prefix_ab_join_seed0.npy
44,DISTORTEDPowerDemand1,DISTORTED,Power Demand,False,cg044,PowerDemand1,MatrixProfile,full,NA,0,29931,168,NA,self_join,29931,9000,18484,18821,11.422022248987737,7.407891716552834,7.340219306717289,20594,20258,True,True,18522,True,True,11.422022248987737,True,9.455356026497997,7.388136432584443,9.455356026497997,8833,0,0.0001,3.1918,results/gate1/MatrixProfile/scores/044_full_self_join_seed0.npy
44,DISTORTEDPowerDemand1,DISTORTED,Power Demand,False,cg044,PowerDemand1,MatrixProfile,train_prefix,NA,0,9000,168,NA,ab_join,29931,9000,18484,18821,12.657302837928626,8.090114010883871,7.9682717124614175,20594,20258,True,True,18778,True,True,12.657302837928626,True,4.125299838353599,4.7309720118008686e-07,5.794233708150262e-07,8833,0,0.0001,1.6972,results/gate1/MatrixProfile/scores/044_train_prefix_ab_join_seed0.npy
45,DISTORTEDPowerDemand2,DISTORTED,Power Demand,False,cg044,PowerDemand2,MatrixProfile,full,NA,0,29931,168,NA,self_join,29931,14000,23356,23717,4.743003880799029,7.1151991426522425,7.152634351558838,15570,15234,False,False,14229,False,False,4.743003880799029,False,9.326174932576041,6.30941049680675,9.326174932576041,13833,0,0.0001,2.8775,results/gate1/MatrixProfile/scores/045_full_self_join_seed0.npy
45,DISTORTEDPowerDemand2,DISTORTED,Power Demand,False,cg044,PowerDemand2,MatrixProfile,train_prefix,NA,0,14000,168,NA,ab_join,29931,14000,23356,23717,5.972452359776173,7.953668358453946,7.982890993742542,15570,15234,False,False,14230,False,False,5.972452359776173,False,6.409918090621141,1.8725726690775166e-06,2.06218289041593e-06,13833,0,0.0,2.021,results/gate1/MatrixProfile/scores/045_train_prefix_ab_join_seed0.npy
46,DISTORTEDPowerDemand3,DISTORTED,Power Demand,False,cg044,PowerDemand3,MatrixProfile,full,NA,0,29931,168,NA,self_join,29931,16000,23404,23477,6.433718196064197,7.068801940100175,7.076793453499345,13858,13522,False,False,22903,False,False,6.877387492960848,False,8.90676255496986,7.097635113572769,8.90676255496986,15833,0,0.0001,3.0211,results/gate1/MatrixProfile/scores/046_full_self_join_seed0.npy
46,DISTORTEDPowerDemand3,DISTORTED,Power Demand,False,cg044,PowerDemand3,MatrixProfile,train_prefix,NA,0,16000,168,NA,ab_join,29931,16000,23404,23477,6.433718196064197,7.477656843214824,7.482656124653451,13858,13522,False,False,26382,False,False,6.877387492960848,False,3.1163890030718107,3.838749404682594e-06,4.249104719310192e-06,15833,0,0.0001,2.3533,results/gate1/MatrixProfile/scores/046_train_prefix_ab_join_seed0.npy
47,DISTORTEDPowerDemand4,DISTORTED,Power Demand,False,cg044,PowerDemand4,MatrixProfile,full,NA,0,29931,168,NA,self_join,29931,18000,24004,24077,9.499964741585396,7.344235568541024,6.875605489641309,11858,11522,True,True,24085,True,True,9.608503114853466,True,8.681468084140132,7.306997595336885,8.681468084140132,17833,0,0.0003,2.6427,results/gate1/MatrixProfile/scores/047_full_self_join_seed0.npy
47,DISTORTEDPowerDemand4,DISTORTED,Power Demand,False,cg044,PowerDemand4,MatrixProfile,train_prefix,NA,0,18000,168,NA,ab_join,29931,18000,24004,24077,9.499964741585396,7.645562584953882,7.277434481932424,11858,11522,True,True,24085,True,True,9.608503114853466,True,2.5931357463247267,3.0963479356543387e-06,3.669681348495166e-06,17833,0,0.0001,2.5279,results/gate1/MatrixProfile/scores/047_train_prefix_ab_join_seed0.npy
48,DISTORTEDTkeepFifthMARS,DISTORTED,NASA,False,cg048,TkeepFifthMARS,MatrixProfile,full,NA,0,11334,98,NA,self_join,11334,3500,5987,6085,6.817061894890783,1.7028568744176993,1.0952841453874407,7736,7540,True,True,6038,True,True,6.817061894890783,True,1.0760562093385881,0.9858260150342508,1.0760562093385881,3403,0,0.0,0.7646,results/gate1/MatrixProfile/scores/048_full_self_join_seed0.npy
48,DISTORTEDTkeepFifthMARS,DISTORTED,NASA,False,cg048,TkeepFifthMARS,MatrixProfile,train_prefix,NA,0,3500,98,NA,ab_join,11334,3500,5987,6085,6.916855146320027,1.7073360156121982,1.2791655924807712,7736,7540,True,True,6038,True,True,6.916855146320027,True,0.6988392526430928,0.5560889012820176,7.943870386637354e-07,3403,0,0.0,0.273,results/gate1/MatrixProfile/scores/048_train_prefix_ab_join_seed0.npy
49,DISTORTEDTkeepFirstMARS,DISTORTED,NASA,False,cg048,TkeepFirstMARS,MatrixProfile,full,NA,0,11406,98,NA,self_join,11406,3500,5364,5380,0.9297220925314825,1.0415420239396722,1.0423405691944498,7890,7694,False,False,4474,False,False,0.9297220925314825,False,1.0973741780750417,0.926617634166326,1.0973741780750417,3403,0,0.0,0.5581,results/gate1/MatrixProfile/scores/049_full_self_join_seed0.npy
49,DISTORTEDTkeepFirstMARS,DISTORTED,NASA,False,cg048,TkeepFirstMARS,MatrixProfile,train_prefix,NA,0,3500,98,NA,ab_join,11406,3500,5364,5380,1.02368073689909,1.1807028241012751,1.1817259457585971,7890,7694,False,False,4478,False,False,1.0254748125767632,False,0.8137381788370671,0.6879085381484702,1.2429748030705883e-06,3403,0,0.0,0.426,results/gate1/MatrixProfile/scores/049_train_prefix_ab_join_seed0.npy
50,DISTORTEDTkeepForthMARS,DISTORTED,NASA,False,cg048,TkeepForthMARS,MatrixProfile,full,NA,0,11308,98,NA,self_join,11308,3500,5987,6085,1.169829321611093,1.0002013844981201,1.010769405048927,7710,7514,True,True,5277,False,False,1.169829321611093,True,1.1153624110380067,0.8806921357128505,1.1153624110380067,3403,0,0.0,0.5998,results/gate1/MatrixProfile/scores/050_full_self_join_seed0.npy
50,DISTORTEDTkeepForthMARS,DISTORTED,NASA,False,cg048,TkeepForthMARS,MatrixProfile,train_prefix,NA,0,3500,98,NA,ab_join,11308,3500,5987,6085,1.221314651178658,1.3608483642477553,1.3635256878662672,7710,7514,False,False,5277,False,False,1.221314651178658,False,0.7398877964218333,0.6182162491683182,5.900558791525164e-07,3403,0,0.0,0.5769,results/gate1/MatrixProfile/scores/050_train_prefix_ab_join_seed0.npy
51,DISTORTEDTkeepSecondMARS,DISTORTED,NASA,False,cg048,TkeepSecondMARS,MatrixProfile,full,NA,0,11388,98,NA,self_join,11388,3500,9329,9340,2.225253557945687,2.1769012018365146,1.123009002893035,7877,7681,True,True,9372,True,True,7.378133258120085,True,1.393881495737233,1.194557539671211,1.393881495737233,3403,0,0.0001,0.4621,results/gate1/MatrixProfile/scores/051_full_self_join_seed0.npy
51,DISTORTEDTkeepSecondMARS,DISTORTED,NASA,False,cg048,TkeepSecondMARS,MatrixProfile,train_prefix,NA,0,3500,98,NA,ab_join,11388,3500,9329,9340,2.3579636462970632,2.2856955883293923,1.218605494434552,7877,7681,True,True,9372,True,True,7.378133258120085,True,0.683291520255465,0.6161825572916803,8.727044143883182e-07,3403,0,0.0,0.4865,results/gate1/MatrixProfile/scores/051_train_prefix_ab_join_seed0.npy
52,DISTORTEDTkeepThirdMARS,DISTORTED,NASA,False,cg048,TkeepThirdMARS,MatrixProfile,full,NA,0,11308,98,NA,self_join,11308,3500,4710,4809,5.543256852744655,2.70357480725159,0.9934461337575655,7709,7513,True,True,4770,True,True,5.543256852744655,True,0.9193819534645103,0.8228789529021041,0.9193819534645103,3403,0,0.0,0.5213,results/gate1/MatrixProfile/scores/052_full_self_join_seed0.npy
52,DISTORTEDTkeepThirdMARS,DISTORTED,NASA,False,cg048,TkeepThirdMARS,MatrixProfile,train_prefix,NA,0,3500,98,NA,ab_join,11308,3500,4710,4809,5.548811366848255,2.796176945610961,1.2238569919824267,7709,7513,True,True,4770,True,True,5.548811366848255,True,0.6376321744549261,0.5881160339648666,9.673137883613992e-07,3403,0,0.0,0.245,results/gate1/MatrixProfile/scores/052_train_prefix_ab_join_seed0.npy
53,DISTORTEDWalkingAceleration1,DISTORTED,Acceleration,False,cg053,WalkingAceleration1,MatrixProfile,full,NA,0,6684,115,NA,self_join,6684,1500,2763,2995,6.970616683849772,10.134428497850875,10.15816051191565,4952,4722,False,False,5793,False,False,6.970616683849772,False,8.347897298872054,8.055824098985854,6.8981543508751075,1386,0,0.0,0.2271,results/gate1/MatrixProfile/scores/053_full_self_join_seed0.npy
53,DISTORTEDWalkingAceleration1,DISTORTED,Acceleration,False,cg053,WalkingAceleration1,MatrixProfile,train_prefix,NA,0,1500,115,NA,ab_join,6684,1500,2763,2995,8.163587030489689,11.030914778015681,11.042098638355693,4952,4722,False,False,4048,False,False,8.163587030489689,False,8.519654530618817,8.34224447633109,9.979328900726569e-07,1386,0,0.0,0.3009,results/gate1/MatrixProfile/scores/053_train_prefix_ab_join_seed0.npy
54,DISTORTEDWalkingAceleration5,DISTORTED,Acceleration,False,cg053,WalkingAceleration5,MatrixProfile,full,NA,0,6684,115,NA,self_join,6684,2700,5919,5979,10.878236325725771,10.588270113841796,10.45403126985284,3924,3694,True,True,5986,True,True,11.041728484364928,True,9.434257398852749,8.090322634158136,9.434257398852749,2586,0,0.0,0.4278,results/gate1/MatrixProfile/scores/054_full_self_join_seed0.npy
54,DISTORTEDWalkingAceleration5,DISTORTED,Acceleration,False,cg053,WalkingAceleration5,MatrixProfile,train_prefix,NA,0,2700,115,NA,ab_join,6684,2700,5919,5979,11.172053962259254,10.65434244717377,10.527113010895878,3924,3694,True,True,5983,True,True,11.420320148305604,True,6.668837507746139,6.323237516548313,1.3559237916561753e-06,2586,0,0.0,0.2703,results/gate1/MatrixProfile/scores/054_train_prefix_ab_join_seed0.npy
55,DISTORTEDapneaecg2,DISTORTED,ECG,True,cg055,apneaecg2,MatrixProfile,full,NA,0,38501,40,NA,self_join,38501,10000,20949,21100,5.563250322127067,4.208878283369871,4.209208836664663,28350,28270,True,True,35321,False,False,5.563250322127067,True,6.069294102391235,4.302720000856789,6.069294102391235,9961,0,0.0001,5.5075,results/gate1/MatrixProfile/scores/055_full_self_join_seed0.npy
55,DISTORTEDapneaecg2,DISTORTED,ECG,True,cg055,apneaecg2,MatrixProfile,train_prefix,NA,0,10000,40,NA,ab_join,38501,10000,20949,21100,6.017151522687695,4.589672795920956,4.590803398597905,28350,28270,True,True,19800,False,False,6.017151522687695,True,4.7618837410721415,2.344800749024695e-06,6.442404640550518e-06,9961,0,0.0001,2.157,results/gate1/MatrixProfile/scores/055_train_prefix_ab_join_seed0.npy
56,DISTORTEDapneaecg3,DISTORTED,ECG,True,cg056,apneaecg3,MatrixProfile,full,NA,0,38379,40,NA,self_join,38379,5000,11110,11211,6.917057976107443,4.160100513587131,4.133677028619667,33278,33198,True,True,11182,True,True,6.917057976107443,True,5.699570945496224,4.195219231982931,5.699570945496224,4961,0,0.0004,5.3902,results/gate1/MatrixProfile/scores/056_full_self_join_seed0.npy
56,DISTORTEDapneaecg3,DISTORTED,ECG,True,cg056,apneaecg3,MatrixProfile,train_prefix,NA,0,5000,40,NA,ab_join,38379,5000,11110,11211,7.172265739551323,4.654708061710426,4.65165853550951,33278,33198,True,True,11176,True,True,7.172265739551323,True,0.660486190792783,1.5183489776188768e-05,2.558490756909222e-05,4961,0,0.0001,1.4725,results/gate1/MatrixProfile/scores/056_train_prefix_ab_join_seed0.npy
57,DISTORTEDapneaecg4,DISTORTED,ECG,True,cg057,apneaecg4,MatrixProfile,full,NA,0,38269,40,NA,self_join,38269,6000,15999,16100,3.7925431717215354,4.266782305443215,4.268419027459674,32168,32088,False,False,14081,False,False,3.7925431717215354,False,4.914706480003926,3.9720570947258818,4.914706480003926,5961,0,0.0001,5.1402,results/gate1/MatrixProfile/scores/057_full_self_join_seed0.npy
57,DISTORTEDapneaecg4,DISTORTED,ECG,True,cg057,apneaecg4,MatrixProfile,train_prefix,NA,0,6000,40,NA,ab_join,38269,6000,15999,16100,4.3356128465618005,4.743084819380115,4.743712963477842,32168,32088,False,False,37064,False,False,4.3356128465618005,False,0.8230448916458598,5.697733190775839e-06,7.304913377691999e-06,5961,0,0.0,1.6778,results/gate1/MatrixProfile/scores/057_train_prefix_ab_join_seed0.npy
58,DISTORTEDapneaecg,DISTORTED,ECG,True,cg055,apneaecg,MatrixProfile,full,NA,0,38501,40,NA,self_join,38501,10000,12239,12308,6.582237750663921,4.013456665400446,4.0152459457131755,28432,28352,True,True,12275,True,True,6.582237750663921,True,5.960419204010886,4.213612842601005,5.960419204010886,9961,0,0.0003,4.8527,results/gate1/MatrixProfile/scores/058_full_self_join_seed0.npy
58,DISTORTEDapneaecg,DISTORTED,ECG,True,cg055,apneaecg,MatrixProfile,train_prefix,NA,0,10000,40,NA,ab_join,38501,10000,12239,12308,6.894050767082555,4.3054030769137634,4.304306479110684,28432,28352,True,True,12277,True,True,6.894050767082555,True,3.5250453249286573,1.568160990418552e-05,2.474274885963365e-05,9961,0,0.0001,2.8265,results/gate1/MatrixProfile/scores/058_train_prefix_ab_join_seed0.npy
59,DISTORTEDgait1,DISTORTED,Gait,False,cg059,gait1,MatrixProfile,full,NA,0,65000,125,NA,self_join,65000,20000,38499,38800,6.849113319026116,6.078246194064486,6.049019940995695,44699,44449,True,True,29018,False,False,7.2400200091883296,True,12.074075092850586,8.069937755717786,12.074075092850586,19876,0,0.0001,15.7747,results/gate1/MatrixProfile/scores/059_full_self_join_seed0.npy
59,DISTORTEDgait1,DISTORTED,Gait,False,cg059,gait1,MatrixProfile,train_prefix,NA,0,20000,125,NA,ab_join,65000,20000,38499,38800,7.381588180017585,6.4484615194602135,6.419702109505092,44699,44449,True,True,29019,False,False,7.381588180017585,True,3.6192203435752117,4.395337219921506e-06,7.998537478440959e-06,19876,0,0.0001,6.5601,results/gate1/MatrixProfile/scores/059_train_prefix_ab_join_seed0.npy
60,DISTORTEDgait2,DISTORTED,Gait,False,cg059,gait2,MatrixProfile,full,NA,0,65000,125,NA,self_join,65000,22000,46499,46800,4.705500008659205,5.910485202547406,5.917200884429756,42699,42449,False,False,26020,False,False,4.705500008659205,False,10.839532016017658,7.476426421060288,10.839532016017658,21876,0,0.0001,15.8163,results/gate1/MatrixProfile/scores/060_full_self_join_seed0.npy
60,DISTORTEDgait2,DISTORTED,Gait,False,cg059,gait2,MatrixProfile,train_prefix,NA,0,22000,125,NA,ab_join,65000,22000,46499,46800,4.705500008659205,6.560829476802536,6.5709598012793995,42699,42449,False,False,25979,False,False,4.705500008659205,False,3.270113593275264,1.914088812271525e-06,4.715105096190196e-06,21876,0,0.0001,7.3276,results/gate1/MatrixProfile/scores/060_train_prefix_ab_join_seed0.npy
61,DISTORTEDgait3,DISTORTED,Gait,False,cg059,gait3,MatrixProfile,full,NA,0,65000,125,NA,self_join,65000,24500,59899,60500,7.088096407623915,6.082272161025894,6.090251428043721,39899,39649,True,True,59396,True,False,7.088096407623915,True,11.897911235525273,7.109953266384803,11.897911235525273,24376,0,0.0004,14.429,results/gate1/MatrixProfile/scores/061_full_self_join_seed0.npy
61,DISTORTEDgait3,DISTORTED,Gait,False,cg059,gait3,MatrixProfile,train_prefix,NA,0,24500,125,NA,ab_join,65000,24500,59899,60500,7.088096407623915,6.520881552803093,6.52709932138711,39899,39649,True,True,59393,True,False,7.088096407623915,True,3.236314319154548,5.424308846900947e-06,9.642674852568496e-06,24376,0,0.0001,9.7977,results/gate1/MatrixProfile/scores/061_train_prefix_ab_join_seed0.npy
62,DISTORTEDgaitHunt1,DISTORTED,Gait,False,cg062,gaitHunt1,MatrixProfile,full,NA,0,64000,125,NA,self_join,64000,18500,33069,33180,9.980956815157723,6.06764887915216,5.97001451512871,45389,45139,True,True,33173,True,True,9.980956815157723,True,11.267418186028149,7.5452741802667225,11.267418186028149,18376,0,0.0001,15.3618,results/gate1/MatrixProfile/scores/062_full_self_join_seed0.npy
62,DISTORTEDgaitHunt1,DISTORTED,Gait,False,cg062,gaitHunt1,MatrixProfile,train_prefix,NA,0,18500,125,NA,ab_join,64000,18500,33069,33180,10.336503625376848,6.66706304411507,6.513432264539538,45389,45139,True,True,33810,False,False,10.336503625376848,True,4.060838984304364,5.737455026228509e-06,9.681455409905002e-06,18376,0,0.0001,6.8819,results/gate1/MatrixProfile/scores/062_train_prefix_ab_join_seed0.npy
63,DISTORTEDgaitHunt2,DISTORTED,Gait,False,cg062,gaitHunt2,MatrixProfile,full,NA,0,64000,125,NA,self_join,64000,18500,31199,31850,5.98727591213231,6.4041789318881035,6.396776705151147,44849,44599,False,False,62547,False,False,7.014599825009574,True,10.231401758930906,6.891597512819777,10.231401758930906,18376,0,0.0001,15.2618,results/gate1/MatrixProfile/scores/063_full_self_join_seed0.npy
63,DISTORTEDgaitHunt2,DISTORTED,Gait,False,cg062,gaitHunt2,MatrixProfile,train_prefix,NA,0,18500,125,NA,ab_join,64000,18500,31199,31850,7.054002046833863,6.774810819674364,6.773904120522875,44849,44599,True,True,62547,False,False,7.583582303203977,True,2.907856531287698,6.078048300597988e-06,9.76424099660006e-06,18376,0,0.0001,6.9704,results/gate1/MatrixProfile/scores/063_train_prefix_ab_join_seed0.npy
64,DISTORTEDgaitHunt3,DISTORTED,Gait,False,cg062,gaitHunt3,MatrixProfile,full,NA,0,64000,125,NA,self_join,64000,23400,38399,39200,10.02452885394094,6.3201648731904765,6.333398074258158,39799,39549,True,True,38764,True,True,10.02452885394094,True,11.414607399347643,6.702106117336529,11.414607399347643,23276,0,0.0001,13.5061,results/gate1/MatrixProfile/scores/064_full_self_join_seed0.npy
64,DISTORTEDgaitHunt3,DISTORTED,Gait,False,cg062,gaitHunt3,MatrixProfile,train_prefix,NA,0,23400,125,NA,ab_join,64000,23400,38399,39200,10.251963459861187,6.530673156858898,6.542061578082186,39799,39549,True,True,38763,True,True,10.251963459861187,True,6.012512955890681,6.452392069879462e-07,1.3223468772544598e-06,23276,0,0.0001,9.8117,results/gate1/MatrixProfile/scores/064_train_prefix_ab_join_seed0.npy
65,DISTORTEDinsectEPG1,DISTORTED,EPG,False,cg065,insectEPG1,MatrixProfile,full,NA,0,10001,26,NA,self_join,10001,3000,6999,7030,1.2991843126663762,0.6844156565610027,0.684979539167833,6970,6918,True,True,7014,True,True,1.2991843126663762,True,0.8351070650063528,0.5130496887629982,0.8351070650063528,2975,0,0.0,0.6592,results/gate1/MatrixProfile/scores/065_full_self_join_seed0.npy
65,DISTORTEDinsectEPG1,DISTORTED,EPG,False,cg065,insectEPG1,MatrixProfile,train_prefix,NA,0,3000,26,NA,ab_join,10001,3000,6999,7030,1.601638292722737,0.8527232692868645,0.8531981243479391,6970,6918,True,True,8837,False,False,1.601638292722737,True,0.35991911476618144,2.2794393510786228e-07,2.5200150199663286e-07,2975,0,0.0,0.2871,results/gate1/MatrixProfile/scores/065_train_prefix_ab_join_seed0.npy
66,DISTORTEDinsectEPG2,DISTORTED,EPG,False,cg065,insectEPG2,MatrixProfile,full,NA,0,9998,26,NA,self_join,9998,3700,7999,8025,1.8487636134195171,0.7209904168735681,0.7083296968221162,6272,6220,True,True,8022,True,True,1.8487636134195171,True,0.8062715916331042,0.5481524635618393,0.8062715916331042,3675,0,0.0001,0.6915,results/gate1/MatrixProfile/scores/066_full_self_join_seed0.npy
66,DISTORTEDinsectEPG2,DISTORTED,EPG,False,cg065,insectEPG2,MatrixProfile,train_prefix,NA,0,3700,26,NA,ab_join,9998,3700,7999,8025,1.8487636134195171,0.8208749446618342,0.8045214677902984,6272,6220,True,True,8022,True,True,1.8487636134195171,True,0.29565073951266313,4.4951150205726494e-07,4.7450313949855144e-07,3675,0,0.0001,0.4387,results/gate1/MatrixProfile/scores/066_train_prefix_ab_join_seed0.npy
67,DISTORTEDinsectEPG3,DISTORTED,EPG,False,cg065,insectEPG3,MatrixProfile,full,NA,0,9998,26,NA,self_join,9998,5200,6999,7050,0.8390340443802453,0.6956219368923536,0.6967147739423883,4747,4695,True,True,8826,False,False,0.8390340443802453,True,0.8839482928127427,0.5838941115080825,0.8839482928127427,5175,0,0.0001,0.5618,results/gate1/MatrixProfile/scores/067_full_self_join_seed0.npy
67,DISTORTEDinsectEPG3,DISTORTED,EPG,False,cg065,insectEPG3,MatrixProfile,train_prefix,NA,0,5200,26,NA,ab_join,9998,5200,6999,7050,0.9622666389927788,0.7327431071052556,0.7332868810092255,4747,4695,True,True,8825,False,False,0.9622666389927788,True,0.23057190403010291,4.5588787021572457e-07,4.865177785549912e-07,5175,0,0.0,0.5514,results/gate1/MatrixProfile/scores/067_train_prefix_ab_join_seed0.npy
68,DISTORTEDinsectEPG4,DISTORTED,EPG,False,cg065,insectEPG4,MatrixProfile,full,NA,0,9998,26,NA,self_join,9998,1300,6507,6558,2.472488597997471,0.6826402262110842,0.6572849543576282,8647,8595,True,True,6546,True,True,2.472488597997471,True,0.7307859980326553,0.5542496288327103,0.7307859980326553,1275,0,0.0,0.617,results/gate1/MatrixProfile/scores/068_full_self_join_seed0.npy
68,DISTORTEDinsectEPG4,DISTORTED,EPG,False,cg065,insectEPG4,MatrixProfile,train_prefix,NA,0,1300,26,NA,ab_join,9998,1300,6507,6558,2.482111829107596,0.9143081671411198,0.8781746022344479,8647,8595,True,True,6549,True,True,2.482111829107596,True,0.4382164785572408,1.8626456577272922e-07,2.010276550536162e-07,1275,0,0.0001,0.2746,results/gate1/MatrixProfile/scores/068_train_prefix_ab_join_seed0.npy
69,DISTORTEDinsectEPG5,DISTORTED,EPG,False,cg065,insectEPG5,MatrixProfile,full,NA,0,10028,26,NA,self_join,10028,3200,8499,8501,3.2460473944793566,0.7795879657357832,0.7251875001252142,6826,6774,True,True,8525,True,True,5.2565145331406775,True,0.7754556504974148,0.5228131897500388,0.7754556504974148,3175,0,0.0001,0.3718,results/gate1/MatrixProfile/scores/069_full_self_join_seed0.npy
69,DISTORTEDinsectEPG5,DISTORTED,EPG,False,cg065,insectEPG5,MatrixProfile,train_prefix,NA,0,3200,26,NA,ab_join,10028,3200,8499,8501,3.3618708496245504,0.9246793016215226,0.8579758065191718,6826,6774,True,True,8525,True,True,5.377393176466974,True,0.3373879554185487,2.2794393510786228e-07,2.8429603618888426e-07,3175,0,0.0,0.4502,results/gate1/MatrixProfile/scores/069_train_prefix_ab_join_seed0.npy
70,DISTORTEDltstdbs30791AI,DISTORTED,ECG,True,cg070,ltstdbs30791AI,MatrixProfile,full,NA,0,56123,233,NA,self_join,56123,17555,52599,52800,15.910621243135916,5.469532200409097,5.115553163799692,38367,37901,True,True,52628,True,True,15.910621243135916,True,4.907540555876662,2.883042276087312,4.907540555876662,17323,0,0.0001,12.24,results/gate1/MatrixProfile/scores/070_full_self_join_seed0.npy
70,DISTORTEDltstdbs30791AI,DISTORTED,ECG,True,cg070,ltstdbs30791AI,MatrixProfile,train_prefix,NA,0,17555,233,NA,ab_join,56123,17555,52599,52800,16.585238122086484,10.12207527692785,9.938833774256175,38367,37901,True,True,52624,True,True,16.585238122086484,True,2.282994743010549,1.903036391225155e-06,2.0846719184544875e-06,17323,0,0.0001,6.1054,results/gate1/MatrixProfile/scores/070_train_prefix_ab_join_seed0.npy
71,DISTORTEDltstdbs30791AS,DISTORTED,ECG,True,cg071,ltstdbs30791AS,MatrixProfile,full,NA,0,55000,233,NA,self_join,55000,23000,52599,52800,16.356827531390273,5.256567324378719,4.997126825028113,31799,31333,True,True,52749,True,True,16.356827531390273,True,5.585692566726882,3.2534002748725315,5.585692566726882,22768,0,0.0004,11.7696,results/gate1/MatrixProfile/scores/071_full_self_join_seed0.npy
71,DISTORTEDltstdbs30791AS,DISTORTED,ECG,True,cg071,ltstdbs30791AS,MatrixProfile,train_prefix,NA,0,23000,233,NA,ab_join,55000,23000,52599,52800,16.65958913628238,8.950911010602331,8.360057096430516,31799,31333,True,True,52591,True,True,16.704086728966956,True,2.710111221126079,1.5258236079701196e-06,1.7618693415948692e-06,22768,0,0.0001,6.8642,results/gate1/MatrixProfile/scores/071_train_prefix_ab_join_seed0.npy
72,DISTORTEDltstdbs30791ES,DISTORTED,ECG,True,cg072,ltstdbs30791ES,MatrixProfile,full,NA,0,55000,233,NA,self_join,55000,20000,52599,52800,14.416081742744787,4.008316738161579,3.8104047076599015,34799,34333,True,True,52819,True,True,16.08751942762382,True,5.172138712392988,2.8916528734591225,5.172138712392988,19768,0,0.0001,10.8943,results/gate1/MatrixProfile/scores/072_full_self_join_seed0.npy
72,DISTORTEDltstdbs30791ES,DISTORTED,ECG,True,cg072,ltstdbs30791ES,MatrixProfile,train_prefix,NA,0,20000,233,NA,ab_join,55000,20000,52599,52800,15.682441172441793,9.686349044312754,9.598016078249463,34799,34333,True,True,52819,True,True,16.780000666995985,True,2.629871502829238,9.91459260889278e-07,1.1818978845836775e-06,19768,0,0.0,7.307,results/gate1/MatrixProfile/scores/072_train_prefix_ab_join_seed0.npy
73,DISTORTEDpark3m,DISTORTED,Gait,False,cg073,park3m,MatrixProfile,full,NA,0,90000,125,NA,self_join,90000,60000,72149,72495,4.954340278345765,5.403899597250573,5.405114249350927,29654,29404,False,False,69455,False,False,5.479298014026107,True,11.729349435028295,7.377517027328217,11.729349435028295,59876,0,0.0005,32.3096,results/gate1/MatrixProfile/scores/073_full_self_join_seed0.npy
73,DISTORTEDpark3m,DISTORTED,Gait,False,cg073,park3m,MatrixProfile,train_prefix,NA,0,60000,125,NA,ab_join,90000,60000,72149,72495,4.954340278345765,5.463945817174377,5.46690985724432,29654,29404,False,False,69459,False,False,5.479298014026107,True,2.181210251925119,6.826557622513346e-06,2.180933972693884e-05,59876,0,0.0003,24.2876,results/gate1/MatrixProfile/scores/073_train_prefix_ab_join_seed0.npy
74,DISTORTEDqtdbSel1005V,DISTORTED,ECG,True,cg074,qtdbSel1005V,MatrixProfile,full,NA,0,36001,188,NA,self_join,36001,4000,12399,12800,14.364548862605202,5.51822456636849,5.536360064430571,31600,31224,True,True,12703,True,True,14.364548862605202,True,7.6390230044387355,4.919537431344032,7.6390230044387355,3813,0,0.0001,5.3416,results/gate1/MatrixProfile/scores/074_full_self_join_seed0.npy
74,DISTORTEDqtdbSel1005V,DISTORTED,ECG,True,cg074,qtdbSel1005V,MatrixProfile,train_prefix,NA,0,4000,188,NA,ab_join,36001,4000,12399,12800,15.48883195292705,8.650086797245711,8.677368797282751,31600,31224,True,True,12674,True,True,15.48883195292705,True,6.93977273314363,5.252822224289043,2.9253374290516825e-06,3813,0,0.0001,1.7761,results/gate1/MatrixProfile/scores/074_train_prefix_ab_join_seed0.npy
75,DISTORTEDqtdbSel100MLII,DISTORTED,ECG,True,cg075,qtdbSel100MLII,MatrixProfile,full,NA,0,30000,189,NA,self_join,30000,4000,13399,13800,13.294120382403479,5.409368822259095,5.404029603259265,25599,25221,True,True,13683,True,True,13.294120382403479,True,8.070422557160953,4.902976533192415,8.070422557160953,3812,0,0.0001,3.6483,results/gate1/MatrixProfile/scores/075_full_self_join_seed0.npy
75,DISTORTEDqtdbSel100MLII,DISTORTED,ECG,True,cg075,qtdbSel100MLII,MatrixProfile,train_prefix,NA,0,4000,189,NA,ab_join,30000,4000,13399,13800,14.18119965383992,7.646124201754773,7.584915854027533,25599,25221,True,True,13691,True,True,14.18119965383992,True,3.26224970230808,3.1722134635999018,2.801378673415178e-06,3812,0,0.0001,1.3542,results/gate1/MatrixProfile/scores/075_train_prefix_ab_join_seed0.npy
76,DISTORTEDresperation10,DISTORTED,RESP,True,cg076,resperation10,MatrixProfile,full,NA,0,195000,125,NA,self_join,195000,48000,130699,131880,8.160556393155362,7.159382160171405,7.161050767956203,145819,145569,True,True,92304,False,False,8.160556393155362,True,10.021933394684307,6.881703154624228,10.021933394684307,47876,0,0.0008,150.1078,results/gate1/MatrixProfile/scores/076_full_self_join_seed0.npy
76,DISTORTEDresperation10,DISTORTED,RESP,True,cg076,resperation10,MatrixProfile,train_prefix,NA,0,48000,125,NA,ab_join,195000,48000,130699,131880,8.849505309374363,7.618904996705419,7.620024714205052,145819,145569,True,True,92323,False,False,8.849505309374363,True,1.1200864232975736,1.835721599019243e-05,2.6843295225388075e-05,47876,0,0.0002,48.0325,results/gate1/MatrixProfile/scores/076_train_prefix_ab_join_seed0.npy
77,DISTORTEDresperation11,DISTORTED,RESP,True,cg076,resperation11,MatrixProfile,full,NA,0,195000,125,NA,self_join,195000,58000,110799,110801,4.064144414062523,7.0981975794550785,7.101179987739125,136998,136748,False,False,59391,False,False,4.719081422731764,False,10.041599443984937,6.89612110757141,10.041599443984937,57876,0,0.0006,151.831,results/gate1/MatrixProfile/scores/077_full_self_join_seed0.npy
77,DISTORTEDresperation11,DISTORTED,RESP,True,cg076,resperation11,MatrixProfile,train_prefix,NA,0,58000,125,NA,ab_join,195000,58000,110799,110801,4.081931925044823,7.544659850436875,7.546856013681936,136998,136748,False,False,188648,False,False,4.762578250167171,False,7.316213791156761,1.2548279673516013e-05,1.988900358675475e-05,57876,0,0.0001,58.2548,results/gate1/MatrixProfile/scores/077_train_prefix_ab_join_seed0.npy
78,DISTORTEDresperation1,DISTORTED,RESP,True,cg078,resperation1,MatrixProfile,full,NA,0,200000,125,NA,self_join,200000,100000,110259,110412,8.449047209180115,6.817240706062548,6.81970508558807,99847,99597,True,True,163216,False,False,8.449047209180115,True,10.600457449369701,7.227291913201892,10.600457449369701,99876,0,0.0002,148.3823,results/gate1/MatrixProfile/scores/078_full_self_join_seed0.npy
78,DISTORTEDresperation1,DISTORTED,RESP,True,cg078,resperation1,MatrixProfile,train_prefix,NA,0,100000,125,NA,ab_join,200000,100000,110259,110412,8.449047209180115,7.10045335028166,7.1024009703526865,99847,99597,True,True,163238,False,False,8.449047209180115,True,1.0126588032449237,2.356080457693621e-07,2.0874926039758174e-06,99876,0,0.0001,109.2025,results/gate1/MatrixProfile/scores/078_train_prefix_ab_join_seed0.npy
79,DISTORTEDresperation2,DISTORTED,RESP,True,cg078,resperation2,MatrixProfile,full,NA,0,200051,125,NA,self_join,200051,30000,168249,168250,3.6597218760548453,6.8816404426682,6.883986468056239,170050,169800,False,False,174109,False,False,3.991181714980063,False,9.675974955161056,7.1452828599390426,9.675974955161056,29876,0,0.0008,153.7951,results/gate1/MatrixProfile/scores/079_full_self_join_seed0.npy
79,DISTORTEDresperation2,DISTORTED,RESP,True,cg078,resperation2,MatrixProfile,train_prefix,NA,0,30000,125,NA,ab_join,200051,30000,168249,168250,4.280803213498794,7.648263054422795,7.650759665743153,170050,169800,False,False,103528,False,False,4.529129618089938,False,1.0566864776031657,0.0,3.725290298461914e-07,29876,0,0.0001,36.9299,results/gate1/MatrixProfile/scores/079_train_prefix_ab_join_seed0.npy
80,DISTORTEDresperation2,DISTORTED,RESP,True,cg078,resperation2,MatrixProfile,full,NA,0,190050,125,NA,self_join,190050,30000,168249,168251,6.104930296932847,7.182916831586275,7.181089266218374,160048,159798,False,False,174973,False,False,7.349939230607218,True,8.682066004854956,7.028769825775445,8.682066004854956,29876,0,0.0001,123.4047,results/gate1/MatrixProfile/scores/080_full_self_join_seed0.npy
80,DISTORTEDresperation2,DISTORTED,RESP,True,cg078,resperation2,MatrixProfile,train_prefix,NA,0,30000,125,NA,ab_join,190050,30000,168249,168251,6.104930296932847,7.879085341706383,7.881596847312799,160048,159798,False,False,103571,False,False,7.447852380587631,False,0.7136606390508983,9.3845969807228e-06,1.5922293417505988e-05,29876,0,0.0001,30.2499,results/gate1/MatrixProfile/scores/080_train_prefix_ab_join_seed0.npy
81,DISTORTEDresperation3,DISTORTED,RESP,True,cg078,resperation3,MatrixProfile,full,NA,0,190100,125,NA,self_join,190100,45000,158249,158251,5.520324083101051,7.187608593550131,7.1891032089861735,145098,144848,False,False,88575,False,False,6.000310600848862,False,9.033201613090267,6.714064685360563,9.033201613090267,44876,0,0.0279,123.7065,results/gate1/MatrixProfile/scores/081_full_self_join_seed0.npy
81,DISTORTEDresperation3,DISTORTED,RESP,True,cg078,resperation3,MatrixProfile,train_prefix,NA,0,45000,125,NA,ab_join,190100,45000,158249,158251,6.0231954317679435,7.797047370185083,7.798480839445079,145098,144848,False,False,88576,False,False,6.802555810780912,False,1.378392605689137,1.500059268714705e-05,2.6975835139816502e-05,44876,0,0.0001,42.648,results/gate1/MatrixProfile/scores/081_train_prefix_ab_join_seed0.npy
82,DISTORTEDresperation4,DISTORTED,RESP,True,cg076,resperation4,MatrixProfile,full,NA,0,195250,125,NA,self_join,195250,70000,128429,128431,6.245880618338576,7.167698868403346,7.170038344458682,125248,124998,False,False,74883,False,False,6.245880618338576,False,10.887853814865705,7.242114447156714,10.887853814865705,69876,0,0.0002,124.4905,results/gate1/MatrixProfile/scores/082_full_self_join_seed0.npy
82,DISTORTEDresperation4,DISTORTED,RESP,True,cg076,resperation4,MatrixProfile,train_prefix,NA,0,70000,125,NA,ab_join,195250,70000,128429,128431,6.263867888845868,7.459058029913743,7.460124058634926,125248,124998,False,False,78125,False,False,6.27680650128606,False,1.6927965872240724,4.331601218506286e-06,8.976326420767615e-06,69876,0,0.0002,68.2702,results/gate1/MatrixProfile/scores/082_train_prefix_ab_join_seed0.npy
83,DISTORTEDresperation9,DISTORTED,RESP,True,cg076,resperation9,MatrixProfile,full,NA,0,195000,125,NA,self_join,195000,38000,143410,143511,4.318805456934278,7.21500398747527,7.215935701136344,156899,156649,False,False,182834,False,False,4.318805456934278,False,9.228552049608522,6.991022347041971,9.228552049608522,37876,0,0.0009,124.1717,results/gate1/MatrixProfile/scores/083_full_self_join_seed0.npy
83,DISTORTEDresperation9,DISTORTED,RESP,True,cg076,resperation9,MatrixProfile,train_prefix,NA,0,38000,125,NA,ab_join,195000,38000,143410,143511,4.5643420669562715,7.919021583388378,7.92123328576888,156899,156649,False,False,149423,False,False,4.5643420669562715,False,0.9775966488703706,6.869095904598301e-07,2.2537236604473253e-06,37876,0,0.0003,41.683,results/gate1/MatrixProfile/scores/083_train_prefix_ab_join_seed0.npy
84,DISTORTEDs20101mML2,DISTORTED,ECG,True,cg084,s20101mML2,MatrixProfile,full,NA,0,40000,108,NA,self_join,40000,12000,35773,35874,11.196576672072462,2.9447104705163514,2.8868106421651345,27899,27683,True,True,35788,True,True,11.196576672072462,True,4.396036112303413,2.685442769729165,4.396036112303413,11893,0,0.0008,6.5214,results/gate1/MatrixProfile/scores/084_full_self_join_seed0.npy
84,DISTORTEDs20101mML2,DISTORTED,ECG,True,cg084,s20101mML2,MatrixProfile,train_prefix,NA,0,12000,108,NA,ab_join,40000,12000,35773,35874,11.216295018504406,4.3974102181223715,4.27519481430174,27899,27683,True,True,35787,True,True,11.216295018504406,True,1.4537569261959553,6.194296387084284e-07,7.586432731960926e-07,11893,0,0.0001,3.5495,results/gate1/MatrixProfile/scores/084_train_prefix_ab_join_seed0.npy
85,DISTORTEDs20101m,DISTORTED,ECG,True,cg085,s20101m,MatrixProfile,full,NA,0,40000,108,NA,self_join,40000,10000,35773,35874,7.853703807525274,2.9625010355524846,2.913386999423618,29899,29683,True,True,35810,True,True,7.853703807525274,True,3.9932828271579335,2.759345851001126,3.9932828271579335,9893,0,0.0001,6.6074,results/gate1/MatrixProfile/scores/085_full_self_join_seed0.npy
85,DISTORTEDs20101m,DISTORTED,ECG,True,cg085,s20101m,MatrixProfile,train_prefix,NA,0,10000,108,NA,ab_join,40000,10000,35773,35874,8.060055196131328,5.184134751078848,5.044347173765743,29899,29683,True,True,35811,True,True,8.060055196131328,True,2.059732600931201,1.1793588958626615e-06,1.2485003510506995e-06,9893,0,0.0,3.1305,results/gate1/MatrixProfile/scores/085_train_prefix_ab_join_seed0.npy
86,DISTORTEDsddb49,DISTORTED,ECG,True,cg086,sddb49,MatrixProfile,full,NA,0,80000,276,NA,self_join,80000,20000,67949,68200,14.16864167781283,4.834894159052064,4.579737732560185,59749,59197,True,True,68045,True,True,14.16864167781283,True,11.942141164503973,5.2494667222964395,11.942141164503973,19725,0,0.0037,24.0884,results/gate1/MatrixProfile/scores/086_full_self_join_seed0.npy
86,DISTORTEDsddb49,DISTORTED,ECG,True,cg086,sddb49,MatrixProfile,train_prefix,NA,0,20000,276,NA,ab_join,80000,20000,67949,68200,14.687788716268992,5.487549074568072,5.364004472626524,59749,59197,True,True,68138,True,True,14.687788716268992,True,3.996247565501342,2.584567641708114e-06,3.1018763387039558e-06,19725,0,0.0001,7.5795,results/gate1/MatrixProfile/scores/086_train_prefix_ab_join_seed0.npy
87,DISTORTEDsel840mECG1,DISTORTED,ECG,True,cg087,sel840mECG1,MatrixProfile,full,NA,0,60000,172,NA,self_join,60000,17000,51369,51740,13.457941861985296,4.338954811185662,4.342510567228833,42629,42285,True,True,51650,True,True,13.457941861985296,True,9.18334159449607,3.9397612820507293,9.18334159449607,16829,0,0.0002,14.1032,results/gate1/MatrixProfile/scores/087_full_self_join_seed0.npy
87,DISTORTEDsel840mECG1,DISTORTED,ECG,True,cg087,sel840mECG1,MatrixProfile,train_prefix,NA,0,17000,172,NA,ab_join,60000,17000,51369,51740,13.767254591316094,11.51809294757267,11.52662064661556,42629,42285,True,True,24173,False,False,13.767254591316094,True,3.397138978001025,1.3679882785711885e-06,1.8539823311562288e-06,16829,0,0.0001,6.3681,results/gate1/MatrixProfile/scores/087_train_prefix_ab_join_seed0.npy
88,DISTORTEDsel840mECG2,DISTORTED,ECG,True,cg088,sel840mECG2,MatrixProfile,full,NA,0,57001,173,NA,self_join,57001,20000,49369,49740,11.1882930523324,6.697895240719038,6.702952065173033,36630,36284,True,True,49653,True,True,11.1882930523324,True,10.502915942809182,5.935379750407567,10.502915942809182,19828,0,0.0001,13.0142,results/gate1/MatrixProfile/scores/088_full_self_join_seed0.npy
88,DISTORTEDsel840mECG2,DISTORTED,ECG,True,cg088,sel840mECG2,MatrixProfile,train_prefix,NA,0,20000,173,NA,ab_join,57001,20000,49369,49740,13.69460916338839,8.095992222254697,8.107392427576803,36630,36284,True,True,49656,True,True,13.69460916338839,True,2.6633012027638427,2.4792293579112114e-06,4.413134299177787e-06,19828,0,0.0001,5.8211,results/gate1/MatrixProfile/scores/088_train_prefix_ab_join_seed0.npy
89,DISTORTEDtiltAPB1,DISTORTED,ABP,True,cg089,tiltAPB1,MatrixProfile,full,NA,0,130001,243,NA,self_join,130001,100000,114282,114350,6.0590706271010415,3.429729260843704,3.101849257880882,29933,29447,True,True,114268,True,True,6.0871969291981,True,5.403365074046092,2.9525313055100364,5.403365074046092,99758,0,0.0002,54.465,results/gate1/MatrixProfile/scores/089_full_self_join_seed0.npy
89,DISTORTEDtiltAPB1,DISTORTED,ABP,True,cg089,tiltAPB1,MatrixProfile,train_prefix,NA,0,100000,243,NA,ab_join,130001,100000,114282,114350,6.881593339832194,4.7124112578815724,4.474281671110725,29933,29447,True,True,114191,True,True,7.143989940651106,True,2.812785066492683,9.291444580626426e-07,1.5053860760166708e-06,99758,0,0.0005,49.1299,results/gate1/MatrixProfile/scores/089_train_prefix_ab_join_seed0.npy
90,DISTORTEDtiltAPB2,DISTORTED,ABP,True,cg089,tiltAPB2,MatrixProfile,full,NA,0,128767,243,NA,self_join,128767,50000,124158,124985,8.332232266854962,3.2240340852358886,3.182354350206706,77940,77454,True,True,124964,True,True,8.332232266854962,True,3.575338252264797,2.2033281898972787,3.575338252264797,49758,0,0.0004,54.596,results/gate1/MatrixProfile/scores/090_full_self_join_seed0.npy
90,DISTORTEDtiltAPB2,DISTORTED,ABP,True,cg089,tiltAPB2,MatrixProfile,train_prefix,NA,0,50000,243,NA,ab_join,128767,50000,124158,124985,15.387451574992657,11.927511871977952,11.929628500446055,77940,77454,True,True,124646,True,True,15.387451574992657,True,1.9366381112002882,2.863909604056266e-06,3.2186508178710938e-06,49758,0,0.0017,25.4887,results/gate1/MatrixProfile/scores/090_train_prefix_ab_join_seed0.npy
91,DISTORTEDtiltAPB3,DISTORTED,ABP,True,cg089,tiltAPB3,MatrixProfile,full,NA,0,129489,243,NA,self_join,129489,40000,113999,114370,6.0319524562774385,3.3267290496963615,3.297233809519703,89118,88632,True,True,114160,True,True,6.0319524562774385,True,3.4277350102030906,2.2027233394425805,3.4277350102030906,39758,0,0.0003,54.7067,results/gate1/MatrixProfile/scores/091_full_self_join_seed0.npy
91,DISTORTEDtiltAPB3,DISTORTED,ABP,True,cg089,tiltAPB3,MatrixProfile,train_prefix,NA,0,40000,243,NA,ab_join,129489,40000,113999,114370,13.636151122093201,12.506640472483936,12.506901586432585,89118,88632,True,True,123486,False,False,13.636151122093201,True,1.335072955653341,1.0895184523124045e-06,1.4691063814003751e-06,39758,0,0.001,19.7066,results/gate1/MatrixProfile/scores/091_train_prefix_ab_join_seed0.npy
92,DISTORTEDtiltAPB4,DISTORTED,ABP,True,cg089,tiltAPB4,MatrixProfile,full,NA,0,128001,243,NA,self_join,128001,20000,67994,67996,4.587636033754186,3.2115155991386275,3.1554602266746787,107999,107513,True,True,67486,False,False,4.714148878243965,True,2.8986056497632053,2.1754348296989727,2.8986056497632053,19758,0,0.0005,54.9609,results/gate1/MatrixProfile/scores/092_full_self_join_seed0.npy
92,DISTORTEDtiltAPB4,DISTORTED,ABP,True,cg089,tiltAPB4,MatrixProfile,train_prefix,NA,0,20000,243,NA,ab_join,128001,20000,67994,67996,4.636638768688599,12.657891145287955,12.659541550311085,107999,107513,False,False,94497,False,False,6.379310426745218,False,1.879260368621574,1.8142125506135546e-06,1.9710130409939827e-06,19758,0,0.0001,12.7722,results/gate1/MatrixProfile/scores/092_train_prefix_ab_join_seed0.npy
93,NOISE1sddb40,NOISE,ECG,True,cg001,1sddb40,MatrixProfile,full,NA,0,79795,208,NA,self_join,79795,35000,51999,52620,11.672819159509952,4.5840148263081915,4.542677079434363,44174,43758,True,True,52458,True,True,11.672819159509952,True,6.639369274363763,4.795171871555803,6.639369274363763,34793,0,0.0001,15.8953,results/gate1/MatrixProfile/scores/093_full_self_join_seed0.npy
93,NOISE1sddb40,NOISE,ECG,True,cg001,1sddb40,MatrixProfile,train_prefix,NA,0,35000,208,NA,ab_join,79795,35000,51999,52620,13.247982339258726,5.2426908504772465,5.19917434437687,44174,43758,True,True,52422,True,True,13.247982339258726,True,3.856502861204398,3.03925246810483e-07,7.748603820800781e-07,34793,0,0.0001,7.1364,results/gate1/MatrixProfile/scores/093_train_prefix_ab_join_seed0.npy
94,NOISEBIDMC1,NOISE,ECG,True,cg004,BIDMC1,MatrixProfile,full,NA,0,11000,81,NA,self_join,11000,2500,5399,5600,9.2887263687864,1.5666053080858717,1.5529458395851425,8299,8137,True,True,5541,True,True,9.2887263687864,True,6.448917903843176,4.887805616029153,6.448917903843176,2420,0,0.0,0.3359,results/gate1/MatrixProfile/scores/094_full_self_join_seed0.npy
94,NOISEBIDMC1,NOISE,ECG,True,cg004,BIDMC1,MatrixProfile,train_prefix,NA,0,2500,81,NA,ab_join,11000,2500,5399,5600,9.483295980720634,1.839094338140271,1.8321776820752476,8299,8137,True,True,5540,True,True,9.483295980720634,True,1.2845960314368876,1.1611465741222162,7.096458017701303e-07,2420,0,0.0,0.213,results/gate1/MatrixProfile/scores/094_train_prefix_ab_join_seed0.npy
95,NOISECIMIS44AirTemperature4,NOISE,Air Temperature,False,cg005,CIMIS44AirTemperature4,MatrixProfile,full,NA,0,8184,24,NA,self_join,8184,4000,5548,5597,2.9190497241155904,2.767733489399688,2.777704167361368,4135,4087,True,True,7206,False,False,2.9190497241155904,True,4.002920137190134,2.828405057030391,4.002920137190134,3977,0,0.0,0.1733,results/gate1/MatrixProfile/scores/095_full_self_join_seed0.npy
95,NOISECIMIS44AirTemperature4,NOISE,Air Temperature,False,cg005,CIMIS44AirTemperature4,MatrixProfile,train_prefix,NA,0,4000,24,NA,ab_join,8184,4000,5548,5597,2.981618096852462,2.8016367944078495,2.8049336558629148,4135,4087,True,True,7206,False,False,2.981618096852462,True,1.3834503178030788,2.1160053975303758e-06,2.443063441743755e-06,3977,0,0.0,0.151,results/gate1/MatrixProfile/scores/095_train_prefix_ab_join_seed0.npy
96,NOISEECG4,NOISE,ECG,True,cg013,ECG4,MatrixProfile,full,NA,0,30000,166,NA,self_join,30000,5000,16899,17100,15.33776459525613,3.4491509722676263,3.175397141853017,24799,24467,True,True,17105,True,True,15.643218535653185,True,3.749295665811823,2.413641676827975,3.749295665811823,4835,0,0.0,1.7335,results/gate1/MatrixProfile/scores/096_full_self_join_seed0.npy
96,NOISEECG4,NOISE,ECG,True,cg013,ECG4,MatrixProfile,train_prefix,NA,0,5000,166,NA,ab_join,30000,5000,16899,17100,15.587207480377474,3.6786149819377423,3.4724311125872873,24799,24467,True,True,17106,True,True,15.842984822147564,True,2.328892667544845,2.2844329552150446,1.0515617587791295e-06,4835,0,0.0,0.6255,results/gate1/MatrixProfile/scores/096_train_prefix_ab_join_seed0.npy
97,NOISEGP711MarkerLFM5z3,NOISE,Gait,False,cg019,GP711MarkerLFM5z3,MatrixProfile,full,NA,0,12000,218,NA,self_join,12000,5000,5947,5993,4.89211751757668,4.94540991209073,2.47990107895923,6954,6518,False,True,6012,True,True,5.066143978821129,True,2.3349926850406275,2.25302925288672,2.3349926850406275,4783,0,0.0,0.4857,results/gate1/MatrixProfile/scores/097_full_self_join_seed0.npy
97,NOISEGP711MarkerLFM5z3,NOISE,Gait,False,cg019,GP711MarkerLFM5z3,MatrixProfile,train_prefix,NA,0,5000,218,NA,ab_join,12000,5000,5947,5993,5.422643309907907,5.2168359795308845,2.6811904230772448,6954,6518,True,True,6019,True,True,5.8922867304343605,True,2.1807492457713806,2.08574856944533,1.37398079719937e-06,4783,0,0.0,0.3489,results/gate1/MatrixProfile/scores/097_train_prefix_ab_join_seed0.npy
98,NOISEInternalBleeding16,NOISE,ABP,True,cg027,InternalBleeding16,MatrixProfile,full,NA,0,7501,183,NA,self_join,7501,1200,4186,4199,1.9175956006618047,2.2269024130858153,2.1816744885414656,6288,5922,False,False,4273,True,True,2.5019154621025375,True,2.2791075137209535,2.243118468267526,2.2791075137209535,1018,0,0.0,0.2619,results/gate1/MatrixProfile/scores/098_full_self_join_seed0.npy
98,NOISEInternalBleeding16,NOISE,ABP,True,cg027,InternalBleeding16,MatrixProfile,train_prefix,NA,0,1200,183,NA,ab_join,7501,1200,4186,4199,1.9383651210297745,2.265865378714704,2.2282551537214186,6288,5922,False,False,4270,True,True,2.558824631352565,True,2.070364855889889,2.045894147631812,6.047375168711849e-07,1018,0,0.0,0.0724,results/gate1/MatrixProfile/scores/098_train_prefix_ab_join_seed0.npy
99,NOISEInternalBleeding6,NOISE,ABP,True,cg034,InternalBleeding6,MatrixProfile,full,NA,0,7654,154,NA,self_join,7654,1500,3473,3629,9.723446608361801,5.167332445421555,2.17158884579094,5998,5690,True,True,3548,True,True,9.723446608361801,True,2.279882967025707,2.204837185709586,2.279882967025707,1347,0,0.0,0.2594,results/gate1/MatrixProfile/scores/099_full_self_join_seed0.npy
99,NOISEInternalBleeding6,NOISE,ABP,True,cg034,InternalBleeding6,MatrixProfile,train_prefix,NA,0,1500,154,NA,ab_join,7654,1500,3473,3629,9.820545648188611,6.976942638386451,2.32309955157362,5998,5690,True,True,3546,True,True,9.820545648188611,True,2.2127552041439884,2.191407825883065,5.230286352272107e-07,1347,0,0.0,0.0938,results/gate1/MatrixProfile/scores/099_train_prefix_ab_join_seed0.npy
100,NOISELab2Cmac011215EPG1,NOISE,EPG,False,cg037,Lab2Cmac011215EPG1,MatrixProfile,full,NA,0,30001,34,NA,self_join,30001,5000,17209,17260,4.021525311943156,2.3956765584577413,2.394192129464874,24950,24882,True,True,17230,True,True,4.021525311943156,True,3.3215952563908386,2.322985883574083,3.3215952563908386,4967,0,0.0001,2.5235,results/gate1/MatrixProfile/scores/100_full_self_join_seed0.npy
100,NOISELab2Cmac011215EPG1,NOISE,EPG,False,cg037,Lab2Cmac011215EPG1,MatrixProfile,train_prefix,NA,0,5000,34,NA,ab_join,30001,5000,17209,17260,4.325473908847875,3.180427331150748,3.1819282785505774,24950,24882,True,True,17231,True,True,4.325473908847875,True,2.3217882630919204,5.82862115371464e-07,7.915869346435919e-07,4967,0,0.0,0.6173,results/gate1/MatrixProfile/scores/100_train_prefix_ab_join_seed0.npy
101,NOISELab2Cmac011215EPG4,NOISE,EPG,False,cg040,Lab2Cmac011215EPG4,MatrixProfile,full,NA,0,30066,34,NA,self_join,30066,6000,17389,17520,5.23962331993832,2.498114052152972,2.46280499161466,23935,23867,True,True,17474,True,True,5.23962331993832,True,3.1725662608871654,2.359861379212516,3.1725662608871654,5967,0,0.0,2.2756,results/gate1/MatrixProfile/scores/101_full_self_join_seed0.npy
101,NOISELab2Cmac011215EPG4,NOISE,EPG,False,cg040,Lab2Cmac011215EPG4,MatrixProfile,train_prefix,NA,0,6000,34,NA,ab_join,30066,6000,17389,17520,5.640163931255601,3.3979054470191024,3.3210990176418473,23935,23867,True,True,17416,True,True,5.640163931255601,True,2.6269929618652306,6.841564347296355e-07,1.0534604574521563e-06,5967,0,0.0,0.8995,results/gate1/MatrixProfile/scores/101_train_prefix_ab_join_seed0.npy
102,NOISEMesoplodonDensirostris,NOISE,Acceleration,False,cg043,MesoplodonDensirostris,MatrixProfile,full,NA,0,24667,46,NA,self_join,24667,10000,19279,19440,6.810758974556141,6.766208913729683,6.766982224641675,14506,14414,True,True,15937,False,False,6.810758974556141,True,7.285425941837893,7.030707997196976,7.285425941837893,9955,0,0.0001,1.6077,results/gate1/MatrixProfile/scores/102_full_self_join_seed0.npy
102,NOISEMesoplodonDensirostris,NOISE,Acceleration,False,cg043,MesoplodonDensirostris,MatrixProfile,train_prefix,NA,0,10000,46,NA,ab_join,24667,10000,19279,19440,6.810758974556141,6.873431942660321,6.874042467064876,14506,14414,False,False,23181,False,False,6.810758974556141,False,4.03663958179365,4.250736384134091e-06,5.689317203174869e-06,9955,0,0.0,1.431,results/gate1/MatrixProfile/scores/102_train_prefix_ab_join_seed0.npy
103,NOISETkeepThirdMARS,NOISE,NASA,False,cg048,TkeepThirdMARS,MatrixProfile,full,NA,0,11308,98,NA,self_join,11308,3500,4710,4809,4.854280436646311,3.0863131158333243,1.4733338840221104,7709,7513,True,True,4769,True,True,4.854280436646311,True,1.467107489897774,1.3993928189198792,1.467107489897774,3403,0,0.0,0.5009,results/gate1/MatrixProfile/scores/103_full_self_join_seed0.npy
103,NOISETkeepThirdMARS,NOISE,NASA,False,cg048,TkeepThirdMARS,MatrixProfile,train_prefix,NA,0,3500,98,NA,ab_join,11308,3500,4710,4809,5.132392429696817,3.230336460647551,1.540251257595574,7709,7513,True,True,4771,True,True,5.132392429696817,True,1.3071926376668306,1.2485258474187368,6.919018486883581e-07,3403,0,0.0001,0.2185,results/gate1/MatrixProfile/scores/103_train_prefix_ab_join_seed0.npy
104,NOISEapneaecg4,NOISE,ECG,True,cg057,apneaecg4,MatrixProfile,full,NA,0,38269,40,NA,self_join,38269,6000,15999,16100,5.9767874996386166,6.137879235493363,6.138059950724137,32168,32088,False,False,30062,False,False,5.9767874996386166,False,6.5239309720270295,6.18130974440501,6.5239309720270295,5961,0,0.0001,4.4036,results/gate1/MatrixProfile/scores/104_full_self_join_seed0.npy
104,NOISEapneaecg4,NOISE,ECG,True,cg057,apneaecg4,MatrixProfile,train_prefix,NA,0,6000,40,NA,ab_join,38269,6000,15999,16100,6.343812272301003,6.495579897434426,6.496152866924794,32168,32088,False,False,30065,False,False,6.343812272301003,False,2.3042671990218984,4.026346871355953e-06,4.7693028136741545e-06,5961,0,0.0001,1.7132,results/gate1/MatrixProfile/scores/104_train_prefix_ab_join_seed0.npy
105,NOISEgait3,NOISE,Gait,False,cg059,gait3,MatrixProfile,full,NA,0,65000,125,NA,self_join,65000,24500,59899,60500,11.838384025590956,9.315778840304391,9.321619752977442,39899,39649,True,True,45484,False,False,11.838384025590956,True,13.840310718018694,13.376887688525121,13.840310718018694,24376,0,0.0001,13.0032,results/gate1/MatrixProfile/scores/105_full_self_join_seed0.npy
105,NOISEgait3,NOISE,Gait,False,cg059,gait3,MatrixProfile,train_prefix,NA,0,24500,125,NA,ab_join,65000,24500,59899,60500,11.838384025590956,9.536942781045322,9.550104791755897,39899,39649,True,True,41012,False,False,11.838384025590956,True,6.882548928831536,3.3857539956234386e-06,5.585451368686948e-06,24376,0,0.0001,6.5264,results/gate1/MatrixProfile/scores/105_train_prefix_ab_join_seed0.npy
106,NOISEgaitHunt2,NOISE,Gait,False,cg062,gaitHunt2,MatrixProfile,full,NA,0,64000,125,NA,self_join,64000,18500,31199,31850,12.216034908957646,9.295316557430251,9.180547211464393,44849,44599,True,True,23030,False,False,12.38672027835881,True,13.78949031601952,13.265831906190822,13.78949031601952,18376,0,0.0001,12.3492,results/gate1/MatrixProfile/scores/106_full_self_join_seed0.npy
106,NOISEgaitHunt2,NOISE,Gait,False,cg062,gaitHunt2,MatrixProfile,train_prefix,NA,0,18500,125,NA,ab_join,64000,18500,31199,31850,12.301662328744177,9.474398972229872,9.376953773758979,44849,44599,True,True,23030,False,False,12.472846640705802,True,7.15325513623768,2.9941694881633104e-06,4.184945425386315e-06,18376,0,0.0001,5.6643,results/gate1/MatrixProfile/scores/106_train_prefix_ab_join_seed0.npy
107,NOISEinsectEPG3,NOISE,EPG,False,cg065,insectEPG3,MatrixProfile,full,NA,0,9998,26,NA,self_join,9998,5200,6999,7050,0.7587646998543681,0.9184876988328647,0.9228360099542874,4747,4695,False,False,8826,False,False,0.7587646998543681,False,1.1588273157633702,0.7970644360393796,1.1588273157633702,5175,0,0.0,0.369,results/gate1/MatrixProfile/scores/107_full_self_join_seed0.npy
107,NOISEinsectEPG3,NOISE,EPG,False,cg065,insectEPG3,MatrixProfile,train_prefix,NA,0,5200,26,NA,ab_join,9998,5200,6999,7050,0.7587646998543681,0.9904384186733153,0.9906967015596833,4747,4695,False,False,8834,False,False,0.7587646998543681,False,0.6319185088074166,3.948104768840006e-07,4.2304603953893154e-07,5175,0,0.0,0.3471,results/gate1/MatrixProfile/scores/107_train_prefix_ab_join_seed0.npy
108,NOISEresperation2,NOISE,RESP,True,cg078,resperation2,MatrixProfile,full,NA,0,200051,125,NA,self_join,200051,30000,168249,168250,12.898319628136635,12.135272718529556,12.119009430935222,170050,169800,True,True,68318,False,False,13.167386127865925,True,13.110643973641572,11.613913311249862,13.110643973641572,29876,0,0.0003,99.0911,results/gate1/MatrixProfile/scores/108_full_self_join_seed0.npy
108,NOISEresperation2,NOISE,RESP,True,cg078,resperation2,MatrixProfile,train_prefix,NA,0,30000,125,NA,ab_join,200051,30000,168249,168250,13.06240854642713,12.437425094544526,12.424406065295397,170050,169800,True,True,93677,False,False,13.25255825324173,True,1.560351606862894,4.732761032684554e-06,6.337374686399332e-06,29876,0,0.0001,24.4541,results/gate1/MatrixProfile/scores/108_train_prefix_ab_join_seed0.npy
109,1sddb40,plain,ECG,True,cg001,1sddb40,MatrixProfile,full,NA,0,79795,208,NA,self_join,79795,35000,51999,52620,11.47121584908801,3.7714041165734318,3.7175942351171942,44174,43758,True,True,52458,True,True,11.47121584908801,True,5.400283878257331,3.9611198798889142,5.400283878257331,34793,0,0.0001,18.5396,results/gate1/MatrixProfile/scores/109_full_self_join_seed0.npy
109,1sddb40,plain,ECG,True,cg001,1sddb40,MatrixProfile,train_prefix,NA,0,35000,208,NA,ab_join,79795,35000,51999,52620,13.140776755405787,4.499076923648702,4.409870836545844,44174,43758,True,True,52423,True,True,13.140776755405787,True,2.6663607902458284,4.805480091749757e-07,1.0306606570357431e-06,34793,0,0.0001,11.9057,results/gate1/MatrixProfile/scores/109_train_prefix_ab_join_seed0.npy
110,2sddb40,plain,ECG,True,cg001,2sddb40,MatrixProfile,full,NA,0,80001,208,NA,self_join,80001,35000,56599,56900,18.682379842688157,3.7317958412454932,3.7120738806838216,44700,44284,True,True,56739,True,True,18.682379842688157,True,5.400283878257331,3.9611198798889142,5.400283878257331,34793,0,0.0001,19.0595,results/gate1/MatrixProfile/scores/110_full_self_join_seed0.npy
110,2sddb40,plain,ECG,True,cg001,2sddb40,MatrixProfile,train_prefix,NA,0,35000,208,NA,ab_join,80001,35000,56599,56900,18.72984187250819,4.4025150647670745,4.402342524689127,44700,44284,True,True,56741,True,True,18.72984187250819,True,2.6663607902458284,4.805480091749757e-07,1.0306606570357431e-06,34793,0,0.0001,10.7823,results/gate1/MatrixProfile/scores/110_train_prefix_ab_join_seed0.npy
111,3sddb40,plain,ECG,True,cg001,3sddb40,MatrixProfile,full,NA,0,80000,208,NA,self_join,80000,35000,46599,46900,5.523149699001738,3.7097383857269426,3.712076107826055,44699,44283,True,True,67262,False,False,5.523149699001738,True,5.400283878257331,3.9611198798889142,5.400283878257331,34793,0,0.0003,19.1051,results/gate1/MatrixProfile/scores/111_full_self_join_seed0.npy
111,3sddb40,plain,ECG,True,cg001,3sddb40,MatrixProfile,train_prefix,NA,0,35000,208,NA,ab_join,80000,35000,46599,46900,5.551140071441744,4.389609420515283,4.402344281755194,44699,44283,True,True,67256,False,False,5.551140071441744,True,2.6663607902458284,4.805480091749757e-07,1.0306606570357431e-06,34793,0,0.0003,10.3322,results/gate1/MatrixProfile/scores/111_train_prefix_ab_join_seed0.npy
112,BIDMC1,plain,ECG,True,cg004,BIDMC1,MatrixProfile,full,NA,0,11000,81,NA,self_join,11000,2500,5399,5600,8.90782965543892,0.8134401345402389,0.7716002307577129,8299,8137,True,True,5541,True,True,8.90782965543892,True,6.263964778455672,4.65013254498576,6.263964778455672,2420,0,0.0001,0.55,results/gate1/MatrixProfile/scores/112_full_self_join_seed0.npy
112,BIDMC1,plain,ECG,True,cg004,BIDMC1,MatrixProfile,train_prefix,NA,0,2500,81,NA,ab_join,11000,2500,5399,5600,8.931504473845314,1.1834714751444064,1.1641795197215454,8299,8137,True,True,5541,True,True,8.931504473845314,True,0.7066729068747278,0.4709124019628011,8.157620247108337e-07,2420,0,0.0,0.4525,results/gate1/MatrixProfile/scores/112_train_prefix_ab_join_seed0.npy
113,CIMIS44AirTemperature1,plain,Air Temperature,False,cg005,CIMIS44AirTemperature1,MatrixProfile,full,NA,0,8184,24,NA,self_join,8184,4000,5390,5392,2.2705884069421742,2.1873221291440164,1.9758188799360938,4182,4134,True,True,7205,False,False,2.2705884069421742,True,3.6421916983775007,2.2458713597587425,3.6421916983775007,3977,0,0.0001,0.3501,results/gate1/MatrixProfile/scores/113_full_self_join_seed0.npy
113,CIMIS44AirTemperature1,plain,Air Temperature,False,cg005,CIMIS44AirTemperature1,MatrixProfile,train_prefix,NA,0,4000,24,NA,ab_join,8184,4000,5390,5392,2.3172200442582094,2.296856976583875,2.172724558510933,4182,4134,True,True,7206,False,False,2.3172200442582094,True,1.031332422469698,0.0,1.0323827311807139e-07,3977,0,0.0001,0.3809,results/gate1/MatrixProfile/scores/113_train_prefix_ab_join_seed0.npy
114,CIMIS44AirTemperature2,plain,Air Temperature,False,cg005,CIMIS44AirTemperature2,MatrixProfile,full,NA,0,8184,24,NA,self_join,8184,4000,5702,5727,2.872083147711555,2.1720363290806928,2.1786762428763327,4159,4111,True,True,7205,False,False,2.872083147711555,True,3.6395010041321383,2.206745013204879,3.6395010041321383,3977,0,0.0,0.3698,results/gate1/MatrixProfile/scores/114_full_self_join_seed0.npy
114,CIMIS44AirTemperature2,plain,Air Temperature,False,cg005,CIMIS44AirTemperature2,MatrixProfile,train_prefix,NA,0,4000,24,NA,ab_join,8184,4000,5702,5727,2.872083147711555,2.2978193723192506,2.2998278503756824,4159,4111,True,True,7206,False,False,2.872083147711555,True,1.031332422469698,0.0,1.0323827311807139e-07,3977,0,0.0,0.3503,results/gate1/MatrixProfile/scores/114_train_prefix_ab_join_seed0.npy
115,CIMIS44AirTemperature3,plain,Air Temperature,False,cg005,CIMIS44AirTemperature3,MatrixProfile,full,NA,0,8184,24,NA,self_join,8184,4000,6519,6544,3.795657839296838,2.2901125279506993,2.1786762428763393,4159,4111,True,True,6519,True,True,3.795657839296838,True,3.536480747164874,2.2458713597587425,3.536480747164874,3977,0,0.0001,0.3479,results/gate1/MatrixProfile/scores/115_full_self_join_seed0.npy
115,CIMIS44AirTemperature3,plain,Air Temperature,False,cg005,CIMIS44AirTemperature3,MatrixProfile,train_prefix,NA,0,4000,24,NA,ab_join,8184,4000,6519,6544,3.9498120695975962,2.41422399731923,2.2998278503756824,4159,4111,True,True,7206,False,False,3.9498120695975962,True,1.031332422469698,0.0,1.0323827311807139e-07,3977,0,0.0,0.267,results/gate1/MatrixProfile/scores/115_train_prefix_ab_join_seed0.npy
116,CIMIS44AirTemperature4,plain,Air Temperature,False,cg005,CIMIS44AirTemperature4,MatrixProfile,full,NA,0,8184,24,NA,self_join,8184,4000,5548,5597,2.9444476232727212,2.2602631553744987,2.185729368259977,4135,4087,True,True,7205,False,False,2.9444476232727212,True,3.642191698377495,2.2458713597587425,3.642191698377495,3977,0,0.0001,0.2635,results/gate1/MatrixProfile/scores/116_full_self_join_seed0.npy
116,CIMIS44AirTemperature4,plain,Air Temperature,False,cg005,CIMIS44AirTemperature4,MatrixProfile,train_prefix,NA,0,4000,24,NA,ab_join,8184,4000,5548,5597,2.9483491754529396,2.332553662480041,2.304564137623225,4135,4087,True,True,7206,False,False,2.9483491754529396,True,1.031332422469698,0.0,1.0323827311807139e-07,3977,0,0.0,0.2368,results/gate1/MatrixProfile/scores/116_train_prefix_ab_join_seed0.npy
117,CIMIS44AirTemperature5,plain,Air Temperature,False,cg005,CIMIS44AirTemperature5,MatrixProfile,full,NA,0,8184,24,NA,self_join,8184,4000,4851,4900,5.385608433306606,2.2602631553745303,2.185729368259982,4135,4087,True,True,4864,True,True,5.385608433306606,True,3.639501004132074,2.2407677365935244,3.639501004132074,3977,0,0.0,0.2313,results/gate1/MatrixProfile/scores/117_full_self_join_seed0.npy
117,CIMIS44AirTemperature5,plain,Air Temperature,False,cg005,CIMIS44AirTemperature5,MatrixProfile,train_prefix,NA,0,4000,24,NA,ab_join,8184,4000,4851,4900,5.457927923753903,2.332553662480041,2.3045641376232084,4135,4087,True,True,4864,True,True,5.457927923753903,True,1.031332422469698,0.0,1.0323827311807139e-07,3977,0,0.0001,0.2402,results/gate1/MatrixProfile/scores/117_train_prefix_ab_join_seed0.npy
118,CIMIS44AirTemperature6,plain,Air Temperature,False,cg005,CIMIS44AirTemperature6,MatrixProfile,full,NA,0,8184,24,NA,self_join,8184,4000,6005,6054,4.713928435165771,2.3207712947148296,2.1857293682599686,4135,4087,True,True,6043,True,True,4.713928435165771,True,3.639501004132009,2.2458713597587425,3.639501004132009,3977,0,0.0002,0.2129,results/gate1/MatrixProfile/scores/118_full_self_join_seed0.npy
118,CIMIS44AirTemperature6,plain,Air Temperature,False,cg005,CIMIS44AirTemperature6,MatrixProfile,train_prefix,NA,0,4000,24,NA,ab_join,8184,4000,6005,6054,4.7263144548083345,2.4642946311806955,2.304564137623225,4135,4087,True,True,6044,True,True,4.7263144548083345,True,1.031332422469698,0.0,1.0323827311807139e-07,3977,0,0.0001,0.1576,results/gate1/MatrixProfile/scores/118_train_prefix_ab_join_seed0.npy
119,ECG1,plain,ECG,True,cg011,ECG1,MatrixProfile,full,NA,0,30000,91,NA,self_join,30000,10000,11799,12100,8.061281773861493,1.9625734015603582,1.9343838087554193,19699,19517,True,True,13546,False,False,8.061281773861493,True,7.206521157255712,1.8570084756040488,7.206521157255712,9910,0,0.0001,2.6742,results/gate1/MatrixProfile/scores/119_full_self_join_seed0.npy
119,ECG1,plain,ECG,True,cg011,ECG1,MatrixProfile,train_prefix,NA,0,10000,91,NA,ab_join,30000,10000,11799,12100,9.158233527998664,2.8976857331686157,2.8987715081395047,19699,19517,True,True,11983,True,True,9.158233527998664,True,1.0148268147343995,9.74517714187053e-07,1.4659865075655356e-05,9910,0,0.0001,1.3267,results/gate1/MatrixProfile/scores/119_train_prefix_ab_join_seed0.npy
120,ECG2,plain,ECG,True,cg011,ECG2,MatrixProfile,full,NA,0,30000,91,NA,self_join,30000,15000,15999,16100,3.488926606935805,2.2032006209018733,2.0830955941836566,14899,14717,True,True,25903,False,False,3.868600310636738,True,8.3115569365873,1.7484449113684768,8.3115569365873,14910,0,0.0,2.5901,results/gate1/MatrixProfile/scores/120_full_self_join_seed0.npy
120,ECG2,plain,ECG,True,cg011,ECG2,MatrixProfile,train_prefix,NA,0,15000,91,NA,ab_join,30000,15000,15999,16100,3.546191285637879,2.3558771180499454,2.250457769266094,14899,14717,True,True,25903,False,False,3.868600310636738,True,0.8028482466904922,1.295030077256417e-06,1.4659865075655356e-05,14910,0,0.0,1.8905,results/gate1/MatrixProfile/scores/120_train_prefix_ab_join_seed0.npy
121,ECG3,plain,ECG,True,cg013,ECG3,MatrixProfile,full,NA,0,30000,166,NA,self_join,30000,15000,15999,16100,12.582855005307083,2.3915680084986324,2.248668053160443,14899,14567,True,True,16104,True,True,13.253381708644051,True,3.7531590566499533,3.0593001740736896,3.7531590566499533,14835,0,0.0001,2.7973,results/gate1/MatrixProfile/scores/121_full_self_join_seed0.npy
121,ECG3,plain,ECG,True,cg013,ECG3,MatrixProfile,train_prefix,NA,0,15000,166,NA,ab_join,30000,15000,15999,16100,12.582855005307083,2.632614198419925,2.350892519860805,14899,14567,True,True,16105,True,True,14.508112222235624,True,2.2126041524163553,1.5831738692871839e-06,2.0677743862511702e-06,14835,0,0.0001,2.1754,results/gate1/MatrixProfile/scores/121_train_prefix_ab_join_seed0.npy
122,ECG3,plain,ECG,True,cg013,ECG3,MatrixProfile,full,NA,0,30000,166,NA,self_join,30000,8000,16999,17100,12.903321813905249,2.2921862148326073,2.1824449583324403,21899,21567,True,True,17103,True,True,13.53331769292737,True,3.7531590566499533,3.1912203500817498,3.7531590566499533,7835,0,0.0001,2.6006,results/gate1/MatrixProfile/scores/122_full_self_join_seed0.npy
122,ECG3,plain,ECG,True,cg013,ECG3,MatrixProfile,train_prefix,NA,0,8000,166,NA,ab_join,30000,8000,16999,17100,13.12365736324784,2.7396423535767673,2.5896405610624615,21899,21567,True,True,17103,True,True,13.909353921942728,True,1.2736298524983642,1.079107188944708,1.929455841985785e-06,7835,0,0.0006,1.3641,results/gate1/MatrixProfile/scores/122_train_prefix_ab_join_seed0.npy
123,ECG4,plain,ECG,True,cg015,ECG4,MatrixProfile,full,NA,0,200000,125,NA,self_join,200000,5000,16799,17100,6.607383605444493,4.373485923238017,4.340298764446162,194699,194449,True,True,17161,True,True,11.997543468652953,True,4.079591745975752,3.3316784948157405,4.079591745975752,4876,0,0.0001,108.5001,results/gate1/MatrixProfile/scores/123_full_self_join_seed0.npy
123,ECG4,plain,ECG,True,cg015,ECG4,MatrixProfile,train_prefix,NA,0,5000,125,NA,ab_join,200000,5000,16799,17100,8.72060702771039,7.3030038645616555,7.271142508354602,194699,194449,True,True,17161,True,True,12.544305240121888,True,4.882638060421277,3.275672619079265,1.2969147552199074e-05,4876,0,0.0001,7.1145,results/gate1/MatrixProfile/scores/123_train_prefix_ab_join_seed0.npy
124,ECG4,plain,ECG,True,cg013,ECG4,MatrixProfile,full,NA,0,30000,166,NA,self_join,30000,5000,16899,17100,15.455227194992752,3.1500836468664546,2.8479112793262016,24799,24467,True,True,17107,True,True,15.722790424765114,True,2.6140222091081675,1.5352603194502146,2.6140222091081675,4835,0,0.0001,2.3951,results/gate1/MatrixProfile/scores/124_full_self_join_seed0.npy
124,ECG4,plain,ECG,True,cg013,ECG4,MatrixProfile,train_prefix,NA,0,5000,166,NA,ab_join,30000,5000,16899,17100,15.825531010850424,3.470089244142771,3.1031402839406224,24799,24467,True,True,17107,True,True,15.943448464219989,True,1.4467130242131054,1.356556301347283,1.929455841985785e-06,4835,0,0.0001,1.2246,results/gate1/MatrixProfile/scores/124_train_prefix_ab_join_seed0.npy
125,ECG4,plain,ECG,True,cg013,ECG4,MatrixProfile,full,NA,0,30000,166,NA,self_join,30000,5000,16999,17100,15.004805798670922,3.108993925264756,2.847588430128002,24899,24567,True,True,17108,True,True,15.656774763122208,True,2.6140222091081675,1.5352603194502146,2.6140222091081675,4835,0,0.0001,1.9342,results/gate1/MatrixProfile/scores/125_full_self_join_seed0.npy
125,ECG4,plain,ECG,True,cg013,ECG4,MatrixProfile,train_prefix,NA,0,5000,166,NA,ab_join,30000,5000,16999,17100,15.150325198136825,3.335941728844388,3.1020567458912622,24899,24567,True,True,17107,True,True,15.943448464219985,True,1.4467130242131054,1.356556301347283,1.929455841985785e-06,4835,0,0.0001,1.0797,results/gate1/MatrixProfile/scores/125_train_prefix_ab_join_seed0.npy
126,ECG4,plain,ECG,True,cg013,ECG4,MatrixProfile,full,NA,0,30000,166,NA,self_join,30000,8000,16999,17100,11.195561982123543,2.3051732983248634,2.182444958332435,21899,21567,True,True,17088,True,True,11.195561982123543,True,3.7531590566499533,3.1912203500817498,3.7531590566499533,7835,0,0.0001,2.7396,results/gate1/MatrixProfile/scores/126_full_self_join_seed0.npy
126,ECG4,plain,ECG,True,cg013,ECG4,MatrixProfile,train_prefix,NA,0,8000,166,NA,ab_join,30000,8000,16999,17100,11.213317938991477,2.7499868793567868,2.5896405610624615,21899,21567,True,True,17087,True,True,11.213317938991477,True,1.2736298524983642,1.079107188944708,1.929455841985785e-06,7835,0,0.0001,1.0209,results/gate1/MatrixProfile/scores/126_train_prefix_ab_join_seed0.npy
127,GP711MarkerLFM5z1,plain,Gait,False,cg019,GP711MarkerLFM5z1,MatrixProfile,full,NA,0,12000,218,NA,self_join,12000,5000,6167,6212,4.502094869158942,4.303869256447605,1.3801672670473115,6955,6519,True,True,6246,True,True,4.880101397250214,True,0.9972051289837179,0.862154873023615,0.9972051289837179,4783,0,0.0008,0.7107,results/gate1/MatrixProfile/scores/127_full_self_join_seed0.npy
127,GP711MarkerLFM5z1,plain,Gait,False,cg019,GP711MarkerLFM5z1,MatrixProfile,train_prefix,NA,0,5000,218,NA,ab_join,12000,5000,6167,6212,5.058021427196678,5.006918904486807,1.620539494936277,6955,6519,True,True,6268,True,True,5.097749870886779,True,0.8293499885417015,0.6516436735957589,8.800520336767078e-07,4783,0,0.0001,0.4381,results/gate1/MatrixProfile/scores/127_train_prefix_ab_join_seed0.npy
128,GP711MarkerLFM5z2,plain,Gait,False,cg019,GP711MarkerLFM5z2,MatrixProfile,full,NA,0,12000,218,NA,self_join,12000,5000,7174,7388,14.959575344157857,10.977411008726888,1.3459829697096288,6786,6350,True,True,7331,True,True,14.959575344157857,True,0.9972051289837179,0.862154873023615,0.9972051289837179,4783,0,0.0001,0.5816,results/gate1/MatrixProfile/scores/128_full_self_join_seed0.npy
128,GP711MarkerLFM5z2,plain,Gait,False,cg019,GP711MarkerLFM5z2,MatrixProfile,train_prefix,NA,0,5000,218,NA,ab_join,12000,5000,7174,7388,16.432634980604107,11.313127357465147,1.459902674773272,6786,6350,True,True,7342,True,True,16.432634980604107,True,0.8293499885417015,0.6516436735957589,8.800520336767078e-07,4783,0,0.0,0.4767,results/gate1/MatrixProfile/scores/128_train_prefix_ab_join_seed0.npy
129,GP711MarkerLFM5z3,plain,Gait,False,cg019,GP711MarkerLFM5z3,MatrixProfile,full,NA,0,12000,218,NA,self_join,12000,5000,5947,5993,4.506661204364904,4.490927083744691,1.3140379799950817,6954,6518,True,True,6012,True,True,4.601141360365872,True,0.9972051289837179,0.862154873023615,0.9972051289837179,4783,0,0.0001,0.6939,results/gate1/MatrixProfile/scores/129_full_self_join_seed0.npy
129,GP711MarkerLFM5z3,plain,Gait,False,cg019,GP711MarkerLFM5z3,MatrixProfile,train_prefix,NA,0,5000,218,NA,ab_join,12000,5000,5947,5993,5.130121680682355,4.874027502302952,1.6205549601121707,6954,6518,True,True,6018,True,True,5.493506261729491,True,0.8293499885417015,0.6516436735957589,8.800520336767078e-07,4783,0,0.0001,0.3377,results/gate1/MatrixProfile/scores/129_train_prefix_ab_join_seed0.npy
130,GP711MarkerLFM5z4,plain,Gait,False,cg019,GP711MarkerLFM5z4,MatrixProfile,full,NA,0,12000,218,NA,self_join,12000,4000,6526,6645,10.746723010724901,8.323588222090725,1.2916700368700582,7881,7445,True,True,6493,True,True,11.279669675723689,True,1.205801630882531,1.0583130505243663,1.205801630882531,3783,0,0.0001,0.8217,results/gate1/MatrixProfile/scores/130_full_self_join_seed0.npy
130,GP711MarkerLFM5z4,plain,Gait,False,cg019,GP711MarkerLFM5z4,MatrixProfile,train_prefix,NA,0,4000,218,NA,ab_join,12000,4000,6526,6645,11.158291761378662,9.010004168167011,1.7593091134015366,7881,7445,True,True,6666,True,True,11.40527227229643,True,0.8674099591195293,0.6181029450671224,8.800520336767078e-07,3783,0,0.0001,0.3317,results/gate1/MatrixProfile/scores/130_train_prefix_ab_join_seed0.npy
131,GP711MarkerLFM5z5,plain,Gait,False,cg019,GP711MarkerLFM5z5,MatrixProfile,full,NA,0,12000,218,NA,self_join,12000,5000,8611,8716,11.282086269358555,7.497823242334751,1.2945417646915174,6895,6459,True,True,8758,True,True,11.451001765767005,True,0.9972051289837179,0.8621548730236156,0.9972051289837179,4783,0,0.0001,0.6121,results/gate1/MatrixProfile/scores/131_full_self_join_seed0.npy
131,GP711MarkerLFM5z5,plain,Gait,False,cg019,GP711MarkerLFM5z5,MatrixProfile,train_prefix,NA,0,5000,218,NA,ab_join,12000,5000,8611,8716,14.728147349451357,14.326119664677314,1.5288850809446752,6895,6459,True,True,8737,True,True,15.160976028543597,True,0.8293499885417015,0.6516436735957589,8.800520336767078e-07,4783,0,0.0001,0.3771,results/gate1/MatrixProfile/scores/131_train_prefix_ab_join_seed0.npy
132,InternalBleeding10,plain,ABP,True,cg024,InternalBleeding10,MatrixProfile,full,NA,0,7501,154,NA,self_join,7501,3200,4525,4556,3.4588737634681572,3.402400650387987,0.5509473654617459,4270,3962,True,True,4512,True,True,3.5545271170967845,True,0.6100112832808489,0.5622215282127582,0.6100112832808489,3047,0,0.0001,0.3357,results/gate1/MatrixProfile/scores/132_full_self_join_seed0.npy
132,InternalBleeding10,plain,ABP,True,cg024,InternalBleeding10,MatrixProfile,train_prefix,NA,0,3200,154,NA,ab_join,7501,3200,4525,4556,3.5458545546182103,3.402400650387987,0.7486030397598341,4270,3962,True,True,4519,True,True,3.561286069696039,True,0.5353079670517322,0.48011224075799447,6.405766385854684e-07,3047,0,0.0,0.2779,results/gate1/MatrixProfile/scores/132_train_prefix_ab_join_seed0.npy
133,InternalBleeding14,plain,ABP,True,cg024,InternalBleeding14,MatrixProfile,full,NA,0,7501,154,NA,self_join,7501,2800,5606,5634,7.273372822117253,7.278394433487379,0.6027175337008561,4673,4365,False,True,5582,True,True,7.395156331038249,True,0.6100112832808489,0.5646331767586933,0.6100112832808489,2647,0,0.0001,0.2418,results/gate1/MatrixProfile/scores/133_full_self_join_seed0.npy
133,InternalBleeding14,plain,ABP,True,cg024,InternalBleeding14,MatrixProfile,train_prefix,NA,0,2800,154,NA,ab_join,7501,2800,5606,5634,7.273372822117253,7.278394433487379,0.7525004252889996,4673,4365,False,True,5582,True,True,7.395156331038249,True,0.3649228531362931,0.33421387216505927,6.405766385854684e-07,2647,0,0.0,0.3503,results/gate1/MatrixProfile/scores/133_train_prefix_ab_join_seed0.npy
134,InternalBleeding15,plain,ABP,True,cg026,InternalBleeding15,MatrixProfile,full,NA,0,7601,173,NA,self_join,7601,1700,5683,5854,4.819316348429844,4.645990445111139,0.4884171906198581,5730,5384,True,True,5892,True,True,7.128087335017297,True,0.5968748371854653,0.5781649978780883,0.5968748371854653,1528,0,0.0,0.3504,results/gate1/MatrixProfile/scores/134_full_self_join_seed0.npy
134,InternalBleeding15,plain,ABP,True,cg026,InternalBleeding15,MatrixProfile,train_prefix,NA,0,1700,173,NA,ab_join,7601,1700,5683,5854,5.044656592104736,5.045377357435797,0.8067918157323559,5730,5384,False,True,5893,True,True,7.226367674628015,True,0.7536767204621735,0.5886377528008921,8.315328614892784e-07,1528,0,0.0,0.2978,results/gate1/MatrixProfile/scores/134_train_prefix_ab_join_seed0.npy
135,InternalBleeding16,plain,ABP,True,cg027,InternalBleeding16,MatrixProfile,full,NA,0,7501,183,NA,self_join,7501,1200,4186,4199,1.1122325544651364,1.1251394716543412,0.3488897974566858,6288,5922,False,True,4272,True,True,1.3840488720279178,True,0.395729023481656,0.370510045202904,0.395729023481656,1018,0,0.0001,0.3845,results/gate1/MatrixProfile/scores/135_full_self_join_seed0.npy
135,InternalBleeding16,plain,ABP,True,cg027,InternalBleeding16,MatrixProfile,train_prefix,NA,0,1200,183,NA,ab_join,7501,1200,4186,4199,1.1167799916629322,1.2179958139916964,0.858930215486457,6288,5922,False,True,4266,True,True,1.6328779162570666,True,0.8110186623007124,0.7457993931237584,7.542401990201333e-07,1018,0,0.0001,0.2543,results/gate1/MatrixProfile/scores/135_train_prefix_ab_join_seed0.npy
136,InternalBleeding17,plain,ABP,True,cg027,InternalBleeding17,MatrixProfile,full,NA,0,7500,183,NA,self_join,7500,1600,3197,3309,3.936579808485927,2.7588989039066716,0.35923512428476334,5788,5422,True,True,3217,True,True,3.936579808485927,True,0.395729023481656,0.36685146108130406,0.395729023481656,1418,0,0.0,0.4172,results/gate1/MatrixProfile/scores/136_full_self_join_seed0.npy
136,InternalBleeding17,plain,ABP,True,cg027,InternalBleeding17,MatrixProfile,train_prefix,NA,0,1600,183,NA,ab_join,7500,1600,3197,3309,3.9440078792671116,2.766549580084209,0.8059859258225406,5788,5422,True,True,3217,True,True,3.9440078792671116,True,0.33717988780465885,0.2677504565310282,7.542401990201333e-07,1418,0,0.0,0.2252,results/gate1/MatrixProfile/scores/136_train_prefix_ab_join_seed0.npy
137,InternalBleeding18,plain,ABP,True,cg027,InternalBleeding18,MatrixProfile,full,NA,0,7500,183,NA,self_join,7500,2300,4484,4587,1.5363919528226433,1.1896972266963932,0.35429992843446195,5097,4731,True,True,4495,True,True,1.5363919528226433,True,0.395729023481656,0.366435085874561,0.395729023481656,2118,0,0.0,0.514,results/gate1/MatrixProfile/scores/137_full_self_join_seed0.npy
137,InternalBleeding18,plain,ABP,True,cg027,InternalBleeding18,MatrixProfile,train_prefix,NA,0,2300,183,NA,ab_join,7500,2300,4484,4587,1.5632211414481625,1.240063258145168,0.7347434955414884,5097,4731,True,True,4507,True,True,1.5632211414481625,True,0.371957741872279,0.32805885474226465,7.542401990201333e-07,2118,0,0.0,0.2034,results/gate1/MatrixProfile/scores/137_train_prefix_ab_join_seed0.npy
138,InternalBleeding19,plain,ABP,True,cg027,InternalBleeding19,MatrixProfile,full,NA,0,7500,183,NA,self_join,7500,3000,4186,4197,2.204706565236494,2.429256171141141,0.36573077185847425,4489,4123,False,True,4268,True,True,2.793293003813311,True,0.395729023481656,0.35838828754870383,0.395729023481656,2818,0,0.0001,0.352,results/gate1/MatrixProfile/scores/138_full_self_join_seed0.npy
138,InternalBleeding19,plain,ABP,True,cg027,InternalBleeding19,MatrixProfile,train_prefix,NA,0,3000,183,NA,ab_join,7500,3000,4186,4197,2.21808090879872,2.448960230753049,0.6981664394734748,4489,4123,False,True,4266,True,True,2.8157851539718637,True,0.2921318193802451,0.23589661172871665,7.542401990201333e-07,2818,0,0.0001,0.129,results/gate1/MatrixProfile/scores/138_train_prefix_ab_join_seed0.npy
139,InternalBleeding20,plain,ABP,True,cg027,InternalBleeding20,MatrixProfile,full,NA,0,7500,183,NA,self_join,7500,2700,5758,5919,9.812955887742193,3.0493703480625367,0.3592530735982864,4639,4273,True,True,5887,True,True,9.812955887742193,True,0.395729023481656,0.36179070608739944,0.395729023481656,2518,0,0.0,0.3959,results/gate1/MatrixProfile/scores/139_full_self_join_seed0.npy
139,InternalBleeding20,plain,ABP,True,cg027,InternalBleeding20,MatrixProfile,train_prefix,NA,0,2700,183,NA,ab_join,7500,2700,5758,5919,9.812955887742193,3.055948556106771,0.6929749130047642,4639,4273,True,True,5887,True,True,9.812955887742193,True,0.23555572884630704,0.2304117437778425,7.542401990201333e-07,2518,0,0.0001,0.2297,results/gate1/MatrixProfile/scores/139_train_prefix_ab_join_seed0.npy
140,InternalBleeding4,plain,ABP,True,cg032,InternalBleeding4,MatrixProfile,full,NA,0,7321,178,NA,self_join,7321,1000,4674,5033,9.946891229135389,3.6991468055044083,0.5864316003232475,5962,5606,True,True,4770,True,True,9.946891229135389,True,0.7475799895237287,0.7188892879543068,0.7475799895237287,823,0,0.0,0.486,results/gate1/MatrixProfile/scores/140_full_self_join_seed0.npy
140,InternalBleeding4,plain,ABP,True,cg032,InternalBleeding4,MatrixProfile,train_prefix,NA,0,1000,178,NA,ab_join,7321,1000,4674,5033,15.307400289448431,3.996186542992003,1.0479286298986383,5962,5606,True,True,4784,True,True,15.307400289448431,True,0.6910694040767961,0.6864616013299983,1.0519839879705186e-06,823,0,0.0001,0.2621,results/gate1/MatrixProfile/scores/140_train_prefix_ab_join_seed0.npy
141,InternalBleeding5,plain,ABP,True,cg033,InternalBleeding5,MatrixProfile,full,NA,0,7415,173,NA,self_join,7415,4000,6199,6370,13.311695113007534,7.2536296810903265,0.49498280640496883,3244,2898,True,True,6246,True,True,13.311695113007534,True,0.5968748371854653,0.5027878327471246,0.5968748371854653,3828,0,0.0001,0.4643,results/gate1/MatrixProfile/scores/141_full_self_join_seed0.npy
141,InternalBleeding5,plain,ABP,True,cg033,InternalBleeding5,MatrixProfile,train_prefix,NA,0,4000,173,NA,ab_join,7415,4000,6199,6370,13.334864205669067,7.327792962018882,0.552980204870329,3244,2898,True,True,6246,True,True,13.334864205669067,True,0.48948354917332065,0.4772959097422643,8.315328614892784e-07,3828,0,0.0001,0.2106,results/gate1/MatrixProfile/scores/141_train_prefix_ab_join_seed0.npy
142,InternalBleeding6,plain,ABP,True,cg034,InternalBleeding6,MatrixProfile,full,NA,0,7654,154,NA,self_join,7654,1500,3473,3629,9.54599735766143,4.491013026707876,0.8061047111904965,5998,5690,True,True,3544,True,True,9.54599735766143,True,0.6600271922660697,0.6197943882049346,0.6558105167154991,1347,0,0.0,0.5286,results/gate1/MatrixProfile/scores/142_full_self_join_seed0.npy
142,InternalBleeding6,plain,ABP,True,cg034,InternalBleeding6,MatrixProfile,train_prefix,NA,0,1500,154,NA,ab_join,7654,1500,3473,3629,9.642104808998043,6.671005410367011,1.1165832761101493,5998,5690,True,True,3543,True,True,9.642104808998043,True,0.7530340768866556,0.656664522187726,5.847637912734921e-07,1347,0,0.0,0.1356,results/gate1/MatrixProfile/scores/142_train_prefix_ab_join_seed0.npy
143,InternalBleeding8,plain,ABP,True,cg035,InternalBleeding8,MatrixProfile,full,NA,0,7501,165,NA,self_join,7501,2500,5864,5974,1.5110806863324981,1.2841870199336005,0.6163593195678589,4891,4561,True,True,5848,True,True,1.5368624106721496,True,0.7104329637942587,0.6738347530763724,0.7104329637942587,2336,0,0.0,0.4703,results/gate1/MatrixProfile/scores/143_full_self_join_seed0.npy
143,InternalBleeding8,plain,ABP,True,cg035,InternalBleeding8,MatrixProfile,train_prefix,NA,0,2500,165,NA,ab_join,7501,2500,5864,5974,1.7643045950354839,1.4758179751871197,1.162241840919223,4891,4561,True,True,5905,True,True,1.7643045950354839,True,0.8710229785179847,0.736834225896062,6.901345358436949e-07,2336,0,0.0,0.187,results/gate1/MatrixProfile/scores/143_train_prefix_ab_join_seed0.npy
144,InternalBleeding9,plain,ABP,True,cg036,InternalBleeding9,MatrixProfile,full,NA,0,7501,175,NA,self_join,7501,4200,6598,6681,0.4822676363539405,0.4826358730013605,0.48814809465944,3218,2868,False,False,5806,False,False,0.4822676363539405,False,0.5980805496752808,0.5415454129250968,0.5980805496752808,4026,0,0.0001,0.608,results/gate1/MatrixProfile/scores/144_full_self_join_seed0.npy
144,InternalBleeding9,plain,ABP,True,cg036,InternalBleeding9,MatrixProfile,train_prefix,NA,0,4200,175,NA,ab_join,7501,4200,6598,6681,0.5237065462421151,0.5122482488374077,0.5129296622665783,3218,2868,True,True,6137,False,False,0.5237065462421151,True,0.4321674101009276,0.28796246426215477,7.375698489406456e-07,4026,0,0.0,0.2295,results/gate1/MatrixProfile/scores/144_train_prefix_ab_join_seed0.npy
145,Lab2Cmac011215EPG1,plain,EPG,False,cg037,Lab2Cmac011215EPG1,MatrixProfile,full,NA,0,30001,33,NA,self_join,30001,5000,17209,17260,3.8777192564623384,2.321376352718389,2.319337127927497,24950,24884,True,True,17230,True,True,3.8777192564623384,True,3.11006612013984,2.2867537769032964,3.11006612013984,4968,0,0.0009,3.35,results/gate1/MatrixProfile/scores/145_full_self_join_seed0.npy
145,Lab2Cmac011215EPG1,plain,EPG,False,cg037,Lab2Cmac011215EPG1,MatrixProfile,train_prefix,NA,0,5000,33,NA,ab_join,30001,5000,17209,17260,4.313347422335366,3.053892926871345,3.054677806863176,24950,24884,True,True,17231,True,True,4.313347422335366,True,2.351025436478704,8.343319701653373e-07,1.1193738006546123e-06,4968,0,0.0,1.1927,results/gate1/MatrixProfile/scores/145_train_prefix_ab_join_seed0.npy
146,Lab2Cmac011215EPG2,plain,EPG,False,cg037,Lab2Cmac011215EPG2,MatrixProfile,full,NA,0,29950,33,NA,self_join,29950,5000,27861,27932,4.874876840980388,2.3237064173845012,2.3214052004952506,24879,24813,True,True,27912,True,True,4.874876840980388,True,3.1100661201398556,2.2867537769032964,3.1100661201398556,4968,0,0.0001,3.1679,results/gate1/MatrixProfile/scores/146_full_self_join_seed0.npy
146,Lab2Cmac011215EPG2,plain,EPG,False,cg037,Lab2Cmac011215EPG2,MatrixProfile,train_prefix,NA,0,5000,33,NA,ab_join,29950,5000,27861,27932,5.3369159069705,3.054779355522993,3.056119797832501,24879,24813,True,True,27914,True,True,5.3369159069705,True,2.351025436478704,8.343319701653373e-07,1.1193738006546123e-06,4968,0,0.0001,1.3891,results/gate1/MatrixProfile/scores/146_train_prefix_ab_join_seed0.npy
147,Lab2Cmac011215EPG3,plain,EPG,False,cg037,Lab2Cmac011215EPG3,MatrixProfile,full,NA,0,29950,33,NA,self_join,29950,5000,16389,16420,5.137092921397565,2.341257824922658,2.3213740137094545,24919,24853,True,True,16400,True,True,5.137092921397565,True,3.11006612013984,2.2867537769032964,3.11006612013984,4968,0,0.0,3.3428,results/gate1/MatrixProfile/scores/147_full_self_join_seed0.npy
147,Lab2Cmac011215EPG3,plain,EPG,False,cg037,Lab2Cmac011215EPG3,MatrixProfile,train_prefix,NA,0,5000,33,NA,ab_join,29950,5000,16389,16420,5.414928576299233,3.1036744244420804,3.0553074085540084,24919,24853,True,True,16398,True,True,5.414928576299233,True,2.351025436478704,8.343319701653373e-07,1.1193738006546123e-06,4968,0,0.0001,1.1726,results/gate1/MatrixProfile/scores/147_train_prefix_ab_join_seed0.npy
148,Lab2Cmac011215EPG4,plain,EPG,False,cg040,Lab2Cmac011215EPG4,MatrixProfile,full,NA,0,30066,34,NA,self_join,30066,6000,17389,17520,4.841105295413424,2.370975172541769,2.3611342594817506,23935,23867,True,True,17474,True,True,4.841105295413424,True,2.9286405061419,2.247773434882086,2.9286405061419,5967,0,0.0001,3.2764,results/gate1/MatrixProfile/scores/148_full_self_join_seed0.npy
148,Lab2Cmac011215EPG4,plain,EPG,False,cg040,Lab2Cmac011215EPG4,MatrixProfile,train_prefix,NA,0,6000,34,NA,ab_join,30066,6000,17389,17520,5.651449606326302,3.342558481795564,3.275124741228282,23935,23867,True,True,17474,True,True,5.651449606326302,True,2.7076147947596274,1.3262870579991716e-06,2.1565023082644394e-06,5967,0,0.0,1.5169,results/gate1/MatrixProfile/scores/148_train_prefix_ab_join_seed0.npy
149,Lab2Cmac011215EPG5,plain,EPG,False,cg041,Lab2Cmac011215EPG5,MatrixProfile,full,NA,0,29826,33,NA,self_join,29826,7000,17389,17520,4.891884901073503,2.3072799997152793,2.2987234298907495,22695,22629,True,True,17448,True,True,4.891884901073503,True,3.6449753445716833,2.340949002353524,3.6449753445716833,6968,0,0.0009,3.2326,results/gate1/MatrixProfile/scores/149_full_self_join_seed0.npy
149,Lab2Cmac011215EPG5,plain,EPG,False,cg041,Lab2Cmac011215EPG5,MatrixProfile,train_prefix,NA,0,7000,33,NA,ab_join,29826,7000,17389,17520,5.510344542258603,2.9958517244345546,2.9621532560239734,22695,22629,True,True,17441,True,True,5.510344542258603,True,1.364897559467475,1.0691860385319513e-06,1.7542913738204762e-06,6968,0,0.0001,1.5123,results/gate1/MatrixProfile/scores/149_train_prefix_ab_join_seed0.npy
150,Lab2Cmac011215EPG6,plain,EPG,False,cg042,Lab2Cmac011215EPG6,MatrixProfile,full,NA,0,29859,33,NA,self_join,29859,7000,12189,12420,4.528726586678464,2.3066297160687985,2.296866712504606,22628,22562,True,True,12409,True,True,4.528726586678464,True,3.644975344571691,2.3413201067526996,3.644975344571691,6968,0,0.0004,3.2208,results/gate1/MatrixProfile/scores/150_full_self_join_seed0.npy
150,Lab2Cmac011215EPG6,plain,EPG,False,cg042,Lab2Cmac011215EPG6,MatrixProfile,train_prefix,NA,0,7000,33,NA,ab_join,29859,7000,12189,12420,5.2996305217052635,2.9933553250899956,2.9639402810679165,22628,22562,True,True,12291,True,True,5.2996305217052635,True,1.5359975984737388,1.0726072243323442e-06,1.7542913738204762e-06,6968,0,0.0001,1.59,results/gate1/MatrixProfile/scores/150_train_prefix_ab_join_seed0.npy
151,MesoplodonDensirostris,plain,Acceleration,False,cg043,MesoplodonDensirostris,MatrixProfile,full,NA,0,24667,46,NA,self_join,24667,10000,19279,19440,4.53515469496868,5.065373948907284,5.069756111300301,14506,14414,False,False,14981,False,False,4.53515469496868,False,7.144284121830673,6.275658775079523,7.144284121830673,9955,0,0.0003,2.3532,results/gate1/MatrixProfile/scores/151_full_self_join_seed0.npy
151,MesoplodonDensirostris,plain,Acceleration,False,cg043,MesoplodonDensirostris,MatrixProfile,train_prefix,NA,0,10000,46,NA,ab_join,24667,10000,19279,19440,4.53515469496868,5.240791541204533,5.251337283246581,14506,14414,False,False,14978,False,False,4.53515469496868,False,0.941366832549333,3.7211611833377046e-05,4.545839976660618e-05,9955,0,0.0001,1.4937,results/gate1/MatrixProfile/scores/151_train_prefix_ab_join_seed0.npy
152,PowerDemand1,plain,Power Demand,False,cg044,PowerDemand1,MatrixProfile,full,NA,0,29931,168,NA,self_join,29931,9000,18484,18821,11.758349344481525,6.9910365558425225,6.814007889113034,20594,20258,True,True,18520,True,True,11.758349344481525,True,8.500148812927945,7.0326676710055445,8.500148812927945,8833,0,0.0001,3.0813,results/gate1/MatrixProfile/scores/152_full_self_join_seed0.npy
152,PowerDemand1,plain,Power Demand,False,cg044,PowerDemand1,MatrixProfile,train_prefix,NA,0,9000,168,NA,ab_join,29931,9000,18484,18821,12.201368888025266,7.81291016190121,7.6856372176091075,20594,20258,True,True,18531,True,True,12.201368888025266,True,3.1587547049041675,2.8843410859491863e-06,2.922755556093565e-06,8833,0,0.0001,2.0119,results/gate1/MatrixProfile/scores/152_train_prefix_ab_join_seed0.npy
153,PowerDemand2,plain,Power Demand,False,cg044,PowerDemand2,MatrixProfile,full,NA,0,29931,168,NA,self_join,29931,14000,23356,23717,4.6567769609692515,6.986233755275039,6.999315434772426,15570,15234,False,False,14170,False,False,4.705199524149625,False,8.500148812927945,6.680119149526509,8.500148812927945,13833,0,0.0004,3.3978,results/gate1/MatrixProfile/scores/153_full_self_join_seed0.npy
153,PowerDemand2,plain,Power Demand,False,cg044,PowerDemand2,MatrixProfile,train_prefix,NA,0,14000,168,NA,ab_join,29931,14000,23356,23717,5.741657863517994,7.471205134335179,7.501053368367405,15570,15234,False,False,26379,False,False,5.741657863517994,False,3.490507835991928,2.75190511965942e-06,2.922755556093565e-06,13833,0,0.0001,2.2095,results/gate1/MatrixProfile/scores/153_train_prefix_ab_join_seed0.npy
154,PowerDemand3,plain,Power Demand,False,cg044,PowerDemand3,MatrixProfile,full,NA,0,29931,168,NA,self_join,29931,16000,23404,23477,7.065059200020234,6.69992744710318,6.6563120814721275,13858,13522,True,True,26370,False,False,7.065059200020234,True,8.500148812927945,7.130536945409866,8.500148812927945,15833,0,0.0001,3.2006,results/gate1/MatrixProfile/scores/154_full_self_join_seed0.npy
154,PowerDemand3,plain,Power Demand,False,cg044,PowerDemand3,MatrixProfile,train_prefix,NA,0,16000,168,NA,ab_join,29931,16000,23404,23477,7.065059200020234,7.212152694832878,7.216597032211707,13858,13522,False,False,26379,False,False,7.065059200020234,False,2.750545753062519,3.156187485981848e-06,3.7351715645535704e-06,15833,0,0.0001,2.7316,results/gate1/MatrixProfile/scores/154_train_prefix_ab_join_seed0.npy
155,PowerDemand4,plain,Power Demand,False,cg044,PowerDemand4,MatrixProfile,full,NA,0,29931,168,NA,self_join,29931,18000,24004,24077,9.208735373865318,7.137089971269081,6.717145826770666,11858,11522,True,True,24057,True,True,9.208735373865318,True,8.500148812927945,7.0748455188575194,8.500148812927945,17833,0,0.0001,3.1329,results/gate1/MatrixProfile/scores/155_full_self_join_seed0.npy
155,PowerDemand4,plain,Power Demand,False,cg044,PowerDemand4,MatrixProfile,train_prefix,NA,0,18000,168,NA,ab_join,29931,18000,24004,24077,9.208735373865318,7.1477868672309,6.894693305508829,11858,11522,True,True,24057,True,True,9.208735373865318,True,2.1604086127466124,2.910092353092711e-06,3.7351715645535704e-06,17833,0,0.0001,2.4715,results/gate1/MatrixProfile/scores/155_train_prefix_ab_join_seed0.npy
156,TkeepFifthMARS,plain,NASA,False,cg048,TkeepFifthMARS,MatrixProfile,full,NA,0,11334,98,NA,self_join,11334,3500,5987,6085,7.1424943853675025,1.1939901986723427,0.6604301972094201,7736,7540,True,True,6038,True,True,7.1424943853675025,True,0.5549958870679996,0.47644054215162895,0.5549958870679996,3403,0,0.0001,0.7453,results/gate1/MatrixProfile/scores/156_full_self_join_seed0.npy
156,TkeepFifthMARS,plain,NASA,False,cg048,TkeepFifthMARS,MatrixProfile,train_prefix,NA,0,3500,98,NA,ab_join,11334,3500,5987,6085,7.168638212410289,1.436310892720537,0.7317278248537461,7736,7540,True,True,6038,True,True,7.168638212410289,True,0.291553104404185,0.23299507090842017,6.082156786906287e-07,3403,0,0.0001,0.422,results/gate1/MatrixProfile/scores/156_train_prefix_ab_join_seed0.npy
157,TkeepFirstMARS,plain,NASA,False,cg048,TkeepFirstMARS,MatrixProfile,full,NA,0,11406,98,NA,self_join,11406,3500,5364,5380,1.0089945249820655,0.5900497691702555,0.5700949736355644,7890,7694,True,True,5377,True,True,1.0089945249820655,True,0.5549958870679996,0.47592267249543735,0.5549958870679996,3403,0,0.0001,0.7595,results/gate1/MatrixProfile/scores/157_full_self_join_seed0.npy
157,TkeepFirstMARS,plain,NASA,False,cg048,TkeepFirstMARS,MatrixProfile,train_prefix,NA,0,3500,98,NA,ab_join,11406,3500,5364,5380,1.2556471650244585,0.6173893484261237,0.5977349602187224,7890,7694,True,True,5376,True,True,1.2556471650244585,True,0.291553104404185,0.23299507090842017,6.082156786906287e-07,3403,0,0.0001,0.5086,results/gate1/MatrixProfile/scores/157_train_prefix_ab_join_seed0.npy
158,TkeepForthMARS,plain,NASA,False,cg048,TkeepForthMARS,MatrixProfile,full,NA,0,11308,98,NA,self_join,11308,3500,5987,6085,0.9807808366239666,0.7895131875983833,0.6609073200210668,7710,7514,True,True,5281,False,False,0.9807808366239666,True,0.5549958870679996,0.47644054215101234,0.5549958870679996,3403,0,0.0001,0.4737,results/gate1/MatrixProfile/scores/158_full_self_join_seed0.npy
158,TkeepForthMARS,plain,NASA,False,cg048,TkeepForthMARS,MatrixProfile,train_prefix,NA,0,3500,98,NA,ab_join,11308,3500,5987,6085,1.0137819236757717,0.8261091960316224,0.7342698363425455,7710,7514,True,True,5284,False,False,1.0137819236757717,True,0.291553104404185,0.23299507090842017,6.082156786906287e-07,3403,0,0.0001,0.3651,results/gate1/MatrixProfile/scores/158_train_prefix_ab_join_seed0.npy
159,TkeepSecondMARS,plain,NASA,False,cg048,TkeepSecondMARS,MatrixProfile,full,NA,0,11388,98,NA,self_join,11388,3500,9329,9340,2.353460594170007,2.122882948988564,0.6328814480974431,7877,7681,True,True,9362,True,True,8.117291170518799,True,0.5549958870679996,0.47644054215089815,0.5549958870679996,3403,0,0.0001,0.6607,results/gate1/MatrixProfile/scores/159_full_self_join_seed0.npy
159,TkeepSecondMARS,plain,NASA,False,cg048,TkeepSecondMARS,MatrixProfile,train_prefix,NA,0,3500,98,NA,ab_join,11388,3500,9329,9340,2.567626213820823,2.507362083423359,0.714824050490278,7877,7681,True,True,9362,True,True,8.117291170518799,True,0.291553104404185,0.23299507090842017,6.082156786906287e-07,3403,0,0.0001,0.3612,results/gate1/MatrixProfile/scores/159_train_prefix_ab_join_seed0.npy
160,TkeepThirdMARS,plain,NASA,False,cg048,TkeepThirdMARS,MatrixProfile,full,NA,0,11308,98,NA,self_join,11308,3500,4710,4809,4.629833176862062,2.8305796534625363,0.660925670898111,7709,7513,True,True,4770,True,True,4.629833176862062,True,0.5549958870679996,0.4764405421506472,0.5549958870679996,3403,0,0.0001,0.647,results/gate1/MatrixProfile/scores/160_full_self_join_seed0.npy
160,TkeepThirdMARS,plain,NASA,False,cg048,TkeepThirdMARS,MatrixProfile,train_prefix,NA,0,3500,98,NA,ab_join,11308,3500,4710,4809,4.9968307083412355,2.9394880860713757,0.7343676060151942,7709,7513,True,True,4770,True,True,4.9968307083412355,True,0.291553104404185,0.23299507090842017,6.082156786906287e-07,3403,0,0.0001,0.3336,results/gate1/MatrixProfile/scores/160_train_prefix_ab_join_seed0.npy
161,WalkingAceleration1,plain,Acceleration,False,cg053,WalkingAceleration1,MatrixProfile,full,NA,0,6684,115,NA,self_join,6684,1500,2763,2995,6.7147637577762795,10.005984671172763,10.027269474879295,4952,4722,False,False,5769,False,False,6.7147637577762795,False,8.241304551942413,7.95887386548626,7.073569794733036,1386,0,0.0,0.2608,results/gate1/MatrixProfile/scores/161_full_self_join_seed0.npy
161,WalkingAceleration1,plain,Acceleration,False,cg053,WalkingAceleration1,MatrixProfile,train_prefix,NA,0,1500,115,NA,ab_join,6684,1500,2763,2995,7.674576324159962,11.27550945324001,11.28175205927914,4952,4722,False,False,4052,False,False,7.674576324159962,False,8.786071963326354,8.42669712903825,5.761568227166296e-07,1386,0,0.0001,0.2237,results/gate1/MatrixProfile/scores/161_train_prefix_ab_join_seed0.npy
162,WalkingAceleration5,plain,Acceleration,False,cg053,WalkingAceleration5,MatrixProfile,full,NA,0,6684,115,NA,self_join,6684,2700,5919,5979,10.720355167240111,10.709809988324844,10.55093627067313,3924,3694,True,True,5986,True,True,11.527285173469648,True,8.786071963326354,8.142644087296679,8.786071963326354,2586,0,0.0001,0.442,results/gate1/MatrixProfile/scores/162_full_self_join_seed0.npy
162,WalkingAceleration5,plain,Acceleration,False,cg053,WalkingAceleration5,MatrixProfile,train_prefix,NA,0,2700,115,NA,ab_join,6684,2700,5919,5979,11.280438417279642,11.162468889794184,11.09939945565168,3924,3694,True,True,5987,True,True,11.799046020795458,True,5.926215199785166,5.277855110211722,9.979328900726569e-07,2586,0,0.0,0.1673,results/gate1/MatrixProfile/scores/162_train_prefix_ab_join_seed0.npy
163,apneaecg2,plain,ECG,True,cg055,apneaecg2,MatrixProfile,full,NA,0,38501,40,NA,self_join,38501,10000,20949,21100,4.149898648247374,3.6505929898010057,3.6514178299133326,28350,28270,True,True,28093,False,False,4.149898648247374,True,6.377167437686487,4.067545324442626,6.377167437686487,9961,0,0.0001,5.3509,results/gate1/MatrixProfile/scores/163_full_self_join_seed0.npy
163,apneaecg2,plain,ECG,True,cg055,apneaecg2,MatrixProfile,train_prefix,NA,0,10000,40,NA,ab_join,38501,10000,20949,21100,4.878854341913973,3.9284583754568794,3.930995163732061,28350,28270,True,True,28084,False,False,4.878854341913973,True,3.9340550829241194,4.307624323434372e-05,6.569658178355538e-05,9961,0,0.0001,2.259,results/gate1/MatrixProfile/scores/163_train_prefix_ab_join_seed0.npy
164,apneaecg3,plain,ECG,True,cg056,apneaecg3,MatrixProfile,full,NA,0,38379,40,NA,self_join,38379,5000,11110,11211,7.17711331260611,3.828556656608859,3.80299672315384,33278,33198,True,True,11182,True,True,7.17711331260611,True,4.967028111300792,3.272198622973583,4.967028111300792,4961,0,0.0006,5.3145,results/gate1/MatrixProfile/scores/164_full_self_join_seed0.npy
164,apneaecg3,plain,ECG,True,cg056,apneaecg3,MatrixProfile,train_prefix,NA,0,5000,40,NA,ab_join,38379,5000,11110,11211,7.484501485748642,4.308491140737341,4.289118272768231,33278,33198,True,True,11206,True,True,7.484501485748642,True,0.3211007893543382,3.136119164427325e-05,6.569658178355538e-05,4961,0,0.0001,1.6063,results/gate1/MatrixProfile/scores/164_train_prefix_ab_join_seed0.npy
165,apneaecg4,plain,ECG,True,cg057,apneaecg4,MatrixProfile,full,NA,0,38269,40,NA,self_join,38269,6000,15999,16100,5.175531080062058,3.728120359830002,3.73066476894864,32168,32088,True,True,27861,False,False,5.175531080062058,True,6.220584913889659,4.006764132304778,6.220584913889659,5961,0,0.0001,5.3142,results/gate1/MatrixProfile/scores/165_full_self_join_seed0.npy
165,apneaecg4,plain,ECG,True,cg057,apneaecg4,MatrixProfile,train_prefix,NA,0,6000,40,NA,ab_join,38269,6000,15999,16100,5.866945619738043,4.134005336305081,4.136557178159763,32168,32088,True,True,27863,False,False,5.866945619738043,True,0.5590416452100118,4.509761727821921e-05,6.569658178355538e-05,5961,0,0.0,1.8713,results/gate1/MatrixProfile/scores/165_train_prefix_ab_join_seed0.npy
166,apneaecg,plain,ECG,True,cg055,apneaecg,MatrixProfile,full,NA,0,38501,40,NA,self_join,38501,10000,12239,12308,7.026383653991587,3.6972198691289817,3.6765651793206007,28432,28352,True,True,12278,True,True,7.026383653991587,True,6.377167437686487,4.0658017690526345,6.377167437686487,9961,0,0.0001,5.2627,results/gate1/MatrixProfile/scores/166_full_self_join_seed0.npy
166,apneaecg,plain,ECG,True,cg055,apneaecg,MatrixProfile,train_prefix,NA,0,10000,40,NA,ab_join,38501,10000,12239,12308,7.0575795044424,3.9440297570388196,3.9283814467737526,28432,28352,True,True,12278,True,True,7.0575795044424,True,3.9340550829241194,4.307624323434372e-05,6.569658178355538e-05,9961,0,0.0,2.2716,results/gate1/MatrixProfile/scores/166_train_prefix_ab_join_seed0.npy
167,gait1,plain,Gait,False,cg059,gait1,MatrixProfile,full,NA,0,65000,125,NA,self_join,65000,20000,38499,38800,5.8877664660217,2.75137114449119,2.7497550594424673,44699,44449,True,True,41467,False,False,5.8877664660217,True,10.872857420656542,3.5679421902873276,10.872857420656542,19876,0,0.0005,12.1219,results/gate1/MatrixProfile/scores/167_full_self_join_seed0.npy
167,gait1,plain,Gait,False,cg059,gait1,MatrixProfile,train_prefix,NA,0,20000,125,NA,ab_join,65000,20000,38499,38800,5.8877664660217,3.3936132959503893,3.3969273191850466,44699,44449,True,True,41476,False,False,5.8877664660217,True,1.4455543303078546,4.211456695794791e-06,1.5324487765789636e-05,19876,0,0.0001,6.9518,results/gate1/MatrixProfile/scores/167_train_prefix_ab_join_seed0.npy
168,gait2,plain,Gait,False,cg059,gait2,MatrixProfile,full,NA,0,65000,125,NA,self_join,65000,22000,46499,46800,3.1267382544288336,2.791055243370677,2.817250873513599,42699,42449,True,True,41467,False,False,3.1267382544288336,True,10.872857420656542,3.444136424718748,10.872857420656542,21876,0,0.0006,12.0576,results/gate1/MatrixProfile/scores/168_full_self_join_seed0.npy
168,gait2,plain,Gait,False,cg059,gait2,MatrixProfile,train_prefix,NA,0,22000,125,NA,ab_join,65000,22000,46499,46800,3.1267382544288336,3.4422203927694803,3.4464861649126837,42699,42449,False,False,41476,False,False,3.1267382544288336,False,0.8460182315813444,4.10465456016186e-06,1.5324487765789636e-05,21876,0,0.0001,6.9877,results/gate1/MatrixProfile/scores/168_train_prefix_ab_join_seed0.npy
169,gait3,plain,Gait,False,cg059,gait3,MatrixProfile,full,NA,0,65000,125,NA,self_join,65000,24500,59899,60500,6.767334014318592,2.900892644700004,2.905636436628718,39899,39649,True,True,41467,False,False,6.767334014318592,True,10.872857420656542,3.367947097342814,10.872857420656542,24376,0,0.0004,15.0073,results/gate1/MatrixProfile/scores/169_full_self_join_seed0.npy
169,gait3,plain,Gait,False,cg059,gait3,MatrixProfile,train_prefix,NA,0,24500,125,NA,ab_join,65000,24500,59899,60500,6.767334014318592,3.4965659085896004,3.505825426926288,39899,39649,True,True,41475,False,False,6.767334014318592,True,1.1365217009400284,4.008800104950251e-06,1.5324487765789636e-05,24376,0,0.0001,6.6246,results/gate1/MatrixProfile/scores/169_train_prefix_ab_join_seed0.npy
170,gaitHunt1,plain,Gait,False,cg062,gaitHunt1,MatrixProfile,full,NA,0,64000,125,NA,self_join,64000,18500,33069,33180,8.61012708118006,2.251442517206326,2.175964335394888,45389,45139,True,True,33208,True,True,9.010808404199034,True,9.60027352404096,4.512388261222823,9.60027352404096,18376,0,0.0001,15.1549,results/gate1/MatrixProfile/scores/170_full_self_join_seed0.npy
170,gaitHunt1,plain,Gait,False,cg062,gaitHunt1,MatrixProfile,train_prefix,NA,0,18500,125,NA,ab_join,64000,18500,33069,33180,8.61012708118006,2.8804615577171973,2.8161570313610422,45389,45139,True,True,33207,True,True,9.117461749158966,True,1.2869001307241323,3.053829302179694e-06,6.139386914507349e-06,18376,0,0.0001,5.7908,results/gate1/MatrixProfile/scores/170_train_prefix_ab_join_seed0.npy
171,gaitHunt2,plain,Gait,False,cg062,gaitHunt2,MatrixProfile,full,NA,0,64000,125,NA,self_join,64000,18500,31199,31850,7.325834322570236,2.2837968577216516,2.1593687232753482,44849,44599,True,True,31869,True,True,9.154419906982618,True,9.60027352404096,4.544048453821175,9.60027352404096,18376,0,0.0008,14.8889,results/gate1/MatrixProfile/scores/171_full_self_join_seed0.npy
171,gaitHunt2,plain,Gait,False,cg062,gaitHunt2,MatrixProfile,train_prefix,NA,0,18500,125,NA,ab_join,64000,18500,31199,31850,7.90356027867067,2.929356352552102,2.816906499909213,44849,44599,True,True,31870,True,True,9.226534356224617,True,1.2869001307241323,3.053829302179694e-06,6.139386914507349e-06,18376,0,0.0001,5.3836,results/gate1/MatrixProfile/scores/171_train_prefix_ab_join_seed0.npy
172,gaitHunt3,plain,Gait,False,cg062,gaitHunt3,MatrixProfile,full,NA,0,64000,125,NA,self_join,64000,23400,38399,39200,10.753796272119862,2.281611735962237,2.218880823320314,39799,39549,True,True,38766,True,True,10.753796272119862,True,9.440098038262965,4.108246696608691,9.440098038262965,23276,0,0.0023,19.2059,results/gate1/MatrixProfile/scores/172_full_self_join_seed0.npy
172,gaitHunt3,plain,Gait,False,cg062,gaitHunt3,MatrixProfile,train_prefix,NA,0,23400,125,NA,ab_join,64000,23400,38399,39200,11.527148836948184,2.6611732795671337,2.6364998664520756,39799,39549,True,True,38766,True,True,11.527148836948184,True,2.403035811530878,2.8468628487799764e-06,6.139386914507349e-06,23276,0,0.0001,5.1153,results/gate1/MatrixProfile/scores/172_train_prefix_ab_join_seed0.npy
173,insectEPG1,plain,EPG,False,cg065,insectEPG1,MatrixProfile,full,NA,0,10001,26,NA,self_join,10001,3000,6999,7030,1.361084073042961,0.6701170943337149,0.6698956452083307,6970,6918,True,True,7013,True,True,1.361084073042961,True,0.7045991376412869,0.48285592160490093,0.7045991376412869,2975,0,0.0,0.3519,results/gate1/MatrixProfile/scores/173_full_self_join_seed0.npy
173,insectEPG1,plain,EPG,False,cg065,insectEPG1,MatrixProfile,train_prefix,NA,0,3000,26,NA,ab_join,10001,3000,6999,7030,1.6364652573675207,0.8459968267632738,0.8471924644645327,6970,6918,True,True,8826,False,False,1.6364652573675207,True,0.33076471521128387,0.0,1.0745380149674383e-07,2975,0,0.0,0.3294,results/gate1/MatrixProfile/scores/173_train_prefix_ab_join_seed0.npy
174,insectEPG2,plain,EPG,False,cg065,insectEPG2,MatrixProfile,full,NA,0,9998,26,NA,self_join,9998,3700,7999,8025,2.054314569320637,0.6969891251417372,0.6831101857785268,6272,6220,True,True,8022,True,True,2.054314569320637,True,0.7045991376412869,0.4825588573194749,0.7045991376412869,3675,0,0.0,0.4587,results/gate1/MatrixProfile/scores/174_full_self_join_seed0.npy
174,insectEPG2,plain,EPG,False,cg065,insectEPG2,MatrixProfile,train_prefix,NA,0,3700,26,NA,ab_join,9998,3700,7999,8025,2.0897138080446185,0.8390753662075895,0.8144993711672199,6272,6220,True,True,8000,True,True,2.0897138080446185,True,0.19860817176611245,0.0,1.0745380149674383e-07,3675,0,0.0,0.23,results/gate1/MatrixProfile/scores/174_train_prefix_ab_join_seed0.npy
175,insectEPG3,plain,EPG,False,cg065,insectEPG3,MatrixProfile,full,NA,0,9998,26,NA,self_join,9998,5200,6999,7050,0.8438580019463108,0.6692798836789782,0.6698481717334284,4747,4695,True,True,8826,False,False,0.8438580019463108,True,0.8286611144127217,0.5663077281154608,0.8286611144127217,5175,0,0.0,0.5842,results/gate1/MatrixProfile/scores/175_full_self_join_seed0.npy
175,insectEPG3,plain,EPG,False,cg065,insectEPG3,MatrixProfile,train_prefix,NA,0,5200,26,NA,ab_join,9998,5200,6999,7050,0.8717989110844904,0.7668464513151867,0.7679335324504772,4747,4695,True,True,8826,False,False,0.8717989110844904,True,0.17227650840484346,0.0,1.0745380149674383e-07,5175,0,0.0,0.286,results/gate1/MatrixProfile/scores/175_train_prefix_ab_join_seed0.npy
176,insectEPG4,plain,EPG,False,cg065,insectEPG4,MatrixProfile,full,NA,0,9998,26,NA,self_join,9998,1300,6507,6558,2.4000215782405823,0.6845691195519986,0.6561593115152996,8647,8595,True,True,6546,True,True,2.4000215782405823,True,0.5564545556152801,0.43073895798028017,0.5564545556152801,1275,0,0.0,0.4033,results/gate1/MatrixProfile/scores/176_full_self_join_seed0.npy
176,insectEPG4,plain,EPG,False,cg065,insectEPG4,MatrixProfile,train_prefix,NA,0,1300,26,NA,ab_join,9998,1300,6507,6558,2.563845841758303,0.9348002984741502,0.9032382458600886,8647,8595,True,True,6545,True,True,2.563845841758303,True,0.28183337880021003,1.074538014966461e-09,1.0745380149674383e-07,1275,0,0.0,0.2517,results/gate1/MatrixProfile/scores/176_train_prefix_ab_join_seed0.npy
177,insectEPG5,plain,EPG,False,cg065,insectEPG5,MatrixProfile,full,NA,0,10028,26,NA,self_join,10028,3200,8499,8501,3.2208214228656473,0.7704731694963158,0.6910623325938243,6826,6774,True,True,8521,True,True,6.107862333711682,True,0.7045991376412869,0.48134360982659735,0.7045991376412869,3175,0,0.0001,0.5191,results/gate1/MatrixProfile/scores/177_full_self_join_seed0.npy
177,insectEPG5,plain,EPG,False,cg065,insectEPG5,MatrixProfile,train_prefix,NA,0,3200,26,NA,ab_join,10028,3200,8499,8501,3.301810406159204,0.9949790727252735,0.859080883062706,6826,6774,True,True,8521,True,True,6.3452963835347855,True,0.21562820510512015,0.0,1.0745380149674383e-07,3175,0,0.0,0.3216,results/gate1/MatrixProfile/scores/177_train_prefix_ab_join_seed0.npy
178,ltstdbs30791AI,plain,ECG,True,cg070,ltstdbs30791AI,MatrixProfile,full,NA,0,56123,233,NA,self_join,56123,17555,52599,52800,16.557155496241663,4.860587387933613,4.583559584078116,38367,37901,True,True,52625,True,True,16.557155496241663,True,3.4642115444762847,2.0633160480905035,3.4642115444762847,17323,0,0.0011,17.977,results/gate1/MatrixProfile/scores/178_full_self_join_seed0.npy
178,ltstdbs30791AI,plain,ECG,True,cg070,ltstdbs30791AI,MatrixProfile,train_prefix,NA,0,17555,233,NA,ab_join,56123,17555,52599,52800,16.952335500254218,10.389100364338217,10.074672906407592,38367,37901,True,True,52623,True,True,16.952335500254218,True,1.2381720874744677,2.8261063645382582e-06,4.571816132654839e-06,17323,0,0.0001,3.4222,results/gate1/MatrixProfile/scores/178_train_prefix_ab_join_seed0.npy
179,ltstdbs30791AS,plain,ECG,True,cg071,ltstdbs30791AS,MatrixProfile,full,NA,0,55000,233,NA,self_join,55000,23000,52599,52800,17.05643723737087,4.66301032642689,4.231554326209994,31799,31333,True,True,52595,True,True,17.286522772484833,True,3.163282924100986,2.0685649588343464,3.163282924100986,22768,0,0.0001,16.0304,results/gate1/MatrixProfile/scores/179_full_self_join_seed0.npy
179,ltstdbs30791AS,plain,ECG,True,cg071,ltstdbs30791AS,MatrixProfile,train_prefix,NA,0,23000,233,NA,ab_join,55000,23000,52599,52800,17.682348753050917,8.963846981976538,8.229887206944287,31799,31333,True,True,52605,True,True,17.682348753050917,True,1.7230288834870218,1.81979244072173e-06,3.11872439855401e-06,22768,0,0.0001,5.1452,results/gate1/MatrixProfile/scores/179_train_prefix_ab_join_seed0.npy
180,ltstdbs30791ES,plain,ECG,True,cg072,ltstdbs30791ES,MatrixProfile,full,NA,0,55000,233,NA,self_join,55000,20000,52599,52800,13.912666637468353,3.2067814870333673,3.0370090791015296,34799,34333,True,True,52820,True,True,16.073984074784494,True,3.5377668035714214,1.9420685162794076,3.5377668035714214,19768,0,0.0001,11.4555,results/gate1/MatrixProfile/scores/180_full_self_join_seed0.npy
180,ltstdbs30791ES,plain,ECG,True,cg072,ltstdbs30791ES,MatrixProfile,train_prefix,NA,0,20000,233,NA,ab_join,55000,20000,52599,52800,16.39860487524514,9.861131319242435,9.660500454802076,34799,34333,True,True,52820,True,True,17.848066889720304,True,1.9543047911880302,2.1697953263442703e-06,3.7444041567092155e-06,19768,0,0.0001,8.0378,results/gate1/MatrixProfile/scores/180_train_prefix_ab_join_seed0.npy
181,park3m,plain,Gait,False,cg073,park3m,MatrixProfile,full,NA,0,90000,125,NA,self_join,90000,60000,72149,72495,6.3952538459855015,1.641218758888393,1.6056105883889351,29654,29404,True,True,72384,True,True,6.3952538459855015,True,10.038708343010839,5.514229890138924,10.038708343010839,59876,0,0.0008,35.256,results/gate1/MatrixProfile/scores/181_full_self_join_seed0.npy
181,park3m,plain,Gait,False,cg073,park3m,MatrixProfile,train_prefix,NA,0,60000,125,NA,ab_join,90000,60000,72149,72495,6.3952538459855015,1.7818273365868922,1.7264263699751035,29654,29404,True,True,72384,True,True,6.3952538459855015,True,0.48088223366541305,2.942743548472449e-06,2.3325791493391465e-05,59876,0,0.0001,29.4068,results/gate1/MatrixProfile/scores/181_train_prefix_ab_join_seed0.npy
182,qtdbSel1005V,plain,ECG,True,cg074,qtdbSel1005V,MatrixProfile,full,NA,0,36001,188,NA,self_join,36001,4000,12399,12800,13.854268350446471,4.61643417089512,4.631449161696228,31600,31224,True,True,12703,True,True,13.854268350446471,True,6.215552600768141,4.391505831141273,6.215552600768141,3813,0,0.0001,5.278,results/gate1/MatrixProfile/scores/182_full_self_join_seed0.npy
182,qtdbSel1005V,plain,ECG,True,cg074,qtdbSel1005V,MatrixProfile,train_prefix,NA,0,4000,188,NA,ab_join,36001,4000,12399,12800,14.611960144966202,7.348228836748574,7.34463201218868,31600,31224,True,True,12670,True,True,14.611960144966202,True,6.611777463106519,5.027879890426688,1.3552685977103797e-06,3813,0,0.0001,1.3718,results/gate1/MatrixProfile/scores/182_train_prefix_ab_join_seed0.npy
183,qtdbSel100MLII,plain,ECG,True,cg075,qtdbSel100MLII,MatrixProfile,full,NA,0,30000,189,NA,self_join,30000,4000,13399,13800,13.084500981682094,4.105242525886259,4.108184562881703,25599,25221,True,True,13689,True,True,13.084500981682094,True,6.181876088608856,3.707815603420567,6.181876088608856,3812,0,0.0001,4.0987,results/gate1/MatrixProfile/scores/183_full_self_join_seed0.npy
183,qtdbSel100MLII,plain,ECG,True,cg075,qtdbSel100MLII,MatrixProfile,train_prefix,NA,0,4000,189,NA,ab_join,30000,4000,13399,13800,13.504649526314969,5.918301759004265,5.944153739022441,25599,25221,True,True,13691,True,True,13.504649526314969,True,2.5274431834180335,2.3480250837021432,2.583149709676564e-06,3812,0,0.0,1.2333,results/gate1/MatrixProfile/scores/183_train_prefix_ab_join_seed0.npy
184,resperation10,plain,RESP,True,cg076,resperation10,MatrixProfile,full,NA,0,195000,125,NA,self_join,195000,48000,130699,131880,6.183932970422178,4.486595319870096,4.451750324882231,145819,145569,True,True,68362,False,False,7.0735285645640795,True,7.101364889811467,4.193832194308603,7.101364889811467,47876,0,0.0003,163.9578,results/gate1/MatrixProfile/scores/184_full_self_join_seed0.npy
184,resperation10,plain,RESP,True,cg076,resperation10,MatrixProfile,train_prefix,NA,0,48000,125,NA,ab_join,195000,48000,130699,131880,6.183932970422178,5.394068059991273,5.359085586727975,145819,145569,True,True,68362,False,False,7.94226094626812,True,0.6183293824179147,1.627668812321932e-05,3.8914575747253286e-05,47876,0,0.0002,57.4065,results/gate1/MatrixProfile/scores/184_train_prefix_ab_join_seed0.npy
185,resperation11,plain,RESP,True,cg076,resperation11,MatrixProfile,full,NA,0,195000,125,NA,self_join,195000,58000,110799,110801,3.4008384251284887,4.486342834912817,4.486981202173803,136998,136748,False,False,68362,False,False,4.145996681005853,False,7.101364889825434,4.177087457899902,7.101364889825434,57876,0,0.0093,163.0458,results/gate1/MatrixProfile/scores/185_full_self_join_seed0.npy
185,resperation11,plain,RESP,True,cg076,resperation11,MatrixProfile,train_prefix,NA,0,58000,125,NA,ab_join,195000,58000,110799,110801,3.4578395558776567,5.245106042708438,5.245914803389576,136998,136748,False,False,68362,False,False,4.145996681005853,False,4.096974477297929,1.5727644451290442e-05,3.8914575747253286e-05,57876,0,0.0001,65.1435,results/gate1/MatrixProfile/scores/185_train_prefix_ab_join_seed0.npy
186,resperation1,plain,RESP,True,cg078,resperation1,MatrixProfile,full,NA,0,200000,125,NA,self_join,200000,100000,110259,110412,13.112521892211063,4.4731661569647185,4.476134620428991,99847,99597,True,True,110350,True,True,13.112521892211063,True,9.763822045860174,4.240930308378135,9.763822045860174,99876,0,0.0002,169.7173,results/gate1/MatrixProfile/scores/186_full_self_join_seed0.npy
186,resperation1,plain,RESP,True,cg078,resperation1,MatrixProfile,train_prefix,NA,0,100000,125,NA,ab_join,200000,100000,110259,110412,13.42091589382671,4.9103131654641015,4.91464410613802,99847,99597,True,True,110350,True,True,13.42091589382671,True,0.5237111854837296,1.3438976359834384e-05,3.8914575747253286e-05,99876,0,0.0007,111.6683,results/gate1/MatrixProfile/scores/186_train_prefix_ab_join_seed0.npy
187,resperation2,plain,RESP,True,cg078,resperation2,MatrixProfile,full,NA,0,200051,125,NA,self_join,200051,30000,168249,168250,3.408950409723131,4.417506288781444,4.414294184720369,170050,169800,False,False,68362,False,False,4.7685573216105075,True,6.196812636790496,3.893613880529438,6.196812636790496,29876,0,0.001,172.4046,results/gate1/MatrixProfile/scores/187_full_self_join_seed0.npy
187,resperation2,plain,RESP,True,cg078,resperation2,MatrixProfile,train_prefix,NA,0,30000,125,NA,ab_join,200051,30000,168249,168250,4.187896917669925,5.7474019928907945,5.738847937351283,170050,169800,False,False,68363,False,False,6.73230590476223,True,0.3286280504723006,1.6187781618944893e-05,3.8914575747253286e-05,29876,0,0.0001,38.2784,results/gate1/MatrixProfile/scores/187_train_prefix_ab_join_seed0.npy
188,resperation2,plain,RESP,True,cg078,resperation2,MatrixProfile,full,NA,0,190050,125,NA,self_join,190050,30000,168249,168251,3.5620035605253593,4.486319478975617,4.484235752460043,160048,159798,False,False,68362,False,False,4.8003608132292,True,6.196812636790496,3.893613880529438,6.196812636790496,29876,0,0.0002,125.5624,results/gate1/MatrixProfile/scores/188_full_self_join_seed0.npy
188,resperation2,plain,RESP,True,cg078,resperation2,MatrixProfile,train_prefix,NA,0,30000,125,NA,ab_join,190050,30000,168249,168251,4.048042562865013,5.814018378959129,5.8003767942006395,160048,159798,False,False,68363,False,False,6.659943101895941,True,0.3286280504723006,1.6187781618944893e-05,3.8914575747253286e-05,29876,0,0.0001,37.0846,results/gate1/MatrixProfile/scores/188_train_prefix_ab_join_seed0.npy
189,resperation3,plain,RESP,True,cg078,resperation3,MatrixProfile,full,NA,0,190100,125,NA,self_join,190100,45000,158249,158251,4.041365679337346,4.471448666722462,4.475597466219209,145098,144848,False,False,68362,False,False,4.370824826897139,False,7.101364889829425,4.202325325509307,7.101364889829425,44876,0,0.0003,122.9334,results/gate1/MatrixProfile/scores/189_full_self_join_seed0.npy
189,resperation3,plain,RESP,True,cg078,resperation3,MatrixProfile,train_prefix,NA,0,45000,125,NA,ab_join,190100,45000,158249,158251,4.361300098903971,5.405656991874785,5.402744395697549,145098,144848,False,False,68362,False,False,5.714012639658265,True,0.8709413091417569,1.6308961837205135e-05,3.8914575747253286e-05,44876,0,0.0001,48.0207,results/gate1/MatrixProfile/scores/189_train_prefix_ab_join_seed0.npy
190,resperation4,plain,RESP,True,cg076,resperation4,MatrixProfile,full,NA,0,195250,125,NA,self_join,195250,70000,128429,128431,2.3052450129206554,4.548829437879978,4.451587953271206,125248,124998,False,False,128617,False,False,9.25179280621649,True,9.763822046036971,4.34233482571709,9.763822046036971,69876,0,0.0007,121.7974,results/gate1/MatrixProfile/scores/190_full_self_join_seed0.npy
190,resperation4,plain,RESP,True,cg076,resperation4,MatrixProfile,train_prefix,NA,0,70000,125,NA,ab_join,195250,70000,128429,128431,2.668184588185968,5.1370299736402645,5.050892191878491,125248,124998,False,False,128617,False,False,10.10559095273529,True,0.5991620872711448,1.5055031483045474e-05,3.8914575747253286e-05,69876,0,0.0003,68.1002,results/gate1/MatrixProfile/scores/190_train_prefix_ab_join_seed0.npy
191,resperation9,plain,RESP,True,cg076,resperation9,MatrixProfile,full,NA,0,195000,125,NA,self_join,195000,38000,143410,143511,3.8606998217346744,4.5011571487945385,4.486554582240607,156899,156649,False,False,68362,False,False,4.085563869040252,False,6.196812636790496,3.8823006395497957,6.196812636790496,37876,0,0.0001,121.714,results/gate1/MatrixProfile/scores/191_full_self_join_seed0.npy
191,resperation9,plain,RESP,True,cg076,resperation9,MatrixProfile,train_prefix,NA,0,38000,125,NA,ab_join,195000,38000,143410,143511,3.905018816875317,5.599123853794182,5.583367409991892,156899,156649,False,False,68363,False,False,4.160996072675463,False,0.46061625413176516,1.5752314150133696e-05,3.8914575747253286e-05,37876,0,0.0002,42.388,results/gate1/MatrixProfile/scores/191_train_prefix_ab_join_seed0.npy
192,s20101mML2,plain,ECG,True,cg084,s20101mML2,MatrixProfile,full,NA,0,40000,108,NA,self_join,40000,12000,35773,35874,11.25526127697517,2.7541464804398563,2.6735517453762156,27899,27683,True,True,35789,True,True,11.25526127697517,True,4.511860795200463,2.4243679201990918,4.511860795200463,11893,0,0.0001,5.8476,results/gate1/MatrixProfile/scores/192_full_self_join_seed0.npy
192,s20101mML2,plain,ECG,True,cg084,s20101mML2,MatrixProfile,train_prefix,NA,0,12000,108,NA,ab_join,40000,12000,35773,35874,11.25526127697517,4.454342594796091,4.238105179077542,27899,27683,True,True,35789,True,True,11.25526127697517,True,1.0742912929026007,1.6093997430682423e-06,2.946363160601392e-06,11893,0,0.0001,3.3428,results/gate1/MatrixProfile/scores/192_train_prefix_ab_join_seed0.npy
193,s20101m,plain,ECG,True,cg085,s20101m,MatrixProfile,full,NA,0,40000,108,NA,self_join,40000,10000,35773,35874,7.431957672758419,2.7461382858733945,2.653731819142822,29899,29683,True,True,35810,True,True,7.431957672758419,True,3.932275936489153,2.808692391991036,3.932275936489153,9893,0,0.0001,5.2822,results/gate1/MatrixProfile/scores/193_full_self_join_seed0.npy
193,s20101m,plain,ECG,True,cg085,s20101m,MatrixProfile,train_prefix,NA,0,10000,108,NA,ab_join,40000,10000,35773,35874,7.642551166031613,5.1039394298662435,4.828652567421855,29899,29683,True,True,35828,True,True,7.642551166031613,True,1.629094152174096,1.0616489130590484e-06,1.169147804137053e-06,9893,0,0.0001,2.2477,results/gate1/MatrixProfile/scores/193_train_prefix_ab_join_seed0.npy
194,sddb49,plain,ECG,True,cg086,sddb49,MatrixProfile,full,NA,0,80000,276,NA,self_join,80000,20000,67949,68200,15.774341543599865,2.945438702291194,2.2380931105873025,59749,59197,True,True,68050,True,True,15.774341543599865,True,8.871303296459153,3.7839742881770393,8.871303296459153,19725,0,0.0006,23.1754,results/gate1/MatrixProfile/scores/194_full_self_join_seed0.npy
194,sddb49,plain,ECG,True,cg086,sddb49,MatrixProfile,train_prefix,NA,0,20000,276,NA,ab_join,80000,20000,67949,68200,15.774341543599865,3.337277026140297,2.9556817139692684,59749,59197,True,True,68050,True,True,15.774341543599865,True,1.1881837775127686,1.33313353337914e-06,1.9804534585280597e-06,19725,0,0.0001,8.5948,results/gate1/MatrixProfile/scores/194_train_prefix_ab_join_seed0.npy
195,sel840mECG1,plain,ECG,True,cg087,sel840mECG1,MatrixProfile,full,NA,0,60000,172,NA,self_join,60000,17000,51369,51740,13.498497013169011,3.8706893655423906,3.8760619199157955,42629,42285,True,True,51643,True,True,13.498497013169011,True,9.433470013939438,3.556931826454492,9.433470013939438,16829,0,0.0001,13.4199,results/gate1/MatrixProfile/scores/195_full_self_join_seed0.npy
195,sel840mECG1,plain,ECG,True,cg087,sel840mECG1,MatrixProfile,train_prefix,NA,0,17000,172,NA,ab_join,60000,17000,51369,51740,13.998648993207201,11.522966422209146,11.529596026625292,42629,42285,True,True,55483,False,False,13.998648993207201,True,3.2789461780338685,0.0,7.56885117244738e-07,16829,0,0.0001,5.7218,results/gate1/MatrixProfile/scores/195_train_prefix_ab_join_seed0.npy
196,sel840mECG2,plain,ECG,True,cg088,sel840mECG2,MatrixProfile,full,NA,0,57001,173,NA,self_join,57001,20000,49369,49740,13.426446549121003,6.767164696268865,6.769322003681724,36630,36284,True,True,49654,True,True,13.426446549121003,True,10.48261589713184,6.070007387886849,10.48261589713184,19828,0,0.0059,11.4811,results/gate1/MatrixProfile/scores/196_full_self_join_seed0.npy
196,sel840mECG2,plain,ECG,True,cg088,sel840mECG2,MatrixProfile,train_prefix,NA,0,20000,173,NA,ab_join,57001,20000,49369,49740,14.532918627034558,7.795197694242151,7.811319249819345,36630,36284,True,True,49654,True,True,14.532918627034558,True,2.0490417596429036,3.914980580304344e-06,5.700702087253616e-06,19828,0,0.0001,6.5709,results/gate1/MatrixProfile/scores/196_train_prefix_ab_join_seed0.npy
197,tiltAPB1,plain,ABP,True,cg089,tiltAPB1,MatrixProfile,full,NA,0,130001,243,NA,self_join,130001,100000,114282,114350,5.75420547099452,1.777392674268658,1.6074842609665827,29933,29447,True,True,114220,True,True,5.947531514927521,True,4.6494584458707315,1.743816477496197,4.6494584458707315,99758,0,0.0091,49.9732,results/gate1/MatrixProfile/scores/197_full_self_join_seed0.npy
197,tiltAPB1,plain,ABP,True,cg089,tiltAPB1,MatrixProfile,train_prefix,NA,0,100000,243,NA,ab_join,130001,100000,114282,114350,5.836305502889431,3.9819334845944345,3.600169309244513,29933,29447,True,True,114395,True,True,6.0376199845739595,True,1.612906747887014,0.0,1.354449159581344e-06,99758,0,0.0002,51.1542,results/gate1/MatrixProfile/scores/197_train_prefix_ab_join_seed0.npy
198,tiltAPB2,plain,ABP,True,cg089,tiltAPB2,MatrixProfile,full,NA,0,128767,243,NA,self_join,128767,50000,124158,124985,8.958898722044236,1.9310713606144858,1.8416860762012437,77940,77454,True,True,125003,True,True,9.197374723010357,True,2.770502965607384,0.9169964359832223,2.770502965607384,49758,0,0.0009,55.9658,results/gate1/MatrixProfile/scores/198_full_self_join_seed0.npy
198,tiltAPB2,plain,ABP,True,cg089,tiltAPB2,MatrixProfile,train_prefix,NA,0,50000,243,NA,ab_join,128767,50000,124158,124985,16.045152846866376,12.185898401462222,12.167329641959956,77940,77454,True,True,124836,True,True,16.045152846866376,True,0.7021752192184983,2.3228611451566064e-07,1.354449159581344e-06,49758,0,0.0002,27.1657,results/gate1/MatrixProfile/scores/198_train_prefix_ab_join_seed0.npy
199,tiltAPB3,plain,ABP,True,cg089,tiltAPB3,MatrixProfile,full,NA,0,129489,243,NA,self_join,129489,40000,113999,114370,6.3071563073773875,1.8377933382881082,1.803870365633448,89118,88632,True,True,114158,True,True,6.3071563073773875,True,1.6351065946853582,0.8965946424507828,1.6351065946853582,39758,0,0.0002,55.3498,results/gate1/MatrixProfile/scores/199_full_self_join_seed0.npy
199,tiltAPB3,plain,ABP,True,cg089,tiltAPB3,MatrixProfile,train_prefix,NA,0,40000,243,NA,ab_join,129489,40000,113999,114370,13.476235160292877,12.5819249809341,12.570368417961365,89118,88632,True,True,106689,False,False,13.476235160292877,True,0.5561177659148536,3.285021734989971e-07,1.354449159581344e-06,39758,0,0.0001,20.6716,results/gate1/MatrixProfile/scores/199_train_prefix_ab_join_seed0.npy
200,tiltAPB4,plain,ABP,True,cg089,tiltAPB4,MatrixProfile,full,NA,0,128001,243,NA,self_join,128001,20000,67994,67996,4.464264119162631,1.8148521473971397,1.7512057940587862,107999,107513,True,True,67463,False,False,4.575994432857315,True,1.6351065946853582,0.9014765575478284,1.6351065946853582,19758,0,0.0005,55.1612,results/gate1/MatrixProfile/scores/200_full_self_join_seed0.npy
200,tiltAPB4,plain,ABP,True,cg089,tiltAPB4,MatrixProfile,train_prefix,NA,0,20000,243,NA,ab_join,128001,20000,67994,67996,4.552257862328829,12.993175038032826,12.997811763676859,107999,107513,False,False,91992,False,False,6.2658016970965,False,0.5820046177278784,5.694383432682449e-07,1.354449159581344e-06,19758,0,0.0001,12.2172,results/gate1/MatrixProfile/scores/200_train_prefix_ab_join_seed0.npy
201,CHARISfive,plain,ECG,True,cg201,CHARISfive,MatrixProfile,full,NA,0,41347,33,NA,self_join,41347,10000,17000,17016,3.121051937885303,0.20926839289222998,0.20728874758879812,31331,31265,True,True,17017,True,True,4.086256445819392,True,1.101589843639937,0.3622666883199631,1.101589843639937,9968,0,0.0005,3.5769,results/gate1/MatrixProfile/scores/201_full_self_join_seed0.npy
201,CHARISfive,plain,ECG,True,cg201,CHARISfive,MatrixProfile,train_prefix,NA,0,10000,33,NA,ab_join,41347,10000,17000,17016,3.25101412036927,1.027216565186418,0.9960373603609222,31331,31265,True,True,17017,True,True,4.609697334057022,True,0.14800997284843068,4.6885409124351364e-07,5.276778700836234e-07,9968,0,0.0001,2.187,results/gate1/MatrixProfile/scores/201_train_prefix_ab_join_seed0.npy
202,CHARISfive,plain,ECG,True,cg202,CHARISfive,MatrixProfile,full,NA,0,41790,33,NA,self_join,41790,10411,10997,11028,2.004567338786541,1.4140556363265406,1.4114631277244076,31348,31282,True,True,11012,True,True,2.004567338786541,True,1.719257032440777,1.3037409827511748,1.719257032440777,10379,0,0.0001,3.9817,results/gate1/MatrixProfile/scores/202_full_self_join_seed0.npy
202,CHARISfive,plain,ECG,True,cg202,CHARISfive,MatrixProfile,train_prefix,NA,0,10411,33,NA,ab_join,41790,10411,10997,11028,2.004567338786541,1.6276922761634014,1.623171848564475,31348,31282,True,True,37563,False,False,2.004567338786541,True,1.0765065780511867,6.519151584573793e-07,7.89199034980855e-07,10379,0,0.0,2.067,results/gate1/MatrixProfile/scores/202_train_prefix_ab_join_seed0.npy
203,CHARISfive,plain,ECG,True,cg203,CHARISfive,MatrixProfile,full,NA,0,41612,33,NA,self_join,41612,10500,10994,11028,5.858412637298282,0.9229222125918277,0.914584635875681,31078,31012,True,True,10994,True,True,5.858412637298282,True,3.500071470887481,1.7423595681202477,3.500071470887481,10468,0,0.0001,3.7848,results/gate1/MatrixProfile/scores/203_full_self_join_seed0.npy
203,CHARISfive,plain,ECG,True,cg203,CHARISfive,MatrixProfile,train_prefix,NA,0,10500,33,NA,ab_join,41612,10500,10994,11028,5.895129768196923,3.1652462474880276,3.1598431039305646,31078,31012,True,True,10994,True,True,5.895129768196923,True,0.6850601962808458,1.7163091092801287e-06,2.8583441427190895e-06,10468,0,0.0001,1.9349,results/gate1/MatrixProfile/scores/203_train_prefix_ab_join_seed0.npy
204,CHARISfive,plain,ECG,True,cg204,CHARISfive,MatrixProfile,full,NA,0,41999,33,NA,self_join,41999,12412,14999,15070,2.7844019501047987,1.4226877470160608,1.411397076889032,29516,29450,True,True,14990,True,True,5.834649910602391,True,1.719257032440777,1.340198709538387,1.719257032440777,12380,0,0.0001,3.5784,results/gate1/MatrixProfile/scores/204_full_self_join_seed0.npy
204,CHARISfive,plain,ECG,True,cg204,CHARISfive,MatrixProfile,train_prefix,NA,0,12412,33,NA,ab_join,41999,12412,14999,15070,2.9378222389035606,1.6166341548182568,1.6015641565090095,29516,29450,True,True,14990,True,True,5.916817676223829,True,1.3809825925695847,7.058810759977705e-07,9.139648810145649e-07,12380,0,0.0001,2.0594,results/gate1/MatrixProfile/scores/204_train_prefix_ab_join_seed0.npy
205,CHARISfive,plain,ECG,True,cg205,CHARISfive,MatrixProfile,full,NA,0,39870,33,NA,self_join,39870,9812,28994,29085,1.8116013166561507,1.4222099293902077,1.417083199276832,29967,29901,True,True,35643,False,False,1.8116013166561507,True,1.7192570324408003,1.3203851207524737,1.7192570324408003,9780,0,0.0001,4.2221,results/gate1/MatrixProfile/scores/205_full_self_join_seed0.npy
205,CHARISfive,plain,ECG,True,cg205,CHARISfive,MatrixProfile,train_prefix,NA,0,9812,33,NA,ab_join,39870,9812,28994,29085,1.858747174059715,1.6445814644387773,1.638697186414466,29967,29901,True,True,35642,False,False,1.9528349685340045,True,1.454451790235679,5.93058727447164e-07,7.006715503638236e-07,9780,0,0.0,1.2327,results/gate1/MatrixProfile/scores/205_train_prefix_ab_join_seed0.npy
206,CHARISten,plain,ECG,True,cg206,CHARISten,MatrixProfile,full,NA,0,42000,37,NA,self_join,42000,25130,29079,29140,5.056919994598139,5.986363976387068,5.9885799619735485,16809,16735,False,False,25455,False,False,5.056919994598139,False,6.373662984707378,5.686247120215648,6.373662984707378,25094,0,0.0011,4.172,results/gate1/MatrixProfile/scores/206_full_self_join_seed0.npy
206,CHARISten,plain,ECG,True,cg206,CHARISten,MatrixProfile,train_prefix,NA,0,25130,37,NA,ab_join,42000,25130,29079,29140,5.056919994598139,6.347771894813965,6.348129925892876,16809,16735,False,False,25450,False,False,5.056919994598139,False,5.676513011867009,8.405628666979345e-07,6.02399599421289e-06,25094,0,0.0,3.6579,results/gate1/MatrixProfile/scores/206_train_prefix_ab_join_seed0.npy
207,CHARISten,plain,ECG,True,cg207,CHARISten,MatrixProfile,full,NA,0,39870,37,NA,self_join,39870,3165,26928,26989,6.762710007503362,0.47980022515876564,0.4771938348760054,36644,36570,True,True,26970,True,True,6.762710007503362,True,0.49772442954703855,0.44070530011416076,0.49772442954703855,3129,0,0.0,4.0706,results/gate1/MatrixProfile/scores/207_full_self_join_seed0.npy
207,CHARISten,plain,ECG,True,cg207,CHARISten,MatrixProfile,train_prefix,NA,0,3165,37,NA,ab_join,39870,3165,26928,26989,7.020888157168466,0.5878328574510582,0.5845876395606641,36644,36570,True,True,26970,True,True,7.020888157168466,True,0.433215333242017,5.127385417844431e-07,5.513429641723633e-07,3129,0,0.0,1.1269,results/gate1/MatrixProfile/scores/207_train_prefix_ab_join_seed0.npy
208,CHARISten,plain,ECG,True,cg208,CHARISten,MatrixProfile,full,NA,0,40870,37,NA,self_join,40870,5130,27928,27989,5.9317045410948985,0.4705113622368662,0.46198890830367745,35679,35605,True,True,27964,True,True,5.9317045410948985,True,0.5104665493026714,0.3933816127779933,0.5104665493026714,5094,0,0.0,4.0288,results/gate1/MatrixProfile/scores/208_full_self_join_seed0.npy
208,CHARISten,plain,ECG,True,cg208,CHARISten,MatrixProfile,train_prefix,NA,0,5130,37,NA,ab_join,40870,5130,27928,27989,5.981095707913015,1.6643628452175707,1.6536769450883775,35679,35605,True,True,27964,True,True,5.981095707913015,True,0.349990387590871,5.732591170570655e-07,6.279738994152986e-07,5094,0,0.0,1.3836,results/gate1/MatrixProfile/scores/208_train_prefix_ab_join_seed0.npy
209,Fantasia,plain,ECG,True,cg209,Fantasia,MatrixProfile,full,NA,0,92000,262,NA,self_join,92000,19000,26969,27270,11.571421963149918,4.860965458029465,4.521709265721393,72699,72175,True,True,27122,True,True,11.571421963149918,True,17.877940123126187,17.4927711069844,17.877940123126187,18739,0,0.0001,26.9929,results/gate1/MatrixProfile/scores/209_full_self_join_seed0.npy
209,Fantasia,plain,ECG,True,cg209,Fantasia,MatrixProfile,train_prefix,NA,0,19000,262,NA,ab_join,92000,19000,26969,27270,11.571421963149918,6.520109807774034,6.109783232884363,72699,72175,True,True,69523,False,False,12.160283814921423,True,3.8025029434137747,2.653160015026109e-06,2.843663204769473e-06,18739,0,0.0001,7.7844,results/gate1/MatrixProfile/scores/209_train_prefix_ab_join_seed0.npy
210,Italianpowerdemand,plain,Power Demand,False,cg210,Italianpowerdemand,MatrixProfile,full,NA,0,119819,96,NA,self_join,119819,36123,74899,74996,0.7721622981230857,2.6114160857718582,2.614680206909677,83599,83407,False,False,55165,False,False,0.8078380588207005,False,5.441144219726001,3.1304686380171938,5.441144219726001,36028,0,0.0003,43.7308,results/gate1/MatrixProfile/scores/210_full_self_join_seed0.npy
210,Italianpowerdemand,plain,Power Demand,False,cg210,Italianpowerdemand,MatrixProfile,train_prefix,NA,0,36123,96,NA,ab_join,119819,36123,74899,74996,1.0268781947075365,3.1075711831050477,3.108716256902469,83599,83407,False,False,55164,False,False,1.114445293208114,False,0.7544402763354765,0.0,3.264680847556389e-07,36028,0,0.0001,17.2506,results/gate1/MatrixProfile/scores/210_train_prefix_ab_join_seed0.npy
211,Italianpowerdemand,plain,Power Demand,False,cg211,Italianpowerdemand,MatrixProfile,full,NA,0,119580,96,NA,self_join,119580,38113,39239,39336,0.959521931769422,2.6259739278653447,2.6268245415700626,81370,81178,False,False,55024,False,False,1.0108868646256963,False,5.44114421972614,3.037476710631346,5.44114421972614,38018,0,0.0003,43.2826,results/gate1/MatrixProfile/scores/211_full_self_join_seed0.npy
211,Italianpowerdemand,plain,Power Demand,False,cg211,Italianpowerdemand,MatrixProfile,train_prefix,NA,0,38113,96,NA,ab_join,119580,38113,39239,39336,1.0678125033326558,3.123502358703165,3.124286278571415,81370,81178,False,False,55023,False,False,1.0966596984758752,False,0.8173733082560267,0.0,4.6169559314339364e-07,38018,0,0.0004,17.8135,results/gate1/MatrixProfile/scores/211_train_prefix_ab_join_seed0.npy
212,Italianpowerdemand,plain,Power Demand,False,cg044,Italianpowerdemand,MatrixProfile,full,NA,0,29931,168,NA,self_join,29931,8913,29479,29504,3.9897215377890514,6.793963954441474,6.803561763905642,20993,20657,False,False,14170,False,False,4.10465006225155,False,8.500148812927945,7.032722432607053,8.500148812927945,8746,0,0.0006,2.6795,results/gate1/MatrixProfile/scores/212_full_self_join_seed0.npy
212,Italianpowerdemand,plain,Power Demand,False,cg044,Italianpowerdemand,MatrixProfile,train_prefix,NA,0,8913,168,NA,ab_join,29931,8913,29479,29504,3.9897215377890514,7.660614501480872,7.667326300138063,20993,20657,False,False,14231,False,False,4.382995140078494,False,5.215520943083144,2.8955682761204603e-06,2.922755556093565e-06,8746,0,0.0001,1.9282,results/gate1/MatrixProfile/scores/212_train_prefix_ab_join_seed0.npy
213,STAFFIIIDatabase,plain,ECG,True,cg213,STAFFIIIDatabase,MatrixProfile,full,NA,0,300000,124,NA,self_join,300000,33211,126919,127370,7.242752685385897,9.967648299673767,9.966144057058779,266338,266090,False,False,262475,False,False,7.242752685385897,False,10.897034889013316,9.588217823987437,10.897034889013316,33088,0,0.0001,315.5964,results/gate1/MatrixProfile/scores/213_full_self_join_seed0.npy
213,STAFFIIIDatabase,plain,ECG,True,cg213,STAFFIIIDatabase,MatrixProfile,train_prefix,NA,0,33211,124,NA,ab_join,300000,33211,126919,127370,7.32626353806393,10.551376849661171,10.550530520085612,266338,266090,False,False,137608,False,False,7.32626353806393,False,0.21067627406756,1.7724180228499522e-05,2.4016659658312927e-05,33088,0,0.0001,49.0293,results/gate1/MatrixProfile/scores/213_train_prefix_ab_join_seed0.npy
214,STAFFIIIDatabase,plain,ECG,True,cg214,STAFFIIIDatabase,MatrixProfile,full,NA,0,299690,125,NA,self_join,299690,34211,125719,126370,8.960729897824748,10.512242733114343,10.512392508071194,264828,264578,False,False,138930,False,False,8.960729897824748,False,11.432262430931894,10.372301501594258,11.432262430931894,34087,0,0.0004,323.3513,results/gate1/MatrixProfile/scores/214_full_self_join_seed0.npy
214,STAFFIIIDatabase,plain,ECG,True,cg214,STAFFIIIDatabase,MatrixProfile,train_prefix,NA,0,34211,125,NA,ab_join,299690,34211,125719,126370,9.214870460695966,11.256168927873816,11.256364178784354,264828,264578,False,False,106195,False,False,9.676428481363086,False,9.165596908183593,0.0,6.452392069879462e-07,34087,0,0.0279,45.8833,results/gate1/MatrixProfile/scores/214_train_prefix_ab_join_seed0.npy
215,STAFFIIIDatabase,plain,ECG,True,cg215,STAFFIIIDatabase,MatrixProfile,full,NA,0,299990,64,NA,self_join,299990,36276,106719,107370,6.789369233437286,6.667919414417242,6.668073690310417,263063,262935,True,True,92271,False,False,6.789369233437286,True,7.804116538721059,6.7364809009359226,7.804116538721059,36213,0,0.0001,311.1523,results/gate1/MatrixProfile/scores/215_full_self_join_seed0.npy
215,STAFFIIIDatabase,plain,ECG,True,cg215,STAFFIIIDatabase,MatrixProfile,train_prefix,NA,0,36276,64,NA,ab_join,299990,36276,106719,107370,7.364694903276883,7.23677657730078,7.236892489681723,263063,262935,True,True,213014,False,False,7.364694903276883,True,5.756838765348138,1.186117454894328e-06,1.7357134555054946e-06,36213,0,0.0001,49.0944,results/gate1/MatrixProfile/scores/215_train_prefix_ab_join_seed0.npy
216,STAFFIIIDatabase,plain,ECG,True,cg216,STAFFIIIDatabase,MatrixProfile,full,NA,0,299890,81,NA,self_join,299890,37216,160719,161370,7.6043973393226,6.729120756365754,6.73002477586191,262023,261861,True,True,75787,False,False,7.6043973393226,True,8.208958245340437,6.748664430191566,8.208958245340437,37136,0,0.0008,309.4382,results/gate1/MatrixProfile/scores/216_full_self_join_seed0.npy
216,STAFFIIIDatabase,plain,ECG,True,cg216,STAFFIIIDatabase,MatrixProfile,train_prefix,NA,0,37216,81,NA,ab_join,299890,37216,160719,161370,7.960672667103965,7.236623382628204,7.236964140155753,262023,261861,True,True,75786,False,False,7.960672667103965,True,3.1170263751976153,1.855327327763404e-05,3.525804304353651e-05,37136,0,0.0001,50.3572,results/gate1/MatrixProfile/scores/216_train_prefix_ab_join_seed0.npy
217,STAFFIIIDatabase,plain,ECG,True,cg214,STAFFIIIDatabase,MatrixProfile,full,NA,0,299690,125,NA,self_join,299690,38211,150719,151370,10.512190436301788,10.509600500375633,10.509862321363277,260828,260578,True,True,138930,False,False,10.512190436301788,True,11.432262430931894,10.41458336388456,11.432262430931894,38087,0,0.0001,320.2175,results/gate1/MatrixProfile/scores/217_full_self_join_seed0.npy
217,STAFFIIIDatabase,plain,ECG,True,cg214,STAFFIIIDatabase,MatrixProfile,train_prefix,NA,0,38211,125,NA,ab_join,299690,38211,150719,151370,11.230431658505939,11.21948125942422,11.219826524628473,260828,260578,True,True,106195,False,False,11.230431658505939,True,4.585849740018981,0.0,6.452392069879462e-07,38087,0,0.0001,46.7666,results/gate1/MatrixProfile/scores/217_train_prefix_ab_join_seed0.npy
218,STAFFIIIDatabase,plain,ECG,True,cg218,STAFFIIIDatabase,MatrixProfile,full,NA,0,299940,124,NA,self_join,299940,41117,210719,211370,9.191224620221096,9.982912382098755,9.983109001169122,258172,257924,False,False,262415,False,False,9.63198889112107,False,10.897034889013316,9.56888547366163,10.897034889013316,40994,0,0.0004,325.1506,results/gate1/MatrixProfile/scores/218_full_self_join_seed0.npy
218,STAFFIIIDatabase,plain,ECG,True,cg218,STAFFIIIDatabase,MatrixProfile,train_prefix,NA,0,41117,124,NA,ab_join,299940,41117,210719,211370,10.001917122401714,10.514203872806984,10.514645817009374,258172,257924,False,False,137548,False,False,10.399740400158928,False,8.731991819950618,2.2161127964025772e-05,2.7142995832892407e-05,40994,0,0.0002,47.4158,results/gate1/MatrixProfile/scores/218_train_prefix_ab_join_seed0.npy
219,STAFFIIIDatabase,plain,ECG,True,cg219,STAFFIIIDatabase,MatrixProfile,full,NA,0,299840,124,NA,self_join,299840,41612,64631,64852,5.89601232158793,9.983182885432,9.98396555218077,258007,257759,False,False,262315,False,False,6.342294087435577,False,10.897034889018075,9.566466405303485,10.897034889018075,41489,0,0.0004,313.9524,results/gate1/MatrixProfile/scores/219_full_self_join_seed0.npy
219,STAFFIIIDatabase,plain,ECG,True,cg219,STAFFIIIDatabase,MatrixProfile,train_prefix,NA,0,41612,124,NA,ab_join,299840,41612,64631,64852,6.353644873835561,10.513617137262502,10.513879567983313,258007,257759,False,False,137448,False,False,6.669698689391427,False,7.1851560862325385,1.8138905885152185e-05,2.4016659658312927e-05,41489,0,0.0001,59.9601,results/gate1/MatrixProfile/scores/219_train_prefix_ab_join_seed0.npy
220,STAFFIIIDatabase,plain,ECG,True,cg220,STAFFIIIDatabase,MatrixProfile,full,NA,0,299790,200,NA,self_join,299790,43217,250719,251370,10.915894341608515,14.248417506371032,14.248908700403756,255922,255522,False,False,87695,False,False,11.423701417770184,False,14.910688881312955,13.75767833863319,14.910688881312955,43018,0,0.0011,314.1171,results/gate1/MatrixProfile/scores/220_full_self_join_seed0.npy
220,STAFFIIIDatabase,plain,ECG,True,cg220,STAFFIIIDatabase,MatrixProfile,train_prefix,NA,0,43217,200,NA,ab_join,299790,43217,250719,251370,11.941120282476893,14.855477535187058,14.856264941735041,255922,255522,False,False,270632,False,False,11.941120282476893,False,5.836193307403599,0.0,7.884953353001447e-07,43018,0,0.0001,61.6038,results/gate1/MatrixProfile/scores/220_train_prefix_ab_join_seed0.npy
221,STAFFIIIDatabase,plain,ECG,True,cg221,STAFFIIIDatabase,MatrixProfile,full,NA,0,298340,64,NA,self_join,298340,45616,163631,164852,7.180181384871154,6.670774765138329,6.6708762022070855,251503,251375,True,True,90621,False,False,7.180181384871154,True,7.54308296434142,6.684923245826041,7.54308296434142,45553,0,0.0002,296.4397,results/gate1/MatrixProfile/scores/221_full_self_join_seed0.npy
221,STAFFIIIDatabase,plain,ECG,True,cg221,STAFFIIIDatabase,MatrixProfile,train_prefix,NA,0,45616,64,NA,ab_join,298340,45616,163631,164852,7.625746075455346,7.170130780686713,7.170241974735233,251503,251375,True,True,90617,False,False,7.625746075455346,True,4.391574201051089,1.1434153373987005e-06,1.8735210472943439e-06,45553,0,0.0002,57.7109,results/gate1/MatrixProfile/scores/221_train_prefix_ab_join_seed0.npy
222,mit14046longtermecg,plain,ECG,True,cg222,mit14046longtermecg,MatrixProfile,full,NA,0,211502,100,NA,self_join,211502,56123,91199,91700,10.304892727301242,4.069522200184261,4.025385569817817,154878,154678,True,True,91687,True,True,10.304892727301242,True,4.145788233465734,1.9001309123152024,4.145788233465734,56024,0,0.0004,169.1236,results/gate1/MatrixProfile/scores/222_full_self_join_seed0.npy
222,mit14046longtermecg,plain,ECG,True,cg222,mit14046longtermecg,MatrixProfile,train_prefix,NA,0,56123,100,NA,ab_join,211502,56123,91199,91700,11.64421092561459,7.181085153298646,7.143918183197465,154878,154678,True,True,91684,True,True,11.64421092561459,True,0.558276810098371,2.2450863083182817e-06,1.5151630837371596e-05,56024,0,0.0008,46.8128,results/gate1/MatrixProfile/scores/222_train_prefix_ab_join_seed0.npy
223,mit14046longtermecg,plain,ECG,True,cg223,mit14046longtermecg,MatrixProfile,full,NA,0,180386,100,NA,self_join,180386,74123,131199,131700,7.3397504644555,4.973283576850014,4.9706062186087845,105762,105562,True,True,133202,False,False,7.3397504644555,True,8.287072936631178,2.553672878047203,8.287072936631178,74024,0,0.0001,126.2213,results/gate1/MatrixProfile/scores/223_full_self_join_seed0.npy
223,mit14046longtermecg,plain,ECG,True,cg223,mit14046longtermecg,MatrixProfile,train_prefix,NA,0,74123,100,NA,ab_join,180386,74123,131199,131700,9.765053400475969,7.740209255338158,7.684202525353854,105762,105562,True,True,132887,False,False,9.765053400475969,True,1.5922636337082186,1.4826468186179101e-06,6.41615693021148e-06,74024,0,0.0001,66.5124,results/gate1/MatrixProfile/scores/223_train_prefix_ab_join_seed0.npy
224,mit14046longtermecg,plain,ECG,True,cg224,mit14046longtermecg,MatrixProfile,full,NA,0,199753,100,NA,self_join,199753,76123,191199,191700,7.302525165762056,3.150140537473759,3.147898218863767,123129,122929,True,True,92958,False,False,7.302525165762056,True,7.734622789398536,3.025809595757949,7.734622789398536,76024,0,0.0006,147.6492,results/gate1/MatrixProfile/scores/224_full_self_join_seed0.npy
224,mit14046longtermecg,plain,ECG,True,cg224,mit14046longtermecg,MatrixProfile,train_prefix,NA,0,76123,100,NA,ab_join,199753,76123,191199,191700,8.965114910083715,4.970961815057147,4.972272515251501,123129,122929,True,True,92957,False,False,8.965114910083715,True,2.146584236321623,3.0098870212918753e-06,1.257626224631547e-05,76024,0,0.0056,76.9122,results/gate1/MatrixProfile/scores/224_train_prefix_ab_join_seed0.npy
225,mit14046longtermecg,plain,ECG,True,cg225,mit14046longtermecg,MatrixProfile,full,NA,0,199999,100,NA,self_join,199999,81214,142999,143300,8.074494178596701,3.428508468906628,3.4190352730355893,118484,118284,True,True,143180,True,True,8.074494178596701,True,8.287072936631178,4.803077118633303,8.287072936631178,81115,0,0.0001,113.3806,results/gate1/MatrixProfile/scores/225_full_self_join_seed0.npy
225,mit14046longtermecg,plain,ECG,True,cg225,mit14046longtermecg,MatrixProfile,train_prefix,NA,0,81214,100,NA,ab_join,199999,81214,142999,143300,8.985202672721245,6.062616330812883,6.055681544162427,118484,118284,True,True,143197,True,True,8.985202672721245,True,1.815685157465176,1.5341684432308377e-06,6.41615693021148e-06,81115,0,0.0001,69.2916,results/gate1/MatrixProfile/scores/225_train_prefix_ab_join_seed0.npy
226,mit14046longtermecg,plain,ECG,True,cg226,mit14046longtermecg,MatrixProfile,full,NA,0,190001,200,NA,self_join,190001,96123,122999,123300,12.342432656235447,6.86463551154247,6.64058377294721,93577,93177,True,True,187896,False,False,12.342432656235447,True,12.695027064776218,9.601914217015826,12.695027064776218,95924,0,0.0001,102.2048,results/gate1/MatrixProfile/scores/226_full_self_join_seed0.npy
226,mit14046longtermecg,plain,ECG,True,cg226,mit14046longtermecg,MatrixProfile,train_prefix,NA,0,96123,200,NA,ab_join,190001,96123,122999,123300,12.692990024183716,8.385660819269553,8.170471123117531,93577,93177,True,True,187976,False,False,12.692990024183716,True,5.842041665269225,2.927613661347106e-06,3.7460938364197418e-06,95924,0,0.0003,76.6275,results/gate1/MatrixProfile/scores/226_train_prefix_ab_join_seed0.npy
227,mit14134longtermecg,plain,ECG,True,cg227,mit14134longtermecg,MatrixProfile,full,NA,0,59302,232,NA,self_join,59302,11231,28999,29100,15.067789440062489,10.722371516119395,8.880064127686177,47970,47506,True,True,29223,False,False,16.269486390787083,True,9.586003503453838,7.212203449897506,9.586003503453838,11000,0,0.0002,11.9616,results/gate1/MatrixProfile/scores/227_full_self_join_seed0.npy
227,mit14134longtermecg,plain,ECG,True,cg227,mit14134longtermecg,MatrixProfile,train_prefix,NA,0,11231,232,NA,ab_join,59302,11231,28999,29100,15.365460483961632,15.033313015327447,14.93464968094629,47970,47506,True,True,29212,False,False,17.506682431083725,True,8.96651607221263,2.9474263693777965,2.587830227147628e-06,11000,0,0.0001,3.9605,results/gate1/MatrixProfile/scores/227_train_prefix_ab_join_seed0.npy
228,mit14134longtermecg,plain,ECG,True,cg228,mit14134longtermecg,MatrixProfile,full,NA,0,59000,6,NA,self_join,59000,11361,47829,47850,0.35073084011879424,0.4204311380115753,0.4204325991998852,47618,47606,False,False,46933,False,False,0.35073084011879424,False,0.5500811490672665,0.4178819433284579,0.5500811490672665,11356,6,0.0,11.76,results/gate1/MatrixProfile/scores/228_full_self_join_seed0.npy
228,mit14134longtermecg,plain,ECG,True,cg228,mit14134longtermecg,MatrixProfile,train_prefix,NA,0,11361,6,NA,ab_join,59000,11361,47829,47850,0.5123000906023054,0.6124354927224799,0.6123724357005143,47618,47606,False,False,42317,False,False,0.6144855205488731,True,0.21983761701396998,1.7471575153748313e-05,3.550741917234897e-05,11356,6,0.0,4.0991,results/gate1/MatrixProfile/scores/228_train_prefix_ab_join_seed0.npy
229,mit14134longtermecg,plain,ECG,True,cg229,mit14134longtermecg,MatrixProfile,full,NA,0,59000,6,NA,self_join,59000,16363,57959,57970,0.3604132586128773,0.4039117749137163,0.40391851827429376,42626,42614,False,False,44780,False,False,0.3604132586128773,False,0.5286728277138764,0.4053384595424027,0.5286728277138764,16358,1,0.0001,11.0987,results/gate1/MatrixProfile/scores/229_full_self_join_seed0.npy
229,mit14134longtermecg,plain,ECG,True,cg229,mit14134longtermecg,MatrixProfile,train_prefix,NA,0,16363,6,NA,ab_join,59000,16363,57959,57970,0.47312522321571104,0.5504036707895317,0.5504036707913663,42626,42614,False,False,53249,False,False,0.47312522321571104,False,0.38908007719654314,1.628860192263227e-05,5.5811709945414446e-05,16358,1,0.0001,4.2505,results/gate1/MatrixProfile/scores/229_train_prefix_ab_join_seed0.npy
230,mit14134longtermecg,plain,ECG,True,cg230,mit14134longtermecg,MatrixProfile,full,NA,0,59000,6,NA,self_join,59000,19363,19509,19610,0.432221920695053,0.4124386277129678,0.4124525458922143,39536,39524,True,True,58535,False,False,0.432221920695053,True,0.6164771165430097,0.4250470008351865,0.6164771165430097,19358,0,0.0001,10.5288,results/gate1/MatrixProfile/scores/230_full_self_join_seed0.npy
230,mit14134longtermecg,plain,ECG,True,cg230,mit14134longtermecg,MatrixProfile,train_prefix,NA,0,19363,6,NA,ab_join,59000,19363,19509,19610,0.5003615438735336,0.5538242641119867,0.5538292774515219,39536,39524,False,False,58535,False,False,0.528060672306457,False,0.24498036650817964,1.3752474748810962e-05,3.485891543685119e-05,19358,0,0.0001,5.5087,results/gate1/MatrixProfile/scores/230_train_prefix_ab_join_seed0.npy
231,mit14134longtermecg,plain,ECG,True,cg231,mit14134longtermecg,MatrixProfile,full,NA,0,59000,6,NA,self_join,59000,8763,47529,47790,0.5015841565817031,0.39888802927461287,0.3988893058927979,49976,49964,True,True,13255,False,False,0.5015841565817031,True,0.4984458115354156,0.3963193583684466,0.4984458115354156,8758,0,0.0,11.425,results/gate1/MatrixProfile/scores/231_full_self_join_seed0.npy
231,mit14134longtermecg,plain,ECG,True,cg231,mit14134longtermecg,MatrixProfile,train_prefix,NA,0,8763,6,NA,ab_join,59000,8763,47529,47790,0.6440318534774554,0.6284303295863714,0.6284723102366007,49976,49964,True,True,38497,False,False,0.6440318534774554,True,0.3495850273179442,1.9939969442412055e-05,6.155397523245936e-05,8758,0,0.0001,2.646,results/gate1/MatrixProfile/scores/231_train_prefix_ab_join_seed0.npy
232,mit14134longtermecg,plain,ECG,True,cg231,mit14134longtermecg,MatrixProfile,full,NA,0,59000,6,NA,self_join,59000,8763,57529,57790,0.44675871501204306,0.39846005690540987,0.3984611230836607,49976,49964,True,True,13255,False,False,0.44675871501204306,True,0.4984458115354156,0.396640794365108,0.4984458115354156,8758,0,0.0132,11.8896,results/gate1/MatrixProfile/scores/232_full_self_join_seed0.npy
232,mit14134longtermecg,plain,ECG,True,cg231,mit14134longtermecg,MatrixProfile,train_prefix,NA,0,8763,6,NA,ab_join,59000,8763,57529,57790,0.7488914313927183,0.6280837851451945,0.6280973270092702,49976,49964,True,True,38497,False,False,0.7488914313927183,True,0.3495850273179442,1.9939969442412055e-05,6.155397523245936e-05,8758,0,0.0001,3.6801,results/gate1/MatrixProfile/scores/232_train_prefix_ab_join_seed0.npy
233,mit14157longtermecg,plain,ECG,True,cg233,mit14157longtermecg,MatrixProfile,full,NA,0,92710,113,NA,self_join,92710,18913,24499,24501,5.549146823970471,3.488392027674962,3.2695773150909337,73795,73569,True,True,88263,False,False,5.573768797235582,True,5.24835116785885,1.5670665501607703,5.24835116785885,18801,0,0.0002,30.1161,results/gate1/MatrixProfile/scores/233_full_self_join_seed0.npy
233,mit14157longtermecg,plain,ECG,True,cg233,mit14157longtermecg,MatrixProfile,train_prefix,NA,0,18913,113,NA,ab_join,92710,18913,24499,24501,5.660137401528071,6.429488533545128,6.441304991013544,73795,73569,False,False,66054,False,False,6.071965172201868,False,0.5690198944933502,2.504547881181778e-06,5.852287594322536e-06,18801,0,0.0,9.432,results/gate1/MatrixProfile/scores/233_train_prefix_ab_join_seed0.npy
234,mit14157longtermecg,plain,ECG,True,cg234,mit14157longtermecg,MatrixProfile,full,NA,0,98710,115,NA,self_join,98710,18913,24599,24601,6.840175693023776,2.562476370857493,2.461598783019956,79795,79565,True,True,80468,False,False,6.840175693023776,True,9.089937115225462,3.808299044589382,9.089937115225462,18799,0,0.0004,33.1904,results/gate1/MatrixProfile/scores/234_full_self_join_seed0.npy
234,mit14157longtermecg,plain,ECG,True,cg234,mit14157longtermecg,MatrixProfile,train_prefix,NA,0,18913,115,NA,ab_join,98710,18913,24599,24601,6.947107693004008,6.025637248050885,5.944298637122476,79795,79565,True,True,80472,False,False,6.947107693004008,True,0.9407073590700719,3.5731729293709393e-07,7.146345858741879e-07,18799,0,0.0001,10.6374,results/gate1/MatrixProfile/scores/234_train_prefix_ab_join_seed0.npy
235,mit14157longtermecg,plain,ECG,True,cg235,mit14157longtermecg,MatrixProfile,full,NA,0,97300,114,NA,self_join,97300,18913,75449,75451,6.316160233890896,2.1348731953476516,1.9521610143842696,78385,78157,True,True,96888,False,False,8.199598241168367,True,7.902651983831964,1.5919164106584454,7.902651983831964,18800,0,0.0006,22.958,results/gate1/MatrixProfile/scores/235_full_self_join_seed0.npy
235,mit14157longtermecg,plain,ECG,True,cg235,mit14157longtermecg,MatrixProfile,train_prefix,NA,0,18913,114,NA,ab_join,97300,18913,75449,75451,6.441692621444527,8.614852910384977,8.6049700088072,78385,78157,False,False,90687,False,False,8.977727270611144,True,6.684209772274716,6.36403456451375e-07,8.858361213029533e-07,18800,0,0.0001,10.3139,results/gate1/MatrixProfile/scores/235_train_prefix_ab_join_seed0.npy
236,mit14157longtermecg,plain,ECG,True,cg236,mit14157longtermecg,MatrixProfile,full,NA,0,97000,115,NA,self_join,97000,19313,46349,46390,4.002150848716502,2.782529071001543,2.5270174496822997,77646,77416,True,True,62927,False,False,4.002150848716502,True,5.387748079504974,2.1666773735327203,5.387748079504974,19199,0,0.0003,19.1185,results/gate1/MatrixProfile/scores/236_full_self_join_seed0.npy
236,mit14157longtermecg,plain,ECG,True,cg236,mit14157longtermecg,MatrixProfile,train_prefix,NA,0,19313,115,NA,ab_join,97000,19313,46349,46390,4.033711439371132,3.888029684572984,3.815479389562894,77646,77416,True,True,62918,False,False,4.060593466663376,True,0.5643788897812896,8.148087927396486e-07,1.597971513087095e-06,19199,0,0.0,10.4368,results/gate1/MatrixProfile/scores/236_train_prefix_ab_join_seed0.npy
237,mit14157longtermecg,plain,ECG,True,cg237,mit14157longtermecg,MatrixProfile,full,NA,0,97000,106,NA,self_join,97000,19313,89559,90370,9.53805118646122,2.815022199042354,2.8228697825473947,76876,76664,True,True,32752,False,False,9.53805118646122,True,7.6389850787453435,2.17067317597689,7.6389850787453435,19208,0,0.0001,29.7076,results/gate1/MatrixProfile/scores/237_full_self_join_seed0.npy
237,mit14157longtermecg,plain,ECG,True,cg237,mit14157longtermecg,MatrixProfile,train_prefix,NA,0,19313,106,NA,ab_join,97000,19313,89559,90370,10.945561239350145,5.127845117614845,5.1383253709177925,76876,76664,True,True,90145,True,True,10.945561239350145,True,0.8248512386818032,3.0683368864616754e-07,6.136673772923351e-07,19208,0,0.0001,7.6339,results/gate1/MatrixProfile/scores/237_train_prefix_ab_join_seed0.npy
238,mit14157longtermecg,plain,ECG,True,cg238,mit14157longtermecg,MatrixProfile,full,NA,0,99000,115,NA,self_join,99000,21311,72599,72780,8.109771979226615,4.79613968528345,4.767936751999214,77508,77278,True,True,72580,True,True,9.067993173671601,True,7.566834965204762,3.4292336372714756,7.566834965204762,21197,0,0.0002,30.9604,results/gate1/MatrixProfile/scores/238_full_self_join_seed0.npy
238,mit14157longtermecg,plain,ECG,True,cg238,mit14157longtermecg,MatrixProfile,train_prefix,NA,0,21311,115,NA,ab_join,99000,21311,72599,72780,10.888926150856568,6.366592822125774,6.3359093419479136,77508,77278,True,True,72600,True,True,10.888926150856568,True,2.3868280866545666,8.605339955080098e-07,1.856675117370056e-06,21197,0,0.0001,7.9741,results/gate1/MatrixProfile/scores/238_train_prefix_ab_join_seed0.npy
239,taichidbS0715Master,plain,Gait,False,cg239,taichidbS0715Master,MatrixProfile,full,NA,0,897667,125,NA,self_join,897667,190037,593449,593514,6.394331725782962,0.3210404725497423,0.32020951192094377,707565,707315,True,True,422914,False,False,6.394331725782962,True,10.804028415315154,0.6341506461433372,10.804028415315154,189913,136143,0.0011,1823.3267,results/gate1/MatrixProfile/scores/239_full_self_join_seed0.npy
239,taichidbS0715Master,plain,Gait,False,cg239,taichidbS0715Master,MatrixProfile,train_prefix,NA,0,190037,125,NA,ab_join,897667,190037,593449,593514,6.394331725787324,0.8698542951386841,0.8699215879459536,707565,707315,True,True,422893,False,False,6.394331725787324,True,3.676542577587166e-06,3.725290298461914e-07,3.676542577587166e-06,189913,136143,0.0003,541.4184,results/gate1/MatrixProfile/scores/239_train_prefix_ab_join_seed0.npy
240,taichidbS0715Master,plain,Gait,False,cg240,taichidbS0715Master,MatrixProfile,full,NA,0,900000,125,NA,self_join,900000,240030,884099,884200,6.019770624684087,0.28671576470036786,0.28694160784068184,659869,659619,True,True,425247,False,False,6.019770624684087,True,10.804028415315154,0.7078021582157262,10.804028415315154,239906,172357,0.0005,1731.134,results/gate1/MatrixProfile/scores/240_full_self_join_seed0.npy
240,taichidbS0715Master,plain,Gait,False,cg240,taichidbS0715Master,MatrixProfile,train_prefix,NA,0,240030,125,NA,ab_join,900000,240030,884099,884200,6.019770624688914,0.7166805052815914,0.71719139135731,659869,659619,True,True,425227,False,False,6.019770624688914,True,2.1139176128970246e-06,3.332000937312528e-07,2.1139176128970246e-06,239906,172357,0.0008,676.0726,results/gate1/MatrixProfile/scores/240_train_prefix_ab_join_seed0.npy
241,taichidbS0715Master,plain,Gait,False,cg241,taichidbS0715Master,MatrixProfile,full,NA,0,900000,125,NA,self_join,900000,250000,837399,839100,6.691801086282302,0.328641896765795,0.3287566643971422,648299,648049,True,True,556964,False,False,6.691801086282302,True,10.199756674939737,0.3747003347911327,10.199756674939737,249876,176898,0.001,1685.4061,results/gate1/MatrixProfile/scores/241_full_self_join_seed0.npy
241,taichidbS0715Master,plain,Gait,False,cg241,taichidbS0715Master,MatrixProfile,train_prefix,NA,0,250000,125,NA,ab_join,900000,250000,837399,839100,6.88528452956837,1.1292559133502136,1.1299651536558546,648299,648049,True,True,315610,False,False,6.88528452956837,True,1.343172518709298e-06,0.0,1.343172518709298e-06,249876,176898,0.0007,699.2328,results/gate1/MatrixProfile/scores/241_train_prefix_ab_join_seed0.npy
242,tilt12744mtable,plain,ABP,True,cg242,tilt12744mtable,MatrixProfile,full,NA,0,286667,269,NA,self_join,286667,100000,104629,104890,10.90701220538072,3.808370798709244,3.7591395369244736,186406,185868,True,True,187030,False,False,10.90701220538072,True,12.589527380287327,3.255100966655187,12.589527380287327,99732,0,0.0005,233.8102,results/gate1/MatrixProfile/scores/242_full_self_join_seed0.npy
242,tilt12744mtable,plain,ABP,True,cg242,tilt12744mtable,MatrixProfile,train_prefix,NA,0,100000,269,NA,ab_join,286667,100000,104629,104890,11.574878553095852,5.527122880442472,5.4512863619076395,186406,185868,True,True,187027,False,False,11.574878553095852,True,2.374922458008204,3.746538362320057e-06,5.45942024062005e-06,99732,0,0.0003,127.1155,results/gate1/MatrixProfile/scores/242_train_prefix_ab_join_seed0.npy
243,tilt12744mtable,plain,ABP,True,cg243,tilt12744mtable,MatrixProfile,full,NA,0,250001,250,NA,self_join,250001,100000,203354,203400,6.561262412143042,3.987406267831268,3.902518735156642,149955,149455,True,True,169324,False,False,6.561262412143042,True,12.377341983851313,3.0779355268746955,12.377341983851313,99751,0,0.0003,166.1099,results/gate1/MatrixProfile/scores/243_full_self_join_seed0.npy
243,tilt12744mtable,plain,ABP,True,cg243,tilt12744mtable,MatrixProfile,train_prefix,NA,0,100000,250,NA,ab_join,250001,100000,203354,203400,6.561262412143042,5.121997630337529,4.95407448927009,149955,149455,True,True,169320,False,False,6.561262412143042,True,1.1288111859511303,2.0539833235875104e-06,2.8759627141980504e-06,99751,0,0.0004,96.4077,results/gate1/MatrixProfile/scores/243_train_prefix_ab_join_seed0.npy
244,tilt12754table,plain,ABP,True,cg244,tilt12754table,MatrixProfile,full,NA,0,300262,166,NA,self_join,300262,100013,104629,104890,7.754655039851716,1.9212875661545534,1.8754845021178008,199988,199656,True,True,178582,False,False,7.754655039851716,True,15.418317630807742,3.040025700486833,15.418317630807742,99848,0,0.0005,272.0577,results/gate1/MatrixProfile/scores/244_full_self_join_seed0.npy
244,tilt12754table,plain,ABP,True,cg244,tilt12754table,MatrixProfile,train_prefix,NA,0,100013,166,NA,ab_join,300262,100013,104629,104890,8.088214272381066,3.3431836746658394,3.220742206709688,199988,199656,True,True,178582,False,False,8.088214272381066,True,1.0762512531653259,2.715120786173433e-07,1.8414845115870723e-06,99848,0,0.0002,103.1354,results/gate1/MatrixProfile/scores/244_train_prefix_ab_join_seed0.npy
245,tilt12754table,plain,ABP,True,cg245,tilt12754table,MatrixProfile,full,NA,0,298747,166,NA,self_join,298747,100211,270799,271070,10.334982802997658,1.87825413957558,1.8476562450911929,198265,197933,True,True,177200,False,False,10.334982802997658,True,15.418317630782395,3.033849857706638,15.418317630782395,100046,0,0.0004,277.1726,results/gate1/MatrixProfile/scores/245_full_self_join_seed0.npy
245,tilt12754table,plain,ABP,True,cg245,tilt12754table,MatrixProfile,train_prefix,NA,0,100211,166,NA,ab_join,298747,100211,270799,271070,10.582305891304111,3.1869176512564215,3.165582730214542,198265,197933,True,True,177200,False,False,10.582305891304111,True,1.0201152431699718,5.430241572346866e-07,1.8414845115870723e-06,100046,0,0.0001,133.3348,results/gate1/MatrixProfile/scores/245_train_prefix_ab_join_seed0.npy
246,tilt12755mtable,plain,ABP,True,cg246,tilt12755mtable,MatrixProfile,full,NA,0,299867,236,NA,self_join,299867,100211,270799,271070,10.803671585567646,2.3855716178738873,2.3352225221310445,199385,198913,True,True,195811,False,False,10.91765146860492,True,16.240842937045723,3.5106562256665232,16.240842937045723,99976,0,0.0004,245.9732,results/gate1/MatrixProfile/scores/246_full_self_join_seed0.npy
246,tilt12755mtable,plain,ABP,True,cg246,tilt12755mtable,MatrixProfile,train_prefix,NA,0,100211,236,NA,ab_join,299867,100211,270799,271070,10.803671585567646,10.78528662005524,10.782830986449843,199385,198913,True,True,195811,False,False,10.91765146860492,True,0.6217374073589146,7.900089200376671e-06,0.00028266786074563824,99976,0,0.0002,129.1601,results/gate1/MatrixProfile/scores/246_train_prefix_ab_join_seed0.npy
247,tilt12755mtable,plain,ABP,True,cg246,tilt12755mtable,MatrixProfile,full,NA,0,200000,236,NA,self_join,200000,50211,121899,121980,9.775330316724611,3.3611256870230397,2.7127022884687455,149708,149236,True,True,195811,False,False,9.775330316724611,True,16.240842937045723,5.33059797505146,16.240842937045723,49976,0,0.0002,115.7701,results/gate1/MatrixProfile/scores/247_full_self_join_seed0.npy
247,tilt12755mtable,plain,ABP,True,cg246,tilt12755mtable,MatrixProfile,train_prefix,NA,0,50211,236,NA,ab_join,200000,50211,121899,121980,12.121588653515099,10.220437104852047,10.20557240070233,149708,149236,True,True,55503,False,False,12.25031244146027,True,1.0387029047209595,1.033144259932666e-05,0.00028266786074563824,49976,0,0.0001,40.4157,results/gate1/MatrixProfile/scores/247_train_prefix_ab_join_seed0.npy
248,weallwalk,plain,Gait,False,cg248,weallwalk,MatrixProfile,full,NA,0,8432,24,NA,self_join,8432,2000,4701,4707,2.237832399879094,2.551527052171663,2.522197968775488,6426,6378,False,False,6273,False,False,3.0935603637048774,True,4.741454518684213,3.8833989716023645,4.741454518684213,1977,0,0.0,0.2527,results/gate1/MatrixProfile/scores/248_full_self_join_seed0.npy
248,weallwalk,plain,Gait,False,cg248,weallwalk,MatrixProfile,train_prefix,NA,0,2000,24,NA,ab_join,8432,2000,4701,4707,2.752003128337489,3.743268453874742,3.745548855662858,6426,6378,False,False,6337,False,False,3.6102719194287283,False,2.7228226350581317,3.2335379627465004e-05,4.4746854723684565e-05,1977,0,0.0,0.1858,results/gate1/MatrixProfile/scores/248_train_prefix_ab_join_seed0.npy
249,weallwalk,plain,Gait,False,cg249,weallwalk,MatrixProfile,full,NA,0,10524,24,NA,self_join,10524,2753,8284,8315,3.2187998831090057,1.9954357126691527,1.9463519350461411,7740,7692,True,True,8379,True,True,3.2187998831090057,True,4.425077375576949,3.40623146445474,4.425077375576949,2730,0,0.0,0.6207,results/gate1/MatrixProfile/scores/249_full_self_join_seed0.npy
249,weallwalk,plain,Gait,False,cg249,weallwalk,MatrixProfile,train_prefix,NA,0,2753,24,NA,ab_join,10524,2753,8284,8315,3.407753030851776,2.9801569354189867,2.9740899170243673,7740,7692,True,True,4923,False,False,3.407753030851776,True,2.575490013905707,0.00023462102029872425,0.000331873812773644,2730,0,0.0,0.3732,results/gate1/MatrixProfile/scores/249_train_prefix_ab_join_seed0.npy
250,weallwalk,plain,Gait,False,cg250,weallwalk,MatrixProfile,full,NA,0,10468,24,NA,self_join,10468,2951,7289,7296,3.069059422176123,2.1063951920904733,2.0606439278892696,7510,7462,True,True,6577,False,False,3.2950112050987848,True,3.6407340006769147,3.0025208606421763,3.6407340006769147,2928,0,0.0,0.502,results/gate1/MatrixProfile/scores/250_full_self_join_seed0.npy
250,weallwalk,plain,Gait,False,cg250,weallwalk,MatrixProfile,train_prefix,NA,0,2951,24,NA,ab_join,10468,2951,7289,7296,3.1126296124314345,2.8460551618102254,2.8313580583690037,7510,7462,True,True,4854,False,False,3.3804997773617353,True,0.9485831513862859,0.00022596521217345,0.0002921715449857445,2928,0,0.0,0.2066,results/gate1/MatrixProfile/scores/250_train_prefix_ab_join_seed0.npy
