num,rid,train_end,w,kind,length,L,op,n_A,n_B,n,c,t_op,t_patch,no_donor
32,0,1000,178,normal,0.25w,45,(before),222,823,7321,44,0.0,11.507051250009681,False
32,0,1000,178,normal,0.25w,45,B1_zero,222,823,7321,44,6.504199700430036e-05,0.004167083010543138,False
32,0,1000,178,normal,0.25w,45,B2_global_mean,222,823,7321,44,5.200000305194408e-05,0.0025285410083597526,False
32,0,1000,178,normal,0.25w,45,B3_local_mean,222,823,7321,44,0.0001138340012403205,0.0025567919947206974,False
32,0,1000,178,normal,0.25w,45,B4_linear_interp,222,823,7321,44,7.824999920558184e-05,0.0024371670006075874,False
32,0,1000,178,normal,0.25w,45,B5_gaussian,222,823,7321,44,9.533399133943021e-05,0.0024490000068908557,False
32,0,1000,178,normal,0.25w,45,B6_shuffle,222,823,7321,44,2.6374997105449438e-05,0.0029796250018989667,False
32,0,1000,178,normal,0.25w,45,recon_test,222,823,7321,44,0.0014810420107096434,0.0026545419968897477,False
32,0,1000,178,normal,0.25w,45,recon_train,222,823,7321,44,0.00020695901184808463,0.002737417002208531,False
32,0,1000,178,normal,0.25w,45,identity,222,823,7321,44,9.041992598213255e-06,0.0028305830055614933,False
32,1,1000,178,normal,0.25w,45,(before),222,823,7321,44,0.0,0.003402625006856397,False
32,1,1000,178,normal,0.25w,45,B1_zero,222,823,7321,44,2.0457999198697507e-05,0.0028677500085905194,False
32,1,1000,178,normal,0.25w,45,B2_global_mean,222,823,7321,44,5.09169913129881e-05,0.003091083010076545,False
32,1,1000,178,normal,0.25w,45,B3_local_mean,222,823,7321,44,9.83749923761934e-05,0.003007334002177231,False
32,1,1000,178,normal,0.25w,45,B4_linear_interp,222,823,7321,44,7.562499376945198e-05,0.0027972500101896003,False
32,1,1000,178,normal,0.25w,45,B5_gaussian,222,823,7321,44,0.00019512500148266554,0.002079582991427742,False
32,1,1000,178,normal,0.25w,45,B6_shuffle,222,823,7321,44,4.791600804310292e-05,0.002803875002427958,False
32,1,1000,178,normal,0.25w,45,recon_test,222,823,7321,44,0.0009024590108310804,0.00297145800141152,False
32,1,1000,178,normal,0.25w,45,recon_train,222,823,7321,44,0.00040499999886378646,0.003337166999699548,False
32,1,1000,178,normal,0.25w,45,identity,222,823,7321,44,1.7582991858944297e-05,0.003199583006789908,False
32,2,1000,178,normal,0.25w,45,(before),222,823,7321,44,0.0,0.0023077910009305924,False
32,2,1000,178,normal,0.25w,45,B1_zero,222,823,7321,44,1.5125013305805624e-05,0.0025864590134005994,False
32,2,1000,178,normal,0.25w,45,B2_global_mean,222,823,7321,44,2.608299837447703e-05,0.0029815419984515756,False
32,2,1000,178,normal,0.25w,45,B3_local_mean,222,823,7321,44,0.00010433400166220963,0.0030191659898264334,False
32,2,1000,178,normal,0.25w,45,B4_linear_interp,222,823,7321,44,4.1332998080179095e-05,0.002761249998002313,False
32,2,1000,178,normal,0.25w,45,B5_gaussian,222,823,7321,44,0.00016812499961815774,0.0027094580000266433,False
32,2,1000,178,normal,0.25w,45,B6_shuffle,222,823,7321,44,2.8875001589767635e-05,0.0028582920058397576,False
32,2,1000,178,normal,0.25w,45,recon_test,222,823,7321,44,0.0009255839977413416,0.0024851670023053885,False
32,2,1000,178,normal,0.25w,45,recon_train,222,823,7321,44,0.00019174999033566564,0.002941792001365684,False
32,2,1000,178,normal,0.25w,45,identity,222,823,7321,44,2.0666993805207312e-05,0.003169208997860551,False
32,3,1000,178,normal,0.25w,45,(before),222,823,7321,44,0.0,0.0036233749997336417,False
32,3,1000,178,normal,0.25w,45,B1_zero,222,823,7321,44,5.795799370389432e-05,0.0026432919985381886,False
32,3,1000,178,normal,0.25w,45,B2_global_mean,222,823,7321,44,3.3374992199242115e-05,0.0027927080082008615,False
32,3,1000,178,normal,0.25w,45,B3_local_mean,222,823,7321,44,0.00016741699073463678,0.003000291995704174,False
32,3,1000,178,normal,0.25w,45,B4_linear_interp,222,823,7321,44,4.4375003199093044e-05,0.0032257920101983473,False
32,3,1000,178,normal,0.25w,45,B5_gaussian,222,823,7321,44,0.0002027080045081675,0.0038415829912992194,False
32,3,1000,178,normal,0.25w,45,B6_shuffle,222,823,7321,44,5.17089938512072e-05,0.002483000003849156,False
32,3,1000,178,normal,0.25w,45,recon_test,222,823,7321,44,0.0015481250011362135,0.0034345829917583615,False
32,3,1000,178,normal,0.25w,45,recon_train,222,823,7321,44,0.00039999998989515007,0.0031917919986881316,False
32,3,1000,178,normal,0.25w,45,identity,222,823,7321,44,1.0832998668774962e-05,0.003463832996203564,False
32,4,1000,178,normal,0.25w,45,(before),222,823,7321,44,0.0,0.0030460839916486293,False
32,4,1000,178,normal,0.25w,45,B1_zero,222,823,7321,44,3.345799632370472e-05,0.002037083002505824,False
32,4,1000,178,normal,0.25w,45,B2_global_mean,222,823,7321,44,2.6832989533431828e-05,0.0028841669991379604,False
32,4,1000,178,normal,0.25w,45,B3_local_mean,222,823,7321,44,0.00013612500333692878,0.002893833996495232,False
32,4,1000,178,normal,0.25w,45,B4_linear_interp,222,823,7321,44,7.958299829624593e-05,0.00277875000028871,False
32,4,1000,178,normal,0.25w,45,B5_gaussian,222,823,7321,44,0.00018099999579135329,0.0024872919893823564,False
32,4,1000,178,normal,0.25w,45,B6_shuffle,222,823,7321,44,4.837500455323607e-05,0.0027262499934295192,False
32,4,1000,178,normal,0.25w,45,recon_test,222,823,7321,44,0.001199541991809383,0.0031732500065118074,False
32,4,1000,178,normal,0.25w,45,recon_train,222,823,7321,44,0.00016466699889861047,0.0026357089955126867,False
32,4,1000,178,normal,0.25w,45,identity,222,823,7321,44,1.750000228639692e-05,0.0029601249989354983,False
32,5,1000,178,normal,0.25w,45,(before),222,823,7321,44,0.0,0.003519624995533377,False
32,5,1000,178,normal,0.25w,45,B1_zero,222,823,7321,44,2.1832995116710663e-05,0.0030709999991813675,False
32,5,1000,178,normal,0.25w,45,B2_global_mean,222,823,7321,44,6.487499922513962e-05,0.0032560830004513264,False
32,5,1000,178,normal,0.25w,45,B3_local_mean,222,823,7321,44,9.687499550636858e-05,0.002979833006975241,False
32,5,1000,178,normal,0.25w,45,B4_linear_interp,222,823,7321,44,6.187499093357474e-05,0.002893750002840534,False
32,5,1000,178,normal,0.25w,45,B5_gaussian,222,823,7321,44,0.00013091700384393334,0.0026167500036535785,False
32,5,1000,178,normal,0.25w,45,B6_shuffle,222,823,7321,44,4.504199023358524e-05,0.0026980829861713573,False
32,5,1000,178,normal,0.25w,45,recon_test,222,823,7321,44,0.0017019999941112474,0.0029014999890932813,False
32,5,1000,178,normal,0.25w,45,recon_train,222,823,7321,44,0.0001517919881734997,0.003003040998009965,False
32,5,1000,178,normal,0.25w,45,identity,222,823,7321,44,1.8042002920992672e-05,0.003073750005569309,False
32,6,1000,178,normal,0.25w,45,(before),222,823,7321,44,0.0,0.0024084579927148297,False
32,6,1000,178,normal,0.25w,45,B1_zero,222,823,7321,44,3.137500607408583e-05,0.0026504159905016422,False
32,6,1000,178,normal,0.25w,45,B2_global_mean,222,823,7321,44,3.22499981848523e-05,0.0021400830009952188,False
32,6,1000,178,normal,0.25w,45,B3_local_mean,222,823,7321,44,0.00015454100503120571,0.0024039580021053553,False
32,6,1000,178,normal,0.25w,45,B4_linear_interp,222,823,7321,44,3.366700548212975e-05,0.002654000010807067,False
32,6,1000,178,normal,0.25w,45,B5_gaussian,222,823,7321,44,0.00015866599278524518,0.002863458008505404,False
32,6,1000,178,normal,0.25w,45,B6_shuffle,222,823,7321,44,5.2167000831104815e-05,0.002987874991958961,False
32,6,1000,178,normal,0.25w,45,recon_test,222,823,7321,44,0.0018818329990608618,0.0027003750001313165,False
32,6,1000,178,normal,0.25w,45,recon_train,222,823,7321,44,0.00021833300706930459,0.0026590420020511374,False
32,6,1000,178,normal,0.25w,45,identity,222,823,7321,44,9.459006832912564e-06,0.0021313749894034117,False
32,7,1000,178,normal,0.25w,45,(before),222,823,7321,44,0.0,0.0024538339930586517,False
32,7,1000,178,normal,0.25w,45,B1_zero,222,823,7321,44,1.7790996935218573e-05,0.0025516250025248155,False
32,7,1000,178,normal,0.25w,45,B2_global_mean,222,823,7321,44,2.7832997147925198e-05,0.0029420000064419582,False
32,7,1000,178,normal,0.25w,45,B3_local_mean,222,823,7321,44,0.00016095899627543986,0.003317542010336183,False
32,7,1000,178,normal,0.25w,45,B4_linear_interp,222,823,7321,44,3.9083999581635e-05,0.0031985829991754144,False
32,7,1000,178,normal,0.25w,45,B5_gaussian,222,823,7321,44,8.05000017862767e-05,0.002532541999244131,False
32,7,1000,178,normal,0.25w,45,B6_shuffle,222,823,7321,44,3.037499845959246e-05,0.003207625006325543,False
32,7,1000,178,normal,0.25w,45,recon_test,222,823,7321,44,0.001357165994704701,0.00299070798791945,False
32,7,1000,178,normal,0.25w,45,recon_train,222,823,7321,44,0.0004542920069070533,0.0031367919873446226,False
32,7,1000,178,normal,0.25w,45,identity,222,823,7321,44,1.058299676515162e-05,0.0026301250036340207,False
32,8,1000,178,normal,0.25w,45,(before),222,823,7321,44,0.0,0.0029072080069454387,False
32,8,1000,178,normal,0.25w,45,B1_zero,222,823,7321,44,1.850000990089029e-05,0.0022566249972442165,False
32,8,1000,178,normal,0.25w,45,B2_global_mean,222,823,7321,44,2.2249994799494743e-05,0.003091292004683055,False
32,8,1000,178,normal,0.25w,45,B3_local_mean,222,823,7321,44,0.00015083400649018586,0.002993792004417628,False
32,8,1000,178,normal,0.25w,45,B4_linear_interp,222,823,7321,44,6.274999759625643e-05,0.0027489999920362607,False
32,8,1000,178,normal,0.25w,45,B5_gaussian,222,823,7321,44,0.00014250000822357833,0.002592874996480532,False
32,8,1000,178,normal,0.25w,45,B6_shuffle,222,823,7321,44,2.7125002816319466e-05,0.0027872079954249784,False
32,8,1000,178,normal,0.25w,45,recon_test,222,823,7321,44,0.0013112079905113205,0.002628874994115904,False
32,8,1000,178,normal,0.25w,45,recon_train,222,823,7321,44,0.00023799999326001853,0.0026697499997681007,False
32,8,1000,178,normal,0.25w,45,identity,222,823,7321,44,1.5416007954627275e-05,0.0027480419958010316,False
32,9,1000,178,normal,0.25w,45,(before),222,823,7321,44,0.0,0.0025500829942757264,False
32,9,1000,178,normal,0.25w,45,B1_zero,222,823,7321,44,2.912498894147575e-05,0.0022547499975189567,False
32,9,1000,178,normal,0.25w,45,B2_global_mean,222,823,7321,44,4.1584004065953195e-05,0.003189374998328276,False
32,9,1000,178,normal,0.25w,45,B3_local_mean,222,823,7321,44,0.00016766700719017535,0.0029148329922463745,False
32,9,1000,178,normal,0.25w,45,B4_linear_interp,222,823,7321,44,4.541699308902025e-05,0.0029959999956190586,False
32,9,1000,178,normal,0.25w,45,B5_gaussian,222,823,7321,44,0.00022133300080895424,0.0025752919900696725,False
32,9,1000,178,normal,0.25w,45,B6_shuffle,222,823,7321,44,2.575000689830631e-05,0.0029872080049244687,False
32,9,1000,178,normal,0.25w,45,recon_test,222,823,7321,44,0.0011050830071326345,0.0027282499941065907,False
32,9,1000,178,normal,0.25w,45,recon_train,222,823,7321,44,0.0004892919969279319,0.0031447080109501258,False
32,9,1000,178,normal,0.25w,45,identity,222,823,7321,44,1.620799594093114e-05,0.0033958749991143122,False
32,10,1000,178,normal,0.25w,45,(before),222,823,7321,44,0.0,0.0025127499975496903,False
32,10,1000,178,normal,0.25w,45,B1_zero,222,823,7321,44,3.462500171735883e-05,0.0025541250070091337,False
32,10,1000,178,normal,0.25w,45,B2_global_mean,222,823,7321,44,7.704099698457867e-05,0.0033566250058356673,False
32,10,1000,178,normal,0.25w,45,B3_local_mean,222,823,7321,44,0.0001577910006744787,0.003263541992055252,False
32,10,1000,178,normal,0.25w,45,B4_linear_interp,222,823,7321,44,3.837500116787851e-05,0.00325016699207481,False
32,10,1000,178,normal,0.25w,45,B5_gaussian,222,823,7321,44,0.00011675000132527202,0.0032553749915678054,False
32,10,1000,178,normal,0.25w,45,B6_shuffle,222,823,7321,44,4.8250003601424396e-05,0.002116749994456768,False
32,10,1000,178,normal,0.25w,45,recon_test,222,823,7321,44,0.0021263749949866906,0.002948624998680316,False
32,10,1000,178,normal,0.25w,45,recon_train,222,823,7321,44,0.00018783299310598522,0.0023452499881386757,False
32,10,1000,178,normal,0.25w,45,identity,222,823,7321,44,7.875001756474376e-06,0.0033525420003570616,False
32,11,1000,178,normal,0.25w,45,(before),222,823,7321,44,0.0,0.0021103329927427694,False
32,11,1000,178,normal,0.25w,45,B1_zero,222,823,7321,44,3.779200778808445e-05,0.0028860840102424845,False
32,11,1000,178,normal,0.25w,45,B2_global_mean,222,823,7321,44,2.491600753273815e-05,0.002242000002297573,False
32,11,1000,178,normal,0.25w,45,B3_local_mean,222,823,7321,44,0.00011033299961127341,0.002846707997377962,False
32,11,1000,178,normal,0.25w,45,B4_linear_interp,222,823,7321,44,5.9541998780332506e-05,0.002452542001265101,False
32,11,1000,178,normal,0.25w,45,B5_gaussian,222,823,7321,44,7.762499444652349e-05,0.002870915996027179,False
32,11,1000,178,normal,0.25w,45,B6_shuffle,222,823,7321,44,3.187499532941729e-05,0.0026460830122232437,False
32,11,1000,178,normal,0.25w,45,recon_test,222,823,7321,44,0.0010994999902322888,0.0020195420074742287,False
32,11,1000,178,normal,0.25w,45,recon_train,222,823,7321,44,0.00025800000003073364,0.0024179159954655915,False
32,11,1000,178,normal,0.25w,45,identity,222,823,7321,44,8.916002116166055e-06,0.0023843749950174242,False
32,12,1000,178,normal,0.25w,45,(before),222,823,7321,44,0.0,0.0022733749938197434,False
32,12,1000,178,normal,0.25w,45,B1_zero,222,823,7321,44,2.1042011212557554e-05,0.002866750000976026,False
32,12,1000,178,normal,0.25w,45,B2_global_mean,222,823,7321,44,6.387500616256148e-05,0.003098542001680471,False
32,12,1000,178,normal,0.25w,45,B3_local_mean,222,823,7321,44,0.00013945798855274916,0.002364542000577785,False
32,12,1000,178,normal,0.25w,45,B4_linear_interp,222,823,7321,44,6.208299600984901e-05,0.003527625012793578,False
32,12,1000,178,normal,0.25w,45,B5_gaussian,222,823,7321,44,7.958299829624593e-05,0.003254499999457039,False
32,12,1000,178,normal,0.25w,45,B6_shuffle,222,823,7321,44,4.6540997573174536e-05,0.0026894580078078434,False
32,12,1000,178,normal,0.25w,45,recon_test,222,823,7321,44,0.0014198749995557591,0.0028428749938029796,False
32,12,1000,178,normal,0.25w,45,recon_train,222,823,7321,44,0.0004608330054907128,0.0032027089910116047,False
32,12,1000,178,normal,0.25w,45,identity,222,823,7321,44,9.750001481734216e-06,0.002811666010529734,False
32,13,1000,178,normal,0.25w,45,(before),222,823,7321,44,0.0,0.0033929169876500964,False
32,13,1000,178,normal,0.25w,45,B1_zero,222,823,7321,44,3.14170029014349e-05,0.0022059579932829365,False
32,13,1000,178,normal,0.25w,45,B2_global_mean,222,823,7321,44,2.4249995476566255e-05,0.003030959007446654,False
32,13,1000,178,normal,0.25w,45,B3_local_mean,222,823,7321,44,0.00016229199536610395,0.00285687499854248,False
32,13,1000,178,normal,0.25w,45,B4_linear_interp,222,823,7321,44,7.249999907799065e-05,0.0032009169954108074,False
32,13,1000,178,normal,0.25w,45,B5_gaussian,222,823,7321,44,8.762499783188105e-05,0.00249741600418929,False
32,13,1000,178,normal,0.25w,45,B6_shuffle,222,823,7321,44,5.3499999921768904e-05,0.0028371249936753884,False
32,13,1000,178,normal,0.25w,45,recon_test,222,823,7321,44,0.0009242079977411777,0.0027475829992908984,False
32,13,1000,178,normal,0.25w,45,recon_train,222,823,7321,44,0.00018279199139215052,0.003565791994333267,False
32,13,1000,178,normal,0.25w,45,identity,222,823,7321,44,1.812499249354005e-05,0.002924708998762071,False
32,14,1000,178,normal,0.25w,45,(before),222,823,7321,44,0.0,0.0026591659989207983,False
32,14,1000,178,normal,0.25w,45,B1_zero,222,823,7321,44,3.616699541453272e-05,0.002925207998487167,False
32,14,1000,178,normal,0.25w,45,B2_global_mean,222,823,7321,44,2.9417002224363387e-05,0.00308995800151024,False
32,14,1000,178,normal,0.25w,45,B3_local_mean,222,823,7321,44,0.0001269589993171394,0.002856624996638857,False
32,14,1000,178,normal,0.25w,45,B4_linear_interp,222,823,7321,44,3.183299850206822e-05,0.0028870000096503645,False
32,14,1000,178,normal,0.25w,45,B5_gaussian,222,823,7321,44,0.0001259580021724105,0.0020126669987803325,False
32,14,1000,178,normal,0.25w,45,B6_shuffle,222,823,7321,44,3.99590062443167e-05,0.002758041999186389,False
32,14,1000,178,normal,0.25w,45,recon_test,222,823,7321,44,0.0012767090083798394,0.00294154099537991,False
32,14,1000,178,normal,0.25w,45,recon_train,222,823,7321,44,0.0002577499981271103,0.0021739170042565092,False
32,14,1000,178,normal,0.25w,45,identity,222,823,7321,44,9.12499672267586e-06,0.0021395000076154247,False
32,15,1000,178,normal,0.25w,45,(before),222,823,7321,44,0.0,0.002905417000874877,False
32,15,1000,178,normal,0.25w,45,B1_zero,222,823,7321,44,1.8332997569814324e-05,0.0033352089958498254,False
32,15,1000,178,normal,0.25w,45,B2_global_mean,222,823,7321,44,3.079199814237654e-05,0.0023600419954163954,False
32,15,1000,178,normal,0.25w,45,B3_local_mean,222,823,7321,44,0.00015637499745935202,0.0029931250028312206,False
32,15,1000,178,normal,0.25w,45,B4_linear_interp,222,823,7321,44,6.408301123883575e-05,0.0032200830028159544,False
32,15,1000,178,normal,0.25w,45,B5_gaussian,222,823,7321,44,0.00020133300859015435,0.002328707996639423,False
32,15,1000,178,normal,0.25w,45,B6_shuffle,222,823,7321,44,4.8999994760379195e-05,0.0034727909951470792,False
32,15,1000,178,normal,0.25w,45,recon_test,222,823,7321,44,0.0012655000027734786,0.002657000004546717,False
32,15,1000,178,normal,0.25w,45,recon_train,222,823,7321,44,0.00018979200103785843,0.002988207997987047,False
32,15,1000,178,normal,0.25w,45,identity,222,823,7321,44,1.691700890660286e-05,0.0029647080082213506,False
32,16,1000,178,normal,0.25w,45,(before),222,823,7321,44,0.0,0.003108042001258582,False
32,16,1000,178,normal,0.25w,45,B1_zero,222,823,7321,44,1.7583995941095054e-05,0.0025730830093380064,False
32,16,1000,178,normal,0.25w,45,B2_global_mean,222,823,7321,44,2.70830059889704e-05,0.0029875830077799037,False
32,16,1000,178,normal,0.25w,45,B3_local_mean,222,823,7321,44,0.00014462500985246152,0.0030047079926589504,False
32,16,1000,178,normal,0.25w,45,B4_linear_interp,222,823,7321,44,6.758399831596762e-05,0.0022400000016205013,False
32,16,1000,178,normal,0.25w,45,B5_gaussian,222,823,7321,44,0.00015704201359767467,0.0031096250022528693,False
32,16,1000,178,normal,0.25w,45,B6_shuffle,222,823,7321,44,6.350000330712646e-05,0.0031296669912990183,False
32,16,1000,178,normal,0.25w,45,recon_test,222,823,7321,44,0.0013627089938381687,0.00275800000235904,False
32,16,1000,178,normal,0.25w,45,recon_train,222,823,7321,44,0.0005762499931734055,0.003380750000360422,False
32,16,1000,178,normal,0.25w,45,identity,222,823,7321,44,1.970799348782748e-05,0.0032330420071957633,False
32,17,1000,178,normal,0.25w,45,(before),222,823,7321,44,0.0,0.0031488750100834295,False
32,17,1000,178,normal,0.25w,45,B1_zero,222,823,7321,44,3.704200207721442e-05,0.0028512080025393516,False
32,17,1000,178,normal,0.25w,45,B2_global_mean,222,823,7321,44,2.7332993340678513e-05,0.003085790987825021,False
32,17,1000,178,normal,0.25w,45,B3_local_mean,222,823,7321,44,0.0001703750021988526,0.002412292000371963,False
32,17,1000,178,normal,0.25w,45,B4_linear_interp,222,823,7321,44,3.691599704325199e-05,0.002734125009737909,False
32,17,1000,178,normal,0.25w,45,B5_gaussian,222,823,7321,44,0.00012179100303910673,0.003267874999437481,False
32,17,1000,178,normal,0.25w,45,B6_shuffle,222,823,7321,44,6.712500180583447e-05,0.0031892080005491152,False
32,17,1000,178,normal,0.25w,45,recon_test,222,823,7321,44,0.0015581249899696559,0.0025355830002808943,False
32,17,1000,178,normal,0.25w,45,recon_train,222,823,7321,44,0.000298250000923872,0.002530375000787899,False
32,17,1000,178,normal,0.25w,45,identity,222,823,7321,44,2.229200617875904e-05,0.0028034579881932586,False
32,18,1000,178,normal,0.25w,45,(before),222,823,7321,44,0.0,0.002907875008531846,False
32,18,1000,178,normal,0.25w,45,B1_zero,222,823,7321,44,3.7165998946875334e-05,0.0035949580051237717,False
32,18,1000,178,normal,0.25w,45,B2_global_mean,222,823,7321,44,5.4333009757101536e-05,0.003246916996431537,False
32,18,1000,178,normal,0.25w,45,B3_local_mean,222,823,7321,44,8.608300413470715e-05,0.0030502500012516975,False
32,18,1000,178,normal,0.25w,45,B4_linear_interp,222,823,7321,44,7.145800918806344e-05,0.0032127090089488775,False
32,18,1000,178,normal,0.25w,45,B5_gaussian,222,823,7321,44,9.250000584870577e-05,0.0030764580005779862,False
32,18,1000,178,normal,0.25w,45,B6_shuffle,222,823,7321,44,4.4832995627075434e-05,0.0025647919974289834,False
32,18,1000,178,normal,0.25w,45,recon_test,222,823,7321,44,0.0011007080029230565,0.002214291991549544,False
32,18,1000,178,normal,0.25w,45,recon_train,222,823,7321,44,0.00020000000949949026,0.0023691660026088357,False
32,18,1000,178,normal,0.25w,45,identity,222,823,7321,44,8.167000487446785e-06,0.002389916990068741,False
32,19,1000,178,normal,0.25w,45,(before),222,823,7321,44,0.0,0.00265762499475386,False
32,19,1000,178,normal,0.25w,45,B1_zero,222,823,7321,44,1.9584011170081794e-05,0.00263799999083858,False
32,19,1000,178,normal,0.25w,45,B2_global_mean,222,823,7321,44,8.629201329313219e-05,0.0027276670007267967,False
32,19,1000,178,normal,0.25w,45,B3_local_mean,222,823,7321,44,0.0001676660031080246,0.0032119999959832057,False
32,19,1000,178,normal,0.25w,45,B4_linear_interp,222,823,7321,44,3.924999327864498e-05,0.0023032919998513535,False
32,19,1000,178,normal,0.25w,45,B5_gaussian,222,823,7321,44,0.00023312499979510903,0.0031464999919990078,False
32,19,1000,178,normal,0.25w,45,B6_shuffle,222,823,7321,44,2.5792003725655377e-05,0.0023284159979084507,False
32,19,1000,178,normal,0.25w,45,recon_test,222,823,7321,44,0.001589041989063844,0.0029420829960145056,False
32,19,1000,178,normal,0.25w,45,recon_train,222,823,7321,44,0.0001847079984145239,0.0035601669951574877,False
32,19,1000,178,normal,0.25w,45,identity,222,823,7321,44,1.9540995708666742e-05,0.0034014159900834784,False
32,20,1000,178,normal,0.5w,89,(before),266,823,7321,44,0.0,0.002544500006479211,False
32,20,1000,178,normal,0.5w,89,B1_zero,266,823,7321,44,3.1458999728783965e-05,0.0029660419968422502,False
32,20,1000,178,normal,0.5w,89,B2_global_mean,266,823,7321,44,3.104099596384913e-05,0.003357999987201765,False
32,20,1000,178,normal,0.5w,89,B3_local_mean,266,823,7321,44,0.00018095900304615498,0.0029315000138012692,False
32,20,1000,178,normal,0.5w,89,B4_linear_interp,266,823,7321,44,8.537500980310142e-05,0.0023701669997535646,False
32,20,1000,178,normal,0.5w,89,B5_gaussian,266,823,7321,44,0.00010637500963639468,0.0026408750127302483,False
32,20,1000,178,normal,0.5w,89,B6_shuffle,266,823,7321,44,4.2374987970106304e-05,0.003399375011213124,False
32,20,1000,178,normal,0.5w,89,recon_test,266,823,7321,44,0.0009616250026738271,0.0034103330108337104,False
32,20,1000,178,normal,0.5w,89,recon_train,266,823,7321,44,0.00032812499557621777,0.0032989579922286794,False
32,20,1000,178,normal,0.5w,89,identity,266,823,7321,44,3.100000321865082e-05,0.002920832994277589,False
32,21,1000,178,normal,0.5w,89,(before),266,823,7321,44,0.0,0.0026232499949401245,False
32,21,1000,178,normal,0.5w,89,B1_zero,266,823,7321,44,4.1916995542123914e-05,0.002304541994817555,False
32,21,1000,178,normal,0.5w,89,B2_global_mean,266,823,7321,44,4.779099253937602e-05,0.003105125011643395,False
32,21,1000,178,normal,0.5w,89,B3_local_mean,266,823,7321,44,8.233299013227224e-05,0.003147249997709878,False
32,21,1000,178,normal,0.5w,89,B4_linear_interp,266,823,7321,44,6.487499922513962e-05,0.0033220839977730066,False
32,21,1000,178,normal,0.5w,89,B5_gaussian,266,823,7321,44,0.0002194580010836944,0.0032629580091452226,False
32,21,1000,178,normal,0.5w,89,B6_shuffle,266,823,7321,44,2.7124988264404237e-05,0.0021933329990133643,False
32,21,1000,178,normal,0.5w,89,recon_test,266,823,7321,44,0.0008981660066638142,0.0027634169964585453,False
32,21,1000,178,normal,0.5w,89,recon_train,266,823,7321,44,0.0004056249890709296,0.003042500000447035,False
32,21,1000,178,normal,0.5w,89,identity,266,823,7321,44,1.245799649041146e-05,0.0030433750071097165,False
32,22,1000,178,normal,0.5w,89,(before),266,823,7321,44,0.0,0.0028710409969789907,False
32,22,1000,178,normal,0.5w,89,B1_zero,266,823,7321,44,1.7749989638105035e-05,0.002547791998949833,False
32,22,1000,178,normal,0.5w,89,B2_global_mean,266,823,7321,44,4.312499368097633e-05,0.0022251670015975833,False
32,22,1000,178,normal,0.5w,89,B3_local_mean,266,823,7321,44,0.0001169580064015463,0.002790375001495704,False
32,22,1000,178,normal,0.5w,89,B4_linear_interp,266,823,7321,44,3.908299549948424e-05,0.0025885840004775673,False
32,22,1000,178,normal,0.5w,89,B5_gaussian,266,823,7321,44,0.00024670800485182554,0.0031870419916231185,False
32,22,1000,178,normal,0.5w,89,B6_shuffle,266,823,7321,44,3.2665993785485625e-05,0.003097583001363091,False
32,22,1000,178,normal,0.5w,89,recon_test,266,823,7321,44,0.0009136250009760261,0.003075041007832624,False
32,22,1000,178,normal,0.5w,89,recon_train,266,823,7321,44,0.0004599169915309176,0.0030599580059060827,False
32,22,1000,178,normal,0.5w,89,identity,266,823,7321,44,1.2458011042326689e-05,0.003289208994829096,False
32,23,1000,178,normal,0.5w,89,(before),266,823,7321,44,0.0,0.0037284160061972216,False
32,23,1000,178,normal,0.5w,89,B1_zero,266,823,7321,44,2.458400558680296e-05,0.0029007499979343265,False
32,23,1000,178,normal,0.5w,89,B2_global_mean,266,823,7321,44,4.84589982079342e-05,0.002502957999240607,False
32,23,1000,178,normal,0.5w,89,B3_local_mean,266,823,7321,44,0.00015845800226088613,0.003513542003929615,False
32,23,1000,178,normal,0.5w,89,B4_linear_interp,266,823,7321,44,6.291600584518164e-05,0.0029481669917004183,False
32,23,1000,178,normal,0.5w,89,B5_gaussian,266,823,7321,44,9.695900371298194e-05,0.003129707998596132,False
32,23,1000,178,normal,0.5w,89,B6_shuffle,266,823,7321,44,2.7000001864507794e-05,0.0031208750006044284,False
32,23,1000,178,normal,0.5w,89,recon_test,266,823,7321,44,0.0015290829906007275,0.0029127500019967556,False
32,23,1000,178,normal,0.5w,89,recon_train,266,823,7321,44,0.00018108400399796665,0.00351241699536331,False
32,23,1000,178,normal,0.5w,89,identity,266,823,7321,44,1.854199217632413e-05,0.0035967079893453047,False
32,24,1000,178,normal,0.5w,89,(before),266,823,7321,44,0.0,0.003198709004209377,False
32,24,1000,178,normal,0.5w,89,B1_zero,266,823,7321,44,2.258300082758069e-05,0.002742582990322262,False
32,24,1000,178,normal,0.5w,89,B2_global_mean,266,823,7321,44,2.6958005037158728e-05,0.002382582999416627,False
32,24,1000,178,normal,0.5w,89,B3_local_mean,266,823,7321,44,0.00014020799426361918,0.002327542009879835,False
32,24,1000,178,normal,0.5w,89,B4_linear_interp,266,823,7321,44,4.57499991171062e-05,0.0033639589964877814,False
32,24,1000,178,normal,0.5w,89,B5_gaussian,266,823,7321,44,0.00019237500964663923,0.0032105830032378435,False
32,24,1000,178,normal,0.5w,89,B6_shuffle,266,823,7321,44,6.224999378900975e-05,0.0026466670096851885,False
32,24,1000,178,normal,0.5w,89,recon_test,266,823,7321,44,0.001295833004405722,0.002770416991552338,False
32,24,1000,178,normal,0.5w,89,recon_train,266,823,7321,44,0.0001999160012928769,0.002897999991546385,False
32,24,1000,178,normal,0.5w,89,identity,266,823,7321,44,9.499999578110874e-06,0.003150208998704329,False
32,25,1000,178,normal,0.5w,89,(before),266,823,7321,44,0.0,0.0035115419887006283,False
32,25,1000,178,normal,0.5w,89,B1_zero,266,823,7321,44,1.679100387264043e-05,0.0028694169886875898,False
32,25,1000,178,normal,0.5w,89,B2_global_mean,266,823,7321,44,5.633301043417305e-05,0.002834749990142882,False
32,25,1000,178,normal,0.5w,89,B3_local_mean,266,823,7321,44,0.00015966698992997408,0.0030637919990113005,False
32,25,1000,178,normal,0.5w,89,B4_linear_interp,266,823,7321,44,4.474999150261283e-05,0.002629459006129764,False
32,25,1000,178,normal,0.5w,89,B5_gaussian,266,823,7321,44,9.570900874678046e-05,0.0026812920114025474,False
32,25,1000,178,normal,0.5w,89,B6_shuffle,266,823,7321,44,2.9041999368928373e-05,0.0025514589942758903,False
32,25,1000,178,normal,0.5w,89,recon_test,266,823,7321,44,0.0015731250023236498,0.0027741669910028577,False
32,25,1000,178,normal,0.5w,89,recon_train,266,823,7321,44,0.0001867079990915954,0.0029564169963123277,False
32,25,1000,178,normal,0.5w,89,identity,266,823,7321,44,7.95800588093698e-06,0.0028172919992357492,False
32,26,1000,178,normal,0.5w,89,(before),266,823,7321,44,0.0,0.003315958005259745,False
32,26,1000,178,normal,0.5w,89,B1_zero,266,823,7321,44,2.170799416489899e-05,0.002581207998446189,False
32,26,1000,178,normal,0.5w,89,B2_global_mean,266,823,7321,44,5.1750001148320735e-05,0.0028184160037199035,False
32,26,1000,178,normal,0.5w,89,B3_local_mean,266,823,7321,44,0.00015049999637994915,0.0023691660026088357,False
32,26,1000,178,normal,0.5w,89,B4_linear_interp,266,823,7321,44,3.1917006708681583e-05,0.002373583003645763,False
32,26,1000,178,normal,0.5w,89,B5_gaussian,266,823,7321,44,7.691700011491776e-05,0.0025664579879958183,False
32,26,1000,178,normal,0.5w,89,B6_shuffle,266,823,7321,44,2.5917004677467048e-05,0.0027641250053420663,False
32,26,1000,178,normal,0.5w,89,recon_test,266,823,7321,44,0.0008914999925764278,0.0030006659944774583,False
32,26,1000,178,normal,0.5w,89,recon_train,266,823,7321,44,0.0003438749990891665,0.0027772920002462342,False
32,26,1000,178,normal,0.5w,89,identity,266,823,7321,44,1.7124999430961907e-05,0.0029163750004954636,False
32,27,1000,178,normal,0.5w,89,(before),266,823,7321,44,0.0,0.002198208007030189,False
32,27,1000,178,normal,0.5w,89,B1_zero,266,823,7321,44,3.1584000680595636e-05,0.003140792003250681,False
32,27,1000,178,normal,0.5w,89,B2_global_mean,266,823,7321,44,4.9875001423060894e-05,0.0033997919963439927,False
32,27,1000,178,normal,0.5w,89,B3_local_mean,266,823,7321,44,0.00015820900443941355,0.0027815419889520854,False
32,27,1000,178,normal,0.5w,89,B4_linear_interp,266,823,7321,44,3.774999640882015e-05,0.0031302919960580766,False
32,27,1000,178,normal,0.5w,89,B5_gaussian,266,823,7321,44,0.0002259170141769573,0.002996625000378117,False
32,27,1000,178,normal,0.5w,89,B6_shuffle,266,823,7321,44,2.4375010980293155e-05,0.002818041990394704,False
32,27,1000,178,normal,0.5w,89,recon_test,266,823,7321,44,0.0009974999993573874,0.003131708988803439,False
32,27,1000,178,normal,0.5w,89,recon_train,266,823,7321,44,0.0005321670032572001,0.0035252500092610717,False
32,27,1000,178,normal,0.5w,89,identity,266,823,7321,44,3.0625000363215804e-05,0.003231624999898486,False
32,28,1000,178,normal,0.5w,89,(before),266,823,7321,44,0.0,0.003045249992283061,False
32,28,1000,178,normal,0.5w,89,B1_zero,266,823,7321,44,2.9750008252449334e-05,0.0032077919895527884,False
32,28,1000,178,normal,0.5w,89,B2_global_mean,266,823,7321,44,2.691600820980966e-05,0.0035817919997498393,False
32,28,1000,178,normal,0.5w,89,B3_local_mean,266,823,7321,44,0.0001941660011652857,0.003480582992779091,False
32,28,1000,178,normal,0.5w,89,B4_linear_interp,266,823,7321,44,3.6249999538995326e-05,0.00266754200856667,False
32,28,1000,178,normal,0.5w,89,B5_gaussian,266,823,7321,44,9.091600077226758e-05,0.0035060420050285757,False
32,28,1000,178,normal,0.5w,89,B6_shuffle,266,823,7321,44,2.808299905154854e-05,0.0030025830055819824,False
32,28,1000,178,normal,0.5w,89,recon_test,266,823,7321,44,0.0017621250008232892,0.002324959001271054,False
32,28,1000,178,normal,0.5w,89,recon_train,266,823,7321,44,0.00015679099305998534,0.0029417499899864197,False
32,28,1000,178,normal,0.5w,89,identity,266,823,7321,44,1.1041993275284767e-05,0.0029346249939408153,False
32,29,1000,178,normal,0.5w,89,(before),266,823,7321,44,0.0,0.0032136669906321913,False
32,29,1000,178,normal,0.5w,89,B1_zero,266,823,7321,44,3.599999763537198e-05,0.0027304590039420873,False
32,29,1000,178,normal,0.5w,89,B2_global_mean,266,823,7321,44,2.2832988179288805e-05,0.0027141249884152785,False
32,29,1000,178,normal,0.5w,89,B3_local_mean,266,823,7321,44,0.00016808300279080868,0.003200166000169702,False
32,29,1000,178,normal,0.5w,89,B4_linear_interp,266,823,7321,44,5.745798989664763e-05,0.003068582998821512,False
32,29,1000,178,normal,0.5w,89,B5_gaussian,266,823,7321,44,0.00018583399651106447,0.002695332994335331,False
32,29,1000,178,normal,0.5w,89,B6_shuffle,266,823,7321,44,2.879199746530503e-05,0.0025790829968173057,False
32,29,1000,178,normal,0.5w,89,recon_test,266,823,7321,44,0.0011402499949326739,0.0034322089923080057,False
32,29,1000,178,normal,0.5w,89,recon_train,266,823,7321,44,0.00019229200552217662,0.003032249995158054,False
32,29,1000,178,normal,0.5w,89,identity,266,823,7321,44,9.333001798950136e-06,0.0021963750041322783,False
32,30,1000,178,normal,0.5w,89,(before),266,823,7321,44,0.0,0.002793999999994412,False
32,30,1000,178,normal,0.5w,89,B1_zero,266,823,7321,44,4.083299427293241e-05,0.003068042002269067,False
32,30,1000,178,normal,0.5w,89,B2_global_mean,266,823,7321,44,2.2792009986005723e-05,0.002399750010226853,False
32,30,1000,178,normal,0.5w,89,B3_local_mean,266,823,7321,44,7.758301217108965e-05,0.0031315420055761933,False
32,30,1000,178,normal,0.5w,89,B4_linear_interp,266,823,7321,44,6.837499677203596e-05,0.003130166995106265,False
32,30,1000,178,normal,0.5w,89,B5_gaussian,266,823,7321,44,9.166600648313761e-05,0.002673417009646073,False
32,30,1000,178,normal,0.5w,89,B6_shuffle,266,823,7321,44,4.341699241194874e-05,0.002503167008399032,False
32,30,1000,178,normal,0.5w,89,recon_test,266,823,7321,44,0.0008674159907968715,0.002718999996432103,False
32,30,1000,178,normal,0.5w,89,recon_train,266,823,7321,44,0.00015758299559820443,0.0027773330075433478,False
32,30,1000,178,normal,0.5w,89,identity,266,823,7321,44,1.837499439716339e-05,0.0036389169981703162,False
32,31,1000,178,normal,0.5w,89,(before),266,823,7321,44,0.0,0.0033538749994477257,False
32,31,1000,178,normal,0.5w,89,B1_zero,266,823,7321,44,5.879098898731172e-05,0.0026728750090114772,False
32,31,1000,178,normal,0.5w,89,B2_global_mean,266,823,7321,44,2.937499084509909e-05,0.0034787499898811802,False
32,31,1000,178,normal,0.5w,89,B3_local_mean,266,823,7321,44,0.00014812500739935786,0.0030408750026253983,False
32,31,1000,178,normal,0.5w,89,B4_linear_interp,266,823,7321,44,7.029199332464486e-05,0.0024870420020306483,False
32,31,1000,178,normal,0.5w,89,B5_gaussian,266,823,7321,44,0.00016008300008252263,0.0031643340043956414,False
32,31,1000,178,normal,0.5w,89,B6_shuffle,266,823,7321,44,5.887499719392508e-05,0.003233333001844585,False
32,31,1000,178,normal,0.5w,89,recon_test,266,823,7321,44,0.0010443750070407987,0.002588916991953738,False
32,31,1000,178,normal,0.5w,89,recon_train,266,823,7321,44,0.0002017090009758249,0.003413582991925068,False
32,31,1000,178,normal,0.5w,89,identity,266,823,7321,44,8.37500556372106e-06,0.003166875001625158,False
32,32,1000,178,normal,0.5w,89,(before),266,823,7321,44,0.0,0.0025792919914238155,False
32,32,1000,178,normal,0.5w,89,B1_zero,266,823,7321,44,3.8291997043415904e-05,0.003443458001129329,False
32,32,1000,178,normal,0.5w,89,B2_global_mean,266,823,7321,44,3.2540992833673954e-05,0.0023366249952232465,False
32,32,1000,178,normal,0.5w,89,B3_local_mean,266,823,7321,44,8.191699453163892e-05,0.0023897079954622313,False
32,32,1000,178,normal,0.5w,89,B4_linear_interp,266,823,7321,44,7.162499241530895e-05,0.0034002500033238903,False
32,32,1000,178,normal,0.5w,89,B5_gaussian,266,823,7321,44,0.0002797089982777834,0.003631250001490116,False
32,32,1000,178,normal,0.5w,89,B6_shuffle,266,823,7321,44,2.8333000955171883e-05,0.003163665998727083,False
32,32,1000,178,normal,0.5w,89,recon_test,266,823,7321,44,0.0019363339961273596,0.0035192909999750555,False
32,32,1000,178,normal,0.5w,89,recon_train,266,823,7321,44,0.0004134579940000549,0.0032646670006215572,False
32,32,1000,178,normal,0.5w,89,identity,266,823,7321,44,1.6165999113582075e-05,0.002988041000207886,False
32,33,1000,178,normal,0.5w,89,(before),266,823,7321,44,0.0,0.0030728330020792782,False
32,33,1000,178,normal,0.5w,89,B1_zero,266,823,7321,44,4.012499994132668e-05,0.0033652919955784455,False
32,33,1000,178,normal,0.5w,89,B2_global_mean,266,823,7321,44,3.270900924690068e-05,0.0028514169971458614,False
32,33,1000,178,normal,0.5w,89,B3_local_mean,266,823,7321,44,8.883299597073346e-05,0.0028196249913889915,False
32,33,1000,178,normal,0.5w,89,B4_linear_interp,266,823,7321,44,5.658299778588116e-05,0.0035073330072918907,False
32,33,1000,178,normal,0.5w,89,B5_gaussian,266,823,7321,44,0.0002479590039001778,0.0024422089918516576,False
32,33,1000,178,normal,0.5w,89,B6_shuffle,266,823,7321,44,2.925000444520265e-05,0.003056834000744857,False
32,33,1000,178,normal,0.5w,89,recon_test,266,823,7321,44,0.0011199160071555525,0.003049541002837941,False
32,33,1000,178,normal,0.5w,89,recon_train,266,823,7321,44,0.00022000000171829015,0.002727334009250626,False
32,33,1000,178,normal,0.5w,89,identity,266,823,7321,44,7.750000804662704e-06,0.0036078749981243163,False
32,34,1000,178,normal,0.5w,89,(before),266,823,7321,44,0.0,0.00308325000514742,False
32,34,1000,178,normal,0.5w,89,B1_zero,266,823,7321,44,1.6542006051167846e-05,0.0027723329985747114,False
32,34,1000,178,normal,0.5w,89,B2_global_mean,266,823,7321,44,2.37500062212348e-05,0.002162083997973241,False
32,34,1000,178,normal,0.5w,89,B3_local_mean,266,823,7321,44,7.641699630767107e-05,0.00338345899945125,False
32,34,1000,178,normal,0.5w,89,B4_linear_interp,266,823,7321,44,7.35829962650314e-05,0.003247292013838887,False
32,34,1000,178,normal,0.5w,89,B5_gaussian,266,823,7321,44,9.733399201650172e-05,0.0025179170042974874,False
32,34,1000,178,normal,0.5w,89,B6_shuffle,266,823,7321,44,5.991599755361676e-05,0.003791291994275525,False
32,34,1000,178,normal,0.5w,89,recon_test,266,823,7321,44,0.0020332080021034926,0.002846917006536387,False
32,34,1000,178,normal,0.5w,89,recon_train,266,823,7321,44,0.0003962909977417439,0.002796291999402456,False
32,34,1000,178,normal,0.5w,89,identity,266,823,7321,44,9.83300560619682e-06,0.003238332996261306,False
32,35,1000,178,normal,0.5w,89,(before),266,823,7321,44,0.0,0.002441874996293336,False
32,35,1000,178,normal,0.5w,89,B1_zero,266,823,7321,44,3.762501000892371e-05,0.0034218329965369776,False
32,35,1000,178,normal,0.5w,89,B2_global_mean,266,823,7321,44,4.704200546257198e-05,0.0023480420059058815,False
32,35,1000,178,normal,0.5w,89,B3_local_mean,266,823,7321,44,8.558300032746047e-05,0.002808874996844679,False
32,35,1000,178,normal,0.5w,89,B4_linear_interp,266,823,7321,44,7.53330095903948e-05,0.0028980000060983002,False
32,35,1000,178,normal,0.5w,89,B5_gaussian,266,823,7321,44,0.0001532079913886264,0.0029694580007344484,False
32,35,1000,178,normal,0.5w,89,B6_shuffle,266,823,7321,44,4.73749969387427e-05,0.0030399999959627166,False
32,35,1000,178,normal,0.5w,89,recon_test,266,823,7321,44,0.0010812920081662014,0.002435582995531149,False
32,35,1000,178,normal,0.5w,89,recon_train,266,823,7321,44,0.00016987501294352114,0.0029803750076098368,False
32,35,1000,178,normal,0.5w,89,identity,266,823,7321,44,1.4541001291945577e-05,0.0025923749926732853,False
32,36,1000,178,normal,0.5w,89,(before),266,823,7321,44,0.0,0.00292770798841957,False
32,36,1000,178,normal,0.5w,89,B1_zero,266,823,7321,44,4.4832995627075434e-05,0.003263292004703544,False
32,36,1000,178,normal,0.5w,89,B2_global_mean,266,823,7321,44,2.5125002139247954e-05,0.003092000013566576,False
32,36,1000,178,normal,0.5w,89,B3_local_mean,266,823,7321,44,0.00015916700067464262,0.0028576670010806993,False
32,36,1000,178,normal,0.5w,89,B4_linear_interp,266,823,7321,44,5.7249999372288585e-05,0.002969416993437335,False
32,36,1000,178,normal,0.5w,89,B5_gaussian,266,823,7321,44,0.00016183400293812156,0.002587209004559554,False
32,36,1000,178,normal,0.5w,89,B6_shuffle,266,823,7321,44,2.5833011022768915e-05,0.002726165999774821,False
32,36,1000,178,normal,0.5w,89,recon_test,266,823,7321,44,0.0011570409988053143,0.0026182500005234033,False
32,36,1000,178,normal,0.5w,89,recon_train,266,823,7321,44,0.00014825000835116953,0.0026123749994440004,False
32,36,1000,178,normal,0.5w,89,identity,266,823,7321,44,1.8749997252598405e-05,0.0030515410035150126,False
32,37,1000,178,normal,0.5w,89,(before),266,823,7321,44,0.0,0.0028578329947777092,False
32,37,1000,178,normal,0.5w,89,B1_zero,266,823,7321,44,3.783300053328276e-05,0.003056957997614518,False
32,37,1000,178,normal,0.5w,89,B2_global_mean,266,823,7321,44,5.324999801814556e-05,0.003195457989932038,False
32,37,1000,178,normal,0.5w,89,B3_local_mean,266,823,7321,44,0.00010270799975842237,0.0023889580043032765,False
32,37,1000,178,normal,0.5w,89,B4_linear_interp,266,823,7321,44,5.962498835287988e-05,0.002947874992969446,False
32,37,1000,178,normal,0.5w,89,B5_gaussian,266,823,7321,44,8.691700350027531e-05,0.0032932920003077015,False
32,37,1000,178,normal,0.5w,89,B6_shuffle,266,823,7321,44,2.9458999051712453e-05,0.002756457994109951,False
32,37,1000,178,normal,0.5w,89,recon_test,266,823,7321,44,0.002087166009005159,0.002657000004546717,False
32,37,1000,178,normal,0.5w,89,recon_train,266,823,7321,44,0.00019841700850520283,0.0037945000076433644,False
32,37,1000,178,normal,0.5w,89,identity,266,823,7321,44,1.8790989997796714e-05,0.0029920830129412934,False
32,38,1000,178,normal,0.5w,89,(before),266,823,7321,44,0.0,0.0034022499894490466,False
32,38,1000,178,normal,0.5w,89,B1_zero,266,823,7321,44,1.8041988369077444e-05,0.0036871670017717406,False
32,38,1000,178,normal,0.5w,89,B2_global_mean,266,823,7321,44,4.6959001338109374e-05,0.002649249989190139,False
32,38,1000,178,normal,0.5w,89,B3_local_mean,266,823,7321,44,9.829200280364603e-05,0.0034295410005142912,False
32,38,1000,178,normal,0.5w,89,B4_linear_interp,266,823,7321,44,4.57499991171062e-05,0.0038657080003758892,False
32,38,1000,178,normal,0.5w,89,B5_gaussian,266,823,7321,44,0.00010795900016091764,0.0026574580115266144,False
32,38,1000,178,normal,0.5w,89,B6_shuffle,266,823,7321,44,3.308399755042046e-05,0.0035024169919779524,False
32,38,1000,178,normal,0.5w,89,recon_test,266,823,7321,44,0.0009727500000735745,0.003338292008265853,False
32,38,1000,178,normal,0.5w,89,recon_train,266,823,7321,44,0.0004952500021317974,0.003688917000545189,False
32,38,1000,178,normal,0.5w,89,identity,266,823,7321,44,1.0374991688877344e-05,0.0028192919999128208,False
32,39,1000,178,normal,0.5w,89,(before),266,823,7321,44,0.0,0.0029825410019839182,False
32,39,1000,178,normal,0.5w,89,B1_zero,266,823,7321,44,1.4707999071106315e-05,0.003004208003403619,False
32,39,1000,178,normal,0.5w,89,B2_global_mean,266,823,7321,44,3.208398993592709e-05,0.00252770799852442,False
32,39,1000,178,normal,0.5w,89,B3_local_mean,266,823,7321,44,9.454101382289082e-05,0.0032324999920092523,False
32,39,1000,178,normal,0.5w,89,B4_linear_interp,266,823,7321,44,5.908399180043489e-05,0.0034759169939206913,False
32,39,1000,178,normal,0.5w,89,B5_gaussian,266,823,7321,44,8.670799434185028e-05,0.0034036659926641732,False
32,39,1000,178,normal,0.5w,89,B6_shuffle,266,823,7321,44,2.316699828952551e-05,0.0030719579954165965,False
32,39,1000,178,normal,0.5w,89,recon_test,266,823,7321,44,0.0011290830007055774,0.003311333988676779,False
32,39,1000,178,normal,0.5w,89,recon_train,266,823,7321,44,0.00017804100934881717,0.0030062500009080395,False
32,39,1000,178,normal,0.5w,89,identity,266,823,7321,44,2.4083012249320745e-05,0.0031532499997410923,False
32,40,1000,178,normal,1.0w,178,(before),355,823,7321,44,0.0,0.0034280840045539662,False
32,40,1000,178,normal,1.0w,178,B1_zero,355,823,7321,44,4.25000034738332e-05,0.004428250002092682,False
32,40,1000,178,normal,1.0w,178,B2_global_mean,355,823,7321,44,7.954100146889687e-05,0.0034565000096336007,False
32,40,1000,178,normal,1.0w,178,B3_local_mean,355,823,7321,44,9.804200090002269e-05,0.0033961249864660203,False
32,40,1000,178,normal,1.0w,178,B4_linear_interp,355,823,7321,44,4.1749997762963176e-05,0.003562707992387004,False
32,40,1000,178,normal,1.0w,178,B5_gaussian,355,823,7321,44,7.941700459923595e-05,0.003870082990033552,False
32,40,1000,178,normal,1.0w,178,B6_shuffle,355,823,7321,44,6.008300988469273e-05,0.0037218329962342978,False
32,40,1000,178,normal,1.0w,178,recon_test,355,823,7321,44,0.0008750840061111376,0.003860165990772657,False
32,40,1000,178,normal,1.0w,178,recon_train,355,823,7321,44,0.00025954199372790754,0.0027780410018749535,False
32,40,1000,178,normal,1.0w,178,identity,355,823,7321,44,2.329100971110165e-05,0.0038562080007977784,False
32,41,1000,178,normal,1.0w,178,(before),355,823,7321,44,0.0,0.004309750001993962,False
32,41,1000,178,normal,1.0w,178,B1_zero,355,823,7321,44,1.76659959834069e-05,0.003496750010526739,False
32,41,1000,178,normal,1.0w,178,B2_global_mean,355,823,7321,44,6.933300755918026e-05,0.003661499998997897,False
32,41,1000,178,normal,1.0w,178,B3_local_mean,355,823,7321,44,8.012499893084168e-05,0.0022592919995076954,False
32,41,1000,178,normal,1.0w,178,B4_linear_interp,355,823,7321,44,3.229199501220137e-05,0.0036774589971173555,False
32,41,1000,178,normal,1.0w,178,B5_gaussian,355,823,7321,44,0.00017787500109989196,0.0031031659891596064,False
32,41,1000,178,normal,1.0w,178,B6_shuffle,355,823,7321,44,4.991699825040996e-05,0.0034054580028168857,False
32,41,1000,178,normal,1.0w,178,recon_test,355,823,7321,44,0.0019195409986423329,0.003089582998654805,False
32,41,1000,178,normal,1.0w,178,recon_train,355,823,7321,44,0.00014124999870546162,0.0025478749885223806,False
32,41,1000,178,normal,1.0w,178,identity,355,823,7321,44,3.4500000765547156e-05,0.0031360830034827814,False
32,42,1000,178,normal,1.0w,178,(before),355,823,7321,44,0.0,0.0038844170048832893,False
32,42,1000,178,normal,1.0w,178,B1_zero,355,823,7321,44,1.999999221879989e-05,0.0034389579959679395,False
32,42,1000,178,normal,1.0w,178,B2_global_mean,355,823,7321,44,3.533299604896456e-05,0.0036813750048168004,False
32,42,1000,178,normal,1.0w,178,B3_local_mean,355,823,7321,44,8.558400440961123e-05,0.003577750001568347,False
32,42,1000,178,normal,1.0w,178,B4_linear_interp,355,823,7321,44,4.020800406578928e-05,0.0037094169965712354,False
32,42,1000,178,normal,1.0w,178,B5_gaussian,355,823,7321,44,8.550001075491309e-05,0.0032429580023745075,False
32,42,1000,178,normal,1.0w,178,B6_shuffle,355,823,7321,44,2.3375003365799785e-05,0.003144040994811803,False
32,42,1000,178,normal,1.0w,178,recon_test,355,823,7321,44,0.0016909999976633117,0.004192374995909631,False
32,42,1000,178,normal,1.0w,178,recon_train,355,823,7321,44,0.00026575000083539635,0.0038352919946191832,False
32,42,1000,178,normal,1.0w,178,identity,355,823,7321,44,1.154201163444668e-05,0.003806665990850888,False
32,43,1000,178,normal,1.0w,178,(before),355,823,7321,44,0.0,0.0031602090020896867,False
32,43,1000,178,normal,1.0w,178,B1_zero,355,823,7321,44,3.88329935958609e-05,0.003205999993951991,False
32,43,1000,178,normal,1.0w,178,B2_global_mean,355,823,7321,44,6.379200203809887e-05,0.0041451249999227,False
32,43,1000,178,normal,1.0w,178,B3_local_mean,355,823,7321,44,9.816700185183436e-05,0.002890749994548969,False
32,43,1000,178,normal,1.0w,178,B4_linear_interp,355,823,7321,44,2.895799116231501e-05,0.003209375005098991,False
32,43,1000,178,normal,1.0w,178,B5_gaussian,355,823,7321,44,0.00016358299762941897,0.003564540995284915,False
32,43,1000,178,normal,1.0w,178,B6_shuffle,355,823,7321,44,2.4084001779556274e-05,0.0038913339958526194,False
32,43,1000,178,normal,1.0w,178,recon_test,355,823,7321,44,0.0019835000130115077,0.0034268329909536988,False
32,43,1000,178,normal,1.0w,178,recon_train,355,823,7321,44,0.00022699999681208283,0.003690500001539476,False
32,43,1000,178,normal,1.0w,178,identity,355,823,7321,44,1.3415992725640535e-05,0.00304958299966529,False
32,44,1000,178,normal,1.0w,178,(before),355,823,7321,44,0.0,0.0032610000052955,False
32,44,1000,178,normal,1.0w,178,B1_zero,355,823,7321,44,1.8874998204410076e-05,0.003155667000100948,False
32,44,1000,178,normal,1.0w,178,B2_global_mean,355,823,7321,44,3.591598942875862e-05,0.003698790998896584,False
32,44,1000,178,normal,1.0w,178,B3_local_mean,355,823,7321,44,9.862500883173198e-05,0.0035920829977840185,False
32,44,1000,178,normal,1.0w,178,B4_linear_interp,355,823,7321,44,6.629200652241707e-05,0.0036570000083884224,False
32,44,1000,178,normal,1.0w,178,B5_gaussian,355,823,7321,44,8.854099723976105e-05,0.00299033299961593,False
32,44,1000,178,normal,1.0w,178,B6_shuffle,355,823,7321,44,4.658399848267436e-05,0.003933583997422829,False
32,44,1000,178,normal,1.0w,178,recon_test,355,823,7321,44,0.0008449159940937534,0.0033197079901583493,False
32,44,1000,178,normal,1.0w,178,recon_train,355,823,7321,44,0.00017995900998357683,0.0029993750067660585,False
32,44,1000,178,normal,1.0w,178,identity,355,823,7321,44,1.1916010407730937e-05,0.003230374990380369,False
32,45,1000,178,normal,1.0w,178,(before),355,823,7321,44,0.0,0.0038227920013014227,False
32,45,1000,178,normal,1.0w,178,B1_zero,355,823,7321,44,2.941599814221263e-05,0.003590250009438023,False
32,45,1000,178,normal,1.0w,178,B2_global_mean,355,823,7321,44,2.9709000955335796e-05,0.0031262499978765845,False
32,45,1000,178,normal,1.0w,178,B3_local_mean,355,823,7321,44,9.337501251138747e-05,0.0030544590117642656,False
32,45,1000,178,normal,1.0w,178,B4_linear_interp,355,823,7321,44,4.0000013541430235e-05,0.002826333002303727,False
32,45,1000,178,normal,1.0w,178,B5_gaussian,355,823,7321,44,0.0002062920102616772,0.0028825830086134374,False
32,45,1000,178,normal,1.0w,178,B6_shuffle,355,823,7321,44,5.0915987230837345e-05,0.003639082991867326,False
32,45,1000,178,normal,1.0w,178,recon_test,355,823,7321,44,0.0010627919982653111,0.0037827500054845586,False
32,45,1000,178,normal,1.0w,178,recon_train,355,823,7321,44,0.00017216599371749908,0.003073375002713874,False
32,45,1000,178,normal,1.0w,178,identity,355,823,7321,44,9.750001481734216e-06,0.002945540996734053,False
32,46,1000,178,normal,1.0w,178,(before),355,823,7321,44,0.0,0.003374457999598235,False
32,46,1000,178,normal,1.0w,178,B1_zero,355,823,7321,44,1.6874997527338564e-05,0.0034260420070495456,False
32,46,1000,178,normal,1.0w,178,B2_global_mean,355,823,7321,44,2.8875001589767635e-05,0.0034230419987579808,False
32,46,1000,178,normal,1.0w,178,B3_local_mean,355,823,7321,44,0.00012337500811554492,0.003349708000314422,False
32,46,1000,178,normal,1.0w,178,B4_linear_interp,355,823,7321,44,6.766599835827947e-05,0.0025982080114772543,False
32,46,1000,178,normal,1.0w,178,B5_gaussian,355,823,7321,44,7.60830007493496e-05,0.0032294170086970553,False
32,46,1000,178,normal,1.0w,178,B6_shuffle,355,823,7321,44,2.8542010113596916e-05,0.002961582998977974,False
32,46,1000,178,normal,1.0w,178,recon_test,355,823,7321,44,0.0009339170064777136,0.0028852500108769163,False
32,46,1000,178,normal,1.0w,178,recon_train,355,823,7321,44,0.00024383299751207232,0.0023542920098407194,False
32,46,1000,178,normal,1.0w,178,identity,355,823,7321,44,1.895800232887268e-05,0.003717707993928343,False
32,47,1000,178,normal,1.0w,178,(before),355,823,7321,44,0.0,0.004129291002755053,False
32,47,1000,178,normal,1.0w,178,B1_zero,355,823,7321,44,3.795899101532996e-05,0.0036175830027787015,False
32,47,1000,178,normal,1.0w,178,B2_global_mean,355,823,7321,44,2.950000634882599e-05,0.0035047910059802234,False
32,47,1000,178,normal,1.0w,178,B3_local_mean,355,823,7321,44,8.520799747202545e-05,0.002624083004775457,False
32,47,1000,178,normal,1.0w,178,B4_linear_interp,355,823,7321,44,3.1333998776972294e-05,0.0026308329979656264,False
32,47,1000,178,normal,1.0w,178,B5_gaussian,355,823,7321,44,7.916700269561261e-05,0.0031825409969314933,False
32,47,1000,178,normal,1.0w,178,B6_shuffle,355,823,7321,44,2.89169984171167e-05,0.002227750010206364,False
32,47,1000,178,normal,1.0w,178,recon_test,355,823,7321,44,0.0008884999988367781,0.0036362500104587525,False
32,47,1000,178,normal,1.0w,178,recon_train,355,823,7321,44,0.00026087499281857163,0.002665166000952013,False
32,47,1000,178,normal,1.0w,178,identity,355,823,7321,44,1.837499439716339e-05,0.003561707999324426,False
32,48,1000,178,normal,1.0w,178,(before),355,823,7321,44,0.0,0.0036663749924628064,False
32,48,1000,178,normal,1.0w,178,B1_zero,355,823,7321,44,1.979200169444084e-05,0.003469959003268741,False
32,48,1000,178,normal,1.0w,178,B2_global_mean,355,823,7321,44,2.6749999960884452e-05,0.002692458001547493,False
32,48,1000,178,normal,1.0w,178,B3_local_mean,355,823,7321,44,7.516599725931883e-05,0.0037564579979516566,False
32,48,1000,178,normal,1.0w,178,B4_linear_interp,355,823,7321,44,6.879099237266928e-05,0.003690708996145986,False
32,48,1000,178,normal,1.0w,178,B5_gaussian,355,823,7321,44,8.045800495892763e-05,0.0037928749952698126,False
32,48,1000,178,normal,1.0w,178,B6_shuffle,355,823,7321,44,5.366699770092964e-05,0.00351145799504593,False
32,48,1000,178,normal,1.0w,178,recon_test,355,823,7321,44,0.0008873330079950392,0.0029058749933028594,False
32,48,1000,178,normal,1.0w,178,recon_train,355,823,7321,44,0.00035433299490250647,0.003714082995429635,False
32,48,1000,178,normal,1.0w,178,identity,355,823,7321,44,1.86669931281358e-05,0.0036018329992657527,False
32,49,1000,178,normal,1.0w,178,(before),355,823,7321,44,0.0,0.003747957991436124,False
32,49,1000,178,normal,1.0w,178,B1_zero,355,823,7321,44,3.766699228435755e-05,0.00328008399810642,False
32,49,1000,178,normal,1.0w,178,B2_global_mean,355,823,7321,44,2.6958994567394257e-05,0.003025333004188724,False
32,49,1000,178,normal,1.0w,178,B3_local_mean,355,823,7321,44,8.895801147446036e-05,0.0029332919948501512,False
32,49,1000,178,normal,1.0w,178,B4_linear_interp,355,823,7321,44,2.9333998099900782e-05,0.0033799579978222027,False
32,49,1000,178,normal,1.0w,178,B5_gaussian,355,823,7321,44,8.883301052264869e-05,0.0033894579974003136,False
32,49,1000,178,normal,1.0w,178,B6_shuffle,355,823,7321,44,2.3500004317611456e-05,0.0036892079951940104,False
32,49,1000,178,normal,1.0w,178,recon_test,355,823,7321,44,0.0017848340066848323,0.0031475830037379637,False
32,49,1000,178,normal,1.0w,178,recon_train,355,823,7321,44,0.0001473339943913743,0.0026944590063067153,False
32,49,1000,178,normal,1.0w,178,identity,355,823,7321,44,9.083989425562322e-06,0.0037518750032177195,False
32,50,1000,178,normal,1.0w,178,(before),355,823,7321,44,0.0,0.0029877500055590644,False
32,50,1000,178,normal,1.0w,178,B1_zero,355,823,7321,44,4.933300078846514e-05,0.0033242089994018897,False
32,50,1000,178,normal,1.0w,178,B2_global_mean,355,823,7321,44,3.633300366345793e-05,0.00330250000115484,False
32,50,1000,178,normal,1.0w,178,B3_local_mean,355,823,7321,44,9.549999958835542e-05,0.0031131249997997656,False
32,50,1000,178,normal,1.0w,178,B4_linear_interp,355,823,7321,44,5.2916991990059614e-05,0.0035569580068113282,False
32,50,1000,178,normal,1.0w,178,B5_gaussian,355,823,7321,44,0.0001209579932037741,0.002385208004852757,False
32,50,1000,178,normal,1.0w,178,B6_shuffle,355,823,7321,44,2.5332992663607e-05,0.0031429999944521114,False
32,50,1000,178,normal,1.0w,178,recon_test,355,823,7321,44,0.00098900000739377,0.0026602090074447915,False
32,50,1000,178,normal,1.0w,178,recon_train,355,823,7321,44,0.00034495799627620727,0.003183124994393438,False
32,50,1000,178,normal,1.0w,178,identity,355,823,7321,44,1.779200101736933e-05,0.0031571250001434237,False
32,51,1000,178,normal,1.0w,178,(before),355,823,7321,44,0.0,0.0028429169906303287,False
32,51,1000,178,normal,1.0w,178,B1_zero,355,823,7321,44,1.8291990272700787e-05,0.0028590419969987124,False
32,51,1000,178,normal,1.0w,178,B2_global_mean,355,823,7321,44,3.7417004932649434e-05,0.0024043750017881393,False
32,51,1000,178,normal,1.0w,178,B3_local_mean,355,823,7321,44,8.883299597073346e-05,0.002210042002843693,False
32,51,1000,178,normal,1.0w,178,B4_linear_interp,355,823,7321,44,3.129099786747247e-05,0.003231417009374127,False
32,51,1000,178,normal,1.0w,178,B5_gaussian,355,823,7321,44,7.912499131634831e-05,0.0036604580091079697,False
32,51,1000,178,normal,1.0w,178,B6_shuffle,355,823,7321,44,6.00829953327775e-05,0.003975667001213878,False
32,51,1000,178,normal,1.0w,178,recon_test,355,823,7321,44,0.0016031669947551563,0.0031336249958258122,False
32,51,1000,178,normal,1.0w,178,recon_train,355,823,7321,44,0.0003435420076129958,0.003720416993019171,False
32,51,1000,178,normal,1.0w,178,identity,355,823,7321,44,1.158300437964499e-05,0.0037600409996230155,False
32,52,1000,178,normal,1.0w,178,(before),355,823,7321,44,0.0,0.0036122909950790927,False
32,52,1000,178,normal,1.0w,178,B1_zero,355,823,7321,44,1.5792000340297818e-05,0.002611707997857593,False
32,52,1000,178,normal,1.0w,178,B2_global_mean,355,823,7321,44,2.2791995434090495e-05,0.0031343339942395687,False
32,52,1000,178,normal,1.0w,178,B3_local_mean,355,823,7321,44,8.13750084489584e-05,0.0031056669977260754,False
32,52,1000,178,normal,1.0w,178,B4_linear_interp,355,823,7321,44,5.8999998145736754e-05,0.003914500004611909,False
32,52,1000,178,normal,1.0w,178,B5_gaussian,355,823,7321,44,8.554200758226216e-05,0.002941624989034608,False
32,52,1000,178,normal,1.0w,178,B6_shuffle,355,823,7321,44,2.616700658109039e-05,0.0034444999910192564,False
32,52,1000,178,normal,1.0w,178,recon_test,355,823,7321,44,0.0009682090021669865,0.0035539579985197634,False
32,52,1000,178,normal,1.0w,178,recon_train,355,823,7321,44,0.0001363339979434386,0.00385370799631346,False
32,52,1000,178,normal,1.0w,178,identity,355,823,7321,44,9.625000529922545e-06,0.0035758330050157383,False
32,53,1000,178,normal,1.0w,178,(before),355,823,7321,44,0.0,0.0033290830033365637,False
32,53,1000,178,normal,1.0w,178,B1_zero,355,823,7321,44,1.4166987966746092e-05,0.002403000005870126,False
32,53,1000,178,normal,1.0w,178,B2_global_mean,355,823,7321,44,2.1875006495974958e-05,0.003529749999870546,False
32,53,1000,178,normal,1.0w,178,B3_local_mean,355,823,7321,44,0.00015891600924078375,0.0036442080017877743,False
32,53,1000,178,normal,1.0w,178,B4_linear_interp,355,823,7321,44,6.983400089666247e-05,0.003797541998210363,False
32,53,1000,178,normal,1.0w,178,B5_gaussian,355,823,7321,44,0.00018691700825002044,0.003352750005433336,False
32,53,1000,178,normal,1.0w,178,B6_shuffle,355,823,7321,44,6.479200965259224e-05,0.002994750000652857,False
32,53,1000,178,normal,1.0w,178,recon_test,355,823,7321,44,0.0012360830005491152,0.003026416990906,False
32,53,1000,178,normal,1.0w,178,recon_train,355,823,7321,44,0.00043149999692104757,0.0033044580050045624,False
32,53,1000,178,normal,1.0w,178,identity,355,823,7321,44,2.5291999918408692e-05,0.0033898329857038334,False
32,54,1000,178,normal,1.0w,178,(before),355,823,7321,44,0.0,0.002659540987224318,False
32,54,1000,178,normal,1.0w,178,B1_zero,355,823,7321,44,3.208400448784232e-05,0.003315667010610923,False
32,54,1000,178,normal,1.0w,178,B2_global_mean,355,823,7321,44,2.633300027810037e-05,0.0036556660052156076,False
32,54,1000,178,normal,1.0w,178,B3_local_mean,355,823,7321,44,0.0002161250013159588,0.003372999999555759,False
32,54,1000,178,normal,1.0w,178,B4_linear_interp,355,823,7321,44,6.541699985973537e-05,0.004003333000582643,False
32,54,1000,178,normal,1.0w,178,B5_gaussian,355,823,7321,44,8.312500722240657e-05,0.0026461250090505928,False
32,54,1000,178,normal,1.0w,178,B6_shuffle,355,823,7321,44,5.158298881724477e-05,0.0034005420020548627,False
32,54,1000,178,normal,1.0w,178,recon_test,355,823,7321,44,0.0013746670010732487,0.003223916995921172,False
32,54,1000,178,normal,1.0w,178,recon_train,355,823,7321,44,0.0002013749908655882,0.003663417010102421,False
32,54,1000,178,normal,1.0w,178,identity,355,823,7321,44,9.790994226932526e-06,0.0035366250085644424,False
32,55,1000,178,normal,1.0w,178,(before),355,823,7321,44,0.0,0.00407858299149666,False
32,55,1000,178,normal,1.0w,178,B1_zero,355,823,7321,44,4.254200030118227e-05,0.016604750009719282,False
32,55,1000,178,normal,1.0w,178,B2_global_mean,355,823,7321,44,0.00028391600062604994,0.006934542005183175,False
32,55,1000,178,normal,1.0w,178,B3_local_mean,355,823,7321,44,0.00015762500697746873,0.003235333992051892,False
32,55,1000,178,normal,1.0w,178,B4_linear_interp,355,823,7321,44,4.829200042877346e-05,0.003143875001114793,False
32,55,1000,178,normal,1.0w,178,B5_gaussian,355,823,7321,44,0.0002545000024838373,0.0029312499973457307,False
32,55,1000,178,normal,1.0w,178,B6_shuffle,355,823,7321,44,4.333299875725061e-05,0.0034639589866856113,False
32,55,1000,178,normal,1.0w,178,recon_test,355,823,7321,44,0.0016850829997565597,0.0028977499896427616,False
32,55,1000,178,normal,1.0w,178,recon_train,355,823,7321,44,0.0001531669986434281,0.00341333300457336,False
32,55,1000,178,normal,1.0w,178,identity,355,823,7321,44,3.0333001632243395e-05,0.003765917004784569,False
32,56,1000,178,normal,1.0w,178,(before),355,823,7321,44,0.0,0.002442208002321422,False
32,56,1000,178,normal,1.0w,178,B1_zero,355,823,7321,44,2.9292001272551715e-05,0.0036298329941928387,False
32,56,1000,178,normal,1.0w,178,B2_global_mean,355,823,7321,44,6.36670010862872e-05,0.0035761250037467107,False
32,56,1000,178,normal,1.0w,178,B3_local_mean,355,823,7321,44,0.00010262499563395977,0.0039284590020542964,False
32,56,1000,178,normal,1.0w,178,B4_linear_interp,355,823,7321,44,4.84589982079342e-05,0.0027327499992679805,False
32,56,1000,178,normal,1.0w,178,B5_gaussian,355,823,7321,44,8.074998913798481e-05,0.0029017079941695556,False
32,56,1000,178,normal,1.0w,178,B6_shuffle,355,823,7321,44,5.3041992941871285e-05,0.0031887499935692176,False
32,56,1000,178,normal,1.0w,178,recon_test,355,823,7321,44,0.0012503339967224747,0.0032996249938150868,False
32,56,1000,178,normal,1.0w,178,recon_train,355,823,7321,44,0.0004492919979384169,0.003134333004709333,False
32,56,1000,178,normal,1.0w,178,identity,355,823,7321,44,8.624992915429175e-06,0.0032257090060738847,False
32,57,1000,178,normal,1.0w,178,(before),355,823,7321,44,0.0,0.0032812919962452725,False
32,57,1000,178,normal,1.0w,178,B1_zero,355,823,7321,44,1.691699435468763e-05,0.003096250002272427,False
32,57,1000,178,normal,1.0w,178,B2_global_mean,355,823,7321,44,3.2167008612304926e-05,0.002684416002011858,False
32,57,1000,178,normal,1.0w,178,B3_local_mean,355,823,7321,44,0.00010383300832472742,0.0027721250080503523,False
32,57,1000,178,normal,1.0w,178,B4_linear_interp,355,823,7321,44,5.1166993216611445e-05,0.003113583996309899,False
32,57,1000,178,normal,1.0w,178,B5_gaussian,355,823,7321,44,0.00023591599892824888,0.0032254160032607615,False
32,57,1000,178,normal,1.0w,178,B6_shuffle,355,823,7321,44,5.345798854250461e-05,0.003494125005090609,False
32,57,1000,178,normal,1.0w,178,recon_test,355,823,7321,44,0.0012572080013342202,0.002763083000900224,False
32,57,1000,178,normal,1.0w,178,recon_train,355,823,7321,44,0.00017320799815934151,0.0027350419986760244,False
32,57,1000,178,normal,1.0w,178,identity,355,823,7321,44,1.6291000065393746e-05,0.0035252920060884207,False
32,58,1000,178,normal,1.0w,178,(before),355,823,7321,44,0.0,0.002950374997453764,False
32,58,1000,178,normal,1.0w,178,B1_zero,355,823,7321,44,4.22910088673234e-05,0.0028194170008646324,False
32,58,1000,178,normal,1.0w,178,B2_global_mean,355,823,7321,44,2.7375004719942808e-05,0.0029047090065432712,False
32,58,1000,178,normal,1.0w,178,B3_local_mean,355,823,7321,44,0.000159624993102625,0.002408290994935669,False
32,58,1000,178,normal,1.0w,178,B4_linear_interp,355,823,7321,44,2.983299782499671e-05,0.0030674589943373576,False
32,58,1000,178,normal,1.0w,178,B5_gaussian,355,823,7321,44,0.00019708400941453874,0.0034191670129075646,False
32,58,1000,178,normal,1.0w,178,B6_shuffle,355,823,7321,44,2.795799809973687e-05,0.0028445829957490787,False
32,58,1000,178,normal,1.0w,178,recon_test,355,823,7321,44,0.0009053340036189184,0.0033781659876694903,False
32,58,1000,178,normal,1.0w,178,recon_train,355,823,7321,44,0.0001379589957650751,0.0025661249965196475,False
32,58,1000,178,normal,1.0w,178,identity,355,823,7321,44,7.666007149964571e-06,0.0024139589950209484,False
32,59,1000,178,normal,1.0w,178,(before),355,823,7321,44,0.0,0.002556166989961639,False
32,59,1000,178,normal,1.0w,178,B1_zero,355,823,7321,44,2.750000567175448e-05,0.0034132919972762465,False
32,59,1000,178,normal,1.0w,178,B2_global_mean,355,823,7321,44,2.2667009034194052e-05,0.00292325000918936,False
32,59,1000,178,normal,1.0w,178,B3_local_mean,355,823,7321,44,7.72500061430037e-05,0.0036297500046202913,False
32,59,1000,178,normal,1.0w,178,B4_linear_interp,355,823,7321,44,3.1624993425793946e-05,0.0028721669950755313,False
32,59,1000,178,normal,1.0w,178,B5_gaussian,355,823,7321,44,7.295799150597304e-05,0.0029325829964363948,False
32,59,1000,178,normal,1.0w,178,B6_shuffle,355,823,7321,44,5.5832992075011134e-05,0.003640791997895576,False
32,59,1000,178,normal,1.0w,178,recon_test,355,823,7321,44,0.0010020420013461262,0.0032282920001307502,False
32,59,1000,178,normal,1.0w,178,recon_train,355,823,7321,44,0.000454624998383224,0.00333166700147558,False
32,59,1000,178,normal,1.0w,178,identity,355,823,7321,44,9.70800465438515e-06,0.002847916999598965,False
32,60,1000,178,sar_normal,GT,359,(before),536,823,7321,44,0.0,0.003332249994855374,False
32,60,1000,178,sar_normal,GT,359,B1_zero,536,823,7321,44,1.4249992091208696e-05,0.00348229099472519,False
32,60,1000,178,sar_normal,GT,359,B2_global_mean,536,823,7321,44,5.133400554768741e-05,0.004672499999287538,False
32,60,1000,178,sar_normal,GT,359,B3_local_mean,536,823,7321,44,0.0001694999955361709,0.004081916995346546,False
32,60,1000,178,sar_normal,GT,359,B4_linear_interp,536,823,7321,44,3.825000021606684e-05,0.004332708995207213,False
32,60,1000,178,sar_normal,GT,359,B5_gaussian,536,823,7321,44,0.00017949999892152846,0.004260374989826232,False
32,60,1000,178,sar_normal,GT,359,B6_shuffle,536,823,7321,44,5.979200068395585e-05,0.004044457993586548,False
32,60,1000,178,sar_normal,GT,359,recon_test,536,823,7321,44,0.0007174589991336688,0.0033647079981165007,False
32,60,1000,178,sar_normal,GT,359,recon_train,536,823,7321,44,0.00021020800340920687,0.0032287079957313836,False
32,60,1000,178,sar_normal,GT,359,identity,536,823,7321,44,1.7124999430961907e-05,0.0036967089981772006,False
32,61,1000,178,sar_normal,GT,359,(before),536,823,7321,44,0.0,0.0037557090108748525,False
32,61,1000,178,sar_normal,GT,359,B1_zero,536,823,7321,44,4.0708997403271496e-05,0.003251415997510776,False
32,61,1000,178,sar_normal,GT,359,B2_global_mean,536,823,7321,44,5.2041999879293144e-05,0.00345466700673569,False
32,61,1000,178,sar_normal,GT,359,B3_local_mean,536,823,7321,44,7.94160005170852e-05,0.00282116599555593,False
32,61,1000,178,sar_normal,GT,359,B4_linear_interp,536,823,7321,44,3.445798938628286e-05,0.0034137920010834932,False
32,61,1000,178,sar_normal,GT,359,B5_gaussian,536,823,7321,44,0.00011908300803042948,0.0037077079905429855,False
32,61,1000,178,sar_normal,GT,359,B6_shuffle,536,823,7321,44,2.895799116231501e-05,0.0034376249968772754,False
32,61,1000,178,sar_normal,GT,359,recon_test,536,823,7321,44,0.0005363339878385887,0.003910708008334041,False
32,61,1000,178,sar_normal,GT,359,recon_train,536,823,7321,44,0.0004177920054644346,0.003475250006886199,False
32,61,1000,178,sar_normal,GT,359,identity,536,823,7321,44,8.374991011805832e-06,0.00442066699906718,False
32,62,1000,178,sar_normal,GT,359,(before),536,823,7321,44,0.0,0.004655249998904765,False
32,62,1000,178,sar_normal,GT,359,B1_zero,536,823,7321,44,1.7917001969181e-05,0.004255457999533974,False
32,62,1000,178,sar_normal,GT,359,B2_global_mean,536,823,7321,44,3.3208998502232134e-05,0.003063541997107677,False
32,62,1000,178,sar_normal,GT,359,B3_local_mean,536,823,7321,44,9.816698729991913e-05,0.003759250001166947,False
32,62,1000,178,sar_normal,GT,359,B4_linear_interp,536,823,7321,44,3.7707999581471086e-05,0.003844957987894304,False
32,62,1000,178,sar_normal,GT,359,B5_gaussian,536,823,7321,44,8.704100036993623e-05,0.0036617500009015203,False
32,62,1000,178,sar_normal,GT,359,B6_shuffle,536,823,7321,44,4.7833003918640316e-05,0.0035769169917330146,False
32,62,1000,178,sar_normal,GT,359,recon_test,536,823,7321,44,0.0005542919971048832,0.004216959001496434,False
32,62,1000,178,sar_normal,GT,359,recon_train,536,823,7321,44,0.0003920419985661283,0.004043875000206754,False
32,62,1000,178,sar_normal,GT,359,identity,536,823,7321,44,8.457995136268437e-06,0.003398125001695007,False
32,63,1000,178,sar_normal,GT,359,(before),536,823,7321,44,0.0,0.004072875002748333,False
32,63,1000,178,sar_normal,GT,359,B1_zero,536,823,7321,44,4.24169993493706e-05,0.0038685829931637272,False
32,63,1000,178,sar_normal,GT,359,B2_global_mean,536,823,7321,44,2.925000444520265e-05,0.003922791991499253,False
32,63,1000,178,sar_normal,GT,359,B3_local_mean,536,823,7321,44,0.00018199998885393143,0.004017874991404824,False
32,63,1000,178,sar_normal,GT,359,B4_linear_interp,536,823,7321,44,7.012499554548413e-05,0.0038926249981159344,False
32,63,1000,178,sar_normal,GT,359,B5_gaussian,536,823,7321,44,9.187500108964741e-05,0.004173459004960023,False
32,63,1000,178,sar_normal,GT,359,B6_shuffle,536,823,7321,44,6.420900172088295e-05,0.0033595000131754205,False
32,63,1000,178,sar_normal,GT,359,recon_test,536,823,7321,44,0.0005766249960288405,0.0042030840122606605,False
32,63,1000,178,sar_normal,GT,359,recon_train,536,823,7321,44,0.0004105830012122169,0.005057917005615309,False
32,63,1000,178,sar_normal,GT,359,identity,536,823,7321,44,2.2541004000231624e-05,0.0036474579974310473,False
32,64,1000,178,sar_normal,GT,359,(before),536,823,7321,44,0.0,0.0038476670015370473,False
32,64,1000,178,sar_normal,GT,359,B1_zero,536,823,7321,44,1.6707999748177826e-05,0.0034965000086231157,False
32,64,1000,178,sar_normal,GT,359,B2_global_mean,536,823,7321,44,2.2833002731204033e-05,0.0033251660061068833,False
32,64,1000,178,sar_normal,GT,359,B3_local_mean,536,823,7321,44,0.00015216699102893472,0.0033559999865246937,False
32,64,1000,178,sar_normal,GT,359,B4_linear_interp,536,823,7321,44,6.112499977461994e-05,0.003843333004624583,False
32,64,1000,178,sar_normal,GT,359,B5_gaussian,536,823,7321,44,0.00018350000027567148,0.004123582999454811,False
32,64,1000,178,sar_normal,GT,359,B6_shuffle,536,823,7321,44,2.8041991754435003e-05,0.003894583001965657,False
32,64,1000,178,sar_normal,GT,359,recon_test,536,823,7321,44,0.000530417004483752,0.004022833003546111,False
32,64,1000,178,sar_normal,GT,359,recon_train,536,823,7321,44,0.00012495899864006788,0.003582250006729737,False
32,64,1000,178,sar_normal,GT,359,identity,536,823,7321,44,2.7166010113433003e-05,0.0040750829939497635,False
32,65,1000,178,sar_normal,GT,359,(before),536,823,7321,44,0.0,0.004061875006300397,False
32,65,1000,178,sar_normal,GT,359,B1_zero,536,823,7321,44,1.7250000382773578e-05,0.003995208986452781,False
32,65,1000,178,sar_normal,GT,359,B2_global_mean,536,823,7321,44,5.94589946558699e-05,0.003953916995669715,False
32,65,1000,178,sar_normal,GT,359,B3_local_mean,536,823,7321,44,9.208299161400646e-05,0.0044696660042973235,False
32,65,1000,178,sar_normal,GT,359,B4_linear_interp,536,823,7321,44,3.4957993193529546e-05,0.0043782920110970736,False
32,65,1000,178,sar_normal,GT,359,B5_gaussian,536,823,7321,44,8.970899216365069e-05,0.004132542002480477,False
32,65,1000,178,sar_normal,GT,359,B6_shuffle,536,823,7321,44,5.649999366141856e-05,0.004496124995057471,False
32,65,1000,178,sar_normal,GT,359,recon_test,536,823,7321,44,0.001321582996752113,0.004307334005716257,False
32,65,1000,178,sar_normal,GT,359,recon_train,536,823,7321,44,0.00042666700028348714,0.004150207998463884,False
32,65,1000,178,sar_normal,GT,359,identity,536,823,7321,44,1.7750004190020263e-05,0.004504665994318202,False
32,66,1000,178,sar_normal,GT,359,(before),536,823,7321,44,0.0,0.003472374999546446,False
32,66,1000,178,sar_normal,GT,359,B1_zero,536,823,7321,44,5.399998917710036e-05,0.0035452919983072206,False
32,66,1000,178,sar_normal,GT,359,B2_global_mean,536,823,7321,44,4.7708002966828644e-05,0.0031208750006044284,False
32,66,1000,178,sar_normal,GT,359,B3_local_mean,536,823,7321,44,8.037500083446503e-05,0.004335000005085021,False
32,66,1000,178,sar_normal,GT,359,B4_linear_interp,536,823,7321,44,6.587499228771776e-05,0.003869292006129399,False
32,66,1000,178,sar_normal,GT,359,B5_gaussian,536,823,7321,44,0.00025104200176429003,0.0037021669995738193,False
32,66,1000,178,sar_normal,GT,359,B6_shuffle,536,823,7321,44,4.879200423602015e-05,0.0035494589974405244,False
32,66,1000,178,sar_normal,GT,359,recon_test,536,823,7321,44,0.0008601250010542572,0.0037629160069627687,False
32,66,1000,178,sar_normal,GT,359,recon_train,536,823,7321,44,0.0003900419978890568,0.003969666999182664,False
32,66,1000,178,sar_normal,GT,359,identity,536,823,7321,44,1.7875005141831934e-05,0.003414833001443185,False
32,67,1000,178,sar_normal,GT,359,(before),536,823,7321,44,0.0,0.0036382079997565597,False
32,67,1000,178,sar_normal,GT,359,B1_zero,536,823,7321,44,2.8208000003360212e-05,0.0037838749994989485,False
32,67,1000,178,sar_normal,GT,359,B2_global_mean,536,823,7321,44,2.6541994884610176e-05,0.003634041000623256,False
32,67,1000,178,sar_normal,GT,359,B3_local_mean,536,823,7321,44,0.0001744170003803447,0.0036564159963745624,False
32,67,1000,178,sar_normal,GT,359,B4_linear_interp,536,823,7321,44,4.158299998380244e-05,0.0031329159974120557,False
32,67,1000,178,sar_normal,GT,359,B5_gaussian,536,823,7321,44,9.104100172407925e-05,0.003527249995386228,False
32,67,1000,178,sar_normal,GT,359,B6_shuffle,536,823,7321,44,5.804200191050768e-05,0.004542167007457465,False
32,67,1000,178,sar_normal,GT,359,recon_test,536,823,7321,44,0.0008720829937374219,0.004251207996276207,False
32,67,1000,178,sar_normal,GT,359,recon_train,536,823,7321,44,0.00045774999307468534,0.0036230830010026693,False
32,67,1000,178,sar_normal,GT,359,identity,536,823,7321,44,8.125003660097718e-06,0.002978707998408936,False
32,68,1000,178,sar_normal,GT,359,(before),536,823,7321,44,0.0,0.0033955419930862263,False
32,68,1000,178,sar_normal,GT,359,B1_zero,536,823,7321,44,1.6417005099356174e-05,0.004293083009542897,False
32,68,1000,178,sar_normal,GT,359,B2_global_mean,536,823,7321,44,7.524999091401696e-05,0.004171167005551979,False
32,68,1000,178,sar_normal,GT,359,B3_local_mean,536,823,7321,44,0.00016520899953320622,0.003125041999737732,False
32,68,1000,178,sar_normal,GT,359,B4_linear_interp,536,823,7321,44,3.3791991882026196e-05,0.004088792004040442,False
32,68,1000,178,sar_normal,GT,359,B5_gaussian,536,823,7321,44,8.070799231063575e-05,0.003472542011877522,False
32,68,1000,178,sar_normal,GT,359,B6_shuffle,536,823,7321,44,2.750000567175448e-05,0.003220792001229711,False
32,68,1000,178,sar_normal,GT,359,recon_test,536,823,7321,44,0.0012691669980995357,0.00401729199802503,False
32,68,1000,178,sar_normal,GT,359,recon_train,536,823,7321,44,0.00012329099990893155,0.004230082995491102,False
32,68,1000,178,sar_normal,GT,359,identity,536,823,7321,44,1.720800355542451e-05,0.004057999991346151,False
32,69,1000,178,sar_normal,GT,359,(before),536,823,7321,44,0.0,0.0034031670074909925,False
32,69,1000,178,sar_normal,GT,359,B1_zero,536,823,7321,44,5.0709000788629055e-05,0.0040025420021265745,False
32,69,1000,178,sar_normal,GT,359,B2_global_mean,536,823,7321,44,2.6833004085347056e-05,0.003776416997425258,False
32,69,1000,178,sar_normal,GT,359,B3_local_mean,536,823,7321,44,7.945799734443426e-05,0.0036672089918283746,False
32,69,1000,178,sar_normal,GT,359,B4_linear_interp,536,823,7321,44,3.0333001632243395e-05,0.004476665999391116,False
32,69,1000,178,sar_normal,GT,359,B5_gaussian,536,823,7321,44,8.72919918037951e-05,0.004129624998313375,False
32,69,1000,178,sar_normal,GT,359,B6_shuffle,536,823,7321,44,2.9750008252449334e-05,0.003765708999708295,False
32,69,1000,178,sar_normal,GT,359,recon_test,536,823,7321,44,0.0006733750051353127,0.004099124998901971,False
32,69,1000,178,sar_normal,GT,359,recon_train,536,823,7321,44,0.0001345830096397549,0.003505166998365894,False
32,69,1000,178,sar_normal,GT,359,identity,536,823,7321,44,1.4292003470472991e-05,0.0033779999939724803,False
32,70,1000,178,sar_normal,GT,359,(before),536,823,7321,44,0.0,0.0034270830074092373,False
32,70,1000,178,sar_normal,GT,359,B1_zero,536,823,7321,44,1.6542006051167846e-05,0.003726583003299311,False
32,70,1000,178,sar_normal,GT,359,B2_global_mean,536,823,7321,44,2.2374995751306415e-05,0.0041592500056140125,False
32,70,1000,178,sar_normal,GT,359,B3_local_mean,536,823,7321,44,9.545800276100636e-05,0.0033382919937139377,False
32,70,1000,178,sar_normal,GT,359,B4_linear_interp,536,823,7321,44,3.387501055840403e-05,0.0032106250000651926,False
32,70,1000,178,sar_normal,GT,359,B5_gaussian,536,823,7321,44,8.458300726488233e-05,0.0039485830056946725,False
32,70,1000,178,sar_normal,GT,359,B6_shuffle,536,823,7321,44,5.40409964742139e-05,0.004266791002009995,False
32,70,1000,178,sar_normal,GT,359,recon_test,536,823,7321,44,0.0007597090007038787,0.0040825420001056045,False
32,70,1000,178,sar_normal,GT,359,recon_train,536,823,7321,44,0.00010891599231399596,0.0034625409898580983,False
32,70,1000,178,sar_normal,GT,359,identity,536,823,7321,44,1.5999990864656866e-05,0.0038496249908348545,False
32,71,1000,178,anomaly,GT,359,(before),536,823,7321,44,0.0,0.004568749995087273,False
32,71,1000,178,anomaly,GT,359,B1_zero,536,823,7321,44,1.604200224392116e-05,0.003459291998296976,False
32,71,1000,178,anomaly,GT,359,B2_global_mean,536,823,7321,44,2.4082997697405517e-05,0.0031477500015171245,False
32,71,1000,178,anomaly,GT,359,B3_local_mean,536,823,7321,44,7.72500061430037e-05,0.0035648750053951517,False
32,71,1000,178,anomaly,GT,359,B4_linear_interp,536,823,7321,44,2.8708003810606897e-05,0.0043521659972611815,False
32,71,1000,178,anomaly,GT,359,B5_gaussian,536,823,7321,44,0.00019541698566172272,0.00378400000045076,False
32,71,1000,178,anomaly,GT,359,B6_shuffle,536,823,7321,44,8.98750004125759e-05,0.0032374580041505396,False
32,71,1000,178,anomaly,GT,359,recon_test,536,823,7321,44,0.001221957994857803,0.0033894999942276627,False
32,71,1000,178,anomaly,GT,359,recon_train,536,823,7321,44,0.00014687499788124114,0.0036577499995473772,False
32,71,1000,178,anomaly,GT,359,identity,536,823,7321,44,7.834009011276066e-06,0.0035357919987291098,False
146,0,5000,33,normal,0.25w,8,(before),40,4968,29950,8,0.0,11.435642000011285,False
146,0,5000,33,normal,0.25w,8,B1_zero,40,4968,29950,8,4.82079922221601e-05,0.0025007080112118274,False
146,0,5000,33,normal,0.25w,8,B2_global_mean,40,4968,29950,8,7.729200297035277e-05,0.0021899160055909306,False
146,0,5000,33,normal,0.25w,8,B3_local_mean,40,4968,29950,8,0.00024275000032503158,0.0027253749867668375,False
146,0,5000,33,normal,0.25w,8,B4_linear_interp,40,4968,29950,8,6.920799205545336e-05,0.002274624988785945,False
146,0,5000,33,normal,0.25w,8,B5_gaussian,40,4968,29950,8,0.00027474999660626054,0.0022615420020883903,False
146,0,5000,33,normal,0.25w,8,B6_shuffle,40,4968,29950,8,7.487500261049718e-05,0.002071165989036672,False
146,0,5000,33,normal,0.25w,8,recon_test,40,4968,29950,8,0.001819459008402191,0.002499541995348409,False
146,0,5000,33,normal,0.25w,8,recon_train,40,4968,29950,8,0.0003779580001719296,0.002285624999785796,False
146,0,5000,33,normal,0.25w,8,identity,40,4968,29950,8,4.083399835508317e-05,0.0029527500009862706,False
146,1,5000,33,normal,0.25w,8,(before),40,4968,29950,8,0.0,0.0028269580070627853,False
146,1,5000,33,normal,0.25w,8,B1_zero,40,4968,29950,8,8.250000246334821e-05,0.002738041992415674,False
146,1,5000,33,normal,0.25w,8,B2_global_mean,40,4968,29950,8,4.7666995669715106e-05,0.002570333002950065,False
146,1,5000,33,normal,0.25w,8,B3_local_mean,40,4968,29950,8,0.00010745800682343543,0.002110874993377365,False
146,1,5000,33,normal,0.25w,8,B4_linear_interp,40,4968,29950,8,4.77090070489794e-05,0.002075625001452863,False
146,1,5000,33,normal,0.25w,8,B5_gaussian,40,4968,29950,8,0.000159790986799635,0.0026382920041214675,False
146,1,5000,33,normal,0.25w,8,B6_shuffle,40,4968,29950,8,8.05000017862767e-05,0.0020699160086223856,False
146,1,5000,33,normal,0.25w,8,recon_test,40,4968,29950,8,0.001707666990114376,0.0027529170038178563,False
146,1,5000,33,normal,0.25w,8,recon_train,40,4968,29950,8,0.0003047089994652197,0.0024824580032145604,False
146,1,5000,33,normal,0.25w,8,identity,40,4968,29950,8,1.645900192670524e-05,0.0021733339963248,False
146,2,5000,33,normal,0.25w,8,(before),40,4968,29950,8,0.0,0.002049542003078386,False
146,2,5000,33,normal,0.25w,8,B1_zero,40,4968,29950,8,5.3208001190796494e-05,0.0029133339994587004,False
146,2,5000,33,normal,0.25w,8,B2_global_mean,40,4968,29950,8,9.724999836180359e-05,0.0025516250025248155,False
146,2,5000,33,normal,0.25w,8,B3_local_mean,40,4968,29950,8,0.00018079100118484348,0.0026461249944986776,False
146,2,5000,33,normal,0.25w,8,B4_linear_interp,40,4968,29950,8,6.333300552796572e-05,0.0030072079971432686,False
146,2,5000,33,normal,0.25w,8,B5_gaussian,40,4968,29950,8,0.00019537500338628888,0.002212416991824284,False
146,2,5000,33,normal,0.25w,8,B6_shuffle,40,4968,29950,8,5.5500000598840415e-05,0.0026228749920846894,False
146,2,5000,33,normal,0.25w,8,recon_test,40,4968,29950,8,0.0012840419949498028,0.002686042003915645,False
146,2,5000,33,normal,0.25w,8,recon_train,40,4968,29950,8,0.0003127919917460531,0.002411584006040357,False
146,2,5000,33,normal,0.25w,8,identity,40,4968,29950,8,2.9999995604157448e-05,0.0023931250034365803,False
146,3,5000,33,normal,0.25w,8,(before),40,4968,29950,8,0.0,0.002830166995408945,False
146,3,5000,33,normal,0.25w,8,B1_zero,40,4968,29950,8,7.816699508111924e-05,0.0028381250012898818,False
146,3,5000,33,normal,0.25w,8,B2_global_mean,40,4968,29950,8,5.733300349675119e-05,0.0019513329898472875,False
146,3,5000,33,normal,0.25w,8,B3_local_mean,40,4968,29950,8,0.00019758299458771944,0.0029264160111779347,False
146,3,5000,33,normal,0.25w,8,B4_linear_interp,40,4968,29950,8,5.666598735842854e-05,0.0020253749971743673,False
146,3,5000,33,normal,0.25w,8,B5_gaussian,40,4968,29950,8,0.00032904199906624854,0.0022012089903000742,False
146,3,5000,33,normal,0.25w,8,B6_shuffle,40,4968,29950,8,5.995800893288106e-05,0.002570333002950065,False
146,3,5000,33,normal,0.25w,8,recon_test,40,4968,29950,8,0.0017011249874485657,0.0027242090000072494,False
146,3,5000,33,normal,0.25w,8,recon_train,40,4968,29950,8,0.00037295800575520843,0.0022400419984478503,False
146,3,5000,33,normal,0.25w,8,identity,40,4968,29950,8,1.883300137706101e-05,0.0026148749893764034,False
146,4,5000,33,normal,0.25w,8,(before),40,4968,29950,8,0.0,0.0032618340046610683,False
146,4,5000,33,normal,0.25w,8,B1_zero,40,4968,29950,8,4.7290988732129335e-05,0.002303750006831251,False
146,4,5000,33,normal,0.25w,8,B2_global_mean,40,4968,29950,8,3.8124999264255166e-05,0.002269292002893053,False
146,4,5000,33,normal,0.25w,8,B3_local_mean,40,4968,29950,8,0.00011733300925698131,0.0022526669927174225,False
146,4,5000,33,normal,0.25w,8,B4_linear_interp,40,4968,29950,8,4.837500455323607e-05,0.0024237909965449944,False
146,4,5000,33,normal,0.25w,8,B5_gaussian,40,4968,29950,8,0.00020354198932182044,0.0025364169996464625,False
146,4,5000,33,normal,0.25w,8,B6_shuffle,40,4968,29950,8,0.00016737500845920295,0.00255874999857042,False
146,4,5000,33,normal,0.25w,8,recon_test,40,4968,29950,8,0.0022623749973718077,0.0021566250070463866,False
146,4,5000,33,normal,0.25w,8,recon_train,40,4968,29950,8,0.0005282499914756045,0.0024137500004144385,False
146,4,5000,33,normal,0.25w,8,identity,40,4968,29950,8,2.170799416489899e-05,0.00215087499236688,False
146,5,5000,33,normal,0.25w,8,(before),40,4968,29950,8,0.0,0.002555500002927147,False
146,5,5000,33,normal,0.25w,8,B1_zero,40,4968,29950,8,7.52909982111305e-05,0.0021074579999549314,False
146,5,5000,33,normal,0.25w,8,B2_global_mean,40,4968,29950,8,9.137499728240073e-05,0.002877999999327585,False
146,5,5000,33,normal,0.25w,8,B3_local_mean,40,4968,29950,8,0.0002040410035988316,0.0024295000039273873,False
146,5,5000,33,normal,0.25w,8,B4_linear_interp,40,4968,29950,8,0.00011104100849479437,0.002757624999503605,False
146,5,5000,33,normal,0.25w,8,B5_gaussian,40,4968,29950,8,0.000215916006709449,0.0029210409993538633,False
146,5,5000,33,normal,0.25w,8,B6_shuffle,40,4968,29950,8,9.750000026542693e-05,0.0027785410056822,False
146,5,5000,33,normal,0.25w,8,recon_test,40,4968,29950,8,0.0023074579949025065,0.0025769159983610734,False
146,5,5000,33,normal,0.25w,8,recon_train,40,4968,29950,8,0.0006769589963369071,0.003321541997138411,False
146,5,5000,33,normal,0.25w,8,identity,40,4968,29950,8,3.529099922161549e-05,0.00260566700308118,False
146,6,5000,33,normal,0.25w,8,(before),40,4968,29950,8,0.0,0.0030045000021345913,False
146,6,5000,33,normal,0.25w,8,B1_zero,40,4968,29950,8,5.51249977434054e-05,0.0023036670027067885,False
146,6,5000,33,normal,0.25w,8,B2_global_mean,40,4968,29950,8,0.00010979198850691319,0.0029975830111652613,False
146,6,5000,33,normal,0.25w,8,B3_local_mean,40,4968,29950,8,0.00010695800301618874,0.0024695000029169023,False
146,6,5000,33,normal,0.25w,8,B4_linear_interp,40,4968,29950,8,5.425000563263893e-05,0.002325499997823499,False
146,6,5000,33,normal,0.25w,8,B5_gaussian,40,4968,29950,8,0.0003112919948762283,0.002683749989955686,False
146,6,5000,33,normal,0.25w,8,B6_shuffle,40,4968,29950,8,8.258300658781081e-05,0.0025243749987566844,False
146,6,5000,33,normal,0.25w,8,recon_test,40,4968,29950,8,0.001756083991494961,0.0030824589921394363,False
146,6,5000,33,normal,0.25w,8,recon_train,40,4968,29950,8,0.000702582998201251,0.0030766660056542605,False
146,6,5000,33,normal,0.25w,8,identity,40,4968,29950,8,3.80830024369061e-05,0.0025452920090174302,False
146,7,5000,33,normal,0.25w,8,(before),40,4968,29950,8,0.0,0.0025689160102047026,False
146,7,5000,33,normal,0.25w,8,B1_zero,40,4968,29950,8,2.8750000637955964e-05,0.002746083991951309,False
146,7,5000,33,normal,0.25w,8,B2_global_mean,40,4968,29950,8,6.387499161064625e-05,0.0022594159963773564,False
146,7,5000,33,normal,0.25w,8,B3_local_mean,40,4968,29950,8,0.0001197500096168369,0.0028774579986929893,False
146,7,5000,33,normal,0.25w,8,B4_linear_interp,40,4968,29950,8,0.00012075000267941505,0.002613582997582853,False
146,7,5000,33,normal,0.25w,8,B5_gaussian,40,4968,29950,8,0.00032258300052490085,0.0025381249870406464,False
146,7,5000,33,normal,0.25w,8,B6_shuffle,40,4968,29950,8,5.258299643173814e-05,0.0024907079932745546,False
146,7,5000,33,normal,0.25w,8,recon_test,40,4968,29950,8,0.0019663749990286306,0.0030304579995572567,False
146,7,5000,33,normal,0.25w,8,recon_train,40,4968,29950,8,0.000374084003851749,0.002573667006799951,False
146,7,5000,33,normal,0.25w,8,identity,40,4968,29950,8,3.54999938281253e-05,0.002228917001048103,False
146,8,5000,33,normal,0.25w,8,(before),40,4968,29950,8,0.0,0.002401874997303821,False
146,8,5000,33,normal,0.25w,8,B1_zero,40,4968,29950,8,3.5124990972690284e-05,0.0032270419906126335,False
146,8,5000,33,normal,0.25w,8,B2_global_mean,40,4968,29950,8,7.812499825377017e-05,0.0021465000027092174,False
146,8,5000,33,normal,0.25w,8,B3_local_mean,40,4968,29950,8,0.00011633300164248794,0.002937375000328757,False
146,8,5000,33,normal,0.25w,8,B4_linear_interp,40,4968,29950,8,7.824999920558184e-05,0.002706041996134445,False
146,8,5000,33,normal,0.25w,8,B5_gaussian,40,4968,29950,8,0.00029366600210778415,0.0030319999932544306,False
146,8,5000,33,normal,0.25w,8,B6_shuffle,40,4968,29950,8,0.00010483300138730556,0.0025120000063907355,False
146,8,5000,33,normal,0.25w,8,recon_test,40,4968,29950,8,0.0012530829990282655,0.0024784580018604174,False
146,8,5000,33,normal,0.25w,8,recon_train,40,4968,29950,8,0.0003493330004857853,0.002575542006525211,False
146,8,5000,33,normal,0.25w,8,identity,40,4968,29950,8,3.7290999898687005e-05,0.0029864579992135987,False
146,9,5000,33,normal,0.25w,8,(before),40,4968,29950,8,0.0,0.003253791990573518,False
146,9,5000,33,normal,0.25w,8,B1_zero,40,4968,29950,8,7.12080072844401e-05,0.0026005420077126473,False
146,9,5000,33,normal,0.25w,8,B2_global_mean,40,4968,29950,8,5.6333999964408576e-05,0.0025584999966667965,False
146,9,5000,33,normal,0.25w,8,B3_local_mean,40,4968,29950,8,0.00010487499821465462,0.002669624998816289,False
146,9,5000,33,normal,0.25w,8,B4_linear_interp,40,4968,29950,8,4.0291997720487416e-05,0.002646041990374215,False
146,9,5000,33,normal,0.25w,8,B5_gaussian,40,4968,29950,8,0.00016629199672024697,0.0025712920032674447,False
146,9,5000,33,normal,0.25w,8,B6_shuffle,40,4968,29950,8,0.00010295900574419647,0.003313957990030758,False
146,9,5000,33,normal,0.25w,8,recon_test,40,4968,29950,8,0.002276333005283959,0.002962332990136929,False
146,9,5000,33,normal,0.25w,8,recon_train,40,4968,29950,8,0.0006556669977726415,0.002166541002225131,False
146,9,5000,33,normal,0.25w,8,identity,40,4968,29950,8,3.0000010156072676e-05,0.0028390000079525635,False
146,10,5000,33,normal,0.25w,8,(before),40,4968,29950,8,0.0,0.0027554579864954576,False
146,10,5000,33,normal,0.25w,8,B1_zero,40,4968,29950,8,4.062500374857336e-05,0.0025624580011935905,False
146,10,5000,33,normal,0.25w,8,B2_global_mean,40,4968,29950,8,5.245799547992647e-05,0.0036895829980494455,False
146,10,5000,33,normal,0.25w,8,B3_local_mean,40,4968,29950,8,0.0002760839997790754,0.003161792003083974,False
146,10,5000,33,normal,0.25w,8,B4_linear_interp,40,4968,29950,8,8.2874990766868e-05,0.003177209000568837,False
146,10,5000,33,normal,0.25w,8,B5_gaussian,40,4968,29950,8,0.0002795409964164719,0.0022442500048782676,False
146,10,5000,33,normal,0.25w,8,B6_shuffle,40,4968,29950,8,4.554200859274715e-05,0.003218917001504451,False
146,10,5000,33,normal,0.25w,8,recon_test,40,4968,29950,8,0.0021814589999848977,0.002685041996301152,False
146,10,5000,33,normal,0.25w,8,recon_train,40,4968,29950,8,0.00035566701262723655,0.0027011660131393,False
146,10,5000,33,normal,0.25w,8,identity,40,4968,29950,8,3.141698834951967e-05,0.0027097499987576157,False
146,11,5000,33,normal,0.25w,8,(before),40,4968,29950,8,0.0,0.0028428330115275458,False
146,11,5000,33,normal,0.25w,8,B1_zero,40,4968,29950,8,4.7708002966828644e-05,0.003499832993838936,False
146,11,5000,33,normal,0.25w,8,B2_global_mean,40,4968,29950,8,5.620799493044615e-05,0.002446250000502914,False
146,11,5000,33,normal,0.25w,8,B3_local_mean,40,4968,29950,8,0.00018204200023319572,0.0024585420032963157,False
146,11,5000,33,normal,0.25w,8,B4_linear_interp,40,4968,29950,8,0.00012637500185519457,0.002893834011047147,False
146,11,5000,33,normal,0.25w,8,B5_gaussian,40,4968,29950,8,0.0002972499933093786,0.0028060829936293885,False
146,11,5000,33,normal,0.25w,8,B6_shuffle,40,4968,29950,8,7.09999876562506e-05,0.0025583329988876358,False
146,11,5000,33,normal,0.25w,8,recon_test,40,4968,29950,8,0.0024220409977715462,0.003006583996466361,False
146,11,5000,33,normal,0.25w,8,recon_train,40,4968,29950,8,0.00033312500454485416,0.0033566670026630163,False
146,11,5000,33,normal,0.25w,8,identity,40,4968,29950,8,2.6541005354374647e-05,0.0023247920034918934,False
146,12,5000,33,normal,0.25w,8,(before),40,4968,29950,8,0.0,0.0024485829926561564,False
146,12,5000,33,normal,0.25w,8,B1_zero,40,4968,29950,8,6.429200584534556e-05,0.003187082998920232,False
146,12,5000,33,normal,0.25w,8,B2_global_mean,40,4968,29950,8,6.895799015183002e-05,0.0029850409919163212,False
146,12,5000,33,normal,0.25w,8,B3_local_mean,40,4968,29950,8,0.00022241599799599499,0.0020809580018976703,False
146,12,5000,33,normal,0.25w,8,B4_linear_interp,40,4968,29950,8,7.220800034701824e-05,0.002475917004630901,False
146,12,5000,33,normal,0.25w,8,B5_gaussian,40,4968,29950,8,0.0001716659899102524,0.0025977500044973567,False
146,12,5000,33,normal,0.25w,8,B6_shuffle,40,4968,29950,8,3.316700167488307e-05,0.0023919999948702753,False
146,12,5000,33,normal,0.25w,8,recon_test,40,4968,29950,8,0.0013204169954406098,0.002959709003334865,False
146,12,5000,33,normal,0.25w,8,recon_train,40,4968,29950,8,0.0003287500003352761,0.0027234579902142286,False
146,12,5000,33,normal,0.25w,8,identity,40,4968,29950,8,2.854099147953093e-05,0.0024750409938860685,False
146,13,5000,33,normal,0.25w,8,(before),40,4968,29950,8,0.0,0.0031502500060014427,False
146,13,5000,33,normal,0.25w,8,B1_zero,40,4968,29950,8,7.54999928176403e-05,0.0024459170090267435,False
146,13,5000,33,normal,0.25w,8,B2_global_mean,40,4968,29950,8,3.7959005567245185e-05,0.0024436250096186996,False
146,13,5000,33,normal,0.25w,8,B3_local_mean,40,4968,29950,8,0.00019633400370366871,0.0032844999950611964,False
146,13,5000,33,normal,0.25w,8,B4_linear_interp,40,4968,29950,8,0.00010404099884908646,0.004031583011965267,False
146,13,5000,33,normal,0.25w,8,B5_gaussian,40,4968,29950,8,0.00037008301296737045,0.002806375006912276,False
146,13,5000,33,normal,0.25w,8,B6_shuffle,40,4968,29950,8,9.275000775232911e-05,0.0026192499935859814,False
146,13,5000,33,normal,0.25w,8,recon_test,40,4968,29950,8,0.0018062500021187589,0.002762957999948412,False
146,13,5000,33,normal,0.25w,8,recon_train,40,4968,29950,8,0.0004710420034825802,0.0020952500053681433,False
146,13,5000,33,normal,0.25w,8,identity,40,4968,29950,8,1.5624988009221852e-05,0.0019463329954305664,False
146,14,5000,33,normal,0.25w,8,(before),40,4968,29950,8,0.0,0.00280808299430646,False
146,14,5000,33,normal,0.25w,8,B1_zero,40,4968,29950,8,2.9582995921373367e-05,0.002678790988284163,False
146,14,5000,33,normal,0.25w,8,B2_global_mean,40,4968,29950,8,5.908300227019936e-05,0.0024875829985830933,False
146,14,5000,33,normal,0.25w,8,B3_local_mean,40,4968,29950,8,8.645800699014217e-05,0.002565957998740487,False
146,14,5000,33,normal,0.25w,8,B4_linear_interp,40,4968,29950,8,9.808300819713622e-05,0.0031351670040749013,False
146,14,5000,33,normal,0.25w,8,B5_gaussian,40,4968,29950,8,0.00030658299510832876,0.003170833006151952,False
146,14,5000,33,normal,0.25w,8,B6_shuffle,40,4968,29950,8,5.499999679159373e-05,0.0026749169919639826,False
146,14,5000,33,normal,0.25w,8,recon_test,40,4968,29950,8,0.002220374997705221,0.003099541994743049,False
146,14,5000,33,normal,0.25w,8,recon_train,40,4968,29950,8,0.0004184580029686913,0.0022902920027263463,False
146,14,5000,33,normal,0.25w,8,identity,40,4968,29950,8,3.3541000448167324e-05,0.0032515420025447384,False
146,15,5000,33,normal,0.25w,8,(before),40,4968,29950,8,0.0,0.003001624994794838,False
146,15,5000,33,normal,0.25w,8,B1_zero,40,4968,29950,8,4.924999666400254e-05,0.002831374993547797,False
146,15,5000,33,normal,0.25w,8,B2_global_mean,40,4968,29950,8,5.879199306946248e-05,0.0027217910101171583,False
146,15,5000,33,normal,0.25w,8,B3_local_mean,40,4968,29950,8,0.00020208299974910915,0.0026498750085011125,False
146,15,5000,33,normal,0.25w,8,B4_linear_interp,40,4968,29950,8,7.095799082890153e-05,0.002105166990077123,False
146,15,5000,33,normal,0.25w,8,B5_gaussian,40,4968,29950,8,0.00026537499797996134,0.002564916998380795,False
146,15,5000,33,normal,0.25w,8,B6_shuffle,40,4968,29950,8,6.0999998822808266e-05,0.0031563749944325536,False
146,15,5000,33,normal,0.25w,8,recon_test,40,4968,29950,8,0.0015722089883638546,0.002910791998147033,False
146,15,5000,33,normal,0.25w,8,recon_train,40,4968,29950,8,0.0002857919898815453,0.0029139170073904097,False
146,15,5000,33,normal,0.25w,8,identity,40,4968,29950,8,3.095899592153728e-05,0.0026072500040754676,False
146,16,5000,33,normal,0.25w,8,(before),40,4968,29950,8,0.0,0.002606374997412786,False
146,16,5000,33,normal,0.25w,8,B1_zero,40,4968,29950,8,9.76250012172386e-05,0.002530958008719608,False
146,16,5000,33,normal,0.25w,8,B2_global_mean,40,4968,29950,8,9.166701056528836e-05,0.002110708999680355,False
146,16,5000,33,normal,0.25w,8,B3_local_mean,40,4968,29950,8,0.0001829999964684248,0.002785042001050897,False
146,16,5000,33,normal,0.25w,8,B4_linear_interp,40,4968,29950,8,0.00012058300490025431,0.0027378749946365133,False
146,16,5000,33,normal,0.25w,8,B5_gaussian,40,4968,29950,8,0.00018312499742023647,0.002985416998853907,False
146,16,5000,33,normal,0.25w,8,B6_shuffle,40,4968,29950,8,4.791600804310292e-05,0.003512541006784886,False
146,16,5000,33,normal,0.25w,8,recon_test,40,4968,29950,8,0.0019257499952800572,0.002999040996655822,False
146,16,5000,33,normal,0.25w,8,recon_train,40,4968,29950,8,0.0004082500090589747,0.0026095409994013608,False
146,16,5000,33,normal,0.25w,8,identity,40,4968,29950,8,4.541700764093548e-05,0.002830792000168003,False
146,17,5000,33,normal,0.25w,8,(before),40,4968,29950,8,0.0,0.002179417002480477,False
146,17,5000,33,normal,0.25w,8,B1_zero,40,4968,29950,8,7.670800550840795e-05,0.0031421660096384585,False
146,17,5000,33,normal,0.25w,8,B2_global_mean,40,4968,29950,8,7.429200923070312e-05,0.0028035830036969855,False
146,17,5000,33,normal,0.25w,8,B3_local_mean,40,4968,29950,8,0.00017058299272321165,0.002365457999985665,False
146,17,5000,33,normal,0.25w,8,B4_linear_interp,40,4968,29950,8,0.00010254199150949717,0.0031775419920450076,False
146,17,5000,33,normal,0.25w,8,B5_gaussian,40,4968,29950,8,0.0001976670027943328,0.003016957998625003,False
146,17,5000,33,normal,0.25w,8,B6_shuffle,40,4968,29950,8,7.170799653977156e-05,0.0031569589918944985,False
146,17,5000,33,normal,0.25w,8,recon_test,40,4968,29950,8,0.00146824998955708,0.0029976250079926103,False
146,17,5000,33,normal,0.25w,8,recon_train,40,4968,29950,8,0.0003715830098371953,0.002501208000467159,False
146,17,5000,33,normal,0.25w,8,identity,40,4968,29950,8,5.425000563263893e-05,0.0029739169985987246,False
146,18,5000,33,normal,0.25w,8,(before),40,4968,29950,8,0.0,0.002994416994624771,False
146,18,5000,33,normal,0.25w,8,B1_zero,40,4968,29950,8,6.34159951005131e-05,0.002632499992614612,False
146,18,5000,33,normal,0.25w,8,B2_global_mean,40,4968,29950,8,7.44159915484488e-05,0.002731583997956477,False
146,18,5000,33,normal,0.25w,8,B3_local_mean,40,4968,29950,8,0.00022654200438410044,0.002339957994990982,False
146,18,5000,33,normal,0.25w,8,B4_linear_interp,40,4968,29950,8,4.8250003601424396e-05,0.0027841669943882152,False
146,18,5000,33,normal,0.25w,8,B5_gaussian,40,4968,29950,8,0.00021445899619720876,0.0024617080052848905,False
146,18,5000,33,normal,0.25w,8,B6_shuffle,40,4968,29950,8,4.762499884236604e-05,0.0027342920075170696,False
146,18,5000,33,normal,0.25w,8,recon_test,40,4968,29950,8,0.0015211249992717057,0.0026581249985611066,False
146,18,5000,33,normal,0.25w,8,recon_train,40,4968,29950,8,0.00030295799660962075,0.0026178339903708547,False
146,18,5000,33,normal,0.25w,8,identity,40,4968,29950,8,1.54590088641271e-05,0.0023875000042608008,False
146,19,5000,33,normal,0.25w,8,(before),40,4968,29950,8,0.0,0.002732624998316169,False
146,19,5000,33,normal,0.25w,8,B1_zero,40,4968,29950,8,2.9750008252449334e-05,0.0029173749935580418,False
146,19,5000,33,normal,0.25w,8,B2_global_mean,40,4968,29950,8,0.00010129199654329568,0.0028338750125840306,False
146,19,5000,33,normal,0.25w,8,B3_local_mean,40,4968,29950,8,0.00011095800437033176,0.0029250829975353554,False
146,19,5000,33,normal,0.25w,8,B4_linear_interp,40,4968,29950,8,5.716700979974121e-05,0.0029457089985953644,False
146,19,5000,33,normal,0.25w,8,B5_gaussian,40,4968,29950,8,0.00018112501129508018,0.0028834170079790056,False
146,19,5000,33,normal,0.25w,8,B6_shuffle,40,4968,29950,8,6.687499990221113e-05,0.0017568750045029446,False
146,19,5000,33,normal,0.25w,8,recon_test,40,4968,29950,8,0.0015886670007603243,0.002657958000781946,False
146,19,5000,33,normal,0.25w,8,recon_train,40,4968,29950,8,0.0003507090004859492,0.002482791998772882,False
146,19,5000,33,normal,0.25w,8,identity,40,4968,29950,8,1.8834005459211767e-05,0.002681792000657879,False
146,20,5000,33,normal,0.5w,17,(before),49,4968,29950,8,0.0,0.0031781670113559812,False
146,20,5000,33,normal,0.5w,17,B1_zero,49,4968,29950,8,7.68329919083044e-05,0.003041042000404559,False
146,20,5000,33,normal,0.5w,17,B2_global_mean,49,4968,29950,8,8.541700663045049e-05,0.0028899169992655516,False
146,20,5000,33,normal,0.5w,17,B3_local_mean,49,4968,29950,8,9.658299677539617e-05,0.0032020840008044615,False
146,20,5000,33,normal,0.5w,17,B4_linear_interp,49,4968,29950,8,4.425000224728137e-05,0.0029720830061705783,False
146,20,5000,33,normal,0.5w,17,B5_gaussian,49,4968,29950,8,0.00018575000285636634,0.0029501660028472543,False
146,20,5000,33,normal,0.5w,17,B6_shuffle,49,4968,29950,8,8.012499893084168e-05,0.002642167004523799,False
146,20,5000,33,normal,0.5w,17,recon_test,49,4968,29950,8,0.002334459000849165,0.002657042001374066,False
146,20,5000,33,normal,0.5w,17,recon_train,49,4968,29950,8,0.0004389160021673888,0.0029283750045578927,False
146,20,5000,33,normal,0.5w,17,identity,49,4968,29950,8,4.637498932424933e-05,0.0027007500029867515,False
146,21,5000,33,normal,0.5w,17,(before),49,4968,29950,8,0.0,0.00211312499595806,False
146,21,5000,33,normal,0.5w,17,B1_zero,49,4968,29950,8,3.54999938281253e-05,0.0024626660015201196,False
146,21,5000,33,normal,0.5w,17,B2_global_mean,49,4968,29950,8,4.358300066087395e-05,0.002775791988824494,False
146,21,5000,33,normal,0.5w,17,B3_local_mean,49,4968,29950,8,0.0001854579895734787,0.002908790993387811,False
146,21,5000,33,normal,0.5w,17,B4_linear_interp,49,4968,29950,8,0.00010758299322333187,0.0028270000038901344,False
146,21,5000,33,normal,0.5w,17,B5_gaussian,49,4968,29950,8,0.00016204100393224508,0.0025209160085069016,False
146,21,5000,33,normal,0.5w,17,B6_shuffle,49,4968,29950,8,6.370899791363627e-05,0.0034089159889845178,False
146,21,5000,33,normal,0.5w,17,recon_test,49,4968,29950,8,0.0017139580013463274,0.0028790409996872768,False
146,21,5000,33,normal,0.5w,17,recon_train,49,4968,29950,8,0.0003716249921126291,0.0030771669989917427,False
146,21,5000,33,normal,0.5w,17,identity,49,4968,29950,8,2.762500662356615e-05,0.0025973330048145726,False
146,22,5000,33,normal,0.5w,17,(before),49,4968,29950,8,0.0,0.0026704579940997064,False
146,22,5000,33,normal,0.5w,17,B1_zero,49,4968,29950,8,4.779099253937602e-05,0.002894917008234188,False
146,22,5000,33,normal,0.5w,17,B2_global_mean,49,4968,29950,8,0.00011283298954367638,0.0032082090037874877,False
146,22,5000,33,normal,0.5w,17,B3_local_mean,49,4968,29950,8,0.0001660410052863881,0.0030106669873930514,False
146,22,5000,33,normal,0.5w,17,B4_linear_interp,49,4968,29950,8,5.0875009037554264e-05,0.002909207993070595,False
146,22,5000,33,normal,0.5w,17,B5_gaussian,49,4968,29950,8,0.00016558400238864124,0.0031931249977787957,False
146,22,5000,33,normal,0.5w,17,B6_shuffle,49,4968,29950,8,4.691600042860955e-05,0.002419791999273002,False
146,22,5000,33,normal,0.5w,17,recon_test,49,4968,29950,8,0.0022685830044792965,0.002497958004823886,False
146,22,5000,33,normal,0.5w,17,recon_train,49,4968,29950,8,0.000711749991751276,0.002844874994480051,False
146,22,5000,33,normal,0.5w,17,identity,49,4968,29950,8,4.879200423602015e-05,0.0025392919924343005,False
146,23,5000,33,normal,0.5w,17,(before),49,4968,29950,8,0.0,0.0033456249948358163,False
146,23,5000,33,normal,0.5w,17,B1_zero,49,4968,29950,8,3.862500307150185e-05,0.003381125003215857,False
146,23,5000,33,normal,0.5w,17,B2_global_mean,49,4968,29950,8,5.9250000049360096e-05,0.0025063329958356917,False
146,23,5000,33,normal,0.5w,17,B3_local_mean,49,4968,29950,8,0.00013054200098849833,0.003177959006279707,False
146,23,5000,33,normal,0.5w,17,B4_linear_interp,49,4968,29950,8,5.545798921957612e-05,0.002199000009568408,False
146,23,5000,33,normal,0.5w,17,B5_gaussian,49,4968,29950,8,0.0003020410076715052,0.0028368750063236803,False
146,23,5000,33,normal,0.5w,17,B6_shuffle,49,4968,29950,8,8.21249996079132e-05,0.0027695419994415715,False
146,23,5000,33,normal,0.5w,17,recon_test,49,4968,29950,8,0.002391957998042926,0.002260665991343558,False
146,23,5000,33,normal,0.5w,17,recon_train,49,4968,29950,8,0.0003205419925507158,0.003013041990925558,False
146,23,5000,33,normal,0.5w,17,identity,49,4968,29950,8,3.2083000405691564e-05,0.0029507920116884634,False
146,24,5000,33,normal,0.5w,17,(before),49,4968,29950,8,0.0,0.0031168330024229363,False
146,24,5000,33,normal,0.5w,17,B1_zero,49,4968,29950,8,0.0001463329972466454,0.003982624999480322,False
146,24,5000,33,normal,0.5w,17,B2_global_mean,49,4968,29950,8,6.958399899303913e-05,0.0023348329996224493,False
146,24,5000,33,normal,0.5w,17,B3_local_mean,49,4968,29950,8,0.00024249999842140824,0.002990125009091571,False
146,24,5000,33,normal,0.5w,17,B4_linear_interp,49,4968,29950,8,0.00012354200589470565,0.0022232500050449744,False
146,24,5000,33,normal,0.5w,17,B5_gaussian,49,4968,29950,8,0.0001495829928899184,0.002645958011271432,False
146,24,5000,33,normal,0.5w,17,B6_shuffle,49,4968,29950,8,4.8707996029406786e-05,0.002470417006406933,False
146,24,5000,33,normal,0.5w,17,recon_test,49,4968,29950,8,0.0035777919983956963,0.0027510420040925965,False
146,24,5000,33,normal,0.5w,17,recon_train,49,4968,29950,8,0.0008132499933708459,0.0030432079947786406,False
146,24,5000,33,normal,0.5w,17,identity,49,4968,29950,8,3.1207993743009865e-05,0.002894165998441167,False
146,25,5000,33,normal,0.5w,17,(before),49,4968,29950,8,0.0,0.0028427090001059696,False
146,25,5000,33,normal,0.5w,17,B1_zero,49,4968,29950,8,0.00012620800407603383,0.0029017089982517064,False
146,25,5000,33,normal,0.5w,17,B2_global_mean,49,4968,29950,8,6.841699359938502e-05,0.0029283329931786284,False
146,25,5000,33,normal,0.5w,17,B3_local_mean,49,4968,29950,8,0.00023504199634771794,0.0021624999935738742,False
146,25,5000,33,normal,0.5w,17,B4_linear_interp,49,4968,29950,8,0.00014395899779628962,0.0023581669956911355,False
146,25,5000,33,normal,0.5w,17,B5_gaussian,49,4968,29950,8,0.00018112499674316496,0.0026739159948192537,False
146,25,5000,33,normal,0.5w,17,B6_shuffle,49,4968,29950,8,0.00012145799701102078,0.0035470410075504333,False
146,25,5000,33,normal,0.5w,17,recon_test,49,4968,29950,8,0.001917166999191977,0.0024262920051114634,False
146,25,5000,33,normal,0.5w,17,recon_train,49,4968,29950,8,0.0003557090094545856,0.0022125830000732094,False
146,25,5000,33,normal,0.5w,17,identity,49,4968,29950,8,4.504199023358524e-05,0.0027931249933317304,False
146,26,5000,33,normal,0.5w,17,(before),49,4968,29950,8,0.0,0.002610750001622364,False
146,26,5000,33,normal,0.5w,17,B1_zero,49,4968,29950,8,5.3292009397409856e-05,0.0023754159919917583,False
146,26,5000,33,normal,0.5w,17,B2_global_mean,49,4968,29950,8,5.5333992349915206e-05,0.002595875004772097,False
146,26,5000,33,normal,0.5w,17,B3_local_mean,49,4968,29950,8,0.00026979199901688844,0.0034732500062091276,False
146,26,5000,33,normal,0.5w,17,B4_linear_interp,49,4968,29950,8,0.00018887499754782766,0.0028287090099183843,False
146,26,5000,33,normal,0.5w,17,B5_gaussian,49,4968,29950,8,0.00021462500444613397,0.0024035829992499202,False
146,26,5000,33,normal,0.5w,17,B6_shuffle,49,4968,29950,8,6.395799573510885e-05,0.0021126670035300776,False
146,26,5000,33,normal,0.5w,17,recon_test,49,4968,29950,8,0.001356042004772462,0.0029373329889494926,False
146,26,5000,33,normal,0.5w,17,recon_train,49,4968,29950,8,0.0005565410101553425,0.003266917003202252,False
146,26,5000,33,normal,0.5w,17,identity,49,4968,29950,8,6.487499922513962e-05,0.0030302079976536334,False
146,27,5000,33,normal,0.5w,17,(before),49,4968,29950,8,0.0,0.002586583999800496,False
146,27,5000,33,normal,0.5w,17,B1_zero,49,4968,29950,8,6.241700612008572e-05,0.002762582997092977,False
146,27,5000,33,normal,0.5w,17,B2_global_mean,49,4968,29950,8,6.154199945740402e-05,0.0019735829991986975,False
146,27,5000,33,normal,0.5w,17,B3_local_mean,49,4968,29950,8,9.900001168716699e-05,0.0031628339929739013,False
146,27,5000,33,normal,0.5w,17,B4_linear_interp,49,4968,29950,8,6.658300117123872e-05,0.0027685000095516443,False
146,27,5000,33,normal,0.5w,17,B5_gaussian,49,4968,29950,8,0.00016279199917335063,0.0027649580006254837,False
146,27,5000,33,normal,0.5w,17,B6_shuffle,49,4968,29950,8,6.208299600984901e-05,0.002624708999064751,False
146,27,5000,33,normal,0.5w,17,recon_test,49,4968,29950,8,0.0013118750066496432,0.0024583329941378906,False
146,27,5000,33,normal,0.5w,17,recon_train,49,4968,29950,8,0.0007371660030912608,0.0029272079991642386,False
146,27,5000,33,normal,0.5w,17,identity,49,4968,29950,8,2.2374995751306415e-05,0.002630000002682209,False
146,28,5000,33,normal,0.5w,17,(before),49,4968,29950,8,0.0,0.003119084009085782,False
146,28,5000,33,normal,0.5w,17,B1_zero,49,4968,29950,8,5.962498835287988e-05,0.0026148750039283186,False
146,28,5000,33,normal,0.5w,17,B2_global_mean,49,4968,29950,8,4.4334010453894734e-05,0.002035542012890801,False
146,28,5000,33,normal,0.5w,17,B3_local_mean,49,4968,29950,8,0.0001091659942176193,0.0020250840025255457,False
146,28,5000,33,normal,0.5w,17,B4_linear_interp,49,4968,29950,8,5.4750009439885616e-05,0.0020939999958500266,False
146,28,5000,33,normal,0.5w,17,B5_gaussian,49,4968,29950,8,0.00014599999121855944,0.002468082995619625,False
146,28,5000,33,normal,0.5w,17,B6_shuffle,49,4968,29950,8,0.00011433300096541643,0.0032085840066429228,False
146,28,5000,33,normal,0.5w,17,recon_test,49,4968,29950,8,0.0014060000103199854,0.0025131670117843896,False
146,28,5000,33,normal,0.5w,17,recon_train,49,4968,29950,8,0.0007343749894062057,0.0021430830092867836,False
146,28,5000,33,normal,0.5w,17,identity,49,4968,29950,8,4.004199581686407e-05,0.002173707995098084,False
146,29,5000,33,normal,0.5w,17,(before),49,4968,29950,8,0.0,0.0024745420087128878,False
146,29,5000,33,normal,0.5w,17,B1_zero,49,4968,29950,8,4.3207997805438936e-05,0.003561125005944632,False
146,29,5000,33,normal,0.5w,17,B2_global_mean,49,4968,29950,8,8.633299148641527e-05,0.0031564580131089315,False
146,29,5000,33,normal,0.5w,17,B3_local_mean,49,4968,29950,8,9.724999836180359e-05,0.00260754200280644,False
146,29,5000,33,normal,0.5w,17,B4_linear_interp,49,4968,29950,8,5.7792000006884336e-05,0.0027584999916143715,False
146,29,5000,33,normal,0.5w,17,B5_gaussian,49,4968,29950,8,0.0003442499873926863,0.0029102080006850883,False
146,29,5000,33,normal,0.5w,17,B6_shuffle,49,4968,29950,8,0.00010945899703074247,0.003959333000238985,False
146,29,5000,33,normal,0.5w,17,recon_test,49,4968,29950,8,0.0014234579866752028,0.0025515830056974664,False
146,29,5000,33,normal,0.5w,17,recon_train,49,4968,29950,8,0.00032824999652802944,0.002916249999543652,False
146,29,5000,33,normal,0.5w,17,identity,49,4968,29950,8,2.7417001547291875e-05,0.003063665993977338,False
146,30,5000,33,normal,0.5w,17,(before),49,4968,29950,8,0.0,0.0030559580045519397,False
146,30,5000,33,normal,0.5w,17,B1_zero,49,4968,29950,8,7.350000669248402e-05,0.0031410840019816533,False
146,30,5000,33,normal,0.5w,17,B2_global_mean,49,4968,29950,8,6.329201278276742e-05,0.0020939159876434132,False
146,30,5000,33,normal,0.5w,17,B3_local_mean,49,4968,29950,8,0.00013524999667424709,0.0024399579997407272,False
146,30,5000,33,normal,0.5w,17,B4_linear_interp,49,4968,29950,8,9.345800208393484e-05,0.002537792010116391,False
146,30,5000,33,normal,0.5w,17,B5_gaussian,49,4968,29950,8,0.00013970800500828773,0.0027333340112818405,False
146,30,5000,33,normal,0.5w,17,B6_shuffle,49,4968,29950,8,9.604200022295117e-05,0.0024771250027697533,False
146,30,5000,33,normal,0.5w,17,recon_test,49,4968,29950,8,0.0032890830043470487,0.0027333749894751236,False
146,30,5000,33,normal,0.5w,17,recon_train,49,4968,29950,8,0.0008881669928086922,0.003144834001432173,False
146,30,5000,33,normal,0.5w,17,identity,49,4968,29950,8,2.575000689830631e-05,0.0031459589954465628,False
146,31,5000,33,normal,0.5w,17,(before),49,4968,29950,8,0.0,0.00279687499278225,False
146,31,5000,33,normal,0.5w,17,B1_zero,49,4968,29950,8,5.425000563263893e-05,0.0031209159933496267,False
146,31,5000,33,normal,0.5w,17,B2_global_mean,49,4968,29950,8,6.504199700430036e-05,0.003347082994878292,False
146,31,5000,33,normal,0.5w,17,B3_local_mean,49,4968,29950,8,0.00020858299103565514,0.0025012090045493096,False
146,31,5000,33,normal,0.5w,17,B4_linear_interp,49,4968,29950,8,7.95419909991324e-05,0.0026289160014130175,False
146,31,5000,33,normal,0.5w,17,B5_gaussian,49,4968,29950,8,0.00034654200135264546,0.002209625003160909,False
146,31,5000,33,normal,0.5w,17,B6_shuffle,49,4968,29950,8,5.07079967064783e-05,0.0031497079908149317,False
146,31,5000,33,normal,0.5w,17,recon_test,49,4968,29950,8,0.0019313329976284876,0.003067332989303395,False
146,31,5000,33,normal,0.5w,17,recon_train,49,4968,29950,8,0.00036883300344925374,0.002434374997392297,False
146,31,5000,33,normal,0.5w,17,identity,49,4968,29950,8,1.87920086318627e-05,0.002755915993475355,False
146,32,5000,33,normal,0.5w,17,(before),49,4968,29950,8,0.0,0.002233292005257681,False
146,32,5000,33,normal,0.5w,17,B1_zero,49,4968,29950,8,2.8458991437219083e-05,0.003019458003109321,False
146,32,5000,33,normal,0.5w,17,B2_global_mean,49,4968,29950,8,8.454199996776879e-05,0.0029432500014081597,False
146,32,5000,33,normal,0.5w,17,B3_local_mean,49,4968,29950,8,0.00019574999168980867,0.0023672499955864623,False
146,32,5000,33,normal,0.5w,17,B4_linear_interp,49,4968,29950,8,8.158299897331744e-05,0.0026295839925296605,False
146,32,5000,33,normal,0.5w,17,B5_gaussian,49,4968,29950,8,0.0002736250025918707,0.0026802919892361388,False
146,32,5000,33,normal,0.5w,17,B6_shuffle,49,4968,29950,8,5.287499516271055e-05,0.002571541990619153,False
146,32,5000,33,normal,0.5w,17,recon_test,49,4968,29950,8,0.0014447079884121194,0.0026339169999118894,False
146,32,5000,33,normal,0.5w,17,recon_train,49,4968,29950,8,0.0007559579971712083,0.0034614169999258593,False
146,32,5000,33,normal,0.5w,17,identity,49,4968,29950,8,2.037500962615013e-05,0.002822750000632368,False
146,33,5000,33,normal,0.5w,17,(before),49,4968,29950,8,0.0,0.0020657920103985816,False
146,33,5000,33,normal,0.5w,17,B1_zero,49,4968,29950,8,4.5415989006869495e-05,0.0027054999954998493,False
146,33,5000,33,normal,0.5w,17,B2_global_mean,49,4968,29950,8,0.00011066699516959488,0.002258415988762863,False
146,33,5000,33,normal,0.5w,17,B3_local_mean,49,4968,29950,8,0.00011745899973902851,0.0030325419938890263,False
146,33,5000,33,normal,0.5w,17,B4_linear_interp,49,4968,29950,8,0.0001126669958466664,0.0029292920080479234,False
146,33,5000,33,normal,0.5w,17,B5_gaussian,49,4968,29950,8,0.00021120900055393577,0.0027761659875977784,False
146,33,5000,33,normal,0.5w,17,B6_shuffle,49,4968,29950,8,4.141700628679246e-05,0.002805042007821612,False
146,33,5000,33,normal,0.5w,17,recon_test,49,4968,29950,8,0.0013789590011583641,0.0033150000090245157,False
146,33,5000,33,normal,0.5w,17,recon_train,49,4968,29950,8,0.0003595000016503036,0.0026194999954896048,False
146,33,5000,33,normal,0.5w,17,identity,49,4968,29950,8,5.591601075138897e-05,0.002799708003294654,False
146,34,5000,33,normal,0.5w,17,(before),49,4968,29950,8,0.0,0.002920583006925881,False
146,34,5000,33,normal,0.5w,17,B1_zero,49,4968,29950,8,4.5541994040831923e-05,0.0026717089931480587,False
146,34,5000,33,normal,0.5w,17,B2_global_mean,49,4968,29950,8,6.12090079812333e-05,0.0028898330056108534,False
146,34,5000,33,normal,0.5w,17,B3_local_mean,49,4968,29950,8,0.00017333299911115319,0.0034256670041941106,False
146,34,5000,33,normal,0.5w,17,B4_linear_interp,49,4968,29950,8,8.508301107212901e-05,0.0032140840048668906,False
146,34,5000,33,normal,0.5w,17,B5_gaussian,49,4968,29950,8,0.00031316700915340334,0.0034045420034090057,False
146,34,5000,33,normal,0.5w,17,B6_shuffle,49,4968,29950,8,9.291699097957462e-05,0.002732665991061367,False
146,34,5000,33,normal,0.5w,17,recon_test,49,4968,29950,8,0.0012921669986099005,0.0028302499995334074,False
146,34,5000,33,normal,0.5w,17,recon_train,49,4968,29950,8,0.0007257499964907765,0.0025502920034341514,False
146,34,5000,33,normal,0.5w,17,identity,49,4968,29950,8,4.6999994083307683e-05,0.003259832999901846,False
146,35,5000,33,normal,0.5w,17,(before),49,4968,29950,8,0.0,0.0027565839991439134,False
146,35,5000,33,normal,0.5w,17,B1_zero,49,4968,29950,8,2.762500662356615e-05,0.002470541003276594,False
146,35,5000,33,normal,0.5w,17,B2_global_mean,49,4968,29950,8,4.7083012759685516e-05,0.002686374995391816,False
146,35,5000,33,normal,0.5w,17,B3_local_mean,49,4968,29950,8,0.00018683300004340708,0.0024852079950505868,False
146,35,5000,33,normal,0.5w,17,B4_linear_interp,49,4968,29950,8,0.0001111250021494925,0.0025397910067113116,False
146,35,5000,33,normal,0.5w,17,B5_gaussian,49,4968,29950,8,0.00032462499802932143,0.0023450000007869676,False
146,35,5000,33,normal,0.5w,17,B6_shuffle,49,4968,29950,8,8.033298945520073e-05,0.002761791998636909,False
146,35,5000,33,normal,0.5w,17,recon_test,49,4968,29950,8,0.0013987499987706542,0.0029054159967927262,False
146,35,5000,33,normal,0.5w,17,recon_train,49,4968,29950,8,0.00034370900539215654,0.0029787500097882003,False
146,35,5000,33,normal,0.5w,17,identity,49,4968,29950,8,1.6125006368383765e-05,0.002629459006129764,False
146,36,5000,33,normal,0.5w,17,(before),49,4968,29950,8,0.0,0.0034919169993372634,False
146,36,5000,33,normal,0.5w,17,B1_zero,49,4968,29950,8,7.750000804662704e-05,0.003025957994395867,False
146,36,5000,33,normal,0.5w,17,B2_global_mean,49,4968,29950,8,0.00010037500760518014,0.0032969589956337586,False
146,36,5000,33,normal,0.5w,17,B3_local_mean,49,4968,29950,8,0.00013658399984706193,0.002226208001957275,False
146,36,5000,33,normal,0.5w,17,B4_linear_interp,49,4968,29950,8,3.91670037060976e-05,0.0028790409996872768,False
146,36,5000,33,normal,0.5w,17,B5_gaussian,49,4968,29950,8,0.00019799999427050352,0.003155625003273599,False
146,36,5000,33,normal,0.5w,17,B6_shuffle,49,4968,29950,8,0.00010099999781232327,0.002716791001148522,False
146,36,5000,33,normal,0.5w,17,recon_test,49,4968,29950,8,0.001605708006536588,0.0027891249919775873,False
146,36,5000,33,normal,0.5w,17,recon_train,49,4968,29950,8,0.0007538750069215894,0.0028706659941235557,False
146,36,5000,33,normal,0.5w,17,identity,49,4968,29950,8,1.5249999705702066e-05,0.0021672909933840856,False
146,37,5000,33,normal,0.5w,17,(before),49,4968,29950,8,0.0,0.0028020830068271607,False
146,37,5000,33,normal,0.5w,17,B1_zero,49,4968,29950,8,9.112499537877738e-05,0.002997584000695497,False
146,37,5000,33,normal,0.5w,17,B2_global_mean,49,4968,29950,8,9.004199819173664e-05,0.002677666998351924,False
146,37,5000,33,normal,0.5w,17,B3_local_mean,49,4968,29950,8,0.00017679099983070046,0.0033808750013122335,False
146,37,5000,33,normal,0.5w,17,B4_linear_interp,49,4968,29950,8,9.062500612344593e-05,0.0030178329907357693,False
146,37,5000,33,normal,0.5w,17,B5_gaussian,49,4968,29950,8,0.00019012500706594437,0.002523875009501353,False
146,37,5000,33,normal,0.5w,17,B6_shuffle,49,4968,29950,8,4.112499300390482e-05,0.003121749992715195,False
146,37,5000,33,normal,0.5w,17,recon_test,49,4968,29950,8,0.0028673330089077353,0.00252658300451003,False
146,37,5000,33,normal,0.5w,17,recon_train,49,4968,29950,8,0.00042004199349321425,0.003203958010999486,False
146,37,5000,33,normal,0.5w,17,identity,49,4968,29950,8,1.737500133458525e-05,0.0032607079920126125,False
146,38,5000,33,normal,0.5w,17,(before),49,4968,29950,8,0.0,0.002559542001108639,False
146,38,5000,33,normal,0.5w,17,B1_zero,49,4968,29950,8,5.937500100117177e-05,0.0032980419928207994,False
146,38,5000,33,normal,0.5w,17,B2_global_mean,49,4968,29950,8,6.024999311193824e-05,0.002556082996306941,False
146,38,5000,33,normal,0.5w,17,B3_local_mean,49,4968,29950,8,0.00012433298979885876,0.002757792011834681,False
146,38,5000,33,normal,0.5w,17,B4_linear_interp,49,4968,29950,8,0.00010016700252890587,0.0024924169993028045,False
146,38,5000,33,normal,0.5w,17,B5_gaussian,49,4968,29950,8,0.0002887079899664968,0.003144834001432173,False
146,38,5000,33,normal,0.5w,17,B6_shuffle,49,4968,29950,8,4.74580010632053e-05,0.0027173749986104667,False
146,38,5000,33,normal,0.5w,17,recon_test,49,4968,29950,8,0.0014280000032158569,0.0032702919997973368,False
146,38,5000,33,normal,0.5w,17,recon_train,49,4968,29950,8,0.0003606249956646934,0.003033916000276804,False
146,38,5000,33,normal,0.5w,17,identity,49,4968,29950,8,2.4249995476566255e-05,0.00210808300471399,False
146,39,5000,33,normal,0.5w,17,(before),49,4968,29950,8,0.0,0.002566750001278706,False
146,39,5000,33,normal,0.5w,17,B1_zero,49,4968,29950,8,5.0874994485639036e-05,0.0018892079970100895,False
146,39,5000,33,normal,0.5w,17,B2_global_mean,49,4968,29950,8,5.9541998780332506e-05,0.002427750005153939,False
146,39,5000,33,normal,0.5w,17,B3_local_mean,49,4968,29950,8,0.0002340420032851398,0.0027324170077918097,False
146,39,5000,33,normal,0.5w,17,B4_linear_interp,49,4968,29950,8,0.00012254199828021228,0.003035665999050252,False
146,39,5000,33,normal,0.5w,17,B5_gaussian,49,4968,29950,8,0.0001532500027678907,0.002878750005038455,False
146,39,5000,33,normal,0.5w,17,B6_shuffle,49,4968,29950,8,6.491600652225316e-05,0.0029970829928060994,False
146,39,5000,33,normal,0.5w,17,recon_test,49,4968,29950,8,0.0021388750028563663,0.002345790999243036,False
146,39,5000,33,normal,0.5w,17,recon_train,49,4968,29950,8,0.0005048329912824556,0.002735665999352932,False
146,39,5000,33,normal,0.5w,17,identity,49,4968,29950,8,4.466700193006545e-05,0.0029726659995503724,False
146,40,5000,33,normal,1.0w,33,(before),65,4968,29950,8,0.0,0.0027522090094862506,False
146,40,5000,33,normal,1.0w,33,B1_zero,65,4968,29950,8,4.783400800079107e-05,0.0022817909921286628,False
146,40,5000,33,normal,1.0w,33,B2_global_mean,65,4968,29950,8,4.9458001740276814e-05,0.0034631670132512227,False
146,40,5000,33,normal,1.0w,33,B3_local_mean,65,4968,29950,8,0.00012345801224000752,0.003105959011008963,False
146,40,5000,33,normal,1.0w,33,B4_linear_interp,65,4968,29950,8,0.00013116700574755669,0.0021231249993434176,False
146,40,5000,33,normal,1.0w,33,B5_gaussian,65,4968,29950,8,0.00014274999557528645,0.0024297500058310106,False
146,40,5000,33,normal,1.0w,33,B6_shuffle,65,4968,29950,8,8.566600445192307e-05,0.0027046249888371676,False
146,40,5000,33,normal,1.0w,33,recon_test,65,4968,29950,8,0.001386707997880876,0.00293950000195764,False
146,40,5000,33,normal,1.0w,33,recon_train,65,4968,29950,8,0.00033283300581388175,0.0025192080065608025,False
146,40,5000,33,normal,1.0w,33,identity,65,4968,29950,8,1.850000990089029e-05,0.0029786249942844734,False
146,41,5000,33,normal,1.0w,33,(before),65,4968,29950,8,0.0,0.0025447919906582683,False
146,41,5000,33,normal,1.0w,33,B1_zero,65,4968,29950,8,7.962500967551023e-05,0.0029844999953638762,False
146,41,5000,33,normal,1.0w,33,B2_global_mean,65,4968,29950,8,4.9708003643900156e-05,0.0030152499966789037,False
146,41,5000,33,normal,1.0w,33,B3_local_mean,65,4968,29950,8,0.0001112080062739551,0.0025033339916262776,False
146,41,5000,33,normal,1.0w,33,B4_linear_interp,65,4968,29950,8,0.00012316599895711988,0.0036659579927800223,False
146,41,5000,33,normal,1.0w,33,B5_gaussian,65,4968,29950,8,0.0003667920100269839,0.0028589580033440143,False
146,41,5000,33,normal,1.0w,33,B6_shuffle,65,4968,29950,8,7.091600855346769e-05,0.0027640420012176037,False
146,41,5000,33,normal,1.0w,33,recon_test,65,4968,29950,8,0.0014254159905249253,0.0026328340027248487,False
146,41,5000,33,normal,1.0w,33,recon_train,65,4968,29950,8,0.0003204160020686686,0.0029662080050911754,False
146,41,5000,33,normal,1.0w,33,identity,65,4968,29950,8,2.7000001864507794e-05,0.002160500007448718,False
146,42,5000,33,normal,1.0w,33,(before),65,4968,29950,8,0.0,0.002802334012812935,False
146,42,5000,33,normal,1.0w,33,B1_zero,65,4968,29950,8,5.17919979756698e-05,0.003539249999448657,False
146,42,5000,33,normal,1.0w,33,B2_global_mean,65,4968,29950,8,7.437499880325049e-05,0.002080915990518406,False
146,42,5000,33,normal,1.0w,33,B3_local_mean,65,4968,29950,8,0.00010216599912382662,0.0023310840042540804,False
146,42,5000,33,normal,1.0w,33,B4_linear_interp,65,4968,29950,8,5.60000044060871e-05,0.0026499170053284615,False
146,42,5000,33,normal,1.0w,33,B5_gaussian,65,4968,29950,8,0.0003770829935092479,0.003199625003617257,False
146,42,5000,33,normal,1.0w,33,B6_shuffle,65,4968,29950,8,5.770899588242173e-05,0.003211916991858743,False
146,42,5000,33,normal,1.0w,33,recon_test,65,4968,29950,8,0.0016960409993771464,0.0031355410028481856,False
146,42,5000,33,normal,1.0w,33,recon_train,65,4968,29950,8,0.0006148749962449074,0.002452166998409666,False
146,42,5000,33,normal,1.0w,33,identity,65,4968,29950,8,1.6749996575526893e-05,0.002783208998152986,False
146,43,5000,33,normal,1.0w,33,(before),65,4968,29950,8,0.0,0.00340287500876002,False
146,43,5000,33,normal,1.0w,33,B1_zero,65,4968,29950,8,5.6917007896117866e-05,0.003003875011927448,False
146,43,5000,33,normal,1.0w,33,B2_global_mean,65,4968,29950,8,9.875000978354365e-05,0.0022187919967109337,False
146,43,5000,33,normal,1.0w,33,B3_local_mean,65,4968,29950,8,0.00014537500101141632,0.0022323750017676502,False
146,43,5000,33,normal,1.0w,33,B4_linear_interp,65,4968,29950,8,4.904100205749273e-05,0.0024391660117544234,False
146,43,5000,33,normal,1.0w,33,B5_gaussian,65,4968,29950,8,0.00013174999912735075,0.0023329579998971894,False
146,43,5000,33,normal,1.0w,33,B6_shuffle,65,4968,29950,8,0.00010099999781232327,0.0036873749922960997,False
146,43,5000,33,normal,1.0w,33,recon_test,65,4968,29950,8,0.001819625002099201,0.003317333001177758,False
146,43,5000,33,normal,1.0w,33,recon_train,65,4968,29950,8,0.0003632080042734742,0.003489749986329116,False
146,43,5000,33,normal,1.0w,33,identity,65,4968,29950,8,2.7832997147925198e-05,0.0028070409898646176,False
146,44,5000,33,normal,1.0w,33,(before),65,4968,29950,8,0.0,0.003295709000667557,False
146,44,5000,33,normal,1.0w,33,B1_zero,65,4968,29950,8,6.925000343471766e-05,0.002992291992995888,False
146,44,5000,33,normal,1.0w,33,B2_global_mean,65,4968,29950,8,5.1750001148320735e-05,0.0030723749950993806,False
146,44,5000,33,normal,1.0w,33,B3_local_mean,65,4968,29950,8,0.00013454198779072613,0.0027232919965172186,False
146,44,5000,33,normal,1.0w,33,B4_linear_interp,65,4968,29950,8,0.00010516599286347628,0.0033877499954542145,False
146,44,5000,33,normal,1.0w,33,B5_gaussian,65,4968,29950,8,0.00016841699834913015,0.0028464170027291402,False
146,44,5000,33,normal,1.0w,33,B6_shuffle,65,4968,29950,8,5.1875002100132406e-05,0.0029951659962534904,False
146,44,5000,33,normal,1.0w,33,recon_test,65,4968,29950,8,0.00162133299454581,0.003562500001862645,False
146,44,5000,33,normal,1.0w,33,recon_train,65,4968,29950,8,0.0006871249934192747,0.0032386249949922785,False
146,44,5000,33,normal,1.0w,33,identity,65,4968,29950,8,5.5500000598840415e-05,0.0032658749987604097,False
146,45,5000,33,normal,1.0w,33,(before),65,4968,29950,8,0.0,0.0028436249995138496,False
146,45,5000,33,normal,1.0w,33,B1_zero,65,4968,29950,8,4.937499761581421e-05,0.003586916995118372,False
146,45,5000,33,normal,1.0w,33,B2_global_mean,65,4968,29950,8,0.0001094170002033934,0.0027601670008152723,False
146,45,5000,33,normal,1.0w,33,B3_local_mean,65,4968,29950,8,0.00022033399727661163,0.002967541993712075,False
146,45,5000,33,normal,1.0w,33,B4_linear_interp,65,4968,29950,8,7.529200229328126e-05,0.003480041996226646,False
146,45,5000,33,normal,1.0w,33,B5_gaussian,65,4968,29950,8,0.00026329200773034245,0.003500167003949173,False
146,45,5000,33,normal,1.0w,33,B6_shuffle,65,4968,29950,8,7.829100650269538e-05,0.0032219999993685633,False
146,45,5000,33,normal,1.0w,33,recon_test,65,4968,29950,8,0.0022299160045804456,0.0030999580048955977,False
146,45,5000,33,normal,1.0w,33,recon_train,65,4968,29950,8,0.00031379100983031094,0.0032712079992052168,False
146,45,5000,33,normal,1.0w,33,identity,65,4968,29950,8,3.770900366362184e-05,0.0031132500007515773,False
146,46,5000,33,normal,1.0w,33,(before),65,4968,29950,8,0.0,0.002259083994431421,False
146,46,5000,33,normal,1.0w,33,B1_zero,65,4968,29950,8,4.762499884236604e-05,0.003497165991575457,False
146,46,5000,33,normal,1.0w,33,B2_global_mean,65,4968,29950,8,4.779099253937602e-05,0.003529334004269913,False
146,46,5000,33,normal,1.0w,33,B3_local_mean,65,4968,29950,8,0.00011612499656621367,0.0046824590099276975,False
146,46,5000,33,normal,1.0w,33,B4_linear_interp,65,4968,29950,8,0.00010716699762269855,0.0035739999875659123,False
146,46,5000,33,normal,1.0w,33,B5_gaussian,65,4968,29950,8,0.00016500000492669642,0.0031392499950015917,False
146,46,5000,33,normal,1.0w,33,B6_shuffle,65,4968,29950,8,8.595900726504624e-05,0.003102583999861963,False
146,46,5000,33,normal,1.0w,33,recon_test,65,4968,29950,8,0.0014640410081483424,0.0023956670047482476,False
146,46,5000,33,normal,1.0w,33,recon_train,65,4968,29950,8,0.0003220000071451068,0.0034373750095255673,False
146,46,5000,33,normal,1.0w,33,identity,65,4968,29950,8,2.7834001230075955e-05,0.0031576659966958687,False
146,47,5000,33,normal,1.0w,33,(before),65,4968,29950,8,0.0,0.003233957992051728,False
146,47,5000,33,normal,1.0w,33,B1_zero,65,4968,29950,8,3.199999628122896e-05,0.00307799999427516,False
146,47,5000,33,normal,1.0w,33,B2_global_mean,65,4968,29950,8,0.00013241700071375817,0.0035606250021373853,False
146,47,5000,33,normal,1.0w,33,B3_local_mean,65,4968,29950,8,0.0001130840100813657,0.002754041997832246,False
146,47,5000,33,normal,1.0w,33,B4_linear_interp,65,4968,29950,8,6.345899601001292e-05,0.0030829579918645322,False
146,47,5000,33,normal,1.0w,33,B5_gaussian,65,4968,29950,8,0.00017433299217373133,0.003227624998544343,False
146,47,5000,33,normal,1.0w,33,B6_shuffle,65,4968,29950,8,3.337500675115734e-05,0.0029137499950593337,False
146,47,5000,33,normal,1.0w,33,recon_test,65,4968,29950,8,0.0017383749946020544,0.002710792003199458,False
146,47,5000,33,normal,1.0w,33,recon_train,65,4968,29950,8,0.00031466700602322817,0.003022791992407292,False
146,47,5000,33,normal,1.0w,33,identity,65,4968,29950,8,0.00010070799908135086,0.0033801250101532787,False
146,48,5000,33,normal,1.0w,33,(before),65,4968,29950,8,0.0,0.0027967499918304384,False
146,48,5000,33,normal,1.0w,33,B1_zero,65,4968,29950,8,3.749999450519681e-05,0.002497666995623149,False
146,48,5000,33,normal,1.0w,33,B2_global_mean,65,4968,29950,8,5.7541998103260994e-05,0.002625041001010686,False
146,48,5000,33,normal,1.0w,33,B3_local_mean,65,4968,29950,8,0.00011241699394304305,0.002581207998446189,False
146,48,5000,33,normal,1.0w,33,B4_linear_interp,65,4968,29950,8,9.354199573863298e-05,0.0043224580003879964,False
146,48,5000,33,normal,1.0w,33,B5_gaussian,65,4968,29950,8,0.00019762500596698374,0.003618083006585948,False
146,48,5000,33,normal,1.0w,33,B6_shuffle,65,4968,29950,8,9.054200199898332e-05,0.0026976670051226392,False
146,48,5000,33,normal,1.0w,33,recon_test,65,4968,29950,8,0.0013792499958071858,0.0027337499923305586,False
146,48,5000,33,normal,1.0w,33,recon_train,65,4968,29950,8,0.0003633330052252859,0.0028665419958997518,False
146,48,5000,33,normal,1.0w,33,identity,65,4968,29950,8,1.608299498911947e-05,0.0028251670009922236,False
146,49,5000,33,normal,1.0w,33,(before),65,4968,29950,8,0.0,0.0034069160028593615,False
146,49,5000,33,normal,1.0w,33,B1_zero,65,4968,29950,8,3.0041002901270986e-05,0.0029128750029485673,False
146,49,5000,33,normal,1.0w,33,B2_global_mean,65,4968,29950,8,0.000152209002408199,0.0036067920009372756,False
146,49,5000,33,normal,1.0w,33,B3_local_mean,65,4968,29950,8,0.00013787500211037695,0.0028285000007599592,False
146,49,5000,33,normal,1.0w,33,B4_linear_interp,65,4968,29950,8,0.00014474999625235796,0.0034587080008350313,False
146,49,5000,33,normal,1.0w,33,B5_gaussian,65,4968,29950,8,0.00014629200450144708,0.0023449580039596185,False
146,49,5000,33,normal,1.0w,33,B6_shuffle,65,4968,29950,8,8.741699275560677e-05,0.003013249996001832,False
146,49,5000,33,normal,1.0w,33,recon_test,65,4968,29950,8,0.0019732080108951777,0.0032909170113271102,False
146,49,5000,33,normal,1.0w,33,recon_train,65,4968,29950,8,0.0007196669903350994,0.003847207990474999,False
146,49,5000,33,normal,1.0w,33,identity,65,4968,29950,8,2.0040999515913427e-05,0.003937458997825161,False
146,50,5000,33,normal,1.0w,33,(before),65,4968,29950,8,0.0,0.002761457988526672,False
146,50,5000,33,normal,1.0w,33,B1_zero,65,4968,29950,8,4.679099947679788e-05,0.002970166999148205,False
146,50,5000,33,normal,1.0w,33,B2_global_mean,65,4968,29950,8,5.9541998780332506e-05,0.003196750010829419,False
146,50,5000,33,normal,1.0w,33,B3_local_mean,65,4968,29950,8,0.00017383400700055063,0.003918667003745213,False
146,50,5000,33,normal,1.0w,33,B4_linear_interp,65,4968,29950,8,0.00010287499753758311,0.0030927080078981817,False
146,50,5000,33,normal,1.0w,33,B5_gaussian,65,4968,29950,8,0.0003396669926587492,0.0031849590013734996,False
146,50,5000,33,normal,1.0w,33,B6_shuffle,65,4968,29950,8,5.720800254493952e-05,0.002776833003736101,False
146,50,5000,33,normal,1.0w,33,recon_test,65,4968,29950,8,0.0012979169987374917,0.0038169580075191334,False
146,50,5000,33,normal,1.0w,33,recon_train,65,4968,29950,8,0.0007584580016555265,0.0030700409988639876,False
146,50,5000,33,normal,1.0w,33,identity,65,4968,29950,8,1.966700074262917e-05,0.0031920829933369532,False
146,51,5000,33,normal,1.0w,33,(before),65,4968,29950,8,0.0,0.0034275420039193705,False
146,51,5000,33,normal,1.0w,33,B1_zero,65,4968,29950,8,5.929199687670916e-05,0.0022587499988730997,False
146,51,5000,33,normal,1.0w,33,B2_global_mean,65,4968,29950,8,0.00013170800230000168,0.003094125000643544,False
146,51,5000,33,normal,1.0w,33,B3_local_mean,65,4968,29950,8,0.00023187500482890755,0.0033454160002293065,False
146,51,5000,33,normal,1.0w,33,B4_linear_interp,65,4968,29950,8,0.00012925000919494778,0.0026050830056192353,False
146,51,5000,33,normal,1.0w,33,B5_gaussian,65,4968,29950,8,0.00017833300807978958,0.0026232919917674735,False
146,51,5000,33,normal,1.0w,33,B6_shuffle,65,4968,29950,8,6.133399438112974e-05,0.0030385830032173544,False
146,51,5000,33,normal,1.0w,33,recon_test,65,4968,29950,8,0.0013412499974947423,0.0034825409966288134,False
146,51,5000,33,normal,1.0w,33,recon_train,65,4968,29950,8,0.0007234590011648834,0.003207499990821816,False
146,51,5000,33,normal,1.0w,33,identity,65,4968,29950,8,6.900000153109431e-05,0.0031553750013699755,False
146,52,5000,33,normal,1.0w,33,(before),65,4968,29950,8,0.0,0.0028630409942707047,False
146,52,5000,33,normal,1.0w,33,B1_zero,65,4968,29950,8,7.645798905286938e-05,0.003260750003391877,False
146,52,5000,33,normal,1.0w,33,B2_global_mean,65,4968,29950,8,0.00010962500527966768,0.003064999997150153,False
146,52,5000,33,normal,1.0w,33,B3_local_mean,65,4968,29950,8,0.0002604999899631366,0.0028788749914383516,False
146,52,5000,33,normal,1.0w,33,B4_linear_interp,65,4968,29950,8,8.145799802150577e-05,0.0034306250017834827,False
146,52,5000,33,normal,1.0w,33,B5_gaussian,65,4968,29950,8,0.0003667919954750687,0.0029375000012805685,False
146,52,5000,33,normal,1.0w,33,B6_shuffle,65,4968,29950,8,4.0458995499648154e-05,0.0022381250018952414,False
146,52,5000,33,normal,1.0w,33,recon_test,65,4968,29950,8,0.0022168330033309758,0.0029389580013230443,False
146,52,5000,33,normal,1.0w,33,recon_train,65,4968,29950,8,0.0007474589947378263,0.003409750002902001,False
146,52,5000,33,normal,1.0w,33,identity,65,4968,29950,8,4.8165995394811034e-05,0.0035465830005705357,False
146,53,5000,33,normal,1.0w,33,(before),65,4968,29950,8,0.0,0.00267629099835176,False
146,53,5000,33,normal,1.0w,33,B1_zero,65,4968,29950,8,4.674999217968434e-05,0.0024167080118786544,False
146,53,5000,33,normal,1.0w,33,B2_global_mean,65,4968,29950,8,3.99169948650524e-05,0.003336624999064952,False
146,53,5000,33,normal,1.0w,33,B3_local_mean,65,4968,29950,8,0.00012874999083578587,0.0030622500053141266,False
146,53,5000,33,normal,1.0w,33,B4_linear_interp,65,4968,29950,8,6.037500861566514e-05,0.001982250003493391,False
146,53,5000,33,normal,1.0w,33,B5_gaussian,65,4968,29950,8,0.00017825000395532697,0.0030553749966202304,False
146,53,5000,33,normal,1.0w,33,B6_shuffle,65,4968,29950,8,4.187499871477485e-05,0.0033342079987050965,False
146,53,5000,33,normal,1.0w,33,recon_test,65,4968,29950,8,0.0013911670102970675,0.0022341669973684475,False
146,53,5000,33,normal,1.0w,33,recon_train,65,4968,29950,8,0.0007956659974297509,0.0032396249880548567,False
146,53,5000,33,normal,1.0w,33,identity,65,4968,29950,8,1.6040998161770403e-05,0.002122624995536171,False
146,54,5000,33,normal,1.0w,33,(before),65,4968,29950,8,0.0,0.0029864590032957494,False
146,54,5000,33,normal,1.0w,33,B1_zero,65,4968,29950,8,3.270800516474992e-05,0.0036968750064261258,False
146,54,5000,33,normal,1.0w,33,B2_global_mean,65,4968,29950,8,0.0001094170002033934,0.002394957991782576,False
146,54,5000,33,normal,1.0w,33,B3_local_mean,65,4968,29950,8,0.00012158400204498321,0.0029739169985987246,False
146,54,5000,33,normal,1.0w,33,B4_linear_interp,65,4968,29950,8,0.00010816600115504116,0.002929165988462046,False
146,54,5000,33,normal,1.0w,33,B5_gaussian,65,4968,29950,8,0.00014937500236555934,0.0028858330042567104,False
146,54,5000,33,normal,1.0w,33,B6_shuffle,65,4968,29950,8,4.1292005334980786e-05,0.002925749999121763,False
146,54,5000,33,normal,1.0w,33,recon_test,65,4968,29950,8,0.0016797919961391017,0.0032022500090533867,False
146,54,5000,33,normal,1.0w,33,recon_train,65,4968,29950,8,0.0010185830033151433,0.002763875003438443,False
146,54,5000,33,normal,1.0w,33,identity,65,4968,29950,8,1.666699245106429e-05,0.0027905000024475157,False
146,55,5000,33,normal,1.0w,33,(before),65,4968,29950,8,0.0,0.0028506670059869066,False
146,55,5000,33,normal,1.0w,33,B1_zero,65,4968,29950,8,7.52079940866679e-05,0.0026043750112876296,False
146,55,5000,33,normal,1.0w,33,B2_global_mean,65,4968,29950,8,6.429200584534556e-05,0.0032511250028619543,False
146,55,5000,33,normal,1.0w,33,B3_local_mean,65,4968,29950,8,9.795899677556008e-05,0.0032875000033527613,False
146,55,5000,33,normal,1.0w,33,B4_linear_interp,65,4968,29950,8,7.279199780896306e-05,0.0030350000015459955,False
146,55,5000,33,normal,1.0w,33,B5_gaussian,65,4968,29950,8,0.00019887500093318522,0.003196042001945898,False
146,55,5000,33,normal,1.0w,33,B6_shuffle,65,4968,29950,8,4.316600097808987e-05,0.002743332996033132,False
146,55,5000,33,normal,1.0w,33,recon_test,65,4968,29950,8,0.0013326670014066622,0.002308124996488914,False
146,55,5000,33,normal,1.0w,33,recon_train,65,4968,29950,8,0.00030574999982491136,0.003211832998204045,False
146,55,5000,33,normal,1.0w,33,identity,65,4968,29950,8,4.875000740867108e-05,0.0033817090006778017,False
146,56,5000,33,normal,1.0w,33,(before),65,4968,29950,8,0.0,0.0031001669995021075,False
146,56,5000,33,normal,1.0w,33,B1_zero,65,4968,29950,8,6.762500561308116e-05,0.003253957998822443,False
146,56,5000,33,normal,1.0w,33,B2_global_mean,65,4968,29950,8,9.508398943580687e-05,0.003212666997569613,False
146,56,5000,33,normal,1.0w,33,B3_local_mean,65,4968,29950,8,0.00010874999861698598,0.0030670419946545735,False
146,56,5000,33,normal,1.0w,33,B4_linear_interp,65,4968,29950,8,8.4167011664249e-05,0.002532917002099566,False
146,56,5000,33,normal,1.0w,33,B5_gaussian,65,4968,29950,8,0.0001919170026667416,0.0030109579965937883,False
146,56,5000,33,normal,1.0w,33,B6_shuffle,65,4968,29950,8,7.058300252538174e-05,0.0023390830028802156,False
146,56,5000,33,normal,1.0w,33,recon_test,65,4968,29950,8,0.0024830409965943545,0.0025586670089978725,False
146,56,5000,33,normal,1.0w,33,recon_train,65,4968,29950,8,0.0003218339988961816,0.002955832998850383,False
146,56,5000,33,normal,1.0w,33,identity,65,4968,29950,8,5.445801070891321e-05,0.003175625010044314,False
146,57,5000,33,normal,1.0w,33,(before),65,4968,29950,8,0.0,0.002986666004289873,False
146,57,5000,33,normal,1.0w,33,B1_zero,65,4968,29950,8,6.370799383148551e-05,0.002995167000335641,False
146,57,5000,33,normal,1.0w,33,B2_global_mean,65,4968,29950,8,5.387500277720392e-05,0.002925041990238242,False
146,57,5000,33,normal,1.0w,33,B3_local_mean,65,4968,29950,8,9.716699423734099e-05,0.003263124992372468,False
146,57,5000,33,normal,1.0w,33,B4_linear_interp,65,4968,29950,8,0.0001179169921670109,0.004105250001884997,False
146,57,5000,33,normal,1.0w,33,B5_gaussian,65,4968,29950,8,0.00033533301029819995,0.0026716669963207096,False
146,57,5000,33,normal,1.0w,33,B6_shuffle,65,4968,29950,8,4.325000918470323e-05,0.0035544170095818117,False
146,57,5000,33,normal,1.0w,33,recon_test,65,4968,29950,8,0.0015020839928183705,0.0023454170004697517,False
146,57,5000,33,normal,1.0w,33,recon_train,65,4968,29950,8,0.0005783329979749396,0.0032109160092659295,False
146,57,5000,33,normal,1.0w,33,identity,65,4968,29950,8,2.054200740531087e-05,0.0029879159992560744,False
146,58,5000,33,normal,1.0w,33,(before),65,4968,29950,8,0.0,0.002607125003123656,False
146,58,5000,33,normal,1.0w,33,B1_zero,65,4968,29950,8,5.0916001782752573e-05,0.003090458005317487,False
146,58,5000,33,normal,1.0w,33,B2_global_mean,65,4968,29950,8,3.966700751334429e-05,0.00304379100271035,False
146,58,5000,33,normal,1.0w,33,B3_local_mean,65,4968,29950,8,0.00016304099699482322,0.0033812500041676685,False
146,58,5000,33,normal,1.0w,33,B4_linear_interp,65,4968,29950,8,0.00011833400640171021,0.0028576670010806993,False
146,58,5000,33,normal,1.0w,33,B5_gaussian,65,4968,29950,8,0.0003168340044794604,0.00230754200310912,False
146,58,5000,33,normal,1.0w,33,B6_shuffle,65,4968,29950,8,6.245801341719925e-05,0.002473250002367422,False
146,58,5000,33,normal,1.0w,33,recon_test,65,4968,29950,8,0.0016094580059871078,0.0032448749989271164,False
146,58,5000,33,normal,1.0w,33,recon_train,65,4968,29950,8,0.000758833994041197,0.0032160830014618114,False
146,58,5000,33,normal,1.0w,33,identity,65,4968,29950,8,2.579099964350462e-05,0.00267724999866914,False
146,59,5000,33,normal,1.0w,33,(before),65,4968,29950,8,0.0,0.0035274580004625022,False
146,59,5000,33,normal,1.0w,33,B1_zero,65,4968,29950,8,6.829199264757335e-05,0.0027763749967562035,False
146,59,5000,33,normal,1.0w,33,B2_global_mean,65,4968,29950,8,5.191699892748147e-05,0.0030750000005355105,False
146,59,5000,33,normal,1.0w,33,B3_local_mean,65,4968,29950,8,0.00020175000827293843,0.002979665994644165,False
146,59,5000,33,normal,1.0w,33,B4_linear_interp,65,4968,29950,8,0.00011641600576695055,0.0031783750018803403,False
146,59,5000,33,normal,1.0w,33,B5_gaussian,65,4968,29950,8,0.00017879200458992273,0.0029453329916577786,False
146,59,5000,33,normal,1.0w,33,B6_shuffle,65,4968,29950,8,4.650000482797623e-05,0.002921959006926045,False
146,59,5000,33,normal,1.0w,33,recon_test,65,4968,29950,8,0.0013925419916631654,0.002951874994323589,False
146,59,5000,33,normal,1.0w,33,recon_train,65,4968,29950,8,0.0007403749914374202,0.0027843749994644895,False
146,59,5000,33,normal,1.0w,33,identity,65,4968,29950,8,1.8332997569814324e-05,0.002896292004152201,False
146,60,5000,33,sar_normal,GT,71,(before),103,4968,29950,8,0.0,0.0037846249906579033,False
146,60,5000,33,sar_normal,GT,71,B1_zero,103,4968,29950,8,4.620799154508859e-05,0.0026559580001048744,False
146,60,5000,33,sar_normal,GT,71,B2_global_mean,103,4968,29950,8,3.604199446272105e-05,0.0026487499999348074,False
146,60,5000,33,sar_normal,GT,71,B3_local_mean,103,4968,29950,8,0.00020654199761338532,0.002785958000458777,False
146,60,5000,33,sar_normal,GT,71,B4_linear_interp,103,4968,29950,8,0.00011387500853743404,0.003409915996599011,False
146,60,5000,33,sar_normal,GT,71,B5_gaussian,103,4968,29950,8,0.00035474999458529055,0.0032177090033655986,False
146,60,5000,33,sar_normal,GT,71,B6_shuffle,103,4968,29950,8,6.491699605248868e-05,0.002926291010226123,False
146,60,5000,33,sar_normal,GT,71,recon_test,103,4968,29950,8,0.0013046250096522272,0.0033976249978877604,False
146,60,5000,33,sar_normal,GT,71,recon_train,103,4968,29950,8,0.0003112919948762283,0.003969707991927862,False
146,60,5000,33,sar_normal,GT,71,identity,103,4968,29950,8,1.5708996215835214e-05,0.003393584003788419,False
146,61,5000,33,sar_normal,GT,71,(before),103,4968,29950,8,0.0,0.003164084002492018,False
146,61,5000,33,sar_normal,GT,71,B1_zero,103,4968,29950,8,7.820900646038353e-05,0.002719458003412001,False
146,61,5000,33,sar_normal,GT,71,B2_global_mean,103,4968,29950,8,0.00012029099161736667,0.002604334003990516,False
146,61,5000,33,sar_normal,GT,71,B3_local_mean,103,4968,29950,8,0.00010729199857451022,0.003626916994107887,False
146,61,5000,33,sar_normal,GT,71,B4_linear_interp,103,4968,29950,8,6.112499977461994e-05,0.0030122079915599898,False
146,61,5000,33,sar_normal,GT,71,B5_gaussian,103,4968,29950,8,0.00030174999847076833,0.0027454579976620153,False
146,61,5000,33,sar_normal,GT,71,B6_shuffle,103,4968,29950,8,5.9250000049360096e-05,0.0030357500072568655,False
146,61,5000,33,sar_normal,GT,71,recon_test,103,4968,29950,8,0.001281000004382804,0.003811291986494325,False
146,61,5000,33,sar_normal,GT,71,recon_train,103,4968,29950,8,0.0007688750047236681,0.0033202909980900586,False
146,61,5000,33,sar_normal,GT,71,identity,103,4968,29950,8,1.5541998436674476e-05,0.003962125003454275,False
146,62,5000,33,sar_normal,GT,71,(before),103,4968,29950,8,0.0,0.0031060839974088594,False
146,62,5000,33,sar_normal,GT,71,B1_zero,103,4968,29950,8,3.599999763537198e-05,0.0030586669890908524,False
146,62,5000,33,sar_normal,GT,71,B2_global_mean,103,4968,29950,8,5.8959005400538445e-05,0.0033479580015409738,False
146,62,5000,33,sar_normal,GT,71,B3_local_mean,103,4968,29950,8,0.0002589999930933118,0.003041666990611702,False
146,62,5000,33,sar_normal,GT,71,B4_linear_interp,103,4968,29950,8,5.9290992794558406e-05,0.0031667500006733462,False
146,62,5000,33,sar_normal,GT,71,B5_gaussian,103,4968,29950,8,0.00018304100376553833,0.0028334999951766804,False
146,62,5000,33,sar_normal,GT,71,B6_shuffle,103,4968,29950,8,3.200001083314419e-05,0.003921124996850267,False
146,62,5000,33,sar_normal,GT,71,recon_test,103,4968,29950,8,0.0018768339941743761,0.016716333004296757,False
146,62,5000,33,sar_normal,GT,71,recon_train,103,4968,29950,8,0.004073667005286552,0.004007458992418833,False
146,62,5000,33,sar_normal,GT,71,identity,103,4968,29950,8,1.7874990589916706e-05,0.0030807500006631017,False
146,63,5000,33,sar_normal,GT,71,(before),103,4968,29950,8,0.0,0.003220041995518841,False
146,63,5000,33,sar_normal,GT,71,B1_zero,103,4968,29950,8,8.433399489149451e-05,0.0038326669891830534,False
146,63,5000,33,sar_normal,GT,71,B2_global_mean,103,4968,29950,8,0.00011379200441297144,0.0030341249948833138,False
146,63,5000,33,sar_normal,GT,71,B3_local_mean,103,4968,29950,8,0.00013770899386145175,0.003610500003560446,False
146,63,5000,33,sar_normal,GT,71,B4_linear_interp,103,4968,29950,8,9.141700866166502e-05,0.0037132090074010193,False
146,63,5000,33,sar_normal,GT,71,B5_gaussian,103,4968,29950,8,0.0002442499971948564,0.0027255420136498287,False
146,63,5000,33,sar_normal,GT,71,B6_shuffle,103,4968,29950,8,0.00010595799540169537,0.0029572909988928586,False
146,63,5000,33,sar_normal,GT,71,recon_test,103,4968,29950,8,0.0016580410010647029,0.003461083004367538,False
146,63,5000,33,sar_normal,GT,71,recon_train,103,4968,29950,8,0.0003807079920079559,0.0035237499978393316,False
146,63,5000,33,sar_normal,GT,71,identity,103,4968,29950,8,3.504099731799215e-05,0.003464207999058999,False
146,64,5000,33,sar_normal,GT,71,(before),103,4968,29950,8,0.0,0.0032586250017629936,False
146,64,5000,33,sar_normal,GT,71,B1_zero,103,4968,29950,8,8.454099588561803e-05,0.002634042000863701,False
146,64,5000,33,sar_normal,GT,71,B2_global_mean,103,4968,29950,8,4.299999272916466e-05,0.0036686250095954165,False
146,64,5000,33,sar_normal,GT,71,B3_local_mean,103,4968,29950,8,0.00022254200302995741,0.002949417001218535,False
146,64,5000,33,sar_normal,GT,71,B4_linear_interp,103,4968,29950,8,4.029100819025189e-05,0.003764332999708131,False
146,64,5000,33,sar_normal,GT,71,B5_gaussian,103,4968,29950,8,0.00017895801283884794,0.0032918750075623393,False
146,64,5000,33,sar_normal,GT,71,B6_shuffle,103,4968,29950,8,4.9416994443163276e-05,0.002440083000692539,False
146,64,5000,33,sar_normal,GT,71,recon_test,103,4968,29950,8,0.0013572500029113144,0.002962333004688844,False
146,64,5000,33,sar_normal,GT,71,recon_train,103,4968,29950,8,0.00033670899574644864,0.002999290998559445,False
146,64,5000,33,sar_normal,GT,71,identity,103,4968,29950,8,2.6749999960884452e-05,0.003170334006426856,False
146,65,5000,33,sar_normal,GT,71,(before),103,4968,29950,8,0.0,0.003210499999113381,False
146,65,5000,33,sar_normal,GT,71,B1_zero,103,4968,29950,8,6.316699727904052e-05,0.003460041989455931,False
146,65,5000,33,sar_normal,GT,71,B2_global_mean,103,4968,29950,8,5.141600558999926e-05,0.0025414999981876463,False
146,65,5000,33,sar_normal,GT,71,B3_local_mean,103,4968,29950,8,9.699999645818025e-05,0.002968874992802739,False
146,65,5000,33,sar_normal,GT,71,B4_linear_interp,103,4968,29950,8,9.283301187679172e-05,0.0025854999985313043,False
146,65,5000,33,sar_normal,GT,71,B5_gaussian,103,4968,29950,8,0.00014158300473354757,0.0031811249937163666,False
146,65,5000,33,sar_normal,GT,71,B6_shuffle,103,4968,29950,8,3.295899659860879e-05,0.0028843329928349704,False
146,65,5000,33,sar_normal,GT,71,recon_test,103,4968,29950,8,0.0013020409969612956,0.003748750008526258,False
146,65,5000,33,sar_normal,GT,71,recon_train,103,4968,29950,8,0.0002843749971361831,0.0037930419930489734,False
146,65,5000,33,sar_normal,GT,71,identity,103,4968,29950,8,2.5040993932634592e-05,0.003520375001244247,False
146,66,5000,33,sar_normal,GT,71,(before),103,4968,29950,8,0.0,0.0034005000052275136,False
146,66,5000,33,sar_normal,GT,71,B1_zero,103,4968,29950,8,4.4208005419932306e-05,0.003232250004657544,False
146,66,5000,33,sar_normal,GT,71,B2_global_mean,103,4968,29950,8,0.00010833400301635265,0.0025929170078597963,False
146,66,5000,33,sar_normal,GT,71,B3_local_mean,103,4968,29950,8,0.00010112499876413494,0.003437209001276642,False
146,66,5000,33,sar_normal,GT,71,B4_linear_interp,103,4968,29950,8,0.00010054199083242565,0.002693417001864873,False
146,66,5000,33,sar_normal,GT,71,B5_gaussian,103,4968,29950,8,0.00031633400067221373,0.0036581669992301613,False
146,66,5000,33,sar_normal,GT,71,B6_shuffle,103,4968,29950,8,5.920800322201103e-05,0.003203457992640324,False
146,66,5000,33,sar_normal,GT,71,recon_test,103,4968,29950,8,0.0018362919945502654,0.0033753750030882657,False
146,66,5000,33,sar_normal,GT,71,recon_train,103,4968,29950,8,0.0007108749996405095,0.0026901669916696846,False
146,66,5000,33,sar_normal,GT,71,identity,103,4968,29950,8,2.5125002139247954e-05,0.003293500005383976,False
146,67,5000,33,sar_normal,GT,71,(before),103,4968,29950,8,0.0,0.003515040996717289,False
146,67,5000,33,sar_normal,GT,71,B1_zero,103,4968,29950,8,4.516699118539691e-05,0.004110750000108965,False
146,67,5000,33,sar_normal,GT,71,B2_global_mean,103,4968,29950,8,5.120900459587574e-05,0.0031089169933693483,False
146,67,5000,33,sar_normal,GT,71,B3_local_mean,103,4968,29950,8,9.549999958835542e-05,0.0032437080080853775,False
146,67,5000,33,sar_normal,GT,71,B4_linear_interp,103,4968,29950,8,0.00011695799184963107,0.003808167006354779,False
146,67,5000,33,sar_normal,GT,71,B5_gaussian,103,4968,29950,8,0.00018658299813978374,0.002684334001969546,False
146,67,5000,33,sar_normal,GT,71,B6_shuffle,103,4968,29950,8,7.599999662488699e-05,0.0028298329998506233,False
146,67,5000,33,sar_normal,GT,71,recon_test,103,4968,29950,8,0.0012572499981615692,0.003317374998005107,False
146,67,5000,33,sar_normal,GT,71,recon_train,103,4968,29950,8,0.0006976250006118789,0.003351124993059784,False
146,67,5000,33,sar_normal,GT,71,identity,103,4968,29950,8,1.9416998839005828e-05,0.003260792000219226,False
146,68,5000,33,sar_normal,GT,71,(before),103,4968,29950,8,0.0,0.003529374997015111,False
146,68,5000,33,sar_normal,GT,71,B1_zero,103,4968,29950,8,7.958299829624593e-05,0.0034433340042596683,False
146,68,5000,33,sar_normal,GT,71,B2_global_mean,103,4968,29950,8,4.904100205749273e-05,0.0026169159973505884,False
146,68,5000,33,sar_normal,GT,71,B3_local_mean,103,4968,29950,8,0.00020404200768098235,0.003211583010852337,False
146,68,5000,33,sar_normal,GT,71,B4_linear_interp,103,4968,29950,8,9.379100811202079e-05,0.0034749579936033115,False
146,68,5000,33,sar_normal,GT,71,B5_gaussian,103,4968,29950,8,0.00031291699269786477,0.003022167002200149,False
146,68,5000,33,sar_normal,GT,71,B6_shuffle,103,4968,29950,8,5.8124991483055055e-05,0.00354437499481719,False
146,68,5000,33,sar_normal,GT,71,recon_test,103,4968,29950,8,0.0025002500042319298,0.0027567500073928386,False
146,68,5000,33,sar_normal,GT,71,recon_train,103,4968,29950,8,0.0003674589970614761,0.003595417001633905,False
146,68,5000,33,sar_normal,GT,71,identity,103,4968,29950,8,3.258298966102302e-05,0.0035657500120578334,False
146,69,5000,33,sar_normal,GT,71,(before),103,4968,29950,8,0.0,0.00299033299961593,False
146,69,5000,33,sar_normal,GT,71,B1_zero,103,4968,29950,8,4.458399780560285e-05,0.003338416005135514,False
146,69,5000,33,sar_normal,GT,71,B2_global_mean,103,4968,29950,8,4.1292005334980786e-05,0.003196999998181127,False
146,69,5000,33,sar_normal,GT,71,B3_local_mean,103,4968,29950,8,9.716699423734099e-05,0.0030106250051176175,False
146,69,5000,33,sar_normal,GT,71,B4_linear_interp,103,4968,29950,8,4.929098940920085e-05,0.003332999986014329,False
146,69,5000,33,sar_normal,GT,71,B5_gaussian,103,4968,29950,8,0.00025279099645558745,0.0026511659962125123,False
146,69,5000,33,sar_normal,GT,71,B6_shuffle,103,4968,29950,8,6.483300239779055e-05,0.0033079580025514588,False
146,69,5000,33,sar_normal,GT,71,recon_test,103,4968,29950,8,0.0015867499896558002,0.002378834004048258,False
146,69,5000,33,sar_normal,GT,71,recon_train,103,4968,29950,8,0.00036195899883750826,0.0029477909993147478,False
146,69,5000,33,sar_normal,GT,71,identity,103,4968,29950,8,2.2375010303221643e-05,0.0030455419910140336,False
146,70,5000,33,sar_normal,GT,71,(before),103,4968,29950,8,0.0,0.0034856659913202748,False
146,70,5000,33,sar_normal,GT,71,B1_zero,103,4968,29950,8,6.254199251998216e-05,0.003382333990884945,False
146,70,5000,33,sar_normal,GT,71,B2_global_mean,103,4968,29950,8,5.208299262449145e-05,0.002844292001100257,False
146,70,5000,33,sar_normal,GT,71,B3_local_mean,103,4968,29950,8,0.00010158299119211733,0.002650000009452924,False
146,70,5000,33,sar_normal,GT,71,B4_linear_interp,103,4968,29950,8,0.00011629099026322365,0.0034873749973485246,False
146,70,5000,33,sar_normal,GT,71,B5_gaussian,103,4968,29950,8,0.00031766599568072706,0.0029062079993309453,False
146,70,5000,33,sar_normal,GT,71,B6_shuffle,103,4968,29950,8,5.241700273472816e-05,0.0029222500015748665,False
146,70,5000,33,sar_normal,GT,71,recon_test,103,4968,29950,8,0.0016901659982977435,0.0027419170073699206,False
146,70,5000,33,sar_normal,GT,71,recon_train,103,4968,29950,8,0.00033724999229889363,0.003695000006700866,False
146,70,5000,33,sar_normal,GT,71,identity,103,4968,29950,8,1.7541999113745987e-05,0.0034440410090610385,False
146,71,5000,33,sar_normal,GT,71,(before),103,4968,29950,8,0.0,0.003814208001131192,False
146,71,5000,33,sar_normal,GT,71,B1_zero,103,4968,29950,8,4.445899685379118e-05,0.002712250003241934,False
146,71,5000,33,sar_normal,GT,71,B2_global_mean,103,4968,29950,8,4.0750004700385034e-05,0.0035093750047963113,False
146,71,5000,33,sar_normal,GT,71,B3_local_mean,103,4968,29950,8,0.00020879200019408017,0.0030582500039599836,False
146,71,5000,33,sar_normal,GT,71,B4_linear_interp,103,4968,29950,8,5.0875009037554264e-05,0.003338082999107428,False
146,71,5000,33,sar_normal,GT,71,B5_gaussian,103,4968,29950,8,0.00018275000911671668,0.0032443340023746714,False
146,71,5000,33,sar_normal,GT,71,B6_shuffle,103,4968,29950,8,0.00010695800301618874,0.0029538329981733114,False
146,71,5000,33,sar_normal,GT,71,recon_test,103,4968,29950,8,0.0027398329984862357,0.0032928330037975684,False
146,71,5000,33,sar_normal,GT,71,recon_train,103,4968,29950,8,0.000349667010596022,0.0031068340031197295,False
146,71,5000,33,sar_normal,GT,71,identity,103,4968,29950,8,3.187499532941729e-05,0.003234749994589947,False
146,72,5000,33,sar_normal,GT,71,(before),103,4968,29950,8,0.0,0.002261415997054428,False
146,72,5000,33,sar_normal,GT,71,B1_zero,103,4968,29950,8,6.97089999448508e-05,0.0034119579941034317,False
146,72,5000,33,sar_normal,GT,71,B2_global_mean,103,4968,29950,8,4.312499368097633e-05,0.003272041998570785,False
146,72,5000,33,sar_normal,GT,71,B3_local_mean,103,4968,29950,8,8.600000001024455e-05,0.0033871659979922697,False
146,72,5000,33,sar_normal,GT,71,B4_linear_interp,103,4968,29950,8,0.00010558300709817559,0.0034138329938286915,False
146,72,5000,33,sar_normal,GT,71,B5_gaussian,103,4968,29950,8,0.0001984999980777502,0.0029630420031026006,False
146,72,5000,33,sar_normal,GT,71,B6_shuffle,103,4968,29950,8,4.516699118539691e-05,0.003568959000403993,False
146,72,5000,33,sar_normal,GT,71,recon_test,103,4968,29950,8,0.0015208749973680824,0.0034210829908261076,False
146,72,5000,33,sar_normal,GT,71,recon_train,103,4968,29950,8,0.0003109170065727085,0.0037412919919006526,False
146,72,5000,33,sar_normal,GT,71,identity,103,4968,29950,8,1.4250006643123925e-05,0.002652499999385327,False
146,73,5000,33,sar_normal,GT,71,(before),103,4968,29950,8,0.0,0.0027034170052502304,False
146,73,5000,33,sar_normal,GT,71,B1_zero,103,4968,29950,8,5.7541998103260994e-05,0.0032315840071532875,False
146,73,5000,33,sar_normal,GT,71,B2_global_mean,103,4968,29950,8,4.354199336376041e-05,0.0034096250019501895,False
146,73,5000,33,sar_normal,GT,71,B3_local_mean,103,4968,29950,8,0.0001289999927394092,0.0029568339959951118,False
146,73,5000,33,sar_normal,GT,71,B4_linear_interp,103,4968,29950,8,0.00012458399578463286,0.00315016700187698,False
146,73,5000,33,sar_normal,GT,71,B5_gaussian,103,4968,29950,8,0.00018320900562684983,0.003025208003236912,False
146,73,5000,33,sar_normal,GT,71,B6_shuffle,103,4968,29950,8,5.5500000598840415e-05,0.0038453750021290034,False
146,73,5000,33,sar_normal,GT,71,recon_test,103,4968,29950,8,0.0023951249895617366,0.004245750009431504,False
146,73,5000,33,sar_normal,GT,71,recon_train,103,4968,29950,8,0.0003099589957855642,0.003144082991639152,False
146,73,5000,33,sar_normal,GT,71,identity,103,4968,29950,8,4.0291997720487416e-05,0.0031912080012261868,False
146,74,5000,33,sar_normal,GT,71,(before),103,4968,29950,8,0.0,0.004159499992965721,False
146,74,5000,33,sar_normal,GT,71,B1_zero,103,4968,29950,8,8.162501035258174e-05,0.0031739999976707622,False
146,74,5000,33,sar_normal,GT,71,B2_global_mean,103,4968,29950,8,5.491598858498037e-05,0.0036054579977644607,False
146,74,5000,33,sar_normal,GT,71,B3_local_mean,103,4968,29950,8,8.64160101627931e-05,0.002968250002595596,False
146,74,5000,33,sar_normal,GT,71,B4_linear_interp,103,4968,29950,8,3.825000021606684e-05,0.003312417000415735,False
146,74,5000,33,sar_normal,GT,71,B5_gaussian,103,4968,29950,8,0.00028595801268238574,0.00429337500827387,False
146,74,5000,33,sar_normal,GT,71,B6_shuffle,103,4968,29950,8,5.0874994485639036e-05,0.0027807500009657815,False
146,74,5000,33,sar_normal,GT,71,recon_test,103,4968,29950,8,0.0014277500013122335,0.003001042001415044,False
146,74,5000,33,sar_normal,GT,71,recon_train,103,4968,29950,8,0.00027137500001117587,0.002696666997508146,False
146,74,5000,33,sar_normal,GT,71,identity,103,4968,29950,8,1.4124991139397025e-05,0.0036353749892441556,False
146,75,5000,33,sar_normal,GT,71,(before),103,4968,29950,8,0.0,0.0032220000139204785,False
146,75,5000,33,sar_normal,GT,71,B1_zero,103,4968,29950,8,3.791700873989612e-05,0.003386124997632578,False
146,75,5000,33,sar_normal,GT,71,B2_global_mean,103,4968,29950,8,0.0001077499910024926,0.0029391659918474033,False
146,75,5000,33,sar_normal,GT,71,B3_local_mean,103,4968,29950,8,0.00011704200005624443,0.0032669999927747995,False
146,75,5000,33,sar_normal,GT,71,B4_linear_interp,103,4968,29950,8,0.00011199999426025897,0.003074500011280179,False
146,75,5000,33,sar_normal,GT,71,B5_gaussian,103,4968,29950,8,0.00015233400336001068,0.0035651660000439733,False
146,75,5000,33,sar_normal,GT,71,B6_shuffle,103,4968,29950,8,8.470799366477877e-05,0.0033208749955520034,False
146,75,5000,33,sar_normal,GT,71,recon_test,103,4968,29950,8,0.0015146670048125088,0.0029899580113124102,False
146,75,5000,33,sar_normal,GT,71,recon_train,103,4968,29950,8,0.00031370899523608387,0.0029237080016173422,False
146,75,5000,33,sar_normal,GT,71,identity,103,4968,29950,8,3.0584007618017495e-05,0.003456584003288299,False
146,76,5000,33,sar_normal,GT,71,(before),103,4968,29950,8,0.0,0.0033099580032285303,False
146,76,5000,33,sar_normal,GT,71,B1_zero,103,4968,29950,8,6.379200203809887e-05,0.0028517920000012964,False
146,76,5000,33,sar_normal,GT,71,B2_global_mean,103,4968,29950,8,4.791699757333845e-05,0.003736541999387555,False
146,76,5000,33,sar_normal,GT,71,B3_local_mean,103,4968,29950,8,0.00014429200382437557,0.002639083002577536,False
146,76,5000,33,sar_normal,GT,71,B4_linear_interp,103,4968,29950,8,4.3791005737148225e-05,0.0037349579943111166,False
146,76,5000,33,sar_normal,GT,71,B5_gaussian,103,4968,29950,8,0.00018837499374058098,0.002984040998853743,False
146,76,5000,33,sar_normal,GT,71,B6_shuffle,103,4968,29950,8,9.229200077243149e-05,0.002662833998329006,False
146,76,5000,33,sar_normal,GT,71,recon_test,103,4968,29950,8,0.0012586249940795824,0.002928834001068026,False
146,76,5000,33,sar_normal,GT,71,recon_train,103,4968,29950,8,0.0006955419958103448,0.0032990420004352927,False
146,76,5000,33,sar_normal,GT,71,identity,103,4968,29950,8,4.141700628679246e-05,0.0031003339972812682,False
146,77,5000,33,sar_normal,GT,71,(before),103,4968,29950,8,0.0,0.0038121249963296577,False
146,77,5000,33,sar_normal,GT,71,B1_zero,103,4968,29950,8,4.8250003601424396e-05,0.002702416997635737,False
146,77,5000,33,sar_normal,GT,71,B2_global_mean,103,4968,29950,8,9.316700743511319e-05,0.002729459010879509,False
146,77,5000,33,sar_normal,GT,71,B3_local_mean,103,4968,29950,8,9.412498911842704e-05,0.003268625005148351,False
146,77,5000,33,sar_normal,GT,71,B4_linear_interp,103,4968,29950,8,0.00011645800259429961,0.003597374990931712,False
146,77,5000,33,sar_normal,GT,71,B5_gaussian,103,4968,29950,8,0.00027262499497737736,0.002979874989250675,False
146,77,5000,33,sar_normal,GT,71,B6_shuffle,103,4968,29950,8,5.704199429601431e-05,0.0030529169889632612,False
146,77,5000,33,sar_normal,GT,71,recon_test,103,4968,29950,8,0.0023723750055069104,0.0029260419978527352,False
146,77,5000,33,sar_normal,GT,71,recon_train,103,4968,29950,8,0.0003952080005547032,0.003425833987421356,False
146,77,5000,33,sar_normal,GT,71,identity,103,4968,29950,8,3.129200194962323e-05,0.00273745899903588,False
146,78,5000,33,sar_normal,GT,71,(before),103,4968,29950,8,0.0,0.003187833004631102,False
146,78,5000,33,sar_normal,GT,71,B1_zero,103,4968,29950,8,6.86670100549236e-05,0.0032902080129133537,False
146,78,5000,33,sar_normal,GT,71,B2_global_mean,103,4968,29950,8,9.23750048968941e-05,0.002996832990902476,False
146,78,5000,33,sar_normal,GT,71,B3_local_mean,103,4968,29950,8,0.0001982910034712404,0.0031410409865202382,False
146,78,5000,33,sar_normal,GT,71,B4_linear_interp,103,4968,29950,8,7.379200542345643e-05,0.0036553749960148707,False
146,78,5000,33,sar_normal,GT,71,B5_gaussian,103,4968,29950,8,0.0002659590099938214,0.0038194579974515364,False
146,78,5000,33,sar_normal,GT,71,B6_shuffle,103,4968,29950,8,5.558399425353855e-05,0.002828124997904524,False
146,78,5000,33,sar_normal,GT,71,recon_test,103,4968,29950,8,0.002267042000312358,0.003340166003908962,False
146,78,5000,33,sar_normal,GT,71,recon_train,103,4968,29950,8,0.0004949160065734759,0.0033183330087922513,False
146,78,5000,33,sar_normal,GT,71,identity,103,4968,29950,8,4.270800855010748e-05,0.003769667004235089,False
146,79,5000,33,sar_normal,GT,71,(before),103,4968,29950,8,0.0,0.0024119169975165278,False
146,79,5000,33,sar_normal,GT,71,B1_zero,103,4968,29950,8,7.120799273252487e-05,0.003474917000858113,False
146,79,5000,33,sar_normal,GT,71,B2_global_mean,103,4968,29950,8,9.033399692270905e-05,0.0031745829910505563,False
146,79,5000,33,sar_normal,GT,71,B3_local_mean,103,4968,29950,8,0.00010366700007580221,0.003192207994288765,False
146,79,5000,33,sar_normal,GT,71,B4_linear_interp,103,4968,29950,8,7.708399789407849e-05,0.0030747089913347736,False
146,79,5000,33,sar_normal,GT,71,B5_gaussian,103,4968,29950,8,0.0001564999984111637,0.0032830419950187206,False
146,79,5000,33,sar_normal,GT,71,B6_shuffle,103,4968,29950,8,4.741700831800699e-05,0.004192167005385272,False
146,79,5000,33,sar_normal,GT,71,recon_test,103,4968,29950,8,0.001501374994404614,0.0036123339959885925,False
146,79,5000,33,sar_normal,GT,71,recon_train,103,4968,29950,8,0.0003277079958934337,0.0028520000050775707,False
146,79,5000,33,sar_normal,GT,71,identity,103,4968,29950,8,4.2624989873729646e-05,0.0029836250032531098,False
146,80,5000,33,anomaly,GT,71,(before),103,4968,29950,8,0.0,0.0033363340044161305,False
146,80,5000,33,anomaly,GT,71,B1_zero,103,4968,29950,8,2.387500717304647e-05,0.002302666995092295,False
146,80,5000,33,anomaly,GT,71,B2_global_mean,103,4968,29950,8,4.9124995712190866e-05,0.004044917004648596,False
146,80,5000,33,anomaly,GT,71,B3_local_mean,103,4968,29950,8,0.00014604200259782374,0.003528083994751796,False
146,80,5000,33,anomaly,GT,71,B4_linear_interp,103,4968,29950,8,4.9124995712190866e-05,0.003880749995005317,False
146,80,5000,33,anomaly,GT,71,B5_gaussian,103,4968,29950,8,0.00026875000912696123,0.0024097499990602955,False
146,80,5000,33,anomaly,GT,71,B6_shuffle,103,4968,29950,8,3.129200194962323e-05,0.0021920410072198138,False
146,80,5000,33,anomaly,GT,71,recon_test,103,4968,29950,8,0.001305083991610445,0.002982749996590428,False
146,80,5000,33,anomaly,GT,71,recon_train,103,4968,29950,8,0.0003182500076945871,0.003356916000484489,False
146,80,5000,33,anomaly,GT,71,identity,103,4968,29950,8,4.520799848251045e-05,0.0027887500036740676,False
195,0,17000,172,normal,0.25w,43,(before),214,16829,60000,43,0.0,11.452812625007937,False
195,0,17000,172,normal,0.25w,43,B1_zero,214,16829,60000,43,7.870901026763022e-05,0.017277709004702047,False
195,0,17000,172,normal,0.25w,43,B2_global_mean,214,16829,60000,43,0.00019824999617412686,0.018058750007185154,False
195,0,17000,172,normal,0.25w,43,B3_local_mean,214,16829,60000,43,0.00023170799249783158,0.01701350000803359,False
195,0,17000,172,normal,0.25w,43,B4_linear_interp,214,16829,60000,43,0.00010891699639614671,0.016271083004539832,False
195,0,17000,172,normal,0.25w,43,B5_gaussian,214,16829,60000,43,0.00028487500094342977,0.01873708401399199,False
195,0,17000,172,normal,0.25w,43,B6_shuffle,214,16829,60000,43,7.841699698474258e-05,0.018202917010057718,False
195,0,17000,172,normal,0.25w,43,recon_test,214,16829,60000,43,0.007856540993088856,0.017713291992549784,False
195,0,17000,172,normal,0.25w,43,recon_train,214,16829,60000,43,0.0033539580035721883,0.01829270800226368,False
195,0,17000,172,normal,0.25w,43,identity,214,16829,60000,43,2.416600182186812e-05,0.018036833993392065,False
195,1,17000,172,normal,0.25w,43,(before),214,16829,60000,43,0.0,0.016272749999188818,False
195,1,17000,172,normal,0.25w,43,B1_zero,214,16829,60000,43,4.0457991417497396e-05,0.01985495899862144,False
195,1,17000,172,normal,0.25w,43,B2_global_mean,214,16829,60000,43,0.00018162500055041164,0.016545499995118007,False
195,1,17000,172,normal,0.25w,43,B3_local_mean,214,16829,60000,43,0.00017758300236891955,0.015316042001359165,False
195,1,17000,172,normal,0.25w,43,B4_linear_interp,214,16829,60000,43,8.391699520871043e-05,0.017061624996131286,False
195,1,17000,172,normal,0.25w,43,B5_gaussian,214,16829,60000,43,0.00033666699891909957,0.015202666007098742,False
195,1,17000,172,normal,0.25w,43,B6_shuffle,214,16829,60000,43,0.00012887500633951277,0.018986499999300577,False
195,1,17000,172,normal,0.25w,43,recon_test,214,16829,60000,43,0.011716374996467493,0.016182999999728054,False
195,1,17000,172,normal,0.25w,43,recon_train,214,16829,60000,43,0.0046538750029867515,0.017170584003906697,False
195,1,17000,172,normal,0.25w,43,identity,214,16829,60000,43,7.641699630767107e-05,0.017809165990911424,False
195,2,17000,172,normal,0.25w,43,(before),214,16829,60000,43,0.0,0.015924417006317526,False
195,2,17000,172,normal,0.25w,43,B1_zero,214,16829,60000,43,8.425000123679638e-05,0.0181489579990739,False
195,2,17000,172,normal,0.25w,43,B2_global_mean,214,16829,60000,43,0.0001262079895241186,0.017448625003453344,False
195,2,17000,172,normal,0.25w,43,B3_local_mean,214,16829,60000,43,0.00016087500262074172,0.018031333995168097,False
195,2,17000,172,normal,0.25w,43,B4_linear_interp,214,16829,60000,43,0.00013666700397152454,0.017576790996827185,False
195,2,17000,172,normal,0.25w,43,B5_gaussian,214,16829,60000,43,0.0004000000044470653,0.016591167004662566,False
195,2,17000,172,normal,0.25w,43,B6_shuffle,214,16829,60000,43,0.00011787500989157706,0.01800995899247937,False
195,2,17000,172,normal,0.25w,43,recon_test,214,16829,60000,43,0.008906832998036407,0.015567541995551437,False
195,2,17000,172,normal,0.25w,43,recon_train,214,16829,60000,43,0.00354587500623893,0.01890491599624511,False
195,2,17000,172,normal,0.25w,43,identity,214,16829,60000,43,0.00011612499656621367,0.016892083003767766,False
195,3,17000,172,normal,0.25w,43,(before),214,16829,60000,43,0.0,0.015426166006363928,False
195,3,17000,172,normal,0.25w,43,B1_zero,214,16829,60000,43,8.204199548345059e-05,0.018065207987092435,False
195,3,17000,172,normal,0.25w,43,B2_global_mean,214,16829,60000,43,9.320900426246226e-05,0.017853124998509884,False
195,3,17000,172,normal,0.25w,43,B3_local_mean,214,16829,60000,43,0.00014350000128615648,0.016344584000762552,False
195,3,17000,172,normal,0.25w,43,B4_linear_interp,214,16829,60000,43,9.470799705013633e-05,0.01805199999944307,False
195,3,17000,172,normal,0.25w,43,B5_gaussian,214,16829,60000,43,0.0003395000094315037,0.017118500007200055,False
195,3,17000,172,normal,0.25w,43,B6_shuffle,214,16829,60000,43,0.00014370899589266628,0.016025000004447065,False
195,3,17000,172,normal,0.25w,43,recon_test,214,16829,60000,43,0.008274417006759904,0.01831266700173728,False
195,3,17000,172,normal,0.25w,43,recon_train,214,16829,60000,43,0.006155875002150424,0.018605709003168158,False
195,3,17000,172,normal,0.25w,43,identity,214,16829,60000,43,3.0291994335129857e-05,0.018030833001830615,False
195,4,17000,172,normal,0.25w,43,(before),214,16829,60000,43,0.0,0.018140999993192963,False
195,4,17000,172,normal,0.25w,43,B1_zero,214,16829,60000,43,4.341700696386397e-05,0.017012209005770274,False
195,4,17000,172,normal,0.25w,43,B2_global_mean,214,16829,60000,43,0.00010058301268145442,0.016553875000681728,False
195,4,17000,172,normal,0.25w,43,B3_local_mean,214,16829,60000,43,0.0001701660075923428,0.018287458005943336,False
195,4,17000,172,normal,0.25w,43,B4_linear_interp,214,16829,60000,43,8.766599057707936e-05,0.017855291996966116,False
195,4,17000,172,normal,0.25w,43,B5_gaussian,214,16829,60000,43,0.000283957997453399,0.017215416999533772,False
195,4,17000,172,normal,0.25w,43,B6_shuffle,214,16829,60000,43,6.762499106116593e-05,0.015051500013214536,False
195,4,17000,172,normal,0.25w,43,recon_test,214,16829,60000,43,0.010969666996970773,0.017552582998177968,False
195,4,17000,172,normal,0.25w,43,recon_train,214,16829,60000,43,0.003351874998770654,0.017346750013530254,False
195,4,17000,172,normal,0.25w,43,identity,214,16829,60000,43,3.1666000722907484e-05,0.017581959007657133,False
195,5,17000,172,normal,0.25w,43,(before),214,16829,60000,43,0.0,0.020311209009378217,False
195,5,17000,172,normal,0.25w,43,B1_zero,214,16829,60000,43,7.241599087137729e-05,0.016471875002025627,False
195,5,17000,172,normal,0.25w,43,B2_global_mean,214,16829,60000,43,0.0001689589989837259,0.017525833012769,False
195,5,17000,172,normal,0.25w,43,B3_local_mean,214,16829,60000,43,0.00017441601085010916,0.017697916002362035,False
195,5,17000,172,normal,0.25w,43,B4_linear_interp,214,16829,60000,43,0.00010674999793991446,0.016751667004427873,False
195,5,17000,172,normal,0.25w,43,B5_gaussian,214,16829,60000,43,0.0003117500018561259,0.01726629199401941,False
195,5,17000,172,normal,0.25w,43,B6_shuffle,214,16829,60000,43,0.00011212499521207064,0.01749549999658484,False
195,5,17000,172,normal,0.25w,43,recon_test,214,16829,60000,43,0.008782332995906472,0.019161125004757196,False
195,5,17000,172,normal,0.25w,43,recon_train,214,16829,60000,43,0.0036711670109070837,0.017237209001905285,False
195,5,17000,172,normal,0.25w,43,identity,214,16829,60000,43,5.908300227019936e-05,0.017213917002663948,False
195,6,17000,172,normal,0.25w,43,(before),214,16829,60000,43,0.0,0.017262749999645166,False
195,6,17000,172,normal,0.25w,43,B1_zero,214,16829,60000,43,6.904201291035861e-05,0.016755750009906478,False
195,6,17000,172,normal,0.25w,43,B2_global_mean,214,16829,60000,43,0.00011408299906179309,0.015347082997323014,False
195,6,17000,172,normal,0.25w,43,B3_local_mean,214,16829,60000,43,0.00016283401055261493,0.015193832994555123,False
195,6,17000,172,normal,0.25w,43,B4_linear_interp,214,16829,60000,43,0.0001049999991664663,0.016878709007869475,False
195,6,17000,172,normal,0.25w,43,B5_gaussian,214,16829,60000,43,0.00034583300293888897,0.018956375002744608,False
195,6,17000,172,normal,0.25w,43,B6_shuffle,214,16829,60000,43,0.00013512499572243541,0.016616708002402447,False
195,6,17000,172,normal,0.25w,43,recon_test,214,16829,60000,43,0.007294874987564981,0.018425041998852976,False
195,6,17000,172,normal,0.25w,43,recon_train,214,16829,60000,43,0.0035357500019017607,0.01773716599564068,False
195,6,17000,172,normal,0.25w,43,identity,214,16829,60000,43,4.979100776836276e-05,0.018117791987606324,False
195,7,17000,172,normal,0.25w,43,(before),214,16829,60000,43,0.0,0.01626629100064747,False
195,7,17000,172,normal,0.25w,43,B1_zero,214,16829,60000,43,0.00016483299259562045,0.016750584007240832,False
195,7,17000,172,normal,0.25w,43,B2_global_mean,214,16829,60000,43,0.00023787499230820686,0.017831457997090183,False
195,7,17000,172,normal,0.25w,43,B3_local_mean,214,16829,60000,43,0.00033674998849164695,0.017864374996861443,False
195,7,17000,172,normal,0.25w,43,B4_linear_interp,214,16829,60000,43,0.00013250000483822078,0.015807583011337556,False
195,7,17000,172,normal,0.25w,43,B5_gaussian,214,16829,60000,43,0.00031679098901804537,0.01592687499942258,False
195,7,17000,172,normal,0.25w,43,B6_shuffle,214,16829,60000,43,8.870799501892179e-05,0.01743700000224635,False
195,7,17000,172,normal,0.25w,43,recon_test,214,16829,60000,43,0.007333333996939473,0.015353458002209663,False
195,7,17000,172,normal,0.25w,43,recon_train,214,16829,60000,43,0.00396379099402111,0.017163625001558103,False
195,7,17000,172,normal,0.25w,43,identity,214,16829,60000,43,0.00017820799257606268,0.018706167000345886,False
195,8,17000,172,normal,0.25w,43,(before),214,16829,60000,43,0.0,0.01677387500240002,False
195,8,17000,172,normal,0.25w,43,B1_zero,214,16829,60000,43,6.250001024454832e-05,0.019596750003984198,False
195,8,17000,172,normal,0.25w,43,B2_global_mean,214,16829,60000,43,9.566600783728063e-05,0.017564666995895095,False
195,8,17000,172,normal,0.25w,43,B3_local_mean,214,16829,60000,43,0.00014958399697206914,0.01619691599626094,False
195,8,17000,172,normal,0.25w,43,B4_linear_interp,214,16829,60000,43,9.050000517163426e-05,0.015756416993099265,False
195,8,17000,172,normal,0.25w,43,B5_gaussian,214,16829,60000,43,0.00042858399683609605,0.017650082998443395,False
195,8,17000,172,normal,0.25w,43,B6_shuffle,214,16829,60000,43,9.300000965595245e-05,0.016960875000222586,False
195,8,17000,172,normal,0.25w,43,recon_test,214,16829,60000,43,0.007375791989034042,0.01712070898793172,False
195,8,17000,172,normal,0.25w,43,recon_train,214,16829,60000,43,0.0034094579896191135,0.016679500011377968,False
195,8,17000,172,normal,0.25w,43,identity,214,16829,60000,43,3.1167000997811556e-05,0.016362541005946696,False
195,9,17000,172,normal,0.25w,43,(before),214,16829,60000,43,0.0,0.01702074999047909,False
195,9,17000,172,normal,0.25w,43,B1_zero,214,16829,60000,43,6.224999378900975e-05,0.017711125008645467,False
195,9,17000,172,normal,0.25w,43,B2_global_mean,214,16829,60000,43,9.741599205881357e-05,0.014886167002259754,False
195,9,17000,172,normal,0.25w,43,B3_local_mean,214,16829,60000,43,0.00023720800527371466,0.01679120899643749,False
195,9,17000,172,normal,0.25w,43,B4_linear_interp,214,16829,60000,43,8.529100159648806e-05,0.015730750004877336,False
195,9,17000,172,normal,0.25w,43,B5_gaussian,214,16829,60000,43,0.0005053750064689666,0.01566820799780544,False
195,9,17000,172,normal,0.25w,43,B6_shuffle,214,16829,60000,43,7.224999717436731e-05,0.016351625003153458,False
195,9,17000,172,normal,0.25w,43,recon_test,214,16829,60000,43,0.008095917000900954,0.01818879198981449,False
195,9,17000,172,normal,0.25w,43,recon_train,214,16829,60000,43,0.004236791995936073,0.015780665999045596,False
195,9,17000,172,normal,0.25w,43,identity,214,16829,60000,43,0.000139000010676682,0.014829082996584475,False
195,10,17000,172,normal,0.25w,43,(before),214,16829,60000,43,0.0,0.014439667007536627,False
195,10,17000,172,normal,0.25w,43,B1_zero,214,16829,60000,43,0.00010491699504200369,0.019243750008172356,False
195,10,17000,172,normal,0.25w,43,B2_global_mean,214,16829,60000,43,9.179100743494928e-05,0.01664241700200364,False
195,10,17000,172,normal,0.25w,43,B3_local_mean,214,16829,60000,43,0.00020824999955948442,0.015865583991399035,False
195,10,17000,172,normal,0.25w,43,B4_linear_interp,214,16829,60000,43,9.23329935176298e-05,0.016057625005487353,False
195,10,17000,172,normal,0.25w,43,B5_gaussian,214,16829,60000,43,0.00031458400189876556,0.0181893749977462,False
195,10,17000,172,normal,0.25w,43,B6_shuffle,214,16829,60000,43,7.541599916294217e-05,0.03141900000628084,False
195,10,17000,172,normal,0.25w,43,recon_test,214,16829,60000,43,0.006699167002807371,0.01755720800429117,False
195,10,17000,172,normal,0.25w,43,recon_train,214,16829,60000,43,0.004626082998584025,0.01563466599327512,False
195,10,17000,172,normal,0.25w,43,identity,214,16829,60000,43,4.720799915958196e-05,0.01889854199544061,False
195,11,17000,172,normal,0.25w,43,(before),214,16829,60000,43,0.0,0.01752995900460519,False
195,11,17000,172,normal,0.25w,43,B1_zero,214,16829,60000,43,6.579099863301963e-05,0.01781858400499914,False
195,11,17000,172,normal,0.25w,43,B2_global_mean,214,16829,60000,43,7.529200229328126e-05,0.01706749999721069,False
195,11,17000,172,normal,0.25w,43,B3_local_mean,214,16829,60000,43,0.0002524169976823032,0.014498791002552025,False
195,11,17000,172,normal,0.25w,43,B4_linear_interp,214,16829,60000,43,0.00011624999751802534,0.018541041994467378,False
195,11,17000,172,normal,0.25w,43,B5_gaussian,214,16829,60000,43,0.0002521249989513308,0.015688042010879144,False
195,11,17000,172,normal,0.25w,43,B6_shuffle,214,16829,60000,43,8.22080037323758e-05,0.014942166992113926,False
195,11,17000,172,normal,0.25w,43,recon_test,214,16829,60000,43,0.006437917007133365,0.017261832996155135,False
195,11,17000,172,normal,0.25w,43,recon_train,214,16829,60000,43,0.0035607910103863105,0.01684391699382104,False
195,11,17000,172,normal,0.25w,43,identity,214,16829,60000,43,2.5000001187436283e-05,0.014573959007975645,False
195,12,17000,172,normal,0.25w,43,(before),214,16829,60000,43,0.0,0.019527042008121498,False
195,12,17000,172,normal,0.25w,43,B1_zero,214,16829,60000,43,7.941700459923595e-05,0.019008874995051883,False
195,12,17000,172,normal,0.25w,43,B2_global_mean,214,16829,60000,43,0.00010979198850691319,0.01579570800822694,False
195,12,17000,172,normal,0.25w,43,B3_local_mean,214,16829,60000,43,0.00026462500682100654,0.015049790992634371,False
195,12,17000,172,normal,0.25w,43,B4_linear_interp,214,16829,60000,43,0.0001866670063463971,0.01813320799556095,False
195,12,17000,172,normal,0.25w,43,B5_gaussian,214,16829,60000,43,0.0003487089998088777,0.01570783399802167,False
195,12,17000,172,normal,0.25w,43,B6_shuffle,214,16829,60000,43,9.579099423717707e-05,0.018975791012053378,False
195,12,17000,172,normal,0.25w,43,recon_test,214,16829,60000,43,0.00889324999297969,0.020110083001782186,False
195,12,17000,172,normal,0.25w,43,recon_train,214,16829,60000,43,0.004087583001819439,0.014967833005357534,False
195,12,17000,172,normal,0.25w,43,identity,214,16829,60000,43,5.562500155065209e-05,0.016036749992053956,False
195,13,17000,172,normal,0.25w,43,(before),214,16829,60000,43,0.0,0.015935582996462472,False
195,13,17000,172,normal,0.25w,43,B1_zero,214,16829,60000,43,0.00010487499821465462,0.018168082999181934,False
195,13,17000,172,normal,0.25w,43,B2_global_mean,214,16829,60000,43,0.0001413749996572733,0.015725083008874208,False
195,13,17000,172,normal,0.25w,43,B3_local_mean,214,16829,60000,43,0.00016450000111944973,0.015904999992926605,False
195,13,17000,172,normal,0.25w,43,B4_linear_interp,214,16829,60000,43,0.00029591700877062976,0.015257082995958626,False
195,13,17000,172,normal,0.25w,43,B5_gaussian,214,16829,60000,43,0.0003580000047804788,0.017271500008064322,False
195,13,17000,172,normal,0.25w,43,B6_shuffle,214,16829,60000,43,0.00010287499753758311,0.01582804200006649,False
195,13,17000,172,normal,0.25w,43,recon_test,214,16829,60000,43,0.007048792002024129,0.016150167008163407,False
195,13,17000,172,normal,0.25w,43,recon_train,214,16829,60000,43,0.0034360410063527524,0.01462833299592603,False
195,13,17000,172,normal,0.25w,43,identity,214,16829,60000,43,6.120899342931807e-05,0.015775249994476326,False
195,14,17000,172,normal,0.25w,43,(before),214,16829,60000,43,0.0,0.015409040992381051,False
195,14,17000,172,normal,0.25w,43,B1_zero,214,16829,60000,43,5.487499583978206e-05,0.016105458009405993,False
195,14,17000,172,normal,0.25w,43,B2_global_mean,214,16829,60000,43,0.00011158399865962565,0.016074416009359993,False
195,14,17000,172,normal,0.25w,43,B3_local_mean,214,16829,60000,43,0.00018483299936633557,0.015167874997132458,False
195,14,17000,172,normal,0.25w,43,B4_linear_interp,214,16829,60000,43,0.00015562500630039722,0.014637250002124347,False
195,14,17000,172,normal,0.25w,43,B5_gaussian,214,16829,60000,43,0.00025637500220909715,0.01530816699960269,False
195,14,17000,172,normal,0.25w,43,B6_shuffle,214,16829,60000,43,7.824999920558184e-05,0.016564833000302315,False
195,14,17000,172,normal,0.25w,43,recon_test,214,16829,60000,43,0.006165709011838771,0.017122708013630472,False
195,14,17000,172,normal,0.25w,43,recon_train,214,16829,60000,43,0.003188375005265698,0.016214165996643715,False
195,14,17000,172,normal,0.25w,43,identity,214,16829,60000,43,6.208299600984901e-05,0.016908291989238933,False
195,15,17000,172,normal,0.25w,43,(before),214,16829,60000,43,0.0,0.014567917009117082,False
195,15,17000,172,normal,0.25w,43,B1_zero,214,16829,60000,43,0.00012774999777320772,0.014803749989368953,False
195,15,17000,172,normal,0.25w,43,B2_global_mean,214,16829,60000,43,9.720800153445452e-05,0.01654729100118857,False
195,15,17000,172,normal,0.25w,43,B3_local_mean,214,16829,60000,43,0.0003476249985396862,0.01634908300184179,False
195,15,17000,172,normal,0.25w,43,B4_linear_interp,214,16829,60000,43,9.166599193122238e-05,0.020910459003061987,False
195,15,17000,172,normal,0.25w,43,B5_gaussian,214,16829,60000,43,0.0003159159969072789,0.01569662499241531,False
195,15,17000,172,normal,0.25w,43,B6_shuffle,214,16829,60000,43,8.395800250582397e-05,0.01459933299338445,False
195,15,17000,172,normal,0.25w,43,recon_test,214,16829,60000,43,0.005790416995296255,0.018306250000023283,False
195,15,17000,172,normal,0.25w,43,recon_train,214,16829,60000,43,0.004027041999506764,0.016767042005085386,False
195,15,17000,172,normal,0.25w,43,identity,214,16829,60000,43,5.17919979756698e-05,0.01652937500330154,False
195,16,17000,172,normal,0.25w,43,(before),214,16829,60000,43,0.0,0.016104124995763414,False
195,16,17000,172,normal,0.25w,43,B1_zero,214,16829,60000,43,5.962500290479511e-05,0.02080079200095497,False
195,16,17000,172,normal,0.25w,43,B2_global_mean,214,16829,60000,43,0.00016400001186411828,0.01628158299718052,False
195,16,17000,172,normal,0.25w,43,B3_local_mean,214,16829,60000,43,0.00011929099855478853,0.01643287499609869,False
195,16,17000,172,normal,0.25w,43,B4_linear_interp,214,16829,60000,43,8.504198922310024e-05,0.014979291998315603,False
195,16,17000,172,normal,0.25w,43,B5_gaussian,214,16829,60000,43,0.00019883298955392092,0.018679750006413087,False
195,16,17000,172,normal,0.25w,43,B6_shuffle,214,16829,60000,43,6.466600461862981e-05,0.017488958008470945,False
195,16,17000,172,normal,0.25w,43,recon_test,214,16829,60000,43,0.007148916993173771,0.02330200000142213,False
195,16,17000,172,normal,0.25w,43,recon_train,214,16829,60000,43,0.005287624997436069,0.01947729200765025,False
195,16,17000,172,normal,0.25w,43,identity,214,16829,60000,43,2.8458991437219083e-05,0.017348499997751787,False
195,17,17000,172,normal,0.25w,43,(before),214,16829,60000,43,0.0,0.016842333003296517,False
195,17,17000,172,normal,0.25w,43,B1_zero,214,16829,60000,43,7.529200229328126e-05,0.014556708993040957,False
195,17,17000,172,normal,0.25w,43,B2_global_mean,214,16829,60000,43,0.0001407089876011014,0.014723915999638848,False
195,17,17000,172,normal,0.25w,43,B3_local_mean,214,16829,60000,43,0.00011220799933653325,0.019366374996025115,False
195,17,17000,172,normal,0.25w,43,B4_linear_interp,214,16829,60000,43,0.00010133300384040922,0.015544750000117347,False
195,17,17000,172,normal,0.25w,43,B5_gaussian,214,16829,60000,43,0.00024500000290572643,0.015662583013181575,False
195,17,17000,172,normal,0.25w,43,B6_shuffle,214,16829,60000,43,0.00013233300705906004,0.015144291988690384,False
195,17,17000,172,normal,0.25w,43,recon_test,214,16829,60000,43,0.005666084005497396,0.016874332999577746,False
195,17,17000,172,normal,0.25w,43,recon_train,214,16829,60000,43,0.002878792001865804,0.016922374998102896,False
195,17,17000,172,normal,0.25w,43,identity,214,16829,60000,43,5.1750001148320735e-05,0.01603804199839942,False
195,18,17000,172,normal,0.25w,43,(before),214,16829,60000,43,0.0,0.016669750009896234,False
195,18,17000,172,normal,0.25w,43,B1_zero,214,16829,60000,43,7.212499622255564e-05,0.017330333008430898,False
195,18,17000,172,normal,0.25w,43,B2_global_mean,214,16829,60000,43,6.237499474082142e-05,0.016135375000885688,False
195,18,17000,172,normal,0.25w,43,B3_local_mean,214,16829,60000,43,0.00012224999954923987,0.016863415992702357,False
195,18,17000,172,normal,0.25w,43,B4_linear_interp,214,16829,60000,43,7.54169886931777e-05,0.01668562499980908,False
195,18,17000,172,normal,0.25w,43,B5_gaussian,214,16829,60000,43,0.00027770800807047635,0.017407541003194638,False
195,18,17000,172,normal,0.25w,43,B6_shuffle,214,16829,60000,43,5.833299655932933e-05,0.017289040988544002,False
195,18,17000,172,normal,0.25w,43,recon_test,214,16829,60000,43,0.006371709008817561,0.014731125003891066,False
195,18,17000,172,normal,0.25w,43,recon_train,214,16829,60000,43,0.002904124994529411,0.017630125003051944,False
195,18,17000,172,normal,0.25w,43,identity,214,16829,60000,43,2.3083004634827375e-05,0.014910708996467292,False
195,19,17000,172,normal,0.25w,43,(before),214,16829,60000,43,0.0,0.02060824999352917,False
195,19,17000,172,normal,0.25w,43,B1_zero,214,16829,60000,43,6.370899791363627e-05,0.015433708002092317,False
195,19,17000,172,normal,0.25w,43,B2_global_mean,214,16829,60000,43,6.775000656489283e-05,0.0198819170036586,False
195,19,17000,172,normal,0.25w,43,B3_local_mean,214,16829,60000,43,0.0002523750008549541,0.019733749999431893,False
195,19,17000,172,normal,0.25w,43,B4_linear_interp,214,16829,60000,43,6.079100421629846e-05,0.016499999997904524,False
195,19,17000,172,normal,0.25w,43,B5_gaussian,214,16829,60000,43,0.0004583749978337437,0.01531566699850373,False
195,19,17000,172,normal,0.25w,43,B6_shuffle,214,16829,60000,43,0.00012462498852983117,0.01793812500545755,False
195,19,17000,172,normal,0.25w,43,recon_test,214,16829,60000,43,0.007074666005792096,0.01673679199302569,False
195,19,17000,172,normal,0.25w,43,recon_train,214,16829,60000,43,0.003661916998680681,0.017959541990421712,False
195,19,17000,172,normal,0.25w,43,identity,214,16829,60000,43,8.700000762473792e-05,0.017562875000294298,False
195,20,17000,172,normal,0.5w,86,(before),257,16829,60000,43,0.0,0.017020667000906542,False
195,20,17000,172,normal,0.5w,86,B1_zero,257,16829,60000,43,6.699998630210757e-05,0.019445083002210595,False
195,20,17000,172,normal,0.5w,86,B2_global_mean,257,16829,60000,43,8.787499973550439e-05,0.016362457987270318,False
195,20,17000,172,normal,0.5w,86,B3_local_mean,257,16829,60000,43,0.00019366601190995425,0.014456958990194835,False
195,20,17000,172,normal,0.5w,86,B4_linear_interp,257,16829,60000,43,0.00013670898624695837,0.01566550000279676,False
195,20,17000,172,normal,0.5w,86,B5_gaussian,257,16829,60000,43,0.00030258299375418574,0.016797292002593167,False
195,20,17000,172,normal,0.5w,86,B6_shuffle,257,16829,60000,43,8.850000449456275e-05,0.016458541998872533,False
195,20,17000,172,normal,0.5w,86,recon_test,257,16829,60000,43,0.007594583003083244,0.01854370800720062,False
195,20,17000,172,normal,0.5w,86,recon_train,257,16829,60000,43,0.002934208998340182,0.01574737500050105,False
195,20,17000,172,normal,0.5w,86,identity,257,16829,60000,43,4.6667002607136965e-05,0.01781587500590831,False
195,21,17000,172,normal,0.5w,86,(before),257,16829,60000,43,0.0,0.017352459006360732,False
195,21,17000,172,normal,0.5w,86,B1_zero,257,16829,60000,43,3.9834005292505026e-05,0.017703291989164427,False
195,21,17000,172,normal,0.5w,86,B2_global_mean,257,16829,60000,43,9.954199776984751e-05,0.019769041988183744,False
195,21,17000,172,normal,0.5w,86,B3_local_mean,257,16829,60000,43,0.0004096249904250726,0.020078125002328306,False
195,21,17000,172,normal,0.5w,86,B4_linear_interp,257,16829,60000,43,7.458300387952477e-05,0.015829916010261513,False
195,21,17000,172,normal,0.5w,86,B5_gaussian,257,16829,60000,43,0.0003116669977316633,0.014898665991495363,False
195,21,17000,172,normal,0.5w,86,B6_shuffle,257,16829,60000,43,0.00014474999625235796,0.018714874997385778,False
195,21,17000,172,normal,0.5w,86,recon_test,257,16829,60000,43,0.006353833989123814,0.018568625004263595,False
195,21,17000,172,normal,0.5w,86,recon_train,257,16829,60000,43,0.0043563750077737495,0.0187789170013275,False
195,21,17000,172,normal,0.5w,86,identity,257,16829,60000,43,7.520899816881865e-05,0.01914645900251344,False
195,22,17000,172,normal,0.5w,86,(before),257,16829,60000,43,0.0,0.02449541600071825,False
195,22,17000,172,normal,0.5w,86,B1_zero,257,16829,60000,43,8.549999620299786e-05,0.021649332993547432,False
195,22,17000,172,normal,0.5w,86,B2_global_mean,257,16829,60000,43,7.316700066439807e-05,0.0200230839982396,False
195,22,17000,172,normal,0.5w,86,B3_local_mean,257,16829,60000,43,0.00013870900147594512,0.01696966600138694,False
195,22,17000,172,normal,0.5w,86,B4_linear_interp,257,16829,60000,43,7.095899491105229e-05,0.016812208006740548,False
195,22,17000,172,normal,0.5w,86,B5_gaussian,257,16829,60000,43,0.0003404589951969683,0.018957791005959734,False
195,22,17000,172,normal,0.5w,86,B6_shuffle,257,16829,60000,43,9.466700430493802e-05,0.017472999999881722,False
195,22,17000,172,normal,0.5w,86,recon_test,257,16829,60000,43,0.007117874993127771,0.02056299999821931,False
195,22,17000,172,normal,0.5w,86,recon_train,257,16829,60000,43,0.003591999993659556,0.021160125004826114,False
195,22,17000,172,normal,0.5w,86,identity,257,16829,60000,43,4.9250011215917766e-05,0.02172454199171625,False
195,23,17000,172,normal,0.5w,86,(before),257,16829,60000,43,0.0,0.019066709006438032,False
195,23,17000,172,normal,0.5w,86,B1_zero,257,16829,60000,43,5.225000495556742e-05,0.017105124992667697,False
195,23,17000,172,normal,0.5w,86,B2_global_mean,257,16829,60000,43,6.745899736415595e-05,0.01939512499666307,False
195,23,17000,172,normal,0.5w,86,B3_local_mean,257,16829,60000,43,0.0001322089956374839,0.017336082994006574,False
195,23,17000,172,normal,0.5w,86,B4_linear_interp,257,16829,60000,43,0.00010708300396800041,0.017503499999293126,False
195,23,17000,172,normal,0.5w,86,B5_gaussian,257,16829,60000,43,0.0006794170039938763,0.018584833000204526,False
195,23,17000,172,normal,0.5w,86,B6_shuffle,257,16829,60000,43,8.275000436697155e-05,0.019323457992868498,False
195,23,17000,172,normal,0.5w,86,recon_test,257,16829,60000,43,0.007738917003734969,0.020318625000072643,False
195,23,17000,172,normal,0.5w,86,recon_train,257,16829,60000,43,0.003954624990001321,0.018083791001117788,False
195,23,17000,172,normal,0.5w,86,identity,257,16829,60000,43,0.00019374999101273715,0.014998374987044372,False
195,24,17000,172,normal,0.5w,86,(before),257,16829,60000,43,0.0,0.02103254199028015,False
195,24,17000,172,normal,0.5w,86,B1_zero,257,16829,60000,43,0.0003412079968256876,0.018168916009017266,False
195,24,17000,172,normal,0.5w,86,B2_global_mean,257,16829,60000,43,0.00010641600238159299,0.018373666011029854,False
195,24,17000,172,normal,0.5w,86,B3_local_mean,257,16829,60000,43,0.00014424999244511127,0.01847612499841489,False
195,24,17000,172,normal,0.5w,86,B4_linear_interp,257,16829,60000,43,9.625000529922545e-05,0.019414166003116407,False
195,24,17000,172,normal,0.5w,86,B5_gaussian,257,16829,60000,43,0.0006323750130832195,0.01806837499316316,False
195,24,17000,172,normal,0.5w,86,B6_shuffle,257,16829,60000,43,0.00013320900325197726,0.017663917009485886,False
195,24,17000,172,normal,0.5w,86,recon_test,257,16829,60000,43,0.006082790991058573,0.017536707993713208,False
195,24,17000,172,normal,0.5w,86,recon_train,257,16829,60000,43,0.004490499995881692,0.020027499995194376,False
195,24,17000,172,normal,0.5w,86,identity,257,16829,60000,43,4.6999994083307683e-05,0.015104167003300972,False
195,25,17000,172,normal,0.5w,86,(before),257,16829,60000,43,0.0,0.016914500010898337,False
195,25,17000,172,normal,0.5w,86,B1_zero,257,16829,60000,43,6.17909972788766e-05,0.016410459007602185,False
195,25,17000,172,normal,0.5w,86,B2_global_mean,257,16829,60000,43,8.379200880881399e-05,0.01879391699912958,False
195,25,17000,172,normal,0.5w,86,B3_local_mean,257,16829,60000,43,0.00022154199541546404,0.017904874999658205,False
195,25,17000,172,normal,0.5w,86,B4_linear_interp,257,16829,60000,43,7.954100146889687e-05,0.018421792003209703,False
195,25,17000,172,normal,0.5w,86,B5_gaussian,257,16829,60000,43,0.0005132499936735258,0.01641995798854623,False
195,25,17000,172,normal,0.5w,86,B6_shuffle,257,16829,60000,43,8.329199044965208e-05,0.017213375002029352,False
195,25,17000,172,normal,0.5w,86,recon_test,257,16829,60000,43,0.006185917009133846,0.019560165994334966,False
195,25,17000,172,normal,0.5w,86,recon_train,257,16829,60000,43,0.003411874989978969,0.016741375002311543,False
195,25,17000,172,normal,0.5w,86,identity,257,16829,60000,43,4.562499816529453e-05,0.02005795799777843,False
195,26,17000,172,normal,0.5w,86,(before),257,16829,60000,43,0.0,0.016815750001114793,False
195,26,17000,172,normal,0.5w,86,B1_zero,257,16829,60000,43,0.00012270899605937302,0.019715750007890165,False
195,26,17000,172,normal,0.5w,86,B2_global_mean,257,16829,60000,43,6.858300184831023e-05,0.018344958996749483,False
195,26,17000,172,normal,0.5w,86,B3_local_mean,257,16829,60000,43,0.00011495900980662555,0.017694333000690676,False
195,26,17000,172,normal,0.5w,86,B4_linear_interp,257,16829,60000,43,6.762499106116593e-05,0.016791749992989935,False
195,26,17000,172,normal,0.5w,86,B5_gaussian,257,16829,60000,43,0.0002586659975349903,0.014648083000793122,False
195,26,17000,172,normal,0.5w,86,B6_shuffle,257,16829,60000,43,7.525000546593219e-05,0.016279167000902817,False
195,26,17000,172,normal,0.5w,86,recon_test,257,16829,60000,43,0.008142249993397854,0.016662790992995724,False
195,26,17000,172,normal,0.5w,86,recon_train,257,16829,60000,43,0.0026925830024993047,0.02172416700341273,False
195,26,17000,172,normal,0.5w,86,identity,257,16829,60000,43,2.3957996745593846e-05,0.019772083003772423,False
195,27,17000,172,normal,0.5w,86,(before),257,16829,60000,43,0.0,0.017496750006102957,False
195,27,17000,172,normal,0.5w,86,B1_zero,257,16829,60000,43,6.133400893304497e-05,0.0188626659946749,False
195,27,17000,172,normal,0.5w,86,B2_global_mean,257,16829,60000,43,7.937500777188689e-05,0.016652666992740706,False
195,27,17000,172,normal,0.5w,86,B3_local_mean,257,16829,60000,43,0.00014379200001712888,0.01821583299897611,False
195,27,17000,172,normal,0.5w,86,B4_linear_interp,257,16829,60000,43,9.583300561644137e-05,0.018820625002263114,False
195,27,17000,172,normal,0.5w,86,B5_gaussian,257,16829,60000,43,0.0008343750087078661,0.01776337499904912,False
195,27,17000,172,normal,0.5w,86,B6_shuffle,257,16829,60000,43,7.854199793655425e-05,0.017164000004413538,False
195,27,17000,172,normal,0.5w,86,recon_test,257,16829,60000,43,0.005680707996361889,0.017285374997300096,False
195,27,17000,172,normal,0.5w,86,recon_train,257,16829,60000,43,0.003191124997101724,0.01776616700226441,False
195,27,17000,172,normal,0.5w,86,identity,257,16829,60000,43,3.9417005609720945e-05,0.01649591699242592,False
195,28,17000,172,normal,0.5w,86,(before),257,16829,60000,43,0.0,0.0177749159920495,False
195,28,17000,172,normal,0.5w,86,B1_zero,257,16829,60000,43,6.491699605248868e-05,0.019967208005255088,False
195,28,17000,172,normal,0.5w,86,B2_global_mean,257,16829,60000,43,6.870899233035743e-05,0.017735832996550016,False
195,28,17000,172,normal,0.5w,86,B3_local_mean,257,16829,60000,43,0.00016820899327285588,0.017421750002540648,False
195,28,17000,172,normal,0.5w,86,B4_linear_interp,257,16829,60000,43,8.820900984574109e-05,0.019694417002028786,False
195,28,17000,172,normal,0.5w,86,B5_gaussian,257,16829,60000,43,0.0004168330051470548,0.015357292009866796,False
195,28,17000,172,normal,0.5w,86,B6_shuffle,257,16829,60000,43,8.29579948913306e-05,0.014764209001441486,False
195,28,17000,172,normal,0.5w,86,recon_test,257,16829,60000,43,0.007503542001359165,0.018378749999101274,False
195,28,17000,172,normal,0.5w,86,recon_train,257,16829,60000,43,0.003612917003920302,0.016826457998831756,False
195,28,17000,172,normal,0.5w,86,identity,257,16829,60000,43,3.0333001632243395e-05,0.017098374999477528,False
195,29,17000,172,normal,0.5w,86,(before),257,16829,60000,43,0.0,0.018886375008150935,False
195,29,17000,172,normal,0.5w,86,B1_zero,257,16829,60000,43,5.108299956191331e-05,0.01966120798897464,False
195,29,17000,172,normal,0.5w,86,B2_global_mean,257,16829,60000,43,8.295899897348136e-05,0.020023417004267685,False
195,29,17000,172,normal,0.5w,86,B3_local_mean,257,16829,60000,43,0.00012920799781568348,0.018809417000738904,False
195,29,17000,172,normal,0.5w,86,B4_linear_interp,257,16829,60000,43,9.416700049769133e-05,0.018511709000449628,False
195,29,17000,172,normal,0.5w,86,B5_gaussian,257,16829,60000,43,0.0004634169890778139,0.02104591700481251,False
195,29,17000,172,normal,0.5w,86,B6_shuffle,257,16829,60000,43,5.1583003369159997e-05,0.01840204199834261,False
195,29,17000,172,normal,0.5w,86,recon_test,257,16829,60000,43,0.007324249992961995,0.015831083990633488,False
195,29,17000,172,normal,0.5w,86,recon_train,257,16829,60000,43,0.003619583003455773,0.015449541999259964,False
195,29,17000,172,normal,0.5w,86,identity,257,16829,60000,43,2.504199801478535e-05,0.01871291700808797,False
195,30,17000,172,normal,0.5w,86,(before),257,16829,60000,43,0.0,0.02029200000106357,False
195,30,17000,172,normal,0.5w,86,B1_zero,257,16829,60000,43,7.750000804662704e-05,0.015268417002516799,False
195,30,17000,172,normal,0.5w,86,B2_global_mean,257,16829,60000,43,7.533299503847957e-05,0.019650791000458412,False
195,30,17000,172,normal,0.5w,86,B3_local_mean,257,16829,60000,43,0.00012287500430829823,0.014932166988728568,False
195,30,17000,172,normal,0.5w,86,B4_linear_interp,257,16829,60000,43,7.72500061430037e-05,0.01801170800172258,False
195,30,17000,172,normal,0.5w,86,B5_gaussian,257,16829,60000,43,0.00039858301170170307,0.01918633299646899,False
195,30,17000,172,normal,0.5w,86,B6_shuffle,257,16829,60000,43,6.012499216012657e-05,0.017069207999156788,False
195,30,17000,172,normal,0.5w,86,recon_test,257,16829,60000,43,0.006966832996113226,0.01647775000310503,False
195,30,17000,172,normal,0.5w,86,recon_train,257,16829,60000,43,0.00287762499647215,0.019826292002107948,False
195,30,17000,172,normal,0.5w,86,identity,257,16829,60000,43,6.61670055706054e-05,0.01842612501059193,False
195,31,17000,172,normal,0.5w,86,(before),257,16829,60000,43,0.0,0.017877291000331752,False
195,31,17000,172,normal,0.5w,86,B1_zero,257,16829,60000,43,6.129199755378067e-05,0.016552249988308176,False
195,31,17000,172,normal,0.5w,86,B2_global_mean,257,16829,60000,43,0.0003613330045482144,0.0228216249961406,False
195,31,17000,172,normal,0.5w,86,B3_local_mean,257,16829,60000,43,0.00019070800044573843,0.018764209002256393,False
195,31,17000,172,normal,0.5w,86,B4_linear_interp,257,16829,60000,43,9.683299867901951e-05,0.018522374986787327,False
195,31,17000,172,normal,0.5w,86,B5_gaussian,257,16829,60000,43,0.0002513329964131117,0.019020374995307066,False
195,31,17000,172,normal,0.5w,86,B6_shuffle,257,16829,60000,43,0.00011579200509004295,0.01822058299148921,False
195,31,17000,172,normal,0.5w,86,recon_test,257,16829,60000,43,0.00664254100411199,0.02192458399804309,False
195,31,17000,172,normal,0.5w,86,recon_train,257,16829,60000,43,0.005088500009151176,0.01838116599537898,False
195,31,17000,172,normal,0.5w,86,identity,257,16829,60000,43,0.0002675419964361936,0.018918082991149276,False
195,32,17000,172,normal,0.5w,86,(before),257,16829,60000,43,0.0,0.014528166997479275,False
195,32,17000,172,normal,0.5w,86,B1_zero,257,16829,60000,43,8.112499199341983e-05,0.01770670800760854,False
195,32,17000,172,normal,0.5w,86,B2_global_mean,257,16829,60000,43,0.00011370900028850883,0.01721062499564141,False
195,32,17000,172,normal,0.5w,86,B3_local_mean,257,16829,60000,43,0.00013816700084134936,0.018459915998391807,False
195,32,17000,172,normal,0.5w,86,B4_linear_interp,257,16829,60000,43,7.804199412930757e-05,0.02133637500810437,False
195,32,17000,172,normal,0.5w,86,B5_gaussian,257,16829,60000,43,0.0058690000005299225,0.0244844589906279,False
195,32,17000,172,normal,0.5w,86,B6_shuffle,257,16829,60000,43,9.329200838692486e-05,0.018559958989499137,False
195,32,17000,172,normal,0.5w,86,recon_test,257,16829,60000,43,0.01751258398871869,0.02144508399942424,False
195,32,17000,172,normal,0.5w,86,recon_train,257,16829,60000,43,0.003628165999543853,0.01978616700216662,False
195,32,17000,172,normal,0.5w,86,identity,257,16829,60000,43,4.8165995394811034e-05,0.020614124994608574,False
195,33,17000,172,normal,0.5w,86,(before),257,16829,60000,43,0.0,0.017403667006874457,False
195,33,17000,172,normal,0.5w,86,B1_zero,257,16829,60000,43,7.058300252538174e-05,0.018737499995040707,False
195,33,17000,172,normal,0.5w,86,B2_global_mean,257,16829,60000,43,6.104201020207256e-05,0.014730875001987442,False
195,33,17000,172,normal,0.5w,86,B3_local_mean,257,16829,60000,43,0.00013283400039654225,0.014829040999757126,False
195,33,17000,172,normal,0.5w,86,B4_linear_interp,257,16829,60000,43,7.53330095903948e-05,0.022707209005602635,False
195,33,17000,172,normal,0.5w,86,B5_gaussian,257,16829,60000,43,0.000435416994150728,0.017482333991210908,False
195,33,17000,172,normal,0.5w,86,B6_shuffle,257,16829,60000,43,7.083399395924062e-05,0.014454832999035716,False
195,33,17000,172,normal,0.5w,86,recon_test,257,16829,60000,43,0.008469957989291288,0.023137834010412917,False
195,33,17000,172,normal,0.5w,86,recon_train,257,16829,60000,43,0.005171834010980092,0.019838125008391216,False
195,33,17000,172,normal,0.5w,86,identity,257,16829,60000,43,3.329099854454398e-05,0.018813749993569218,False
195,34,17000,172,normal,0.5w,86,(before),257,16829,60000,43,0.0,0.017139458010206,False
195,34,17000,172,normal,0.5w,86,B1_zero,257,16829,60000,43,7.89580080891028e-05,0.017969417007407174,False
195,34,17000,172,normal,0.5w,86,B2_global_mean,257,16829,60000,43,0.00011845900735352188,0.021488459009560756,False
195,34,17000,172,normal,0.5w,86,B3_local_mean,257,16829,60000,43,0.00016029200924094766,0.017297500002314337,False
195,34,17000,172,normal,0.5w,86,B4_linear_interp,257,16829,60000,43,6.429199129343033e-05,0.020758833008585498,False
195,34,17000,172,normal,0.5w,86,B5_gaussian,257,16829,60000,43,0.00024349999148398638,0.017113166002673097,False
195,34,17000,172,normal,0.5w,86,B6_shuffle,257,16829,60000,43,0.00011079199612140656,0.019498875000863336,False
195,34,17000,172,normal,0.5w,86,recon_test,257,16829,60000,43,0.0059446249942993745,0.0204757079918636,False
195,34,17000,172,normal,0.5w,86,recon_train,257,16829,60000,43,0.0048744590021669865,0.020311875006882474,False
195,34,17000,172,normal,0.5w,86,identity,257,16829,60000,43,5.804099782835692e-05,0.016451083996798843,False
195,35,17000,172,normal,0.5w,86,(before),257,16829,60000,43,0.0,0.01768841699231416,False
195,35,17000,172,normal,0.5w,86,B1_zero,257,16829,60000,43,5.4499992984347045e-05,0.019693791007739492,False
195,35,17000,172,normal,0.5w,86,B2_global_mean,257,16829,60000,43,0.00019150000298395753,0.01850070799991954,False
195,35,17000,172,normal,0.5w,86,B3_local_mean,257,16829,60000,43,0.0001517080090707168,0.020364916999824345,False
195,35,17000,172,normal,0.5w,86,B4_linear_interp,257,16829,60000,43,8.054099453147501e-05,0.018699749998631887,False
195,35,17000,172,normal,0.5w,86,B5_gaussian,257,16829,60000,43,0.00029062500107102096,0.016118541010655463,False
195,35,17000,172,normal,0.5w,86,B6_shuffle,257,16829,60000,43,0.00031429200316779315,0.01972395800112281,False
195,35,17000,172,normal,0.5w,86,recon_test,257,16829,60000,43,0.006279875000473112,0.01866975000302773,False
195,35,17000,172,normal,0.5w,86,recon_train,257,16829,60000,43,0.0032611249916953966,0.020621375006157905,False
195,35,17000,172,normal,0.5w,86,identity,257,16829,60000,43,2.445800055284053e-05,0.018466958004864864,False
195,36,17000,172,normal,0.5w,86,(before),257,16829,60000,43,0.0,0.01806762498745229,False
195,36,17000,172,normal,0.5w,86,B1_zero,257,16829,60000,43,8.937499660532922e-05,0.019714334004675038,False
195,36,17000,172,normal,0.5w,86,B2_global_mean,257,16829,60000,43,8.625000191386789e-05,0.01805179100483656,False
195,36,17000,172,normal,0.5w,86,B3_local_mean,257,16829,60000,43,0.00024841699632816017,0.016836291004437953,False
195,36,17000,172,normal,0.5w,86,B4_linear_interp,257,16829,60000,43,0.00014720899343956262,0.015833709010621533,False
195,36,17000,172,normal,0.5w,86,B5_gaussian,257,16829,60000,43,0.0002766249963315204,0.01664087499375455,False
195,36,17000,172,normal,0.5w,86,B6_shuffle,257,16829,60000,43,5.4500007536262274e-05,0.016474457996082492,False
195,36,17000,172,normal,0.5w,86,recon_test,257,16829,60000,43,0.007176416998845525,0.01674233299854677,False
195,36,17000,172,normal,0.5w,86,recon_train,257,16829,60000,43,0.003528916000504978,0.014681250002468005,False
195,36,17000,172,normal,0.5w,86,identity,257,16829,60000,43,2.3957996745593846e-05,0.014667708004708402,False
195,37,17000,172,normal,0.5w,86,(before),257,16829,60000,43,0.0,0.019102749996818602,False
195,37,17000,172,normal,0.5w,86,B1_zero,257,16829,60000,43,5.616599810309708e-05,0.018254333990626037,False
195,37,17000,172,normal,0.5w,86,B2_global_mean,257,16829,60000,43,8.170799992512912e-05,0.019326499997987412,False
195,37,17000,172,normal,0.5w,86,B3_local_mean,257,16829,60000,43,0.00018400000408291817,0.01619037499767728,False
195,37,17000,172,normal,0.5w,86,B4_linear_interp,257,16829,60000,43,9.099999442696571e-05,0.02154537499882281,False
195,37,17000,172,normal,0.5w,86,B5_gaussian,257,16829,60000,43,0.0005437920044641942,0.018102333007846028,False
195,37,17000,172,normal,0.5w,86,B6_shuffle,257,16829,60000,43,0.00013025000225752592,0.016490624999278225,False
195,37,17000,172,normal,0.5w,86,recon_test,257,16829,60000,43,0.007086999990860932,0.01735216700762976,False
195,37,17000,172,normal,0.5w,86,recon_train,257,16829,60000,43,0.003052458996535279,0.01954979200672824,False
195,37,17000,172,normal,0.5w,86,identity,257,16829,60000,43,3.0167007935233414e-05,0.021815957996295765,False
195,38,17000,172,normal,0.5w,86,(before),257,16829,60000,43,0.0,0.016829583008075133,False
195,38,17000,172,normal,0.5w,86,B1_zero,257,16829,60000,43,4.475000605452806e-05,0.019934333002311178,False
195,38,17000,172,normal,0.5w,86,B2_global_mean,257,16829,60000,43,6.52089947834611e-05,0.024803499996778555,False
195,38,17000,172,normal,0.5w,86,B3_local_mean,257,16829,60000,43,0.00017491698963567615,0.019522290996974334,False
195,38,17000,172,normal,0.5w,86,B4_linear_interp,257,16829,60000,43,6.77920033922419e-05,0.02059262500551995,False
195,38,17000,172,normal,0.5w,86,B5_gaussian,257,16829,60000,43,0.0004167080041952431,0.017139624993433245,False
195,38,17000,172,normal,0.5w,86,B6_shuffle,257,16829,60000,43,8.512499334756285e-05,0.01587758401001338,False
195,38,17000,172,normal,0.5w,86,recon_test,257,16829,60000,43,0.005953832995146513,0.017506832999060862,False
195,38,17000,172,normal,0.5w,86,recon_train,257,16829,60000,43,0.0028712500061374158,0.016851541004143655,False
195,38,17000,172,normal,0.5w,86,identity,257,16829,60000,43,2.300000051036477e-05,0.019395249997614883,False
195,39,17000,172,normal,0.5w,86,(before),257,16829,60000,43,0.0,0.014894958003424108,False
195,39,17000,172,normal,0.5w,86,B1_zero,257,16829,60000,43,3.8124999264255166e-05,0.0165711250010645,False
195,39,17000,172,normal,0.5w,86,B2_global_mean,257,16829,60000,43,6.183399818837643e-05,0.016650334000587463,False
195,39,17000,172,normal,0.5w,86,B3_local_mean,257,16829,60000,43,0.00011670798994600773,0.0175020409951685,False
195,39,17000,172,normal,0.5w,86,B4_linear_interp,257,16829,60000,43,6.35839969618246e-05,0.01777800000854768,False
195,39,17000,172,normal,0.5w,86,B5_gaussian,257,16829,60000,43,0.0003153750003548339,0.01588670899218414,False
195,39,17000,172,normal,0.5w,86,B6_shuffle,257,16829,60000,43,0.00016500000492669642,0.01914941699942574,False
195,39,17000,172,normal,0.5w,86,recon_test,257,16829,60000,43,0.00686070800293237,0.016888666999875568,False
195,39,17000,172,normal,0.5w,86,recon_train,257,16829,60000,43,0.0034127910039387643,0.019910542003344744,False
195,39,17000,172,normal,0.5w,86,identity,257,16829,60000,43,7.670899503864348e-05,0.018473916003131308,False
195,40,17000,172,normal,1.0w,172,(before),343,16829,60000,43,0.0,0.019421416989644058,False
195,40,17000,172,normal,1.0w,172,B1_zero,343,16829,60000,43,5.308300023898482e-05,0.017798957997001708,False
195,40,17000,172,normal,1.0w,172,B2_global_mean,343,16829,60000,43,8.858300861902535e-05,0.017617042001802474,False
195,40,17000,172,normal,1.0w,172,B3_local_mean,343,16829,60000,43,0.00012008300109300762,0.022311458000331186,False
195,40,17000,172,normal,1.0w,172,B4_linear_interp,343,16829,60000,43,8.170799992512912e-05,0.01828525000018999,False
195,40,17000,172,normal,1.0w,172,B5_gaussian,343,16829,60000,43,0.00028345800819806755,0.020267208994482644,False
195,40,17000,172,normal,1.0w,172,B6_shuffle,343,16829,60000,43,8.120799611788243e-05,0.02032383299956564,False
195,40,17000,172,normal,1.0w,172,recon_test,343,16829,60000,43,0.006510959006845951,0.016845833000843413,False
195,40,17000,172,normal,1.0w,172,recon_train,343,16829,60000,43,0.0027493329980643466,0.015962290999596007,False
195,40,17000,172,normal,1.0w,172,identity,343,16829,60000,43,6.383299478329718e-05,0.01900829099758994,False
195,41,17000,172,normal,1.0w,172,(before),343,16829,60000,43,0.0,0.019749999992200173,False
195,41,17000,172,normal,1.0w,172,B1_zero,343,16829,60000,43,0.00016775001131463796,0.018183125008363277,False
195,41,17000,172,normal,1.0w,172,B2_global_mean,343,16829,60000,43,7.837500015739352e-05,0.018281499986187555,False
195,41,17000,172,normal,1.0w,172,B3_local_mean,343,16829,60000,43,0.00011570900096558034,0.016942166999797337,False
195,41,17000,172,normal,1.0w,172,B4_linear_interp,343,16829,60000,43,8.12499929452315e-05,0.017464999997173436,False
195,41,17000,172,normal,1.0w,172,B5_gaussian,343,16829,60000,43,0.0003195000026607886,0.019473292006296106,False
195,41,17000,172,normal,1.0w,172,B6_shuffle,343,16829,60000,43,6.833299994468689e-05,0.019279833999462426,False
195,41,17000,172,normal,1.0w,172,recon_test,343,16829,60000,43,0.006135208997875452,0.018871167005272582,False
195,41,17000,172,normal,1.0w,172,recon_train,343,16829,60000,43,0.0038280409935396165,0.01950933301122859,False
195,41,17000,172,normal,1.0w,172,identity,343,16829,60000,43,4.587500006891787e-05,0.021454583009472117,False
195,42,17000,172,normal,1.0w,172,(before),343,16829,60000,43,0.0,0.019176957997842692,False
195,42,17000,172,normal,1.0w,172,B1_zero,343,16829,60000,43,8.520900155417621e-05,0.017193040999700315,False
195,42,17000,172,normal,1.0w,172,B2_global_mean,343,16829,60000,43,8.854198676999658e-05,0.019418292009504512,False
195,42,17000,172,normal,1.0w,172,B3_local_mean,343,16829,60000,43,0.0001232089998666197,0.019948125001974404,False
195,42,17000,172,normal,1.0w,172,B4_linear_interp,343,16829,60000,43,0.00012766699364874512,0.01858779101166874,False
195,42,17000,172,normal,1.0w,172,B5_gaussian,343,16829,60000,43,0.0005202500033192337,0.017948167005670257,False
195,42,17000,172,normal,1.0w,172,B6_shuffle,343,16829,60000,43,6.479199510067701e-05,0.017094499999075197,False
195,42,17000,172,normal,1.0w,172,recon_test,343,16829,60000,43,0.005794125012471341,0.020679541004938073,False
195,42,17000,172,normal,1.0w,172,recon_train,343,16829,60000,43,0.0028039580065524206,0.016449957998702303,False
195,42,17000,172,normal,1.0w,172,identity,343,16829,60000,43,3.920799645129591e-05,0.017149375009466894,False
195,43,17000,172,normal,1.0w,172,(before),343,16829,60000,43,0.0,0.020927249992382713,False
195,43,17000,172,normal,1.0w,172,B1_zero,343,16829,60000,43,5.879100353922695e-05,0.017235416991752572,False
195,43,17000,172,normal,1.0w,172,B2_global_mean,343,16829,60000,43,6.36670010862872e-05,0.020878291994449683,False
195,43,17000,172,normal,1.0w,172,B3_local_mean,343,16829,60000,43,0.00018870900385081768,0.017898916004924104,False
195,43,17000,172,normal,1.0w,172,B4_linear_interp,343,16829,60000,43,7.35829962650314e-05,0.01983312499942258,False
195,43,17000,172,normal,1.0w,172,B5_gaussian,343,16829,60000,43,0.0002882090047933161,0.01743808299943339,False
195,43,17000,172,normal,1.0w,172,B6_shuffle,343,16829,60000,43,6.0582999140024185e-05,0.017942166989087127,False
195,43,17000,172,normal,1.0w,172,recon_test,343,16829,60000,43,0.006286500007263385,0.02164179198734928,False
195,43,17000,172,normal,1.0w,172,recon_train,343,16829,60000,43,0.002693082991754636,0.021092916998895817,False
195,43,17000,172,normal,1.0w,172,identity,343,16829,60000,43,4.874999285675585e-05,0.01740070899541024,False
195,44,17000,172,normal,1.0w,172,(before),343,16829,60000,43,0.0,0.02088825000100769,False
195,44,17000,172,normal,1.0w,172,B1_zero,343,16829,60000,43,6.049999501556158e-05,0.020385791998705827,False
195,44,17000,172,normal,1.0w,172,B2_global_mean,343,16829,60000,43,0.00013374999980442226,0.01881295899511315,False
195,44,17000,172,normal,1.0w,172,B3_local_mean,343,16829,60000,43,0.0001260410062968731,0.018973208003444597,False
195,44,17000,172,normal,1.0w,172,B4_linear_interp,343,16829,60000,43,9.14999982342124e-05,0.017781333008315414,False
195,44,17000,172,normal,1.0w,172,B5_gaussian,343,16829,60000,43,0.0003758749953703955,0.019152667009620927,False
195,44,17000,172,normal,1.0w,172,B6_shuffle,343,16829,60000,43,8.733299910090864e-05,0.018518249999033287,False
195,44,17000,172,normal,1.0w,172,recon_test,343,16829,60000,43,0.008034041995415464,0.017531208010041155,False
195,44,17000,172,normal,1.0w,172,recon_train,343,16829,60000,43,0.002762707998044789,0.019672124995850027,False
195,44,17000,172,normal,1.0w,172,identity,343,16829,60000,43,2.516699896659702e-05,0.020159749998128973,False
195,45,17000,172,normal,1.0w,172,(before),343,16829,60000,43,0.0,0.01866600000357721,False
195,45,17000,172,normal,1.0w,172,B1_zero,343,16829,60000,43,8.941600390244275e-05,0.022512333001941442,False
195,45,17000,172,normal,1.0w,172,B2_global_mean,343,16829,60000,43,9.625000529922545e-05,0.01842370899976231,False
195,45,17000,172,normal,1.0w,172,B3_local_mean,343,16829,60000,43,0.00011595799878705293,0.01932783301162999,False
195,45,17000,172,normal,1.0w,172,B4_linear_interp,343,16829,60000,43,7.754199032206088e-05,0.019578708001063205,False
195,45,17000,172,normal,1.0w,172,B5_gaussian,343,16829,60000,43,0.0002802499948302284,0.01701945799868554,False
195,45,17000,172,normal,1.0w,172,B6_shuffle,343,16829,60000,43,6.091699469834566e-05,0.017640833000768907,False
195,45,17000,172,normal,1.0w,172,recon_test,343,16829,60000,43,0.0065199579985346645,0.017867750008008443,False
195,45,17000,172,normal,1.0w,172,recon_train,343,16829,60000,43,0.0038059579965192825,0.019416958995861933,False
195,45,17000,172,normal,1.0w,172,identity,343,16829,60000,43,2.9750008252449334e-05,0.01835341699188575,False
195,46,17000,172,normal,1.0w,172,(before),343,16829,60000,43,0.0,0.018544958002166823,False
195,46,17000,172,normal,1.0w,172,B1_zero,343,16829,60000,43,0.00010329201177228242,0.020900540999718942,False
195,46,17000,172,normal,1.0w,172,B2_global_mean,343,16829,60000,43,0.0001402909983880818,0.01913783300551586,False
195,46,17000,172,normal,1.0w,172,B3_local_mean,343,16829,60000,43,0.0002295419981237501,0.01828358399507124,False
195,46,17000,172,normal,1.0w,172,B4_linear_interp,343,16829,60000,43,9.162499918602407e-05,0.016185207990929484,False
195,46,17000,172,normal,1.0w,172,B5_gaussian,343,16829,60000,43,0.0002112910005962476,0.0201148330088472,False
195,46,17000,172,normal,1.0w,172,B6_shuffle,343,16829,60000,43,0.0001392499980283901,0.019368584005860612,False
195,46,17000,172,normal,1.0w,172,recon_test,343,16829,60000,43,0.006022540997946635,0.020430915988981724,False
195,46,17000,172,normal,1.0w,172,recon_train,343,16829,60000,43,0.004218542002490722,0.019234749997849576,False
195,46,17000,172,normal,1.0w,172,identity,343,16829,60000,43,6.36249897070229e-05,0.017994374997215346,False
195,47,17000,172,normal,1.0w,172,(before),343,16829,60000,43,0.0,0.01808404100302141,False
195,47,17000,172,normal,1.0w,172,B1_zero,343,16829,60000,43,6.662501255050302e-05,0.021926708999671973,False
195,47,17000,172,normal,1.0w,172,B2_global_mean,343,16829,60000,43,6.433400267269462e-05,0.021229916004813276,False
195,47,17000,172,normal,1.0w,172,B3_local_mean,343,16829,60000,43,0.00022904100478626788,0.022683540999423712,False
195,47,17000,172,normal,1.0w,172,B4_linear_interp,343,16829,60000,43,8.925001020543277e-05,0.02106929200817831,False
195,47,17000,172,normal,1.0w,172,B5_gaussian,343,16829,60000,43,0.0002349159913137555,0.019962457998190075,False
195,47,17000,172,normal,1.0w,172,B6_shuffle,343,16829,60000,43,9.83339996309951e-05,0.01703674999589566,False
195,47,17000,172,normal,1.0w,172,recon_test,343,16829,60000,43,0.006300875000306405,0.021395749994553626,False
195,47,17000,172,normal,1.0w,172,recon_train,343,16829,60000,43,0.002793999999994412,0.017207374999998137,False
195,47,17000,172,normal,1.0w,172,identity,343,16829,60000,43,2.270899130962789e-05,0.0174522919987794,False
195,48,17000,172,normal,1.0w,172,(before),343,16829,60000,43,0.0,0.019954707997385412,False
195,48,17000,172,normal,1.0w,172,B1_zero,343,16829,60000,43,5.729100666940212e-05,0.02199187500809785,False
195,48,17000,172,normal,1.0w,172,B2_global_mean,343,16829,60000,43,9.466700430493802e-05,0.021638249992975034,False
195,48,17000,172,normal,1.0w,172,B3_local_mean,343,16829,60000,43,0.0002455420035403222,0.019478750007692724,False
195,48,17000,172,normal,1.0w,172,B4_linear_interp,343,16829,60000,43,0.00013020799087826163,0.021938667006907053,False
195,48,17000,172,normal,1.0w,172,B5_gaussian,343,16829,60000,43,0.00031483299972023815,0.018548667008872144,False
195,48,17000,172,normal,1.0w,172,B6_shuffle,343,16829,60000,43,0.0003193339944118634,0.018159874991397373,False
195,48,17000,172,normal,1.0w,172,recon_test,343,16829,60000,43,0.0060476250073406845,0.021271499994327314,False
195,48,17000,172,normal,1.0w,172,recon_train,343,16829,60000,43,0.005668750003678724,0.020136958002694882,False
195,48,17000,172,normal,1.0w,172,identity,343,16829,60000,43,3.345900040585548e-05,0.016325374992447905,False
195,49,17000,172,normal,1.0w,172,(before),343,16829,60000,43,0.0,0.021118208998814225,False
195,49,17000,172,normal,1.0w,172,B1_zero,343,16829,60000,43,7.650000043213367e-05,0.022017582989064977,False
195,49,17000,172,normal,1.0w,172,B2_global_mean,343,16829,60000,43,0.00015974999405443668,0.01986245799344033,False
195,49,17000,172,normal,1.0w,172,B3_local_mean,343,16829,60000,43,0.00015924999024719,0.01859370899910573,False
195,49,17000,172,normal,1.0w,172,B4_linear_interp,343,16829,60000,43,5.3041992941871285e-05,0.02306791700539179,False
195,49,17000,172,normal,1.0w,172,B5_gaussian,343,16829,60000,43,0.0003107090014964342,0.02050900000904221,False
195,49,17000,172,normal,1.0w,172,B6_shuffle,343,16829,60000,43,0.00013129200669936836,0.01762279101239983,False
195,49,17000,172,normal,1.0w,172,recon_test,343,16829,60000,43,0.006012915997416712,0.020219749989337288,False
195,49,17000,172,normal,1.0w,172,recon_train,343,16829,60000,43,0.003323292010463774,0.01881287500145845,False
195,49,17000,172,normal,1.0w,172,identity,343,16829,60000,43,4.679099947679788e-05,0.01976358400133904,False
195,50,17000,172,normal,1.0w,172,(before),343,16829,60000,43,0.0,0.018654499988770112,False
195,50,17000,172,normal,1.0w,172,B1_zero,343,16829,60000,43,8.258300658781081e-05,0.02041237500088755,False
195,50,17000,172,normal,1.0w,172,B2_global_mean,343,16829,60000,43,5.645799683406949e-05,0.018146457994589582,False
195,50,17000,172,normal,1.0w,172,B3_local_mean,343,16829,60000,43,0.00015795799845363945,0.01765754199004732,False
195,50,17000,172,normal,1.0w,172,B4_linear_interp,343,16829,60000,43,6.837499677203596e-05,0.018876250003813766,False
195,50,17000,172,normal,1.0w,172,B5_gaussian,343,16829,60000,43,0.00033991600503213704,0.01784687500912696,False
195,50,17000,172,normal,1.0w,172,B6_shuffle,343,16829,60000,43,7.995800115168095e-05,0.020001084005343728,False
195,50,17000,172,normal,1.0w,172,recon_test,343,16829,60000,43,0.007034250011201948,0.0229656659939792,False
195,50,17000,172,normal,1.0w,172,recon_train,343,16829,60000,43,0.0028281660052016377,0.019454541004961357,False
195,50,17000,172,normal,1.0w,172,identity,343,16829,60000,43,2.4125009076669812e-05,0.017628582994802855,False
195,51,17000,172,normal,1.0w,172,(before),343,16829,60000,43,0.0,0.018711583004915155,False
195,51,17000,172,normal,1.0w,172,B1_zero,343,16829,60000,43,0.00010179200035054237,0.017277999999350868,False
195,51,17000,172,normal,1.0w,172,B2_global_mean,343,16829,60000,43,7.004200597293675e-05,0.02198162500280887,False
195,51,17000,172,normal,1.0w,172,B3_local_mean,343,16829,60000,43,0.00025312500656582415,0.020666166994487867,False
195,51,17000,172,normal,1.0w,172,B4_linear_interp,343,16829,60000,43,0.00010620799730531871,0.017245750001166016,False
195,51,17000,172,normal,1.0w,172,B5_gaussian,343,16829,60000,43,0.00035429101262707263,0.017658209006185643,False
195,51,17000,172,normal,1.0w,172,B6_shuffle,343,16829,60000,43,9.15420096134767e-05,0.01869837498816196,False
195,51,17000,172,normal,1.0w,172,recon_test,343,16829,60000,43,0.005581833000178449,0.018738166996627115,False
195,51,17000,172,normal,1.0w,172,recon_train,343,16829,60000,43,0.0038543749978998676,0.018919916998129338,False
195,51,17000,172,normal,1.0w,172,identity,343,16829,60000,43,4.0875005652196705e-05,0.0161817920015892,False
195,52,17000,172,normal,1.0w,172,(before),343,16829,60000,43,0.0,0.017102917001466267,False
195,52,17000,172,normal,1.0w,172,B1_zero,343,16829,60000,43,6.212500738911331e-05,0.018097666004905477,False
195,52,17000,172,normal,1.0w,172,B2_global_mean,343,16829,60000,43,0.0001224169973284006,0.015562707994831726,False
195,52,17000,172,normal,1.0w,172,B3_local_mean,343,16829,60000,43,0.0001609169994480908,0.019175499997800216,False
195,52,17000,172,normal,1.0w,172,B4_linear_interp,343,16829,60000,43,8.30000062705949e-05,0.02189841598737985,False
195,52,17000,172,normal,1.0w,172,B5_gaussian,343,16829,60000,43,0.0004921660001855344,0.020053832995472476,False
195,52,17000,172,normal,1.0w,172,B6_shuffle,343,16829,60000,43,9.35420102905482e-05,0.02036962501006201,False
195,52,17000,172,normal,1.0w,172,recon_test,343,16829,60000,43,0.0056872920104069635,0.017776416993001476,False
195,52,17000,172,normal,1.0w,172,recon_train,343,16829,60000,43,0.002711916997213848,0.022690124998916872,False
195,52,17000,172,normal,1.0w,172,identity,343,16829,60000,43,3.80830024369061e-05,0.0190054999984568,False
195,53,17000,172,normal,1.0w,172,(before),343,16829,60000,43,0.0,0.018238417003885843,False
195,53,17000,172,normal,1.0w,172,B1_zero,343,16829,60000,43,7.083298987708986e-05,0.030544499997631647,False
195,53,17000,172,normal,1.0w,172,B2_global_mean,343,16829,60000,43,8.387499838136137e-05,0.019328000009409152,False
195,53,17000,172,normal,1.0w,172,B3_local_mean,343,16829,60000,43,0.00015470798825845122,0.03379591699922457,False
195,53,17000,172,normal,1.0w,172,B4_linear_interp,343,16829,60000,43,0.00013858400052413344,0.020404374998179264,False
195,53,17000,172,normal,1.0w,172,B5_gaussian,343,16829,60000,43,0.00023412499285768718,0.01888287501060404,False
195,53,17000,172,normal,1.0w,172,B6_shuffle,343,16829,60000,43,4.883299698121846e-05,0.019284958005300723,False
195,53,17000,172,normal,1.0w,172,recon_test,343,16829,60000,43,0.006113082999945618,0.016723666005418636,False
195,53,17000,172,normal,1.0w,172,recon_train,343,16829,60000,43,0.002716541988775134,0.022969749988988042,False
195,53,17000,172,normal,1.0w,172,identity,343,16829,60000,43,4.229199839755893e-05,0.018862124998122454,False
195,54,17000,172,normal,1.0w,172,(before),343,16829,60000,43,0.0,0.022001083008944988,False
195,54,17000,172,normal,1.0w,172,B1_zero,343,16829,60000,43,4.2041996493935585e-05,0.018697749997954816,False
195,54,17000,172,normal,1.0w,172,B2_global_mean,343,16829,60000,43,9.462499292567372e-05,0.01968616600788664,False
195,54,17000,172,normal,1.0w,172,B3_local_mean,343,16829,60000,43,0.00016599999798927456,0.01818916600313969,False
195,54,17000,172,normal,1.0w,172,B4_linear_interp,343,16829,60000,43,0.00012679200153797865,0.022648708007181995,False
195,54,17000,172,normal,1.0w,172,B5_gaussian,343,16829,60000,43,0.00040054200508166105,0.020362415991257876,False
195,54,17000,172,normal,1.0w,172,B6_shuffle,343,16829,60000,43,0.00010383399785496294,0.01697083299222868,False
195,54,17000,172,normal,1.0w,172,recon_test,343,16829,60000,43,0.006278457993175834,0.019891042000381276,False
195,54,17000,172,normal,1.0w,172,recon_train,343,16829,60000,43,0.0030611249967478216,0.01780108299863059,False
195,54,17000,172,normal,1.0w,172,identity,343,16829,60000,43,3.537499287631363e-05,0.01788108400069177,False
195,55,17000,172,normal,1.0w,172,(before),343,16829,60000,43,0.0,0.02225445800286252,False
195,55,17000,172,normal,1.0w,172,B1_zero,343,16829,60000,43,7.370799721684307e-05,0.018104540999047458,False
195,55,17000,172,normal,1.0w,172,B2_global_mean,343,16829,60000,43,5.462499393615872e-05,0.017427166996640153,False
195,55,17000,172,normal,1.0w,172,B3_local_mean,343,16829,60000,43,0.00013520799984689802,0.017639917001361027,False
195,55,17000,172,normal,1.0w,172,B4_linear_interp,343,16829,60000,43,0.0001367499935440719,0.01798212500580121,False
195,55,17000,172,normal,1.0w,172,B5_gaussian,343,16829,60000,43,0.00028720899717882276,0.018056000000797212,False
195,55,17000,172,normal,1.0w,172,B6_shuffle,343,16829,60000,43,0.00010779099829960614,0.018922000002930872,False
195,55,17000,172,normal,1.0w,172,recon_test,343,16829,60000,43,0.005869999993592501,0.019522749993484467,False
195,55,17000,172,normal,1.0w,172,recon_train,343,16829,60000,43,0.0027725830004783347,0.019767833000514656,False
195,55,17000,172,normal,1.0w,172,identity,343,16829,60000,43,8.283399802166969e-05,0.021555291998083703,False
195,56,17000,172,normal,1.0w,172,(before),343,16829,60000,43,0.0,0.018463291009538807,False
195,56,17000,172,normal,1.0w,172,B1_zero,343,16829,60000,43,6.258400389924645e-05,0.019701332988915965,False
195,56,17000,172,normal,1.0w,172,B2_global_mean,343,16829,60000,43,7.770801312290132e-05,0.018663207985810004,False
195,56,17000,172,normal,1.0w,172,B3_local_mean,343,16829,60000,43,0.0001629170001251623,0.02495683300367091,False
195,56,17000,172,normal,1.0w,172,B4_linear_interp,343,16829,60000,43,7.379200542345643e-05,0.021495124994544312,False
195,56,17000,172,normal,1.0w,172,B5_gaussian,343,16829,60000,43,0.0005727499956265092,0.01840112499485258,False
195,56,17000,172,normal,1.0w,172,B6_shuffle,343,16829,60000,43,0.00010666600428521633,0.01779800000076648,False
195,56,17000,172,normal,1.0w,172,recon_test,343,16829,60000,43,0.0072534589999122545,0.01616354200814385,False
195,56,17000,172,normal,1.0w,172,recon_train,343,16829,60000,43,0.0031215000053634867,0.01718545801122673,False
195,56,17000,172,normal,1.0w,172,identity,343,16829,60000,43,6.433400267269462e-05,0.019651124996016733,False
195,57,17000,172,normal,1.0w,172,(before),343,16829,60000,43,0.0,0.02347712499613408,False
195,57,17000,172,normal,1.0w,172,B1_zero,343,16829,60000,43,0.00011162499140482396,0.021011916993302293,False
195,57,17000,172,normal,1.0w,172,B2_global_mean,343,16829,60000,43,8.174999675247818e-05,0.02207654100493528,False
195,57,17000,172,normal,1.0w,172,B3_local_mean,343,16829,60000,43,0.00021933398966211826,0.019469041988486424,False
195,57,17000,172,normal,1.0w,172,B4_linear_interp,343,16829,60000,43,9.512501128483564e-05,0.021357542005716823,False
195,57,17000,172,normal,1.0w,172,B5_gaussian,343,16829,60000,43,0.0002507919998606667,0.018318749993341044,False
195,57,17000,172,normal,1.0w,172,B6_shuffle,343,16829,60000,43,5.9541998780332506e-05,0.022101624999777414,False
195,57,17000,172,normal,1.0w,172,recon_test,343,16829,60000,43,0.005543959006899968,0.020428750009159558,False
195,57,17000,172,normal,1.0w,172,recon_train,343,16829,60000,43,0.0031286659941542894,0.02116737500182353,False
195,57,17000,172,normal,1.0w,172,identity,343,16829,60000,43,4.274999082554132e-05,0.020995165992644615,False
195,58,17000,172,normal,1.0w,172,(before),343,16829,60000,43,0.0,0.021931374998530373,False
195,58,17000,172,normal,1.0w,172,B1_zero,343,16829,60000,43,7.954100146889687e-05,0.018595084009575658,False
195,58,17000,172,normal,1.0w,172,B2_global_mean,343,16829,60000,43,9.691600280348212e-05,0.022747791997971945,False
195,58,17000,172,normal,1.0w,172,B3_local_mean,343,16829,60000,43,0.00015745899872854352,0.01654745799896773,False
195,58,17000,172,normal,1.0w,172,B4_linear_interp,343,16829,60000,43,7.462500070687383e-05,0.01648804200522136,False
195,58,17000,172,normal,1.0w,172,B5_gaussian,343,16829,60000,43,0.0002847090072464198,0.021933333002380095,False
195,58,17000,172,normal,1.0w,172,B6_shuffle,343,16829,60000,43,5.716599116567522e-05,0.02064845799759496,False
195,58,17000,172,normal,1.0w,172,recon_test,343,16829,60000,43,0.005946874996880069,0.018843875004677102,False
195,58,17000,172,normal,1.0w,172,recon_train,343,16829,60000,43,0.003047625010367483,0.01825237499724608,False
195,58,17000,172,normal,1.0w,172,identity,343,16829,60000,43,2.479099202901125e-05,0.021194250002736226,False
195,59,17000,172,normal,1.0w,172,(before),343,16829,60000,43,0.0,0.016810125001939014,False
195,59,17000,172,normal,1.0w,172,B1_zero,343,16829,60000,43,0.0001284159952774644,0.020880541007500142,False
195,59,17000,172,normal,1.0w,172,B2_global_mean,343,16829,60000,43,9.737499931361526e-05,0.02090433299599681,False
195,59,17000,172,normal,1.0w,172,B3_local_mean,343,16829,60000,43,0.0001379999885102734,0.01964045799104497,False
195,59,17000,172,normal,1.0w,172,B4_linear_interp,343,16829,60000,43,0.00025270901096519083,0.019589457995607518,False
195,59,17000,172,normal,1.0w,172,B5_gaussian,343,16829,60000,43,0.000439416995504871,0.017872124997666106,False
195,59,17000,172,normal,1.0w,172,B6_shuffle,343,16829,60000,43,7.054100569803268e-05,0.015917084005195647,False
195,59,17000,172,normal,1.0w,172,recon_test,343,16829,60000,43,0.006995582996751182,0.016840333002619445,False
195,59,17000,172,normal,1.0w,172,recon_train,343,16829,60000,43,0.0026779170002555475,0.018368167002336122,False
195,59,17000,172,normal,1.0w,172,identity,343,16829,60000,43,5.337499896995723e-05,0.02364616699924227,False
195,60,17000,172,sar_normal,GT,371,(before),542,16829,60000,43,0.0,0.02305854100268334,False
195,60,17000,172,sar_normal,GT,371,B1_zero,542,16829,60000,43,0.00010383399785496294,0.019508583995047957,False
195,60,17000,172,sar_normal,GT,371,B2_global_mean,542,16829,60000,43,0.00010874999861698598,0.029608666998683475,False
195,60,17000,172,sar_normal,GT,371,B3_local_mean,542,16829,60000,43,0.00023891600721981376,0.02380629199615214,False
195,60,17000,172,sar_normal,GT,371,B4_linear_interp,542,16829,60000,43,0.00022745800379198045,0.020229874993674457,False
195,60,17000,172,sar_normal,GT,371,B5_gaussian,542,16829,60000,43,0.00034170800063293427,0.027039291002438404,False
195,60,17000,172,sar_normal,GT,371,B6_shuffle,542,16829,60000,43,5.170800432097167e-05,0.027837166999233887,False
195,60,17000,172,sar_normal,GT,371,recon_test,542,16829,60000,43,0.006501666997792199,0.025616500002797693,False
195,60,17000,172,sar_normal,GT,371,recon_train,542,16829,60000,43,0.0027985839988105,0.0241728340042755,False
195,60,17000,172,sar_normal,GT,371,identity,542,16829,60000,43,5.499999679159373e-05,0.026363666998804547,False
195,61,17000,172,sar_normal,GT,371,(before),542,16829,60000,43,0.0,0.02251679199980572,False
195,61,17000,172,sar_normal,GT,371,B1_zero,542,16829,60000,43,6.212500738911331e-05,0.020333250009571202,False
195,61,17000,172,sar_normal,GT,371,B2_global_mean,542,16829,60000,43,9.366699669044465e-05,0.020945374999428168,False
195,61,17000,172,sar_normal,GT,371,B3_local_mean,542,16829,60000,43,0.00021516600099857897,0.029862458002753556,False
195,61,17000,172,sar_normal,GT,371,B4_linear_interp,542,16829,60000,43,0.00010858300083782524,0.022915707988431677,False
195,61,17000,172,sar_normal,GT,371,B5_gaussian,542,16829,60000,43,0.0006094160053180531,0.023690917005296797,False
195,61,17000,172,sar_normal,GT,371,B6_shuffle,542,16829,60000,43,6.079199374653399e-05,0.0197577920043841,False
195,61,17000,172,sar_normal,GT,371,recon_test,542,16829,60000,43,0.005701583009795286,0.02578487498976756,False
195,61,17000,172,sar_normal,GT,371,recon_train,542,16829,60000,43,0.002932667004643008,0.024420458008535206,False
195,61,17000,172,sar_normal,GT,371,identity,542,16829,60000,43,3.208398993592709e-05,0.021971042006043717,False
195,62,17000,172,sar_normal,GT,371,(before),542,16829,60000,43,0.0,0.021957999997539446,False
195,62,17000,172,sar_normal,GT,371,B1_zero,542,16829,60000,43,9.15420096134767e-05,0.02061308299016673,False
195,62,17000,172,sar_normal,GT,371,B2_global_mean,542,16829,60000,43,0.00011016700591426343,0.021412375004729256,False
195,62,17000,172,sar_normal,GT,371,B3_local_mean,542,16829,60000,43,0.0004392909904709086,0.0224165409890702,False
195,62,17000,172,sar_normal,GT,371,B4_linear_interp,542,16829,60000,43,0.0001838750031311065,0.019343666994245723,False
195,62,17000,172,sar_normal,GT,371,B5_gaussian,542,16829,60000,43,0.0002446669968776405,0.021183916993322782,False
195,62,17000,172,sar_normal,GT,371,B6_shuffle,542,16829,60000,43,9.345800208393484e-05,0.022123916001874022,False
195,62,17000,172,sar_normal,GT,371,recon_test,542,16829,60000,43,0.005826790991704911,0.028352082998026162,False
195,62,17000,172,sar_normal,GT,371,recon_train,542,16829,60000,43,0.003947666002204642,0.021506499993847683,False
195,62,17000,172,sar_normal,GT,371,identity,542,16829,60000,43,3.508299414534122e-05,0.02373625000473112,False
195,63,17000,172,sar_normal,GT,371,(before),542,16829,60000,43,0.0,0.02494575000309851,False
195,63,17000,172,sar_normal,GT,371,B1_zero,542,16829,60000,43,5.6416000006720424e-05,0.02669591599260457,False
195,63,17000,172,sar_normal,GT,371,B2_global_mean,542,16829,60000,43,7.837500015739352e-05,0.02612487500300631,False
195,63,17000,172,sar_normal,GT,371,B3_local_mean,542,16829,60000,43,0.0002459999959683046,0.024617457995191216,False
195,63,17000,172,sar_normal,GT,371,B4_linear_interp,542,16829,60000,43,0.00011895899660885334,0.02658816699113231,False
195,63,17000,172,sar_normal,GT,371,B5_gaussian,542,16829,60000,43,0.00027541600866243243,0.020580708995112218,False
195,63,17000,172,sar_normal,GT,371,B6_shuffle,542,16829,60000,43,0.00010216700320597738,0.02057187500759028,False
195,63,17000,172,sar_normal,GT,371,recon_test,542,16829,60000,43,0.006049583011190407,0.02424029201210942,False
195,63,17000,172,sar_normal,GT,371,recon_train,542,16829,60000,43,0.0027589589881245047,0.021195875000557862,False
195,63,17000,172,sar_normal,GT,371,identity,542,16829,60000,43,3.7959005567245185e-05,0.021596584003418684,False
195,64,17000,172,sar_normal,GT,371,(before),542,16829,60000,43,0.0,0.0220505420002155,False
195,64,17000,172,sar_normal,GT,371,B1_zero,542,16829,60000,43,4.33750101365149e-05,0.024785292000160553,False
195,64,17000,172,sar_normal,GT,371,B2_global_mean,542,16829,60000,43,0.0001453749864595011,0.021439749994897284,False
195,64,17000,172,sar_normal,GT,371,B3_local_mean,542,16829,60000,43,0.00016158299695234746,0.021757249996881,False
195,64,17000,172,sar_normal,GT,371,B4_linear_interp,542,16829,60000,43,6.991700502112508e-05,0.025740333992871456,False
195,64,17000,172,sar_normal,GT,371,B5_gaussian,542,16829,60000,43,0.00025741699209902436,0.024886750004952773,False
195,64,17000,172,sar_normal,GT,371,B6_shuffle,542,16829,60000,43,0.0001153330085799098,0.024347291997401044,False
195,64,17000,172,sar_normal,GT,371,recon_test,542,16829,60000,43,0.006158915988635272,0.030618875010986812,False
195,64,17000,172,sar_normal,GT,371,recon_train,542,16829,60000,43,0.0037582079967251047,0.023313875004532747,False
195,64,17000,172,sar_normal,GT,371,identity,542,16829,60000,43,5.0916001782752573e-05,0.02258179199998267,False
195,65,17000,172,sar_normal,GT,371,(before),542,16829,60000,43,0.0,0.02374295800109394,False
195,65,17000,172,sar_normal,GT,371,B1_zero,542,16829,60000,43,6.229200516827404e-05,0.021099582998431288,False
195,65,17000,172,sar_normal,GT,371,B2_global_mean,542,16829,60000,43,6.800000846851617e-05,0.02214445899880957,False
195,65,17000,172,sar_normal,GT,371,B3_local_mean,542,16829,60000,43,0.00012008300109300762,0.022504249995108694,False
195,65,17000,172,sar_normal,GT,371,B4_linear_interp,542,16829,60000,43,5.2041999879293144e-05,0.02003412500198465,False
195,65,17000,172,sar_normal,GT,371,B5_gaussian,542,16829,60000,43,0.00031104200752452016,0.025766999999177642,False
195,65,17000,172,sar_normal,GT,371,B6_shuffle,542,16829,60000,43,0.00012637500185519457,0.024539541991543956,False
195,65,17000,172,sar_normal,GT,371,recon_test,542,16829,60000,43,0.005739125001127832,0.02671625000948552,False
195,65,17000,172,sar_normal,GT,371,recon_train,542,16829,60000,43,0.004188834005617537,0.018989834003150463,False
195,65,17000,172,sar_normal,GT,371,identity,542,16829,60000,43,9.783299174159765e-05,0.02125204200274311,False
195,66,17000,172,sar_normal,GT,371,(before),542,16829,60000,43,0.0,0.02353716699872166,False
195,66,17000,172,sar_normal,GT,371,B1_zero,542,16829,60000,43,0.000167582998983562,0.02078304199676495,False
195,66,17000,172,sar_normal,GT,371,B2_global_mean,542,16829,60000,43,0.00011504199937917292,0.021903917004237883,False
195,66,17000,172,sar_normal,GT,371,B3_local_mean,542,16829,60000,43,0.00023233299725688994,0.020963999995728955,False
195,66,17000,172,sar_normal,GT,371,B4_linear_interp,542,16829,60000,43,7.704200106672943e-05,0.023860374989453703,False
195,66,17000,172,sar_normal,GT,371,B5_gaussian,542,16829,60000,43,0.0003211250004824251,0.024581457997555844,False
195,66,17000,172,sar_normal,GT,371,B6_shuffle,542,16829,60000,43,9.508398943580687e-05,0.024415124993538484,False
195,66,17000,172,sar_normal,GT,371,recon_test,542,16829,60000,43,0.005575125003815629,0.022600208001676947,False
195,66,17000,172,sar_normal,GT,371,recon_train,542,16829,60000,43,0.003568416999769397,0.023409832996549085,False
195,66,17000,172,sar_normal,GT,371,identity,542,16829,60000,43,3.850000211969018e-05,0.0212238329986576,False
195,67,17000,172,sar_normal,GT,371,(before),542,16829,60000,43,0.0,0.025569207995431498,False
195,67,17000,172,sar_normal,GT,371,B1_zero,542,16829,60000,43,4.441700002644211e-05,0.02478112500102725,False
195,67,17000,172,sar_normal,GT,371,B2_global_mean,542,16829,60000,43,7.337500574067235e-05,0.022375499989720993,False
195,67,17000,172,sar_normal,GT,371,B3_local_mean,542,16829,60000,43,0.00019562500528991222,0.024319083997397684,False
195,67,17000,172,sar_normal,GT,371,B4_linear_interp,542,16829,60000,43,0.00013745800242759287,0.02500483300536871,False
195,67,17000,172,sar_normal,GT,371,B5_gaussian,542,16829,60000,43,0.0002918329992098734,0.0227208750002319,False
195,67,17000,172,sar_normal,GT,371,B6_shuffle,542,16829,60000,43,0.00014020799426361918,0.026558124998700805,False
195,67,17000,172,sar_normal,GT,371,recon_test,542,16829,60000,43,0.006548833000124432,0.026367875005234964,False
195,67,17000,172,sar_normal,GT,371,recon_train,542,16829,60000,43,0.004230708989780396,0.025112791990977712,False
195,67,17000,172,sar_normal,GT,371,identity,542,16829,60000,43,2.8875001589767635e-05,0.025325333990622312,False
195,68,17000,172,sar_normal,GT,371,(before),542,16829,60000,43,0.0,0.0215243339916924,False
195,68,17000,172,sar_normal,GT,371,B1_zero,542,16829,60000,43,7.404200732707977e-05,0.024395250002271496,False
195,68,17000,172,sar_normal,GT,371,B2_global_mean,542,16829,60000,43,0.00041525000415276736,0.024175750004360452,False
195,68,17000,172,sar_normal,GT,371,B3_local_mean,542,16829,60000,43,0.0002622079919092357,0.027328333992045373,False
195,68,17000,172,sar_normal,GT,371,B4_linear_interp,542,16829,60000,43,8.637498831376433e-05,0.021441375007270835,False
195,68,17000,172,sar_normal,GT,371,B5_gaussian,542,16829,60000,43,0.00034512500860728323,0.025699125006212853,False
195,68,17000,172,sar_normal,GT,371,B6_shuffle,542,16829,60000,43,5.237499135546386e-05,0.02336929101147689,False
195,68,17000,172,sar_normal,GT,371,recon_test,542,16829,60000,43,0.007269374997122213,0.02194512500136625,False
195,68,17000,172,sar_normal,GT,371,recon_train,542,16829,60000,43,0.0038960829988354817,0.02401204200577922,False
195,68,17000,172,sar_normal,GT,371,identity,542,16829,60000,43,0.0001397079904563725,0.023678167010075413,False
195,69,17000,172,sar_normal,GT,371,(before),542,16829,60000,43,0.0,0.03805929099326022,False
195,69,17000,172,sar_normal,GT,371,B1_zero,542,16829,60000,43,6.395799573510885e-05,0.024334791000001132,False
195,69,17000,172,sar_normal,GT,371,B2_global_mean,542,16829,60000,43,0.00021608300448860973,0.040024374990025535,False
195,69,17000,172,sar_normal,GT,371,B3_local_mean,542,16829,60000,43,0.0001750410010572523,0.023417250005877577,False
195,69,17000,172,sar_normal,GT,371,B4_linear_interp,542,16829,60000,43,9.237499034497887e-05,0.02733641699887812,False
195,69,17000,172,sar_normal,GT,371,B5_gaussian,542,16829,60000,43,0.00027529099315870553,0.025771207991056144,False
195,69,17000,172,sar_normal,GT,371,B6_shuffle,542,16829,60000,43,8.358400373253971e-05,0.023213792010210454,False
195,69,17000,172,sar_normal,GT,371,recon_test,542,16829,60000,43,0.0069926659925840795,0.022979332992690615,False
195,69,17000,172,sar_normal,GT,371,recon_train,542,16829,60000,43,0.0034951249981531873,0.02420008300396148,False
195,69,17000,172,sar_normal,GT,371,identity,542,16829,60000,43,3.3208998502232134e-05,0.02219712499936577,False
195,70,17000,172,sar_normal,GT,371,(before),542,16829,60000,43,0.0,0.02233508400968276,False
195,70,17000,172,sar_normal,GT,371,B1_zero,542,16829,60000,43,0.00012062500172760338,0.024580666999099776,False
195,70,17000,172,sar_normal,GT,371,B2_global_mean,542,16829,60000,43,0.00015145799261517823,0.02571695799997542,False
195,70,17000,172,sar_normal,GT,371,B3_local_mean,542,16829,60000,43,0.0003381669957889244,0.023191791988210753,False
195,70,17000,172,sar_normal,GT,371,B4_linear_interp,542,16829,60000,43,8.912499470170587e-05,0.02501549999578856,False
195,70,17000,172,sar_normal,GT,371,B5_gaussian,542,16829,60000,43,0.0002800410002237186,0.024908708001021296,False
195,70,17000,172,sar_normal,GT,371,B6_shuffle,542,16829,60000,43,6.974999269004911e-05,0.02213770800153725,False
195,70,17000,172,sar_normal,GT,371,recon_test,542,16829,60000,43,0.006687959001283161,0.023766457990859635,False
195,70,17000,172,sar_normal,GT,371,recon_train,542,16829,60000,43,0.003500915991025977,0.02657587498833891,False
195,70,17000,172,sar_normal,GT,371,identity,542,16829,60000,43,2.562500594649464e-05,0.029633083002408966,False
195,71,17000,172,sar_normal,GT,371,(before),542,16829,60000,43,0.0,0.02326820899907034,False
195,71,17000,172,sar_normal,GT,371,B1_zero,542,16829,60000,43,0.00018237500626128167,0.02249916699656751,False
195,71,17000,172,sar_normal,GT,371,B2_global_mean,542,16829,60000,43,8.89999937498942e-05,0.023635542005649768,False
195,71,17000,172,sar_normal,GT,371,B3_local_mean,542,16829,60000,43,0.0003490419912850484,0.030049499997403473,False
195,71,17000,172,sar_normal,GT,371,B4_linear_interp,542,16829,60000,43,6.387500616256148e-05,0.02358904200082179,False
195,71,17000,172,sar_normal,GT,371,B5_gaussian,542,16829,60000,43,0.0002505830052541569,0.023717042000498623,False
195,71,17000,172,sar_normal,GT,371,B6_shuffle,542,16829,60000,43,7.883399666752666e-05,0.023858624990680255,False
195,71,17000,172,sar_normal,GT,371,recon_test,542,16829,60000,43,0.0064837920072022825,0.028954958004760556,False
195,71,17000,172,sar_normal,GT,371,recon_train,542,16829,60000,43,0.002824875002261251,0.023642333995667286,False
195,71,17000,172,sar_normal,GT,371,identity,542,16829,60000,43,2.5125002139247954e-05,0.023386582994135097,False
195,72,17000,172,sar_normal,GT,371,(before),542,16829,60000,43,0.0,0.023555332998512313,False
195,72,17000,172,sar_normal,GT,371,B1_zero,542,16829,60000,43,5.887501174584031e-05,0.024613417001091875,False
195,72,17000,172,sar_normal,GT,371,B2_global_mean,542,16829,60000,43,0.00016075000166893005,0.022386458003893495,False
195,72,17000,172,sar_normal,GT,371,B3_local_mean,542,16829,60000,43,0.0003443340101512149,0.023705290994257666,False
195,72,17000,172,sar_normal,GT,371,B4_linear_interp,542,16829,60000,43,9.775000216905028e-05,0.02146937500219792,False
195,72,17000,172,sar_normal,GT,371,B5_gaussian,542,16829,60000,43,0.0004074589960509911,0.02607554198766593,False
195,72,17000,172,sar_normal,GT,371,B6_shuffle,542,16829,60000,43,9.312501060776412e-05,0.02172545799112413,False
195,72,17000,172,sar_normal,GT,371,recon_test,542,16829,60000,43,0.006060583007638343,0.024295583993080072,False
195,72,17000,172,sar_normal,GT,371,recon_train,542,16829,60000,43,0.0033502500009490177,0.02544833399588242,False
195,72,17000,172,sar_normal,GT,371,identity,542,16829,60000,43,4.745899059344083e-05,0.02103970899770502,False
195,73,17000,172,sar_normal,GT,371,(before),542,16829,60000,43,0.0,0.03134966699872166,False
195,73,17000,172,sar_normal,GT,371,B1_zero,542,16829,60000,43,8.174999675247818e-05,0.0205365419969894,False
195,73,17000,172,sar_normal,GT,371,B2_global_mean,542,16829,60000,43,8.525000885128975e-05,0.021963083010632545,False
195,73,17000,172,sar_normal,GT,371,B3_local_mean,542,16829,60000,43,0.00015012500807642937,0.019721292002941482,False
195,73,17000,172,sar_normal,GT,371,B4_linear_interp,542,16829,60000,43,9.462500747758895e-05,0.024100291993818246,False
195,73,17000,172,sar_normal,GT,371,B5_gaussian,542,16829,60000,43,0.0005567089974647388,0.026979290996678174,False
195,73,17000,172,sar_normal,GT,371,B6_shuffle,542,16829,60000,43,6.941599713172764e-05,0.023248957993928343,False
195,73,17000,172,sar_normal,GT,371,recon_test,542,16829,60000,43,0.005844958999659866,0.02418325000326149,False
195,73,17000,172,sar_normal,GT,371,recon_train,542,16829,60000,43,0.0031287500023609027,0.024702458002138883,False
195,73,17000,172,sar_normal,GT,371,identity,542,16829,60000,43,0.0002814170002238825,0.024031666995142587,False
195,74,17000,172,sar_normal,GT,371,(before),542,16829,60000,43,0.0,0.0204650829982711,False
195,74,17000,172,sar_normal,GT,371,B1_zero,542,16829,60000,43,6.391700298991054e-05,0.02196216699667275,False
195,74,17000,172,sar_normal,GT,371,B2_global_mean,542,16829,60000,43,6.162500358186662e-05,0.02171687499503605,False
195,74,17000,172,sar_normal,GT,371,B3_local_mean,542,16829,60000,43,0.00019970801076851785,0.02300741701037623,False
195,74,17000,172,sar_normal,GT,371,B4_linear_interp,542,16829,60000,43,0.00011387500853743404,0.029116207995684817,False
195,74,17000,172,sar_normal,GT,371,B5_gaussian,542,16829,60000,43,0.0006128749955678359,0.026124540992896073,False
195,74,17000,172,sar_normal,GT,371,B6_shuffle,542,16829,60000,43,8.645901107229292e-05,0.025753667010576464,False
195,74,17000,172,sar_normal,GT,371,recon_test,542,16829,60000,43,0.008167207997757941,0.02448799999547191,False
195,74,17000,172,sar_normal,GT,371,recon_train,542,16829,60000,43,0.002776707988232374,0.02331916599359829,False
195,74,17000,172,sar_normal,GT,371,identity,542,16829,60000,43,0.000279416999546811,0.024510333008947782,False
195,75,17000,172,sar_normal,GT,371,(before),542,16829,60000,43,0.0,0.024271207992569543,False
195,75,17000,172,sar_normal,GT,371,B1_zero,542,16829,60000,43,0.00011795799946412444,0.025990042006014846,False
195,75,17000,172,sar_normal,GT,371,B2_global_mean,542,16829,60000,43,9.995800792239606e-05,0.027518957998836413,False
195,75,17000,172,sar_normal,GT,371,B3_local_mean,542,16829,60000,43,0.0003655829932540655,0.027454541996121407,False
195,75,17000,172,sar_normal,GT,371,B4_linear_interp,542,16829,60000,43,7.38749949960038e-05,0.023545999996713363,False
195,75,17000,172,sar_normal,GT,371,B5_gaussian,542,16829,60000,43,0.0003974169958382845,0.026260458995238878,False
195,75,17000,172,sar_normal,GT,371,B6_shuffle,542,16829,60000,43,6.570899859070778e-05,0.021789332997286692,False
195,75,17000,172,sar_normal,GT,371,recon_test,542,16829,60000,43,0.005690750011126511,0.02840220798680093,False
195,75,17000,172,sar_normal,GT,371,recon_train,542,16829,60000,43,0.003431624994846061,0.022825416992418468,False
195,75,17000,172,sar_normal,GT,371,identity,542,16829,60000,43,2.258300082758069e-05,0.02381845799391158,False
195,76,17000,172,sar_normal,GT,371,(before),542,16829,60000,43,0.0,0.025735792005434632,False
195,76,17000,172,sar_normal,GT,371,B1_zero,542,16829,60000,43,6.341600965242833e-05,0.023132666989113204,False
195,76,17000,172,sar_normal,GT,371,B2_global_mean,542,16829,60000,43,9.716600470710546e-05,0.02614862499467563,False
195,76,17000,172,sar_normal,GT,371,B3_local_mean,542,16829,60000,43,0.0001792920083971694,0.026802124993992038,False
195,76,17000,172,sar_normal,GT,371,B4_linear_interp,542,16829,60000,43,6.158299220260233e-05,0.022616625006776303,False
195,76,17000,172,sar_normal,GT,371,B5_gaussian,542,16829,60000,43,0.00023537498782388866,0.024887000006856397,False
195,76,17000,172,sar_normal,GT,371,B6_shuffle,542,16829,60000,43,5.704200884792954e-05,0.022392084007151425,False
195,76,17000,172,sar_normal,GT,371,recon_test,542,16829,60000,43,0.005761249994975515,0.02487454099173192,False
195,76,17000,172,sar_normal,GT,371,recon_train,542,16829,60000,43,0.003068833000725135,0.022986500000115484,False
195,76,17000,172,sar_normal,GT,371,identity,542,16829,60000,43,2.3999993572942913e-05,0.022636416004388593,False
195,77,17000,172,sar_normal,GT,371,(before),542,16829,60000,43,0.0,0.024818290999974124,False
195,77,17000,172,sar_normal,GT,371,B1_zero,542,16829,60000,43,8.191599044948816e-05,0.022324292003759183,False
195,77,17000,172,sar_normal,GT,371,B2_global_mean,542,16829,60000,43,9.904200851451606e-05,0.02372054199804552,False
195,77,17000,172,sar_normal,GT,371,B3_local_mean,542,16829,60000,43,0.0002808339922921732,0.028073207999113947,False
195,77,17000,172,sar_normal,GT,371,B4_linear_interp,542,16829,60000,43,0.0001119170046877116,0.02231554100580979,False
195,77,17000,172,sar_normal,GT,371,B5_gaussian,542,16829,60000,43,0.00031208300788421184,0.02107841699034907,False
195,77,17000,172,sar_normal,GT,371,B6_shuffle,542,16829,60000,43,0.0003167910035699606,0.022405417010304518,False
195,77,17000,172,sar_normal,GT,371,recon_test,542,16829,60000,43,0.005641333002131432,0.02346958300040569,False
195,77,17000,172,sar_normal,GT,371,recon_train,542,16829,60000,43,0.002963416001875885,0.02295937501185108,False
195,77,17000,172,sar_normal,GT,371,identity,542,16829,60000,43,4.9708993174135685e-05,0.02156408400333021,False
195,78,17000,172,sar_normal,GT,371,(before),542,16829,60000,43,0.0,0.02780562499538064,False
195,78,17000,172,sar_normal,GT,371,B1_zero,542,16829,60000,43,5.916701047681272e-05,0.028120333998231217,False
195,78,17000,172,sar_normal,GT,371,B2_global_mean,542,16829,60000,43,0.00013804101035930216,0.0230183749954449,False
195,78,17000,172,sar_normal,GT,371,B3_local_mean,542,16829,60000,43,0.0004118750075576827,0.020627167003112845,False
195,78,17000,172,sar_normal,GT,371,B4_linear_interp,542,16829,60000,43,0.00011970801278948784,0.023485917001380585,False
195,78,17000,172,sar_normal,GT,371,B5_gaussian,542,16829,60000,43,0.00027704199601430446,0.021559624990914017,False
195,78,17000,172,sar_normal,GT,371,B6_shuffle,542,16829,60000,43,4.920799983665347e-05,0.02682012500008568,False
195,78,17000,172,sar_normal,GT,371,recon_test,542,16829,60000,43,0.0056762500025797635,0.02187262500228826,False
195,78,17000,172,sar_normal,GT,371,recon_train,542,16829,60000,43,0.004055708006490022,0.02117095800349489,False
195,78,17000,172,sar_normal,GT,371,identity,542,16829,60000,43,8.558300032746047e-05,0.022124334005638957,False
195,79,17000,172,sar_normal,GT,371,(before),542,16829,60000,43,0.0,0.022438416999648325,False
195,79,17000,172,sar_normal,GT,371,B1_zero,542,16829,60000,43,6.866600597277284e-05,0.02333987499878276,False
195,79,17000,172,sar_normal,GT,371,B2_global_mean,542,16829,60000,43,8.704198990017176e-05,0.028443874994991347,False
195,79,17000,172,sar_normal,GT,371,B3_local_mean,542,16829,60000,43,0.0002357500052312389,0.024015917006181553,False
195,79,17000,172,sar_normal,GT,371,B4_linear_interp,542,16829,60000,43,0.00018287499551661313,0.021087166998768225,False
195,79,17000,172,sar_normal,GT,371,B5_gaussian,542,16829,60000,43,0.00040283398993778974,0.024385666009038687,False
195,79,17000,172,sar_normal,GT,371,B6_shuffle,542,16829,60000,43,8.412500028498471e-05,0.02482970801065676,False
195,79,17000,172,sar_normal,GT,371,recon_test,542,16829,60000,43,0.00638612499460578,0.021308249997673556,False
195,79,17000,172,sar_normal,GT,371,recon_train,542,16829,60000,43,0.0036119589931331575,0.023734416987281293,False
195,79,17000,172,sar_normal,GT,371,identity,542,16829,60000,43,2.4708002456463873e-05,0.020963333998224698,False
195,80,17000,172,anomaly,GT,371,(before),542,16829,60000,43,0.0,0.020490625000093132,False
195,80,17000,172,anomaly,GT,371,B1_zero,542,16829,60000,43,4.499999340623617e-05,0.02982533400063403,False
195,80,17000,172,anomaly,GT,371,B2_global_mean,542,16829,60000,43,7.158399967011064e-05,0.02005716599524021,False
195,80,17000,172,anomaly,GT,371,B3_local_mean,542,16829,60000,43,0.00012908301141578704,0.025959167003748007,False
195,80,17000,172,anomaly,GT,371,B4_linear_interp,542,16829,60000,43,0.00012541600153781474,0.02139520799391903,False
195,80,17000,172,anomaly,GT,371,B5_gaussian,542,16829,60000,43,0.0004541670059552416,0.022704417002387345,False
195,80,17000,172,anomaly,GT,371,B6_shuffle,542,16829,60000,43,9.854200470726937e-05,0.02672983299999032,False
195,80,17000,172,anomaly,GT,371,recon_test,542,16829,60000,43,0.00740837499324698,0.027955083001870662,False
195,80,17000,172,anomaly,GT,371,recon_train,542,16829,60000,43,0.003411249999771826,0.025261208007577807,False
195,80,17000,172,anomaly,GT,371,identity,542,16829,60000,43,2.8417009161785245e-05,0.02486687499913387,False
216,0,37216,81,normal,0.25w,20,(before),100,37136,299890,20,0.0,11.554939250010648,False
216,0,37216,81,normal,0.25w,20,B1_zero,100,37136,299890,20,0.0005792090087197721,0.018120582986739464,False
216,0,37216,81,normal,0.25w,20,B2_global_mean,100,37136,299890,20,0.00045704099466092885,0.016507540989550762,False
216,0,37216,81,normal,0.25w,20,B3_local_mean,100,37136,299890,20,0.0009938330040313303,0.023313041994697414,False
216,0,37216,81,normal,0.25w,20,B4_linear_interp,100,37136,299890,20,0.0007882499921834096,0.018898750000516884,False
216,0,37216,81,normal,0.25w,20,B5_gaussian,100,37136,299890,20,0.0018685410032048821,0.01889179200225044,False
216,0,37216,81,normal,0.25w,20,B6_shuffle,100,37136,299890,20,0.0005665420030709356,0.0187801669962937,False
216,0,37216,81,normal,0.25w,20,recon_test,100,37136,299890,20,0.027833666987135075,0.01755454100202769,False
216,0,37216,81,normal,0.25w,20,recon_train,100,37136,299890,20,0.005051540996646509,0.021013416000641882,False
216,0,37216,81,normal,0.25w,20,identity,100,37136,299890,20,0.00018333300249651074,0.019492457999149337,False
216,1,37216,81,normal,0.25w,20,(before),100,37136,299890,20,0.0,0.017521917005069554,False
216,1,37216,81,normal,0.25w,20,B1_zero,100,37136,299890,20,0.0003637909976532683,0.018321415991522372,False
216,1,37216,81,normal,0.25w,20,B2_global_mean,100,37136,299890,20,0.0005412079917732626,0.017854999998235144,False
216,1,37216,81,normal,0.25w,20,B3_local_mean,100,37136,299890,20,0.0004469580017030239,0.018861999997170642,False
216,1,37216,81,normal,0.25w,20,B4_linear_interp,100,37136,299890,20,0.0004558750079013407,0.017893541007651947,False
216,1,37216,81,normal,0.25w,20,B5_gaussian,100,37136,299890,20,0.001101249989005737,0.018833041991456412,False
216,1,37216,81,normal,0.25w,20,B6_shuffle,100,37136,299890,20,0.00045883399434387684,0.01755066700570751,False
216,1,37216,81,normal,0.25w,20,recon_test,100,37136,299890,20,0.024989708996145055,0.02123537499574013,False
216,1,37216,81,normal,0.25w,20,recon_train,100,37136,299890,20,0.0047979169903555885,0.018992792000062764,False
216,1,37216,81,normal,0.25w,20,identity,100,37136,299890,20,0.00019975000759586692,0.017844041998614557,False
216,2,37216,81,normal,0.25w,20,(before),100,37136,299890,20,0.0,0.018570375003037043,False
216,2,37216,81,normal,0.25w,20,B1_zero,100,37136,299890,20,0.0004719580028904602,0.018464790991856717,False
216,2,37216,81,normal,0.25w,20,B2_global_mean,100,37136,299890,20,0.0007236249948618934,0.0197607500012964,False
216,2,37216,81,normal,0.25w,20,B3_local_mean,100,37136,299890,20,0.0004831669939449057,0.018197084005805664,False
216,2,37216,81,normal,0.25w,20,B4_linear_interp,100,37136,299890,20,0.0006442500016419217,0.017020457991748117,False
216,2,37216,81,normal,0.25w,20,B5_gaussian,100,37136,299890,20,0.0012114170094719157,0.01949854199483525,False
216,2,37216,81,normal,0.25w,20,B6_shuffle,100,37136,299890,20,0.00047108400030992925,0.01539058300841134,False
216,2,37216,81,normal,0.25w,20,recon_test,100,37136,299890,20,0.024473333003697917,0.01767324999673292,False
216,2,37216,81,normal,0.25w,20,recon_train,100,37136,299890,20,0.005209458991885185,0.01849458301148843,False
216,2,37216,81,normal,0.25w,20,identity,100,37136,299890,20,0.00024133300757966936,0.016509334003785625,False
216,3,37216,81,normal,0.25w,20,(before),100,37136,299890,20,0.0,0.020587874998454936,False
216,3,37216,81,normal,0.25w,20,B1_zero,100,37136,299890,20,0.0003247499989811331,0.01688633298908826,False
216,3,37216,81,normal,0.25w,20,B2_global_mean,100,37136,299890,20,0.00047204099246300757,0.016543042002012953,False
216,3,37216,81,normal,0.25w,20,B3_local_mean,100,37136,299890,20,0.0004661249986384064,0.019378666998818517,False
216,3,37216,81,normal,0.25w,20,B4_linear_interp,100,37136,299890,20,0.0005271250120131299,0.017685917002381757,False
216,3,37216,81,normal,0.25w,20,B5_gaussian,100,37136,299890,20,0.0016501250065630302,0.017399125004885718,False
216,3,37216,81,normal,0.25w,20,B6_shuffle,100,37136,299890,20,0.0005326670070644468,0.018277334005688317,False
216,3,37216,81,normal,0.25w,20,recon_test,100,37136,299890,20,0.02482158300699666,0.01768649999576155,False
216,3,37216,81,normal,0.25w,20,recon_train,100,37136,299890,20,0.004159125004662201,0.019777959008933976,False
216,3,37216,81,normal,0.25w,20,identity,100,37136,299890,20,0.0002242499904241413,0.01952041601180099,False
216,4,37216,81,normal,0.25w,20,(before),100,37136,299890,20,0.0,0.018011291991570033,False
216,4,37216,81,normal,0.25w,20,B1_zero,100,37136,299890,20,0.0003295420028734952,0.015782375005073845,False
216,4,37216,81,normal,0.25w,20,B2_global_mean,100,37136,299890,20,0.0005202920001465827,0.016068416996859014,False
216,4,37216,81,normal,0.25w,20,B3_local_mean,100,37136,299890,20,0.00046925000788178295,0.018785874999593943,False
216,4,37216,81,normal,0.25w,20,B4_linear_interp,100,37136,299890,20,0.000647165987174958,0.017082291989936493,False
216,4,37216,81,normal,0.25w,20,B5_gaussian,100,37136,299890,20,0.0010742500016931444,0.018668250006157905,False
216,4,37216,81,normal,0.25w,20,B6_shuffle,100,37136,299890,20,0.000764124997658655,0.01916187499591615,False
216,4,37216,81,normal,0.25w,20,recon_test,100,37136,299890,20,0.025422165999771096,0.01974849999533035,False
216,4,37216,81,normal,0.25w,20,recon_train,100,37136,299890,20,0.004789750004420057,0.01805979199707508,False
216,4,37216,81,normal,0.25w,20,identity,100,37136,299890,20,0.0003492499963613227,0.01904225000180304,False
216,5,37216,81,normal,0.25w,20,(before),100,37136,299890,20,0.0,0.019539415996405296,False
216,5,37216,81,normal,0.25w,20,B1_zero,100,37136,299890,20,0.00039733300218358636,0.018143583001801744,False
216,5,37216,81,normal,0.25w,20,B2_global_mean,100,37136,299890,20,0.000565874986932613,0.01726424999651499,False
216,5,37216,81,normal,0.25w,20,B3_local_mean,100,37136,299890,20,0.0004650419868994504,0.01894433400593698,False
216,5,37216,81,normal,0.25w,20,B4_linear_interp,100,37136,299890,20,0.00037283299025148153,0.018360207992373034,False
216,5,37216,81,normal,0.25w,20,B5_gaussian,100,37136,299890,20,0.001076291999197565,0.01948170799005311,False
216,5,37216,81,normal,0.25w,20,B6_shuffle,100,37136,299890,20,0.0004433330032043159,0.01892508399032522,False
216,5,37216,81,normal,0.25w,20,recon_test,100,37136,299890,20,0.026623083002050407,0.019958874996518716,False
216,5,37216,81,normal,0.25w,20,recon_train,100,37136,299890,20,0.004120541998418048,0.01732258299307432,False
216,5,37216,81,normal,0.25w,20,identity,100,37136,299890,20,0.00021391701011452824,0.01826749999599997,False
216,6,37216,81,normal,0.25w,20,(before),100,37136,299890,20,0.0,0.019723666002391838,False
216,6,37216,81,normal,0.25w,20,B1_zero,100,37136,299890,20,0.0005304169899318367,0.017328667003312148,False
216,6,37216,81,normal,0.25w,20,B2_global_mean,100,37136,299890,20,0.00045312498696148396,0.017184916010592133,False
216,6,37216,81,normal,0.25w,20,B3_local_mean,100,37136,299890,20,0.00047474999155383557,0.01663320799707435,False
216,6,37216,81,normal,0.25w,20,B4_linear_interp,100,37136,299890,20,0.0003703339898493141,0.016559833005885594,False
216,6,37216,81,normal,0.25w,20,B5_gaussian,100,37136,299890,20,0.0021048329945188016,0.018315416004043072,False
216,6,37216,81,normal,0.25w,20,B6_shuffle,100,37136,299890,20,0.0003897920105373487,0.01786912498937454,False
216,6,37216,81,normal,0.25w,20,recon_test,100,37136,299890,20,0.021344583001337014,0.01566158300556708,False
216,6,37216,81,normal,0.25w,20,recon_train,100,37136,299890,20,0.004680583995650522,0.01592254199204035,False
216,6,37216,81,normal,0.25w,20,identity,100,37136,299890,20,0.00019120800425298512,0.01710441699833609,False
216,7,37216,81,normal,0.25w,20,(before),100,37136,299890,20,0.0,0.01913154100475367,False
216,7,37216,81,normal,0.25w,20,B1_zero,100,37136,299890,20,0.00047362499753944576,0.019390665998798795,False
216,7,37216,81,normal,0.25w,20,B2_global_mean,100,37136,299890,20,0.0004307910130592063,0.018323540993151255,False
216,7,37216,81,normal,0.25w,20,B3_local_mean,100,37136,299890,20,0.0007987080025486648,0.01586775000032503,False
216,7,37216,81,normal,0.25w,20,B4_linear_interp,100,37136,299890,20,0.0004538329958450049,0.019738834002055228,False
216,7,37216,81,normal,0.25w,20,B5_gaussian,100,37136,299890,20,0.0010379170125816017,0.01988483300374355,False
216,7,37216,81,normal,0.25w,20,B6_shuffle,100,37136,299890,20,0.00038374999712686986,0.019683082995470613,False
216,7,37216,81,normal,0.25w,20,recon_test,100,37136,299890,20,0.024215792000177316,0.017090665991418064,False
216,7,37216,81,normal,0.25w,20,recon_train,100,37136,299890,20,0.00486870801250916,0.017141541989985853,False
216,7,37216,81,normal,0.25w,20,identity,100,37136,299890,20,0.0002574580139480531,0.018362207993050106,False
216,8,37216,81,normal,0.25w,20,(before),100,37136,299890,20,0.0,0.01923766700201668,False
216,8,37216,81,normal,0.25w,20,B1_zero,100,37136,299890,20,0.00047054099559318274,0.01677491700684186,False
216,8,37216,81,normal,0.25w,20,B2_global_mean,100,37136,299890,20,0.0009595830051694065,0.01878374999796506,False
216,8,37216,81,normal,0.25w,20,B3_local_mean,100,37136,299890,20,0.0008161250007105991,0.015528375006397255,False
216,8,37216,81,normal,0.25w,20,B4_linear_interp,100,37136,299890,20,0.00045616700663231313,0.01815004099626094,False
216,8,37216,81,normal,0.25w,20,B5_gaussian,100,37136,299890,20,0.0011050410103052855,0.03166391699051019,False
216,8,37216,81,normal,0.25w,20,B6_shuffle,100,37136,299890,20,0.0007344589976128191,0.020502583996858448,False
216,8,37216,81,normal,0.25w,20,recon_test,100,37136,299890,20,0.022685958989313804,0.01824729100917466,False
216,8,37216,81,normal,0.25w,20,recon_train,100,37136,299890,20,0.00434924999717623,0.018314957997063175,False
216,8,37216,81,normal,0.25w,20,identity,100,37136,299890,20,0.00032300000020768493,0.01739658300357405,False
216,9,37216,81,normal,0.25w,20,(before),100,37136,299890,20,0.0,0.015472250001039356,False
216,9,37216,81,normal,0.25w,20,B1_zero,100,37136,299890,20,0.000453874992672354,0.018924207994132303,False
216,9,37216,81,normal,0.25w,20,B2_global_mean,100,37136,299890,20,0.0005770420102635399,0.015914458999759518,False
216,9,37216,81,normal,0.25w,20,B3_local_mean,100,37136,299890,20,0.0004960000078426674,0.016743415995733812,False
216,9,37216,81,normal,0.25w,20,B4_linear_interp,100,37136,299890,20,0.00040858399006538093,0.018089459001203068,False
216,9,37216,81,normal,0.25w,20,B5_gaussian,100,37136,299890,20,0.0011744999937945977,0.01878204099193681,False
216,9,37216,81,normal,0.25w,20,B6_shuffle,100,37136,299890,20,0.00041458399209659547,0.017824541006120853,False
216,9,37216,81,normal,0.25w,20,recon_test,100,37136,299890,20,0.0246272499935003,0.017271290998905897,False
216,9,37216,81,normal,0.25w,20,recon_train,100,37136,299890,20,0.004257874999893829,0.018580165997263975,False
216,9,37216,81,normal,0.25w,20,identity,100,37136,299890,20,0.00020470899471547455,0.01911445800215006,False
216,10,37216,81,normal,0.25w,20,(before),100,37136,299890,20,0.0,0.01832595899759326,False
216,10,37216,81,normal,0.25w,20,B1_zero,100,37136,299890,20,0.0004708339984063059,0.016540500000701286,False
216,10,37216,81,normal,0.25w,20,B2_global_mean,100,37136,299890,20,0.0005218339938437566,0.016628457990009338,False
216,10,37216,81,normal,0.25w,20,B3_local_mean,100,37136,299890,20,0.0005913750064792112,0.015470375001314096,False
216,10,37216,81,normal,0.25w,20,B4_linear_interp,100,37136,299890,20,0.0004528330027824268,0.018570208005257882,False
216,10,37216,81,normal,0.25w,20,B5_gaussian,100,37136,299890,20,0.0013343330065254122,0.016843916004290804,False
216,10,37216,81,normal,0.25w,20,B6_shuffle,100,37136,299890,20,0.00037120799242984504,0.01667795800312888,False
216,10,37216,81,normal,0.25w,20,recon_test,100,37136,299890,20,0.02288820900139399,0.01668691699160263,False
216,10,37216,81,normal,0.25w,20,recon_train,100,37136,299890,20,0.0035685000038938597,0.019359458005055785,False
216,10,37216,81,normal,0.25w,20,identity,100,37136,299890,20,0.0003027079947059974,0.01759758300613612,False
216,11,37216,81,normal,0.25w,20,(before),100,37136,299890,20,0.0,0.016787915999884717,False
216,11,37216,81,normal,0.25w,20,B1_zero,100,37136,299890,20,0.00045987500925548375,0.017434124994906597,False
216,11,37216,81,normal,0.25w,20,B2_global_mean,100,37136,299890,20,0.0006447909981943667,0.01879158298834227,False
216,11,37216,81,normal,0.25w,20,B3_local_mean,100,37136,299890,20,0.0006348330061882734,0.01705591600330081,False
216,11,37216,81,normal,0.25w,20,B4_linear_interp,100,37136,299890,20,0.0004148330044699833,0.019753041007788852,False
216,11,37216,81,normal,0.25w,20,B5_gaussian,100,37136,299890,20,0.0011632910027401522,0.01776074999361299,False
216,11,37216,81,normal,0.25w,20,B6_shuffle,100,37136,299890,20,0.00035395799204707146,0.02149495799676515,False
216,11,37216,81,normal,0.25w,20,recon_test,100,37136,299890,20,0.024642707998282276,0.017971499997656792,False
216,11,37216,81,normal,0.25w,20,recon_train,100,37136,299890,20,0.0035543749982025474,0.015835958009120077,False
216,11,37216,81,normal,0.25w,20,identity,100,37136,299890,20,0.00022912501299288124,0.014273166991188191,False
216,12,37216,81,normal,0.25w,20,(before),100,37136,299890,20,0.0,0.017164625009172596,False
216,12,37216,81,normal,0.25w,20,B1_zero,100,37136,299890,20,0.0003429159987717867,0.018148916991776787,False
216,12,37216,81,normal,0.25w,20,B2_global_mean,100,37136,299890,20,0.00034987500112038106,0.020328582992078736,False
216,12,37216,81,normal,0.25w,20,B3_local_mean,100,37136,299890,20,0.0008314579899888486,0.019404999999096617,False
216,12,37216,81,normal,0.25w,20,B4_linear_interp,100,37136,299890,20,0.0003836250107269734,0.01852287500514649,False
216,12,37216,81,normal,0.25w,20,B5_gaussian,100,37136,299890,20,0.0011031670001102611,0.017436541995266452,False
216,12,37216,81,normal,0.25w,20,B6_shuffle,100,37136,299890,20,0.00040454199188388884,0.016993541998090222,False
216,12,37216,81,normal,0.25w,20,recon_test,100,37136,299890,20,0.019443290992057882,0.019851167002343573,False
216,12,37216,81,normal,0.25w,20,recon_train,100,37136,299890,20,0.004490790990530513,0.015701540993177332,False
216,12,37216,81,normal,0.25w,20,identity,100,37136,299890,20,0.00017237498832400888,0.01676091700210236,False
216,13,37216,81,normal,0.25w,20,(before),100,37136,299890,20,0.0,0.01947108400054276,False
216,13,37216,81,normal,0.25w,20,B1_zero,100,37136,299890,20,0.000620541992248036,0.018119083004421555,False
216,13,37216,81,normal,0.25w,20,B2_global_mean,100,37136,299890,20,0.00034345799940638244,0.017505083000287414,False
216,13,37216,81,normal,0.25w,20,B3_local_mean,100,37136,299890,20,0.00043091599945910275,0.018982790992595255,False
216,13,37216,81,normal,0.25w,20,B4_linear_interp,100,37136,299890,20,0.0003692919999593869,0.016315165994456038,False
216,13,37216,81,normal,0.25w,20,B5_gaussian,100,37136,299890,20,0.0019829579978249967,0.022088666999479756,False
216,13,37216,81,normal,0.25w,20,B6_shuffle,100,37136,299890,20,0.0007837089942768216,0.01666300000215415,False
216,13,37216,81,normal,0.25w,20,recon_test,100,37136,299890,20,0.025023665992193855,0.021534707993851043,False
216,13,37216,81,normal,0.25w,20,recon_train,100,37136,299890,20,0.0068254579964559525,0.01934804099437315,False
216,13,37216,81,normal,0.25w,20,identity,100,37136,299890,20,0.00027387498994357884,0.016347583004971966,False
216,14,37216,81,normal,0.25w,20,(before),100,37136,299890,20,0.0,0.016113874997245148,False
216,14,37216,81,normal,0.25w,20,B1_zero,100,37136,299890,20,0.00030308398709166795,0.016486417007399723,False
216,14,37216,81,normal,0.25w,20,B2_global_mean,100,37136,299890,20,0.0005646250065183267,0.019353166004293598,False
216,14,37216,81,normal,0.25w,20,B3_local_mean,100,37136,299890,20,0.0004537920030998066,0.019112791007501073,False
216,14,37216,81,normal,0.25w,20,B4_linear_interp,100,37136,299890,20,0.0005397500062827021,0.021000915992772207,False
216,14,37216,81,normal,0.25w,20,B5_gaussian,100,37136,299890,20,0.0017812090081861243,0.0208837909885915,False
216,14,37216,81,normal,0.25w,20,B6_shuffle,100,37136,299890,20,0.0005620830052066594,0.019736249989364296,False
216,14,37216,81,normal,0.25w,20,recon_test,100,37136,299890,20,0.020779707992915064,0.0181595829926664,False
216,14,37216,81,normal,0.25w,20,recon_train,100,37136,299890,20,0.0045727499964414164,0.017104041995480657,False
216,14,37216,81,normal,0.25w,20,identity,100,37136,299890,20,0.0002133750094799325,0.017549582989886403,False
216,15,37216,81,normal,0.25w,20,(before),100,37136,299890,20,0.0,0.0181570420099888,False
216,15,37216,81,normal,0.25w,20,B1_zero,100,37136,299890,20,0.00051254199934192,0.022698542001307942,False
216,15,37216,81,normal,0.25w,20,B2_global_mean,100,37136,299890,20,0.0004351660027168691,0.019459374991129152,False
216,15,37216,81,normal,0.25w,20,B3_local_mean,100,37136,299890,20,0.0006022079905960709,0.018946708005387336,False
216,15,37216,81,normal,0.25w,20,B4_linear_interp,100,37136,299890,20,0.00043354199442546815,0.019299416002468206,False
216,15,37216,81,normal,0.25w,20,B5_gaussian,100,37136,299890,20,0.0010349170042900369,0.019600624989834614,False
216,15,37216,81,normal,0.25w,20,B6_shuffle,100,37136,299890,20,0.0003600409982027486,0.016623292001895607,False
216,15,37216,81,normal,0.25w,20,recon_test,100,37136,299890,20,0.022615416994085535,0.017509124998468906,False
216,15,37216,81,normal,0.25w,20,recon_train,100,37136,299890,20,0.0035263749887235463,0.016652958001941442,False
216,15,37216,81,normal,0.25w,20,identity,100,37136,299890,20,0.00017004201072268188,0.016070874989964068,False
216,16,37216,81,normal,0.25w,20,(before),100,37136,299890,20,0.0,0.015647332998923957,False
216,16,37216,81,normal,0.25w,20,B1_zero,100,37136,299890,20,0.00035400000342633575,0.016504625004017726,False
216,16,37216,81,normal,0.25w,20,B2_global_mean,100,37136,299890,20,0.00047312499373219907,0.017375208000885323,False
216,16,37216,81,normal,0.25w,20,B3_local_mean,100,37136,299890,20,0.0004608750023180619,0.019145083002513275,False
216,16,37216,81,normal,0.25w,20,B4_linear_interp,100,37136,299890,20,0.000616083008935675,0.019374333001906052,False
216,16,37216,81,normal,0.25w,20,B5_gaussian,100,37136,299890,20,0.0013350409863051027,0.02041066699894145,False
216,16,37216,81,normal,0.25w,20,B6_shuffle,100,37136,299890,20,0.0006312920013442636,0.01817237499926705,False
216,16,37216,81,normal,0.25w,20,recon_test,100,37136,299890,20,0.022563125006854534,0.01582800000323914,False
216,16,37216,81,normal,0.25w,20,recon_train,100,37136,299890,20,0.004090624992386438,0.01622495800256729,False
216,16,37216,81,normal,0.25w,20,identity,100,37136,299890,20,0.00016075000166893005,0.015305082997656427,False
216,17,37216,81,normal,0.25w,20,(before),100,37136,299890,20,0.0,0.01511620900419075,False
216,17,37216,81,normal,0.25w,20,B1_zero,100,37136,299890,20,0.00034050000249408185,0.015708499995525926,False
216,17,37216,81,normal,0.25w,20,B2_global_mean,100,37136,299890,20,0.00045287499960977584,0.021626707995892502,False
216,17,37216,81,normal,0.25w,20,B3_local_mean,100,37136,299890,20,0.0004910419957013801,0.018871167005272582,False
216,17,37216,81,normal,0.25w,20,B4_linear_interp,100,37136,299890,20,0.0006062089960323647,0.01987587499024812,False
216,17,37216,81,normal,0.25w,20,B5_gaussian,100,37136,299890,20,0.0013924999948358163,0.016861583004356362,False
216,17,37216,81,normal,0.25w,20,B6_shuffle,100,37136,299890,20,0.0005070840124972165,0.016938166008912958,False
216,17,37216,81,normal,0.25w,20,recon_test,100,37136,299890,20,0.019942541999625973,0.01663233399449382,False
216,17,37216,81,normal,0.25w,20,recon_train,100,37136,299890,20,0.004375958000309765,0.016685833004885353,False
216,17,37216,81,normal,0.25w,20,identity,100,37136,299890,20,0.0001847079984145239,0.016046250006183982,False
216,18,37216,81,normal,0.25w,20,(before),100,37136,299890,20,0.0,0.01881912500539329,False
216,18,37216,81,normal,0.25w,20,B1_zero,100,37136,299890,20,0.0005244579951977357,0.022270000001299195,False
216,18,37216,81,normal,0.25w,20,B2_global_mean,100,37136,299890,20,0.0004219999973429367,0.019842375011648983,False
216,18,37216,81,normal,0.25w,20,B3_local_mean,100,37136,299890,20,0.0007021250057732686,0.016699333005817607,False
216,18,37216,81,normal,0.25w,20,B4_linear_interp,100,37136,299890,20,0.0004448749969014898,0.018141667009331286,False
216,18,37216,81,normal,0.25w,20,B5_gaussian,100,37136,299890,20,0.0019954999879701063,0.01999804101069458,False
216,18,37216,81,normal,0.25w,20,B6_shuffle,100,37136,299890,20,0.0004959170037182048,0.020796625001821667,False
216,18,37216,81,normal,0.25w,20,recon_test,100,37136,299890,20,0.025443417005590163,0.019157292001182213,False
216,18,37216,81,normal,0.25w,20,recon_train,100,37136,299890,20,0.0038508339930558577,0.019510457990691066,False
216,18,37216,81,normal,0.25w,20,identity,100,37136,299890,20,0.00031037500593811274,0.018716666992986575,False
216,19,37216,81,normal,0.25w,20,(before),100,37136,299890,20,0.0,0.01815341701149009,False
216,19,37216,81,normal,0.25w,20,B1_zero,100,37136,299890,20,0.0004147080035181716,0.02043075000983663,False
216,19,37216,81,normal,0.25w,20,B2_global_mean,100,37136,299890,20,0.00039158300205599517,0.01948783300758805,False
216,19,37216,81,normal,0.25w,20,B3_local_mean,100,37136,299890,20,0.0004780830058734864,0.019089458000962622,False
216,19,37216,81,normal,0.25w,20,B4_linear_interp,100,37136,299890,20,0.0003879589930875227,0.018485332999262027,False
216,19,37216,81,normal,0.25w,20,B5_gaussian,100,37136,299890,20,0.0011187500058440492,0.020925958990119398,False
216,19,37216,81,normal,0.25w,20,B6_shuffle,100,37136,299890,20,0.0005452500045066699,0.019318792008562014,False
216,19,37216,81,normal,0.25w,20,recon_test,100,37136,299890,20,0.023914707999210805,0.018609416991239414,False
216,19,37216,81,normal,0.25w,20,recon_train,100,37136,299890,20,0.0035958749940618873,0.02289987499534618,False
216,19,37216,81,normal,0.25w,20,identity,100,37136,299890,20,0.0001846249942900613,0.019813249993603677,False
216,20,37216,81,normal,0.5w,41,(before),121,37136,299890,20,0.0,0.019614417004049756,False
216,20,37216,81,normal,0.5w,41,B1_zero,121,37136,299890,20,0.00038470799336209893,0.023245624994160607,False
216,20,37216,81,normal,0.5w,41,B2_global_mean,121,37136,299890,20,0.0003854580136248842,0.02275204200122971,False
216,20,37216,81,normal,0.5w,41,B3_local_mean,121,37136,299890,20,0.00044345900823827833,0.017574917001184076,False
216,20,37216,81,normal,0.5w,41,B4_linear_interp,121,37136,299890,20,0.0005735410086344928,0.02119370800210163,False
216,20,37216,81,normal,0.5w,41,B5_gaussian,121,37136,299890,20,0.0020709579985123128,0.018543167010648176,False
216,20,37216,81,normal,0.5w,41,B6_shuffle,121,37136,299890,20,0.0005388330027926713,0.021380707999924198,False
216,20,37216,81,normal,0.5w,41,recon_test,121,37136,299890,20,0.027761958001065068,0.022309708001557738,False
216,20,37216,81,normal,0.5w,41,recon_train,121,37136,299890,20,0.00376158399740234,0.018287541999598034,False
216,20,37216,81,normal,0.5w,41,identity,121,37136,299890,20,0.000302250002278015,0.022594083013245836,False
216,21,37216,81,normal,0.5w,41,(before),121,37136,299890,20,0.0,0.01724037500389386,False
216,21,37216,81,normal,0.5w,41,B1_zero,121,37136,299890,20,0.00036895899393130094,0.016787166008725762,False
216,21,37216,81,normal,0.5w,41,B2_global_mean,121,37136,299890,20,0.00039408299198839813,0.021300584005075507,False
216,21,37216,81,normal,0.5w,41,B3_local_mean,121,37136,299890,20,0.0006058750004740432,0.016700666994438507,False
216,21,37216,81,normal,0.5w,41,B4_linear_interp,121,37136,299890,20,0.0003224579995730892,0.019091875001322478,False
216,21,37216,81,normal,0.5w,41,B5_gaussian,121,37136,299890,20,0.001513957991846837,0.017391041008522734,False
216,21,37216,81,normal,0.5w,41,B6_shuffle,121,37136,299890,20,0.00037641699600499123,0.018379916000412777,False
216,21,37216,81,normal,0.5w,41,recon_test,121,37136,299890,20,0.020996082996134646,0.021887208000407554,False
216,21,37216,81,normal,0.5w,41,recon_train,121,37136,299890,20,0.003591375003452413,0.018417125000269152,False
216,21,37216,81,normal,0.5w,41,identity,121,37136,299890,20,0.00019229200552217662,0.016675374994520098,False
216,22,37216,81,normal,0.5w,41,(before),121,37136,299890,20,0.0,0.022970624995650724,False
216,22,37216,81,normal,0.5w,41,B1_zero,121,37136,299890,20,0.00035279200528748333,0.018431874996167608,False
216,22,37216,81,normal,0.5w,41,B2_global_mean,121,37136,299890,20,0.0006239590002223849,0.02088174999516923,False
216,22,37216,81,normal,0.5w,41,B3_local_mean,121,37136,299890,20,0.0004122079990338534,0.01981429199804552,False
216,22,37216,81,normal,0.5w,41,B4_linear_interp,121,37136,299890,20,0.000493874991661869,0.016453249991172925,False
216,22,37216,81,normal,0.5w,41,B5_gaussian,121,37136,299890,20,0.001824166000005789,0.017888917005620897,False
216,22,37216,81,normal,0.5w,41,B6_shuffle,121,37136,299890,20,0.0003333329950692132,0.01652220899995882,False
216,22,37216,81,normal,0.5w,41,recon_test,121,37136,299890,20,0.021089124988066033,0.01675049999903422,False
216,22,37216,81,normal,0.5w,41,recon_train,121,37136,299890,20,0.003682790993480012,0.018757459009066224,False
216,22,37216,81,normal,0.5w,41,identity,121,37136,299890,20,0.00033650000113993883,0.021861957997316495,False
216,23,37216,81,normal,0.5w,41,(before),121,37136,299890,20,0.0,0.020528708992060274,False
216,23,37216,81,normal,0.5w,41,B1_zero,121,37136,299890,20,0.0005790419963886961,0.02095937500416767,False
216,23,37216,81,normal,0.5w,41,B2_global_mean,121,37136,299890,20,0.0009560000034980476,0.017987625004025176,False
216,23,37216,81,normal,0.5w,41,B3_local_mean,121,37136,299890,20,0.0004565410054055974,0.021409499997389503,False
216,23,37216,81,normal,0.5w,41,B4_linear_interp,121,37136,299890,20,0.00038174999644979835,0.01605691699660383,False
216,23,37216,81,normal,0.5w,41,B5_gaussian,121,37136,299890,20,0.0011047499865526333,0.017413915993529372,False
216,23,37216,81,normal,0.5w,41,B6_shuffle,121,37136,299890,20,0.00033637500018812716,0.016427624999778345,False
216,23,37216,81,normal,0.5w,41,recon_test,121,37136,299890,20,0.027400749997468665,0.018311667008674704,False
216,23,37216,81,normal,0.5w,41,recon_train,121,37136,299890,20,0.00449262501206249,0.017483625008026138,False
216,23,37216,81,normal,0.5w,41,identity,121,37136,299890,20,0.00034124999365303665,0.018260875003761612,False
216,24,37216,81,normal,0.5w,41,(before),121,37136,299890,20,0.0,0.015335165997385047,False
216,24,37216,81,normal,0.5w,41,B1_zero,121,37136,299890,20,0.0004603749985108152,0.015667916988604702,False
216,24,37216,81,normal,0.5w,41,B2_global_mean,121,37136,299890,20,0.000596124998992309,0.0172368329949677,False
216,24,37216,81,normal,0.5w,41,B3_local_mean,121,37136,299890,20,0.00037708300806116313,0.01896879100240767,False
216,24,37216,81,normal,0.5w,41,B4_linear_interp,121,37136,299890,20,0.0004080829967278987,0.018074167004670016,False
216,24,37216,81,normal,0.5w,41,B5_gaussian,121,37136,299890,20,0.0019403339974815026,0.016572042004554532,False
216,24,37216,81,normal,0.5w,41,B6_shuffle,121,37136,299890,20,0.00036466600431595,0.0180032089992892,False
216,24,37216,81,normal,0.5w,41,recon_test,121,37136,299890,20,0.023032125012832694,0.01722558299661614,False
216,24,37216,81,normal,0.5w,41,recon_train,121,37136,299890,20,0.003509542002575472,0.021198832997470163,False
216,24,37216,81,normal,0.5w,41,identity,121,37136,299890,20,0.0004148339940002188,0.01821929200377781,False
216,25,37216,81,normal,0.5w,41,(before),121,37136,299890,20,0.0,0.017474416992627084,False
216,25,37216,81,normal,0.5w,41,B1_zero,121,37136,299890,20,0.0004975420015398413,0.016686292001395486,False
216,25,37216,81,normal,0.5w,41,B2_global_mean,121,37136,299890,20,0.0004305420006858185,0.016806209008791484,False
216,25,37216,81,normal,0.5w,41,B3_local_mean,121,37136,299890,20,0.0007164170092437416,0.019768458005273715,False
216,25,37216,81,normal,0.5w,41,B4_linear_interp,121,37136,299890,20,0.0003942500043194741,0.016685374997905456,False
216,25,37216,81,normal,0.5w,41,B5_gaussian,121,37136,299890,20,0.0010169169981963933,0.0198878329974832,False
216,25,37216,81,normal,0.5w,41,B6_shuffle,121,37136,299890,20,0.00040266700671054423,0.01879025000380352,False
216,25,37216,81,normal,0.5w,41,recon_test,121,37136,299890,20,0.019282583991298452,0.018665958996280096,False
216,25,37216,81,normal,0.5w,41,recon_train,121,37136,299890,20,0.004107959000975825,0.021689167013391852,False
216,25,37216,81,normal,0.5w,41,identity,121,37136,299890,20,0.00018662500951904804,0.017557917002704926,False
216,26,37216,81,normal,0.5w,41,(before),121,37136,299890,20,0.0,0.020495666001806967,False
216,26,37216,81,normal,0.5w,41,B1_zero,121,37136,299890,20,0.00047562499821651727,0.020581665987265296,False
216,26,37216,81,normal,0.5w,41,B2_global_mean,121,37136,299890,20,0.00042616699647624046,0.019447625003522262,False
216,26,37216,81,normal,0.5w,41,B3_local_mean,121,37136,299890,20,0.000635791991953738,0.018108165997546166,False
216,26,37216,81,normal,0.5w,41,B4_linear_interp,121,37136,299890,20,0.0004569159937091172,0.016948333999607712,False
216,26,37216,81,normal,0.5w,41,B5_gaussian,121,37136,299890,20,0.0011074579961132258,0.021190707993810065,False
216,26,37216,81,normal,0.5w,41,B6_shuffle,121,37136,299890,20,0.0003476249985396862,0.0205675409961259,False
216,26,37216,81,normal,0.5w,41,recon_test,121,37136,299890,20,0.02597050000622403,0.020582875004038215,False
216,26,37216,81,normal,0.5w,41,recon_train,121,37136,299890,20,0.0048134579992620274,0.02037187499809079,False
216,26,37216,81,normal,0.5w,41,identity,121,37136,299890,20,0.00018962498870678246,0.018836374991224147,False
216,27,37216,81,normal,0.5w,41,(before),121,37136,299890,20,0.0,0.01934054199955426,False
216,27,37216,81,normal,0.5w,41,B1_zero,121,37136,299890,20,0.0003572080022422597,0.019864874993800186,False
216,27,37216,81,normal,0.5w,41,B2_global_mean,121,37136,299890,20,0.0004010419943369925,0.01795500000298489,False
216,27,37216,81,normal,0.5w,41,B3_local_mean,121,37136,299890,20,0.00043858299613930285,0.018293041997822,False
216,27,37216,81,normal,0.5w,41,B4_linear_interp,121,37136,299890,20,0.0005039579991716892,0.03318050000234507,False
216,27,37216,81,normal,0.5w,41,B5_gaussian,121,37136,299890,20,0.0015405000012833625,0.02053720800904557,False
216,27,37216,81,normal,0.5w,41,B6_shuffle,121,37136,299890,20,0.0003852079971693456,0.031333792008808814,False
216,27,37216,81,normal,0.5w,41,recon_test,121,37136,299890,20,0.022859624994453043,0.01832575000298675,False
216,27,37216,81,normal,0.5w,41,recon_train,121,37136,299890,20,0.00375558300584089,0.022888916995725594,False
216,27,37216,81,normal,0.5w,41,identity,121,37136,299890,20,0.00019012500706594437,0.018799917001160793,False
216,28,37216,81,normal,0.5w,41,(before),121,37136,299890,20,0.0,0.01912133400037419,False
216,28,37216,81,normal,0.5w,41,B1_zero,121,37136,299890,20,0.00027583401242736727,0.017979457988985814,False
216,28,37216,81,normal,0.5w,41,B2_global_mean,121,37136,299890,20,0.0006378340040100738,0.017775250002159737,False
216,28,37216,81,normal,0.5w,41,B3_local_mean,121,37136,299890,20,0.0006372920033754781,0.021882625005673617,False
216,28,37216,81,normal,0.5w,41,B4_linear_interp,121,37136,299890,20,0.0003634590102592483,0.018580957999802195,False
216,28,37216,81,normal,0.5w,41,B5_gaussian,121,37136,299890,20,0.0011392080050427467,0.02015370900335256,False
216,28,37216,81,normal,0.5w,41,B6_shuffle,121,37136,299890,20,0.00039583399484399706,0.015383959005703218,False
216,28,37216,81,normal,0.5w,41,recon_test,121,37136,299890,20,0.01943933399161324,0.0161677919968497,False
216,28,37216,81,normal,0.5w,41,recon_train,121,37136,299890,20,0.004233250001561828,0.020143166999332607,False
216,28,37216,81,normal,0.5w,41,identity,121,37136,299890,20,0.0001834579888964072,0.016905000011320226,False
216,29,37216,81,normal,0.5w,41,(before),121,37136,299890,20,0.0,0.018513375005568378,False
216,29,37216,81,normal,0.5w,41,B1_zero,121,37136,299890,20,0.00043666599958669394,0.016790624998975545,False
216,29,37216,81,normal,0.5w,41,B2_global_mean,121,37136,299890,20,0.000411375003750436,0.01991204200021457,False
216,29,37216,81,normal,0.5w,41,B3_local_mean,121,37136,299890,20,0.00040699999954085797,0.0177363339898875,False
216,29,37216,81,normal,0.5w,41,B4_linear_interp,121,37136,299890,20,0.00044912500015925616,0.01687962499272544,False
216,29,37216,81,normal,0.5w,41,B5_gaussian,121,37136,299890,20,0.0012014999956591055,0.01556012500077486,False
216,29,37216,81,normal,0.5w,41,B6_shuffle,121,37136,299890,20,0.0003040000010514632,0.015843708999454975,False
216,29,37216,81,normal,0.5w,41,recon_test,121,37136,299890,20,0.02050766599131748,0.016656332998536527,False
216,29,37216,81,normal,0.5w,41,recon_train,121,37136,299890,20,0.0041992500046035275,0.020585667007253505,False
216,29,37216,81,normal,0.5w,41,identity,121,37136,299890,20,0.00016799999866634607,0.019643457999336533,False
216,30,37216,81,normal,0.5w,41,(before),121,37136,299890,20,0.0,0.019272208999609575,False
216,30,37216,81,normal,0.5w,41,B1_zero,121,37136,299890,20,0.0002948750043287873,0.02018375000625383,False
216,30,37216,81,normal,0.5w,41,B2_global_mean,121,37136,299890,20,0.0004465829988475889,0.02168750000419095,False
216,30,37216,81,normal,0.5w,41,B3_local_mean,121,37136,299890,20,0.0006327080045593902,0.019557040999643505,False
216,30,37216,81,normal,0.5w,41,B4_linear_interp,121,37136,299890,20,0.00042074998782482,0.019173458000295796,False
216,30,37216,81,normal,0.5w,41,B5_gaussian,121,37136,299890,20,0.0013278340047691017,0.020327040998381563,False
216,30,37216,81,normal,0.5w,41,B6_shuffle,121,37136,299890,20,0.00034941699414048344,0.02003300000797026,False
216,30,37216,81,normal,0.5w,41,recon_test,121,37136,299890,20,0.020049625003593974,0.017113458990934305,False
216,30,37216,81,normal,0.5w,41,recon_train,121,37136,299890,20,0.003342500000144355,0.021552666992647573,False
216,30,37216,81,normal,0.5w,41,identity,121,37136,299890,20,0.00018458299746271223,0.01756895899598021,False
216,31,37216,81,normal,0.5w,41,(before),121,37136,299890,20,0.0,0.016357499989680946,False
216,31,37216,81,normal,0.5w,41,B1_zero,121,37136,299890,20,0.0003965840005548671,0.015822792003746144,False
216,31,37216,81,normal,0.5w,41,B2_global_mean,121,37136,299890,20,0.0005512499919859692,0.017944666993571445,False
216,31,37216,81,normal,0.5w,41,B3_local_mean,121,37136,299890,20,0.0004684590094257146,0.018600082999910228,False
216,31,37216,81,normal,0.5w,41,B4_linear_interp,121,37136,299890,20,0.0005604999896604568,0.019418625000980683,False
216,31,37216,81,normal,0.5w,41,B5_gaussian,121,37136,299890,20,0.0011870419984916225,0.020175999990897253,False
216,31,37216,81,normal,0.5w,41,B6_shuffle,121,37136,299890,20,0.00033237501338589936,0.015929250002955087,False
216,31,37216,81,normal,0.5w,41,recon_test,121,37136,299890,20,0.019648415996925905,0.015873332988121547,False
216,31,37216,81,normal,0.5w,41,recon_train,121,37136,299890,20,0.003918207992683165,0.01907408300030511,False
216,31,37216,81,normal,0.5w,41,identity,121,37136,299890,20,0.00027679200866259634,0.017893417010782287,False
216,32,37216,81,normal,0.5w,41,(before),121,37136,299890,20,0.0,0.01794349998817779,False
216,32,37216,81,normal,0.5w,41,B1_zero,121,37136,299890,20,0.0004369169910205528,0.016324124997481704,False
216,32,37216,81,normal,0.5w,41,B2_global_mean,121,37136,299890,20,0.0004552909958874807,0.018422041001031175,False
216,32,37216,81,normal,0.5w,41,B3_local_mean,121,37136,299890,20,0.00042258299072273076,0.01680395900621079,False
216,32,37216,81,normal,0.5w,41,B4_linear_interp,121,37136,299890,20,0.00037104199873283505,0.023544457988464274,False
216,32,37216,81,normal,0.5w,41,B5_gaussian,121,37136,299890,20,0.0010856250009965152,0.027067583010648377,False
216,32,37216,81,normal,0.5w,41,B6_shuffle,121,37136,299890,20,0.00038554100319743156,0.02083262499945704,False
216,32,37216,81,normal,0.5w,41,recon_test,121,37136,299890,20,0.021792125000501983,0.019829917000606656,False
216,32,37216,81,normal,0.5w,41,recon_train,121,37136,299890,20,0.003489499998977408,0.018022707998170517,False
216,32,37216,81,normal,0.5w,41,identity,121,37136,299890,20,0.0002966250031022355,0.016168125002877787,False
216,33,37216,81,normal,0.5w,41,(before),121,37136,299890,20,0.0,0.01734687499993015,False
216,33,37216,81,normal,0.5w,41,B1_zero,121,37136,299890,20,0.0005866249994141981,0.01751325000077486,False
216,33,37216,81,normal,0.5w,41,B2_global_mean,121,37136,299890,20,0.0005290830013109371,0.017492958999355324,False
216,33,37216,81,normal,0.5w,41,B3_local_mean,121,37136,299890,20,0.00043279200326651335,0.020034000001032837,False
216,33,37216,81,normal,0.5w,41,B4_linear_interp,121,37136,299890,20,0.0007487499970011413,0.02566899999510497,False
216,33,37216,81,normal,0.5w,41,B5_gaussian,121,37136,299890,20,0.0010740830039139837,0.021933208001428284,False
216,33,37216,81,normal,0.5w,41,B6_shuffle,121,37136,299890,20,0.00033187499502673745,0.01920899999095127,False
216,33,37216,81,normal,0.5w,41,recon_test,121,37136,299890,20,0.024848333006957546,0.017210040998179466,False
216,33,37216,81,normal,0.5w,41,recon_train,121,37136,299890,20,0.003920541988918558,0.018828541011316702,False
216,33,37216,81,normal,0.5w,41,identity,121,37136,299890,20,0.00028366700280457735,0.020432334000361152,False
216,34,37216,81,normal,0.5w,41,(before),121,37136,299890,20,0.0,0.01931008300743997,False
216,34,37216,81,normal,0.5w,41,B1_zero,121,37136,299890,20,0.000439584007835947,0.01584283400734421,False
216,34,37216,81,normal,0.5w,41,B2_global_mean,121,37136,299890,20,0.0003658330097096041,0.01911308299168013,False
216,34,37216,81,normal,0.5w,41,B3_local_mean,121,37136,299890,20,0.0007576250063721091,0.02160179099882953,False
216,34,37216,81,normal,0.5w,41,B4_linear_interp,121,37136,299890,20,0.00040691699541639537,0.018260208002175204,False
216,34,37216,81,normal,0.5w,41,B5_gaussian,121,37136,299890,20,0.0010264579905197024,0.021535791995120235,False
216,34,37216,81,normal,0.5w,41,B6_shuffle,121,37136,299890,20,0.00045404200500342995,0.019449625004199333,False
216,34,37216,81,normal,0.5w,41,recon_test,121,37136,299890,20,0.018842125005903654,0.019936708005843684,False
216,34,37216,81,normal,0.5w,41,recon_train,121,37136,299890,20,0.00363204198947642,0.022484125001938082,False
216,34,37216,81,normal,0.5w,41,identity,121,37136,299890,20,0.00020220800070092082,0.018661750000319444,False
216,35,37216,81,normal,0.5w,41,(before),121,37136,299890,20,0.0,0.018615375010995194,False
216,35,37216,81,normal,0.5w,41,B1_zero,121,37136,299890,20,0.00030454200168605894,0.0192379579966655,False
216,35,37216,81,normal,0.5w,41,B2_global_mean,121,37136,299890,20,0.00035916699562221766,0.026350540996645577,False
216,35,37216,81,normal,0.5w,41,B3_local_mean,121,37136,299890,20,0.0004127080028411001,0.021500999995623715,False
216,35,37216,81,normal,0.5w,41,B4_linear_interp,121,37136,299890,20,0.0003901250020135194,0.020698124993941747,False
216,35,37216,81,normal,0.5w,41,B5_gaussian,121,37136,299890,20,0.0011562079889699817,0.018072042003041133,False
216,35,37216,81,normal,0.5w,41,B6_shuffle,121,37136,299890,20,0.00029995900695212185,0.016196708005736582,False
216,35,37216,81,normal,0.5w,41,recon_test,121,37136,299890,20,0.022222915999009274,0.02141562500037253,False
216,35,37216,81,normal,0.5w,41,recon_train,121,37136,299890,20,0.003956291999202222,0.018435499994666316,False
216,35,37216,81,normal,0.5w,41,identity,121,37136,299890,20,0.00015991598775144666,0.01873408298706636,False
216,36,37216,81,normal,0.5w,41,(before),121,37136,299890,20,0.0,0.016066249998402782,False
216,36,37216,81,normal,0.5w,41,B1_zero,121,37136,299890,20,0.00027908399351872504,0.018297667003935203,False
216,36,37216,81,normal,0.5w,41,B2_global_mean,121,37136,299890,20,0.000686792001943104,0.018659708002815023,False
216,36,37216,81,normal,0.5w,41,B3_local_mean,121,37136,299890,20,0.0004818749875994399,0.018376958003500476,False
216,36,37216,81,normal,0.5w,41,B4_linear_interp,121,37136,299890,20,0.0005868330044904724,0.019486500008497387,False
216,36,37216,81,normal,0.5w,41,B5_gaussian,121,37136,299890,20,0.0013189999881433323,0.017905625005369075,False
216,36,37216,81,normal,0.5w,41,B6_shuffle,121,37136,299890,20,0.00045604200568050146,0.021658041994669475,False
216,36,37216,81,normal,0.5w,41,recon_test,121,37136,299890,20,0.02143087500007823,0.017804540999350138,False
216,36,37216,81,normal,0.5w,41,recon_train,121,37136,299890,20,0.0037109580007381737,0.017515792002086528,False
216,36,37216,81,normal,0.5w,41,identity,121,37136,299890,20,0.0001667500037001446,0.017818374995840713,False
216,37,37216,81,normal,0.5w,41,(before),121,37136,299890,20,0.0,0.020536083000479266,False
216,37,37216,81,normal,0.5w,41,B1_zero,121,37136,299890,20,0.0006413750088540837,0.020046167002874427,False
216,37,37216,81,normal,0.5w,41,B2_global_mean,121,37136,299890,20,0.0003767080052057281,0.025056124999537133,False
216,37,37216,81,normal,0.5w,41,B3_local_mean,121,37136,299890,20,0.00045245799992699176,0.0179178339894861,False
216,37,37216,81,normal,0.5w,41,B4_linear_interp,121,37136,299890,20,0.000531375000718981,0.014901292001013644,False
216,37,37216,81,normal,0.5w,41,B5_gaussian,121,37136,299890,20,0.0012076249986421317,0.01886058300442528,False
216,37,37216,81,normal,0.5w,41,B6_shuffle,121,37136,299890,20,0.0005195830017328262,0.01692933400045149,False
216,37,37216,81,normal,0.5w,41,recon_test,121,37136,299890,20,0.020164625006145798,0.021106792002683505,False
216,37,37216,81,normal,0.5w,41,recon_train,121,37136,299890,20,0.0035510830057319254,0.019399917000555433,False
216,37,37216,81,normal,0.5w,41,identity,121,37136,299890,20,0.0004789589875144884,0.020094708001124673,False
216,38,37216,81,normal,0.5w,41,(before),121,37136,299890,20,0.0,0.016054125007940456,False
216,38,37216,81,normal,0.5w,41,B1_zero,121,37136,299890,20,0.0007103340030880645,0.016902417002711445,False
216,38,37216,81,normal,0.5w,41,B2_global_mean,121,37136,299890,20,0.0005192919925320894,0.016445708999526687,False
216,38,37216,81,normal,0.5w,41,B3_local_mean,121,37136,299890,20,0.0004499159986153245,0.019591332995332778,False
216,38,37216,81,normal,0.5w,41,B4_linear_interp,121,37136,299890,20,0.0006240840011741966,0.01682483300101012,False
216,38,37216,81,normal,0.5w,41,B5_gaussian,121,37136,299890,20,0.0014026249991729856,0.01504087500507012,False
216,38,37216,81,normal,0.5w,41,B6_shuffle,121,37136,299890,20,0.0003497500001685694,0.017916541997692548,False
216,38,37216,81,normal,0.5w,41,recon_test,121,37136,299890,20,0.019089375011390075,0.019973250004113652,False
216,38,37216,81,normal,0.5w,41,recon_train,121,37136,299890,20,0.003844584003672935,0.020703125002910383,False
216,38,37216,81,normal,0.5w,41,identity,121,37136,299890,20,0.00016266600869130343,0.02161283300665673,False
216,39,37216,81,normal,0.5w,41,(before),121,37136,299890,20,0.0,0.015614040996297263,False
216,39,37216,81,normal,0.5w,41,B1_zero,121,37136,299890,20,0.0005190420051803812,0.017316833007498644,False
216,39,37216,81,normal,0.5w,41,B2_global_mean,121,37136,299890,20,0.0006963749910937622,0.017664291997789405,False
216,39,37216,81,normal,0.5w,41,B3_local_mean,121,37136,299890,20,0.0004567500000121072,0.02114175001042895,False
216,39,37216,81,normal,0.5w,41,B4_linear_interp,121,37136,299890,20,0.0004920000064885244,0.017711665990645997,False
216,39,37216,81,normal,0.5w,41,B5_gaussian,121,37136,299890,20,0.0010485420061741024,0.019734832996618934,False
216,39,37216,81,normal,0.5w,41,B6_shuffle,121,37136,299890,20,0.0005260840116534382,0.017335249998723157,False
216,39,37216,81,normal,0.5w,41,recon_test,121,37136,299890,20,0.021915542005444877,0.021620125000481494,False
216,39,37216,81,normal,0.5w,41,recon_train,121,37136,299890,20,0.00424812501296401,0.01970545799122192,False
216,39,37216,81,normal,0.5w,41,identity,121,37136,299890,20,0.00028908299282193184,0.0174862919957377,False
216,40,37216,81,normal,1.0w,81,(before),161,37136,299890,20,0.0,0.01841966700158082,False
216,40,37216,81,normal,1.0w,81,B1_zero,161,37136,299890,20,0.00034825000329874456,0.0234749160008505,False
216,40,37216,81,normal,1.0w,81,B2_global_mean,161,37136,299890,20,0.00048637499276082963,0.02352850000897888,False
216,40,37216,81,normal,1.0w,81,B3_local_mean,161,37136,299890,20,0.00040425000770483166,0.01841570800752379,False
216,40,37216,81,normal,1.0w,81,B4_linear_interp,161,37136,299890,20,0.00033045800228137523,0.021964749990729615,False
216,40,37216,81,normal,1.0w,81,B5_gaussian,161,37136,299890,20,0.0010214999929303303,0.021379624988185242,False
216,40,37216,81,normal,1.0w,81,B6_shuffle,161,37136,299890,20,0.00035154099168721586,0.021063874999526888,False
216,40,37216,81,normal,1.0w,81,recon_test,161,37136,299890,20,0.020437749990378506,0.019362167004146613,False
216,40,37216,81,normal,1.0w,81,recon_train,161,37136,299890,20,0.003600374999223277,0.021799124995595776,False
216,40,37216,81,normal,1.0w,81,identity,161,37136,299890,20,0.00014579101116396487,0.022351833002176136,False
216,41,37216,81,normal,1.0w,81,(before),161,37136,299890,20,0.0,0.02226379100466147,False
216,41,37216,81,normal,1.0w,81,B1_zero,161,37136,299890,20,0.0003557500021997839,0.018628833000548184,False
216,41,37216,81,normal,1.0w,81,B2_global_mean,161,37136,299890,20,0.00046112500422168523,0.021435207992908545,False
216,41,37216,81,normal,1.0w,81,B3_local_mean,161,37136,299890,20,0.0008083330030785874,0.021177333997911774,False
216,41,37216,81,normal,1.0w,81,B4_linear_interp,161,37136,299890,20,0.00036187500518281013,0.021686249994672835,False
216,41,37216,81,normal,1.0w,81,B5_gaussian,161,37136,299890,20,0.0010313749953638762,0.021470957988640293,False
216,41,37216,81,normal,1.0w,81,B6_shuffle,161,37136,299890,20,0.0004852079873671755,0.017544999995152466,False
216,41,37216,81,normal,1.0w,81,recon_test,161,37136,299890,20,0.023361166997347027,0.019361041006050073,False
216,41,37216,81,normal,1.0w,81,recon_train,161,37136,299890,20,0.003583958008675836,0.018799750003381632,False
216,41,37216,81,normal,1.0w,81,identity,161,37136,299890,20,0.00021816699882037938,0.023260041998582892,False
216,42,37216,81,normal,1.0w,81,(before),161,37136,299890,20,0.0,0.01903399999719113,False
216,42,37216,81,normal,1.0w,81,B1_zero,161,37136,299890,20,0.0003072500112466514,0.022863666992634535,False
216,42,37216,81,normal,1.0w,81,B2_global_mean,161,37136,299890,20,0.00046670901065226644,0.02231991601001937,False
216,42,37216,81,normal,1.0w,81,B3_local_mean,161,37136,299890,20,0.00044079199142288417,0.02058095899701584,False
216,42,37216,81,normal,1.0w,81,B4_linear_interp,161,37136,299890,20,0.0004064169916091487,0.019767375008086674,False
216,42,37216,81,normal,1.0w,81,B5_gaussian,161,37136,299890,20,0.0009741250105435029,0.02122375000908505,False
216,42,37216,81,normal,1.0w,81,B6_shuffle,161,37136,299890,20,0.00048795799375511706,0.02293729200027883,False
216,42,37216,81,normal,1.0w,81,recon_test,161,37136,299890,20,0.02221262498642318,0.02183916699141264,False
216,42,37216,81,normal,1.0w,81,recon_train,161,37136,299890,20,0.004061415995238349,0.018806833002599888,False
216,42,37216,81,normal,1.0w,81,identity,161,37136,299890,20,0.00017879200458992273,0.02085166699544061,False
216,43,37216,81,normal,1.0w,81,(before),161,37136,299890,20,0.0,0.021243000010144897,False
216,43,37216,81,normal,1.0w,81,B1_zero,161,37136,299890,20,0.0004963749961461872,0.023434041999280453,False
216,43,37216,81,normal,1.0w,81,B2_global_mean,161,37136,299890,20,0.0004169169988017529,0.024193625009502284,False
216,43,37216,81,normal,1.0w,81,B3_local_mean,161,37136,299890,20,0.0008831660088617355,0.02329058300529141,False
216,43,37216,81,normal,1.0w,81,B4_linear_interp,161,37136,299890,20,0.00033758400240913033,0.01882716699037701,False
216,43,37216,81,normal,1.0w,81,B5_gaussian,161,37136,299890,20,0.0009656249894760549,0.022256458993069828,False
216,43,37216,81,normal,1.0w,81,B6_shuffle,161,37136,299890,20,0.0004821250040549785,0.022727666000719182,False
216,43,37216,81,normal,1.0w,81,recon_test,161,37136,299890,20,0.020926291006617248,0.01802004199998919,False
216,43,37216,81,normal,1.0w,81,recon_train,161,37136,299890,20,0.00356120899959933,0.021431125001981854,False
216,43,37216,81,normal,1.0w,81,identity,161,37136,299890,20,0.00016708399925846606,0.0187338340037968,False
216,44,37216,81,normal,1.0w,81,(before),161,37136,299890,20,0.0,0.02231545900576748,False
216,44,37216,81,normal,1.0w,81,B1_zero,161,37136,299890,20,0.0003160839987685904,0.01961779200064484,False
216,44,37216,81,normal,1.0w,81,B2_global_mean,161,37136,299890,20,0.00036733399610966444,0.020403666989295743,False
216,44,37216,81,normal,1.0w,81,B3_local_mean,161,37136,299890,20,0.0007924590026959777,0.020653542000218295,False
216,44,37216,81,normal,1.0w,81,B4_linear_interp,161,37136,299890,20,0.0004013330035377294,0.023132917005568743,False
216,44,37216,81,normal,1.0w,81,B5_gaussian,161,37136,299890,20,0.0015202919894363731,0.024001333003980108,False
216,44,37216,81,normal,1.0w,81,B6_shuffle,161,37136,299890,20,0.0005552499933401123,0.01826841699949,False
216,44,37216,81,normal,1.0w,81,recon_test,161,37136,299890,20,0.02389041600690689,0.020496292010648176,False
216,44,37216,81,normal,1.0w,81,recon_train,161,37136,299890,20,0.00427241699071601,0.02123283300898038,False
216,44,37216,81,normal,1.0w,81,identity,161,37136,299890,20,0.0001979590015253052,0.018526665997342207,False
216,45,37216,81,normal,1.0w,81,(before),161,37136,299890,20,0.0,0.02181245799874887,False
216,45,37216,81,normal,1.0w,81,B1_zero,161,37136,299890,20,0.0006395000091288239,0.018096000014338642,False
216,45,37216,81,normal,1.0w,81,B2_global_mean,161,37136,299890,20,0.0003651250008260831,0.019010709002031945,False
216,45,37216,81,normal,1.0w,81,B3_local_mean,161,37136,299890,20,0.0005945419979980215,0.020737540995469317,False
216,45,37216,81,normal,1.0w,81,B4_linear_interp,161,37136,299890,20,0.00036962500598747283,0.021169707993976772,False
216,45,37216,81,normal,1.0w,81,B5_gaussian,161,37136,299890,20,0.0011067919986089692,0.021323167005903088,False
216,45,37216,81,normal,1.0w,81,B6_shuffle,161,37136,299890,20,0.00040229099977295846,0.021061417006421834,False
216,45,37216,81,normal,1.0w,81,recon_test,161,37136,299890,20,0.025785833000554703,0.03460866698878817,False
216,45,37216,81,normal,1.0w,81,recon_train,161,37136,299890,20,0.00412812500144355,0.034736208006506786,False
216,45,37216,81,normal,1.0w,81,identity,161,37136,299890,20,0.0003506250068312511,0.022459917003288865,False
216,46,37216,81,normal,1.0w,81,(before),161,37136,299890,20,0.0,0.022758542007068172,False
216,46,37216,81,normal,1.0w,81,B1_zero,161,37136,299890,20,0.0005234589916653931,0.021426166989840567,False
216,46,37216,81,normal,1.0w,81,B2_global_mean,161,37136,299890,20,0.0007519170030718669,0.02232608299527783,False
216,46,37216,81,normal,1.0w,81,B3_local_mean,161,37136,299890,20,0.00045941700227558613,0.01926633299444802,False
216,46,37216,81,normal,1.0w,81,B4_linear_interp,161,37136,299890,20,0.0005853329930687323,0.018666667005163617,False
216,46,37216,81,normal,1.0w,81,B5_gaussian,161,37136,299890,20,0.001482666004449129,0.023648250004043803,False
216,46,37216,81,normal,1.0w,81,B6_shuffle,161,37136,299890,20,0.0003007500054081902,0.02404458398814313,False
216,46,37216,81,normal,1.0w,81,recon_test,161,37136,299890,20,0.022160374996019527,0.024572958005592227,False
216,46,37216,81,normal,1.0w,81,recon_train,161,37136,299890,20,0.003616999994846992,0.020896332993288524,False
216,46,37216,81,normal,1.0w,81,identity,161,37136,299890,20,0.000277083003311418,0.024725499999476597,False
216,47,37216,81,normal,1.0w,81,(before),161,37136,299890,20,0.0,0.022006750004948117,False
216,47,37216,81,normal,1.0w,81,B1_zero,161,37136,299890,20,0.00034449998929630965,0.026594499999191612,False
216,47,37216,81,normal,1.0w,81,B2_global_mean,161,37136,299890,20,0.0004947910056216642,0.018146874994272366,False
216,47,37216,81,normal,1.0w,81,B3_local_mean,161,37136,299890,20,0.000569708994589746,0.022700500005157664,False
216,47,37216,81,normal,1.0w,81,B4_linear_interp,161,37136,299890,20,0.0006220409995876253,0.023025999995297752,False
216,47,37216,81,normal,1.0w,81,B5_gaussian,161,37136,299890,20,0.001058041991200298,0.021208291000220925,False
216,47,37216,81,normal,1.0w,81,B6_shuffle,161,37136,299890,20,0.00031895899155642837,0.022679041008814238,False
216,47,37216,81,normal,1.0w,81,recon_test,161,37136,299890,20,0.02002712499233894,0.021965624997392297,False
216,47,37216,81,normal,1.0w,81,recon_train,161,37136,299890,20,0.007136250002076849,0.022722958005033433,False
216,47,37216,81,normal,1.0w,81,identity,161,37136,299890,20,0.00037799999699927866,0.020759541002917103,False
216,48,37216,81,normal,1.0w,81,(before),161,37136,299890,20,0.0,0.01836566600832157,False
216,48,37216,81,normal,1.0w,81,B1_zero,161,37136,299890,20,0.00031745899468660355,0.022117999993497506,False
216,48,37216,81,normal,1.0w,81,B2_global_mean,161,37136,299890,20,0.00035733300319407135,0.017402333003701642,False
216,48,37216,81,normal,1.0w,81,B3_local_mean,161,37136,299890,20,0.0004016659950139001,0.01943924999795854,False
216,48,37216,81,normal,1.0w,81,B4_linear_interp,161,37136,299890,20,0.0004219999973429367,0.022441333989263512,False
216,48,37216,81,normal,1.0w,81,B5_gaussian,161,37136,299890,20,0.0010313329985365272,0.020902374992147088,False
216,48,37216,81,normal,1.0w,81,B6_shuffle,161,37136,299890,20,0.0004477079928619787,0.01826520801114384,False
216,48,37216,81,normal,1.0w,81,recon_test,161,37136,299890,20,0.024364000011701137,0.023744417005218565,False
216,48,37216,81,normal,1.0w,81,recon_train,161,37136,299890,20,0.004200625000521541,0.018759667000267655,False
216,48,37216,81,normal,1.0w,81,identity,161,37136,299890,20,0.00033679199987091124,0.019989334003184922,False
216,49,37216,81,normal,1.0w,81,(before),161,37136,299890,20,0.0,0.021886125003220513,False
216,49,37216,81,normal,1.0w,81,B1_zero,161,37136,299890,20,0.0003187909896951169,0.021611500007566065,False
216,49,37216,81,normal,1.0w,81,B2_global_mean,161,37136,299890,20,0.0006786250014556572,0.02010479199816473,False
216,49,37216,81,normal,1.0w,81,B3_local_mean,161,37136,299890,20,0.0004580829991027713,0.02200841599551495,False
216,49,37216,81,normal,1.0w,81,B4_linear_interp,161,37136,299890,20,0.0004219169932184741,0.020436541992239654,False
216,49,37216,81,normal,1.0w,81,B5_gaussian,161,37136,299890,20,0.002150625005015172,0.0216225839976687,False
216,49,37216,81,normal,1.0w,81,B6_shuffle,161,37136,299890,20,0.0003332920023240149,0.02364329200645443,False
216,49,37216,81,normal,1.0w,81,recon_test,161,37136,299890,20,0.018422332999762148,0.019780000002356246,False
216,49,37216,81,normal,1.0w,81,recon_train,161,37136,299890,20,0.003532750008162111,0.0199750000028871,False
216,49,37216,81,normal,1.0w,81,identity,161,37136,299890,20,0.0002496249944670126,0.018479459002264775,False
216,50,37216,81,normal,1.0w,81,(before),161,37136,299890,20,0.0,0.019507958000758663,False
216,50,37216,81,normal,1.0w,81,B1_zero,161,37136,299890,20,0.0003359580005053431,0.023247292003361508,False
216,50,37216,81,normal,1.0w,81,B2_global_mean,161,37136,299890,20,0.0007828749949112535,0.02464408299420029,False
216,50,37216,81,normal,1.0w,81,B3_local_mean,161,37136,299890,20,0.00040987499232869595,0.018332624997128733,False
216,50,37216,81,normal,1.0w,81,B4_linear_interp,161,37136,299890,20,0.0006732499896315858,0.02243037500011269,False
216,50,37216,81,normal,1.0w,81,B5_gaussian,161,37136,299890,20,0.0014999999984866008,0.02140020798833575,False
216,50,37216,81,normal,1.0w,81,B6_shuffle,161,37136,299890,20,0.0004362499894341454,0.020883291013888083,False
216,50,37216,81,normal,1.0w,81,recon_test,161,37136,299890,20,0.021461333002662286,0.026261833001626655,False
216,50,37216,81,normal,1.0w,81,recon_train,161,37136,299890,20,0.0034286659938516095,0.02083637499890756,False
216,50,37216,81,normal,1.0w,81,identity,161,37136,299890,20,0.0003523339983075857,0.018536167001002468,False
216,51,37216,81,normal,1.0w,81,(before),161,37136,299890,20,0.0,0.019466750003630295,False
216,51,37216,81,normal,1.0w,81,B1_zero,161,37136,299890,20,0.0005140419962117448,0.018178500002250075,False
216,51,37216,81,normal,1.0w,81,B2_global_mean,161,37136,299890,20,0.0005150840006535873,0.0200370410020696,False
216,51,37216,81,normal,1.0w,81,B3_local_mean,161,37136,299890,20,0.0005556670075748116,0.023656833000131883,False
216,51,37216,81,normal,1.0w,81,B4_linear_interp,161,37136,299890,20,0.00045599999430123717,0.018885375000536442,False
216,51,37216,81,normal,1.0w,81,B5_gaussian,161,37136,299890,20,0.0010291250073350966,0.02040758299699519,False
216,51,37216,81,normal,1.0w,81,B6_shuffle,161,37136,299890,20,0.000337499994202517,0.018812374997651204,False
216,51,37216,81,normal,1.0w,81,recon_test,161,37136,299890,20,0.018781457998557016,0.018374124992988072,False
216,51,37216,81,normal,1.0w,81,recon_train,161,37136,299890,20,0.0034345829917583615,0.01938062500266824,False
216,51,37216,81,normal,1.0w,81,identity,161,37136,299890,20,0.0001551669993204996,0.019627667003078386,False
216,52,37216,81,normal,1.0w,81,(before),161,37136,299890,20,0.0,0.019683125006849878,False
216,52,37216,81,normal,1.0w,81,B1_zero,161,37136,299890,20,0.0003368330071680248,0.01736670899845194,False
216,52,37216,81,normal,1.0w,81,B2_global_mean,161,37136,299890,20,0.0007281250000232831,0.01869924999482464,False
216,52,37216,81,normal,1.0w,81,B3_local_mean,161,37136,299890,20,0.0004185410070931539,0.017893957992782816,False
216,52,37216,81,normal,1.0w,81,B4_linear_interp,161,37136,299890,20,0.00040758299292065203,0.023096666001947597,False
216,52,37216,81,normal,1.0w,81,B5_gaussian,161,37136,299890,20,0.001090208999812603,0.017800250003347173,False
216,52,37216,81,normal,1.0w,81,B6_shuffle,161,37136,299890,20,0.0003797090030275285,0.020255750001524575,False
216,52,37216,81,normal,1.0w,81,recon_test,161,37136,299890,20,0.021644833002937958,0.01833025000814814,False
216,52,37216,81,normal,1.0w,81,recon_train,161,37136,299890,20,0.003508042005705647,0.02142120900680311,False
216,52,37216,81,normal,1.0w,81,identity,161,37136,299890,20,0.00013820799358654767,0.01967887500359211,False
216,53,37216,81,normal,1.0w,81,(before),161,37136,299890,20,0.0,0.019824332994176075,False
216,53,37216,81,normal,1.0w,81,B1_zero,161,37136,299890,20,0.00036979198921471834,0.01957804200355895,False
216,53,37216,81,normal,1.0w,81,B2_global_mean,161,37136,299890,20,0.0005724590009776875,0.021721666009398177,False
216,53,37216,81,normal,1.0w,81,B3_local_mean,161,37136,299890,20,0.0006645409885095432,0.020992332996684127,False
216,53,37216,81,normal,1.0w,81,B4_linear_interp,161,37136,299890,20,0.0004741669981740415,0.02073912498599384,False
216,53,37216,81,normal,1.0w,81,B5_gaussian,161,37136,299890,20,0.0011193749960511923,0.02157341700512916,False
216,53,37216,81,normal,1.0w,81,B6_shuffle,161,37136,299890,20,0.00036441600241232663,0.018085582996718585,False
216,53,37216,81,normal,1.0w,81,recon_test,161,37136,299890,20,0.02178120800817851,0.025243500000215136,False
216,53,37216,81,normal,1.0w,81,recon_train,161,37136,299890,20,0.0036865419970126823,0.023915874990052544,False
216,53,37216,81,normal,1.0w,81,identity,161,37136,299890,20,0.00019904199871234596,0.0204098330141278,False
216,54,37216,81,normal,1.0w,81,(before),161,37136,299890,20,0.0,0.02084320799622219,False
216,54,37216,81,normal,1.0w,81,B1_zero,161,37136,299890,20,0.0006742919940734282,0.021298833002219908,False
216,54,37216,81,normal,1.0w,81,B2_global_mean,161,37136,299890,20,0.0005737500032410026,0.019762792013352737,False
216,54,37216,81,normal,1.0w,81,B3_local_mean,161,37136,299890,20,0.0007769579970045015,0.02162433300691191,False
216,54,37216,81,normal,1.0w,81,B4_linear_interp,161,37136,299890,20,0.0005788340058643371,0.0194534579932224,False
216,54,37216,81,normal,1.0w,81,B5_gaussian,161,37136,299890,20,0.0018803340062731877,0.01892399998905603,False
216,54,37216,81,normal,1.0w,81,B6_shuffle,161,37136,299890,20,0.000472707994049415,0.02183729199168738,False
216,54,37216,81,normal,1.0w,81,recon_test,161,37136,299890,20,0.018700334010645747,0.01960829200106673,False
216,54,37216,81,normal,1.0w,81,recon_train,161,37136,299890,20,0.004090415997779928,0.022144874994410202,False
216,54,37216,81,normal,1.0w,81,identity,161,37136,299890,20,0.00015412499487865716,0.020087541997781955,False
216,55,37216,81,normal,1.0w,81,(before),161,37136,299890,20,0.0,0.019880292005836964,False
216,55,37216,81,normal,1.0w,81,B1_zero,161,37136,299890,20,0.0004163749981671572,0.02231566699629184,False
216,55,37216,81,normal,1.0w,81,B2_global_mean,161,37136,299890,20,0.0004607089940691367,0.020249875000445172,False
216,55,37216,81,normal,1.0w,81,B3_local_mean,161,37136,299890,20,0.0004355830023996532,0.018879166003898717,False
216,55,37216,81,normal,1.0w,81,B4_linear_interp,161,37136,299890,20,0.0004086250119144097,0.019101999991107732,False
216,55,37216,81,normal,1.0w,81,B5_gaussian,161,37136,299890,20,0.001290500003960915,0.018933750005089678,False
216,55,37216,81,normal,1.0w,81,B6_shuffle,161,37136,299890,20,0.0004328340000938624,0.023620917010703124,False
216,55,37216,81,normal,1.0w,81,recon_test,161,37136,299890,20,0.020973875012714416,0.021967332999338396,False
216,55,37216,81,normal,1.0w,81,recon_train,161,37136,299890,20,0.0042886249866569415,0.01877875000354834,False
216,55,37216,81,normal,1.0w,81,identity,161,37136,299890,20,0.0001379999885102734,0.018646459007868543,False
216,56,37216,81,normal,1.0w,81,(before),161,37136,299890,20,0.0,0.0189663329947507,False
216,56,37216,81,normal,1.0w,81,B1_zero,161,37136,299890,20,0.0004903750086668879,0.02224749999004416,False
216,56,37216,81,normal,1.0w,81,B2_global_mean,161,37136,299890,20,0.00042254199797753245,0.020649666999815963,False
216,56,37216,81,normal,1.0w,81,B3_local_mean,161,37136,299890,20,0.000486459000967443,0.024024792001000606,False
216,56,37216,81,normal,1.0w,81,B4_linear_interp,161,37136,299890,20,0.00040499999886378646,0.020657165994634852,False
216,56,37216,81,normal,1.0w,81,B5_gaussian,161,37136,299890,20,0.0009973749984055758,0.0180852499906905,False
216,56,37216,81,normal,1.0w,81,B6_shuffle,161,37136,299890,20,0.0005931250052526593,0.018353250008658506,False
216,56,37216,81,normal,1.0w,81,recon_test,161,37136,299890,20,0.022116874999483116,0.020140124994213693,False
216,56,37216,81,normal,1.0w,81,recon_train,161,37136,299890,20,0.00818375000380911,0.022540999998454936,False
216,56,37216,81,normal,1.0w,81,identity,161,37136,299890,20,0.00017737499729264528,0.023123082995880395,False
216,57,37216,81,normal,1.0w,81,(before),161,37136,299890,20,0.0,0.017688124993583187,False
216,57,37216,81,normal,1.0w,81,B1_zero,161,37136,299890,20,0.0003297079965705052,0.020841375007876195,False
216,57,37216,81,normal,1.0w,81,B2_global_mean,161,37136,299890,20,0.0003860419965349138,0.02211058400280308,False
216,57,37216,81,normal,1.0w,81,B3_local_mean,161,37136,299890,20,0.0004202499985694885,0.02057741698808968,False
216,57,37216,81,normal,1.0w,81,B4_linear_interp,161,37136,299890,20,0.00030333299946505576,0.02090991700242739,False
216,57,37216,81,normal,1.0w,81,B5_gaussian,161,37136,299890,20,0.0010479580087121576,0.01993083300476428,False
216,57,37216,81,normal,1.0w,81,B6_shuffle,161,37136,299890,20,0.0005092089995741844,0.018479417005437426,False
216,57,37216,81,normal,1.0w,81,recon_test,161,37136,299890,20,0.024250124988611788,0.021623374996124767,False
216,57,37216,81,normal,1.0w,81,recon_train,161,37136,299890,20,0.004172750006546266,0.018596709007397294,False
216,57,37216,81,normal,1.0w,81,identity,161,37136,299890,20,0.00021174999710638076,0.01660224999068305,False
216,58,37216,81,normal,1.0w,81,(before),161,37136,299890,20,0.0,0.022390291996998712,False
216,58,37216,81,normal,1.0w,81,B1_zero,161,37136,299890,20,0.0003377920074854046,0.025160666002193466,False
216,58,37216,81,normal,1.0w,81,B2_global_mean,161,37136,299890,20,0.00041724999027792364,0.022756000005756505,False
216,58,37216,81,normal,1.0w,81,B3_local_mean,161,37136,299890,20,0.0007636659865966067,0.023668624999118038,False
216,58,37216,81,normal,1.0w,81,B4_linear_interp,161,37136,299890,20,0.0003607920079957694,0.020363957999506965,False
216,58,37216,81,normal,1.0w,81,B5_gaussian,161,37136,299890,20,0.0017939169920282438,0.019435833004536107,False
216,58,37216,81,normal,1.0w,81,B6_shuffle,161,37136,299890,20,0.0003657079942058772,0.021734708003350534,False
216,58,37216,81,normal,1.0w,81,recon_test,161,37136,299890,20,0.026301374993636273,0.024481583008309826,False
216,58,37216,81,normal,1.0w,81,recon_train,161,37136,299890,20,0.004532374994596466,0.023553874998469837,False
216,58,37216,81,normal,1.0w,81,identity,161,37136,299890,20,0.00017416701302863657,0.02246704099525232,False
216,59,37216,81,normal,1.0w,81,(before),161,37136,299890,20,0.0,0.019963500002631918,False
216,59,37216,81,normal,1.0w,81,B1_zero,161,37136,299890,20,0.00035924999974668026,0.024558040997362696,False
216,59,37216,81,normal,1.0w,81,B2_global_mean,161,37136,299890,20,0.001050416991347447,0.023134625007514842,False
216,59,37216,81,normal,1.0w,81,B3_local_mean,161,37136,299890,20,0.00043908398947678506,0.021872291996260174,False
216,59,37216,81,normal,1.0w,81,B4_linear_interp,161,37136,299890,20,0.0006882919988129288,0.024225000001024455,False
216,59,37216,81,normal,1.0w,81,B5_gaussian,161,37136,299890,20,0.001354916996206157,0.021594707999611273,False
216,59,37216,81,normal,1.0w,81,B6_shuffle,161,37136,299890,20,0.0004903750086668879,0.02066229200863745,False
216,59,37216,81,normal,1.0w,81,recon_test,161,37136,299890,20,0.02679845799866598,0.024982917006127536,False
216,59,37216,81,normal,1.0w,81,recon_train,161,37136,299890,20,0.004795542001374997,0.01811883300251793,False
216,59,37216,81,normal,1.0w,81,identity,161,37136,299890,20,0.00029491599707398564,0.020776291014044546,False
216,60,37216,81,sar_normal,GT,651,(before),731,37136,299890,20,0.0,0.04303741699550301,False
216,60,37216,81,sar_normal,GT,651,B1_zero,731,37136,299890,20,0.00033183400228153914,0.04456208398914896,False
216,60,37216,81,sar_normal,GT,651,B2_global_mean,731,37136,299890,20,0.0007804579945513979,0.0412855419999687,False
216,60,37216,81,sar_normal,GT,651,B3_local_mean,731,37136,299890,20,0.0004122499958612025,0.048814499998115934,False
216,60,37216,81,sar_normal,GT,651,B4_linear_interp,731,37136,299890,20,0.0004765419871546328,0.061865583003964275,False
216,60,37216,81,sar_normal,GT,651,B5_gaussian,731,37136,299890,20,0.0011982500000158325,0.06203183399338741,False
216,60,37216,81,sar_normal,GT,651,B6_shuffle,731,37136,299890,20,0.0003844580060103908,0.045148042001528665,False
216,60,37216,81,sar_normal,GT,651,recon_test,731,37136,299890,20,0.02092229199479334,0.045258750003995374,False
216,60,37216,81,sar_normal,GT,651,recon_train,731,37136,299890,20,0.005200375002459623,0.04489145799016114,False
216,60,37216,81,sar_normal,GT,651,identity,731,37136,299890,20,0.00033475000236649066,0.053258832995197736,False
216,61,37216,81,sar_normal,GT,651,(before),731,37136,299890,20,0.0,0.04783937499450985,False
216,61,37216,81,sar_normal,GT,651,B1_zero,731,37136,299890,20,0.0003597089962568134,0.03947899999911897,False
216,61,37216,81,sar_normal,GT,651,B2_global_mean,731,37136,299890,20,0.00037291599437594414,0.04473350000625942,False
216,61,37216,81,sar_normal,GT,651,B3_local_mean,731,37136,299890,20,0.0005834159965161234,0.042866667005000636,False
216,61,37216,81,sar_normal,GT,651,B4_linear_interp,731,37136,299890,20,0.00044591700134333223,0.045933291999972425,False
216,61,37216,81,sar_normal,GT,651,B5_gaussian,731,37136,299890,20,0.0011766670068027452,0.04821066699514631,False
216,61,37216,81,sar_normal,GT,651,B6_shuffle,731,37136,299890,20,0.00038441600918304175,0.04490329099644441,False
216,61,37216,81,sar_normal,GT,651,recon_test,731,37136,299890,20,0.021196666988544166,0.04667004199291114,False
216,61,37216,81,sar_normal,GT,651,recon_train,731,37136,299890,20,0.004861166002228856,0.04530075000366196,False
216,61,37216,81,sar_normal,GT,651,identity,731,37136,299890,20,0.00033216600422747433,0.05593620799481869,False
216,62,37216,81,sar_normal,GT,651,(before),731,37136,299890,20,0.0,0.04350495900143869,False
216,62,37216,81,sar_normal,GT,651,B1_zero,731,37136,299890,20,0.0005081249983049929,0.039029999999911524,False
216,62,37216,81,sar_normal,GT,651,B2_global_mean,731,37136,299890,20,0.0006682500097667798,0.038248832992394455,False
216,62,37216,81,sar_normal,GT,651,B3_local_mean,731,37136,299890,20,0.0005555000097956508,0.04380775000026915,False
216,62,37216,81,sar_normal,GT,651,B4_linear_interp,731,37136,299890,20,0.000610582996159792,0.046529415994882584,False
216,62,37216,81,sar_normal,GT,651,B5_gaussian,731,37136,299890,20,0.0013525409885914996,0.0420735420048004,False
216,62,37216,81,sar_normal,GT,651,B6_shuffle,731,37136,299890,20,0.00035850000858772546,0.04627250001067296,False
216,62,37216,81,sar_normal,GT,651,recon_test,731,37136,299890,20,0.024031207998632453,0.04686750000109896,False
216,62,37216,81,sar_normal,GT,651,recon_train,731,37136,299890,20,0.004075749995536171,0.048035041996627115,False
216,62,37216,81,sar_normal,GT,651,identity,731,37136,299890,20,0.0002624580083647743,0.04759054200258106,False
216,63,37216,81,sar_normal,GT,651,(before),731,37136,299890,20,0.0,0.04704629199113697,False
216,63,37216,81,sar_normal,GT,651,B1_zero,731,37136,299890,20,0.000381499994546175,0.039300832999288104,False
216,63,37216,81,sar_normal,GT,651,B2_global_mean,731,37136,299890,20,0.00040979198820423335,0.038308834002236836,False
216,63,37216,81,sar_normal,GT,651,B3_local_mean,731,37136,299890,20,0.000617291996604763,0.041864624989102595,False
216,63,37216,81,sar_normal,GT,651,B4_linear_interp,731,37136,299890,20,0.0004214159998809919,0.044624333997489884,False
216,63,37216,81,sar_normal,GT,651,B5_gaussian,731,37136,299890,20,0.0010236249945592135,0.04831462500442285,False
216,63,37216,81,sar_normal,GT,651,B6_shuffle,731,37136,299890,20,0.00038120899989735335,0.045124167008907534,False
216,63,37216,81,sar_normal,GT,651,recon_test,731,37136,299890,20,0.020141125001828186,0.04124829199281521,False
216,63,37216,81,sar_normal,GT,651,recon_train,731,37136,299890,20,0.003439249994698912,0.0449359999911394,False
216,63,37216,81,sar_normal,GT,651,identity,731,37136,299890,20,0.00024408299941569567,0.03998854100063909,False
216,64,37216,81,sar_normal,GT,651,(before),731,37136,299890,20,0.0,0.046564125004806556,False
216,64,37216,81,sar_normal,GT,651,B1_zero,731,37136,299890,20,0.0003610419953474775,0.0406785839877557,False
216,64,37216,81,sar_normal,GT,651,B2_global_mean,731,37136,299890,20,0.0007392909901682287,0.045667917001992464,False
216,64,37216,81,sar_normal,GT,651,B3_local_mean,731,37136,299890,20,0.0004059999919263646,0.03614087500318419,False
216,64,37216,81,sar_normal,GT,651,B4_linear_interp,731,37136,299890,20,0.0006481660093413666,0.04412758401304018,False
216,64,37216,81,sar_normal,GT,651,B5_gaussian,731,37136,299890,20,0.001050749997375533,0.047489624994341284,False
216,64,37216,81,sar_normal,GT,651,B6_shuffle,731,37136,299890,20,0.0004183330020168796,0.04172745899995789,False
216,64,37216,81,sar_normal,GT,651,recon_test,731,37136,299890,20,0.019657791999634355,0.046055583996349014,False
216,64,37216,81,sar_normal,GT,651,recon_train,731,37136,299890,20,0.003292791996500455,0.04207624999980908,False
216,64,37216,81,sar_normal,GT,651,identity,731,37136,299890,20,0.00018037499103229493,0.041191291995346546,False
216,65,37216,81,sar_normal,GT,651,(before),731,37136,299890,20,0.0,0.04165124999417458,False
216,65,37216,81,sar_normal,GT,651,B1_zero,731,37136,299890,20,0.0003038750000996515,0.038712042005499825,False
216,65,37216,81,sar_normal,GT,651,B2_global_mean,731,37136,299890,20,0.00047170800098683685,0.04021308399387635,False
216,65,37216,81,sar_normal,GT,651,B3_local_mean,731,37136,299890,20,0.00038391599082387984,0.04197708299034275,False
216,65,37216,81,sar_normal,GT,651,B4_linear_interp,731,37136,299890,20,0.000589791001402773,0.043240125000011176,False
216,65,37216,81,sar_normal,GT,651,B5_gaussian,731,37136,299890,20,0.002158292001695372,0.042962332998286,False
216,65,37216,81,sar_normal,GT,651,B6_shuffle,731,37136,299890,20,0.0003796250093728304,0.04233024999848567,False
216,65,37216,81,sar_normal,GT,651,recon_test,731,37136,299890,20,0.024054749999777414,0.036904916996718384,False
216,65,37216,81,sar_normal,GT,651,recon_train,731,37136,299890,20,0.003953792009269819,0.04284158399968874,False
216,65,37216,81,sar_normal,GT,651,identity,731,37136,299890,20,0.0002814579929690808,0.04143233300419524,False
216,66,37216,81,sar_normal,GT,651,(before),731,37136,299890,20,0.0,0.05456654199224431,False
216,66,37216,81,sar_normal,GT,651,B1_zero,731,37136,299890,20,0.00032558300881646574,0.04040862500551157,False
216,66,37216,81,sar_normal,GT,651,B2_global_mean,731,37136,299890,20,0.0005819170037284493,0.03814537500147708,False
216,66,37216,81,sar_normal,GT,651,B3_local_mean,731,37136,299890,20,0.0007165840070229024,0.03995279200898949,False
216,66,37216,81,sar_normal,GT,651,B4_linear_interp,731,37136,299890,20,0.0004340840096119791,0.04363650000595953,False
216,66,37216,81,sar_normal,GT,651,B5_gaussian,731,37136,299890,20,0.0010618749947752804,0.04352270800154656,False
216,66,37216,81,sar_normal,GT,651,B6_shuffle,731,37136,299890,20,0.0004152089968556538,0.045389124992652796,False
216,66,37216,81,sar_normal,GT,651,recon_test,731,37136,299890,20,0.02042737499868963,0.040901250002207235,False
216,66,37216,81,sar_normal,GT,651,recon_train,731,37136,299890,20,0.004561374997138046,0.04231258299842011,False
216,66,37216,81,sar_normal,GT,651,identity,731,37136,299890,20,0.00018133300181943923,0.035655332991154864,False
216,67,37216,81,sar_normal,GT,651,(before),731,37136,299890,20,0.0,0.03638383299403358,False
216,67,37216,81,sar_normal,GT,651,B1_zero,731,37136,299890,20,0.0005185839982004836,0.033400959000573494,False
216,67,37216,81,sar_normal,GT,651,B2_global_mean,731,37136,299890,20,0.0004158329975325614,0.03248691699991468,False
216,67,37216,81,sar_normal,GT,651,B3_local_mean,731,37136,299890,20,0.000625625005341135,0.032402916986029595,False
216,67,37216,81,sar_normal,GT,651,B4_linear_interp,731,37136,299890,20,0.0005926249868934974,0.03614204098994378,False
216,67,37216,81,sar_normal,GT,651,B5_gaussian,731,37136,299890,20,0.0010820000024978071,0.036052875002496876,False
216,67,37216,81,sar_normal,GT,651,B6_shuffle,731,37136,299890,20,0.0004145840066485107,0.036860749998595566,False
216,67,37216,81,sar_normal,GT,651,recon_test,731,37136,299890,20,0.018764499996905215,0.0374366670002928,False
216,67,37216,81,sar_normal,GT,651,recon_train,731,37136,299890,20,0.003393374994629994,0.03932929200527724,False
216,67,37216,81,sar_normal,GT,651,identity,731,37136,299890,20,0.00034591701114550233,0.036599125000066124,False
216,68,37216,81,sar_normal,GT,651,(before),731,37136,299890,20,0.0,0.036799624998820946,False
216,68,37216,81,sar_normal,GT,651,B1_zero,731,37136,299890,20,0.00040145800448954105,0.03402145799191203,False
216,68,37216,81,sar_normal,GT,651,B2_global_mean,731,37136,299890,20,0.0004355420096544549,0.03467899998940993,False
216,68,37216,81,sar_normal,GT,651,B3_local_mean,731,37136,299890,20,0.0004784170014318079,0.03426070800924208,False
216,68,37216,81,sar_normal,GT,651,B4_linear_interp,731,37136,299890,20,0.00034508301177993417,0.04017033299896866,False
216,68,37216,81,sar_normal,GT,651,B5_gaussian,731,37136,299890,20,0.0011217080027563497,0.035476624994771555,False
216,68,37216,81,sar_normal,GT,651,B6_shuffle,731,37136,299890,20,0.0003712499892571941,0.03633587498916313,False
216,68,37216,81,sar_normal,GT,651,recon_test,731,37136,299890,20,0.01929783300147392,0.03560920800373424,False
216,68,37216,81,sar_normal,GT,651,recon_train,731,37136,299890,20,0.0040388750057900324,0.03599904199654702,False
216,68,37216,81,sar_normal,GT,651,identity,731,37136,299890,20,0.0003172919969074428,0.03673875000094995,False
216,69,37216,81,sar_normal,GT,651,(before),731,37136,299890,20,0.0,0.035331375009263866,False
216,69,37216,81,sar_normal,GT,651,B1_zero,731,37136,299890,20,0.00032950000604614615,0.03375670799869113,False
216,69,37216,81,sar_normal,GT,651,B2_global_mean,731,37136,299890,20,0.00045649999810848385,0.032169084006454796,False
216,69,37216,81,sar_normal,GT,651,B3_local_mean,731,37136,299890,20,0.0004942920058965683,0.03348337499483023,False
216,69,37216,81,sar_normal,GT,651,B4_linear_interp,731,37136,299890,20,0.00046270799066405743,0.03582450000976678,False
216,69,37216,81,sar_normal,GT,651,B5_gaussian,731,37136,299890,20,0.001563084006193094,0.035181457991711795,False
216,69,37216,81,sar_normal,GT,651,B6_shuffle,731,37136,299890,20,0.00039520900463685393,0.038576291990466416,False
216,69,37216,81,sar_normal,GT,651,recon_test,731,37136,299890,20,0.019635042001027614,0.04938520801078994,False
216,69,37216,81,sar_normal,GT,651,recon_train,731,37136,299890,20,0.00425916699168738,0.049657083000056446,False
216,69,37216,81,sar_normal,GT,651,identity,731,37136,299890,20,0.0002970409987028688,0.038004875008482486,False
216,70,37216,81,sar_normal,GT,651,(before),731,37136,299890,20,0.0,0.03853462501137983,False
216,70,37216,81,sar_normal,GT,651,B1_zero,731,37136,299890,20,0.0003287089930381626,0.035568749997764826,False
216,70,37216,81,sar_normal,GT,651,B2_global_mean,731,37136,299890,20,0.0003855840041069314,0.03348549999645911,False
216,70,37216,81,sar_normal,GT,651,B3_local_mean,731,37136,299890,20,0.0004386249929666519,0.03409887501038611,False
216,70,37216,81,sar_normal,GT,651,B4_linear_interp,731,37136,299890,20,0.00035879200731869787,0.0375889169954462,False
216,70,37216,81,sar_normal,GT,651,B5_gaussian,731,37136,299890,20,0.0013589169975603,0.03567083399684634,False
216,70,37216,81,sar_normal,GT,651,B6_shuffle,731,37136,299890,20,0.0003614999877754599,0.03468883299501613,False
216,70,37216,81,sar_normal,GT,651,recon_test,731,37136,299890,20,0.01955045798968058,0.03537816599418875,False
216,70,37216,81,sar_normal,GT,651,recon_train,731,37136,299890,20,0.0033014159998856485,0.0363352500135079,False
216,70,37216,81,sar_normal,GT,651,identity,731,37136,299890,20,0.0002901249972637743,0.03523437499825377,False
216,71,37216,81,sar_normal,GT,651,(before),731,37136,299890,20,0.0,0.03719383401039522,False
216,71,37216,81,sar_normal,GT,651,B1_zero,731,37136,299890,20,0.0003748330054804683,0.0332294170075329,False
216,71,37216,81,sar_normal,GT,651,B2_global_mean,731,37136,299890,20,0.0004122920072404668,0.03350591700291261,False
216,71,37216,81,sar_normal,GT,651,B3_local_mean,731,37136,299890,20,0.00043333299981895834,0.03261291699891444,False
216,71,37216,81,sar_normal,GT,651,B4_linear_interp,731,37136,299890,20,0.0003726249997271225,0.03905183300958015,False
216,71,37216,81,sar_normal,GT,651,B5_gaussian,731,37136,299890,20,0.0009813329961616546,0.03607699999702163,False
216,71,37216,81,sar_normal,GT,651,B6_shuffle,731,37136,299890,20,0.0005033749912399799,0.036310499999672174,False
216,71,37216,81,sar_normal,GT,651,recon_test,731,37136,299890,20,0.01830970800074283,0.037950874990201555,False
216,71,37216,81,sar_normal,GT,651,recon_train,731,37136,299890,20,0.0033807080035330728,0.035439999992377125,False
216,71,37216,81,sar_normal,GT,651,identity,731,37136,299890,20,0.0002800840011332184,0.036226332988007925,False
216,72,37216,81,sar_normal,GT,651,(before),731,37136,299890,20,0.0,0.035554458998376504,False
216,72,37216,81,sar_normal,GT,651,B1_zero,731,37136,299890,20,0.00034920799953397363,0.034902583007351495,False
216,72,37216,81,sar_normal,GT,651,B2_global_mean,731,37136,299890,20,0.00040595799509901553,0.03210841600957792,False
216,72,37216,81,sar_normal,GT,651,B3_local_mean,731,37136,299890,20,0.0003869170031975955,0.03212462499504909,False
216,72,37216,81,sar_normal,GT,651,B4_linear_interp,731,37136,299890,20,0.0003514580021146685,0.03777412499766797,False
216,72,37216,81,sar_normal,GT,651,B5_gaussian,731,37136,299890,20,0.0010217079980066046,0.03720612499455456,False
216,72,37216,81,sar_normal,GT,651,B6_shuffle,731,37136,299890,20,0.0003989999968325719,0.03674720799608622,False
216,72,37216,81,sar_normal,GT,651,recon_test,731,37136,299890,20,0.018904540993389674,0.03643791700596921,False
216,72,37216,81,sar_normal,GT,651,recon_train,731,37136,299890,20,0.003690499986987561,0.03647679199639242,False
216,72,37216,81,sar_normal,GT,651,identity,731,37136,299890,20,0.0002438749943394214,0.03516887499426957,False
216,73,37216,81,sar_normal,GT,651,(before),731,37136,299890,20,0.0,0.03688762501406018,False
216,73,37216,81,sar_normal,GT,651,B1_zero,731,37136,299890,20,0.00038574999780394137,0.03332970901101362,False
216,73,37216,81,sar_normal,GT,651,B2_global_mean,731,37136,299890,20,0.00039837499207351357,0.032569667004281655,False
216,73,37216,81,sar_normal,GT,651,B3_local_mean,731,37136,299890,20,0.0005004999984521419,0.03323204199841712,False
216,73,37216,81,sar_normal,GT,651,B4_linear_interp,731,37136,299890,20,0.00039079200359992683,0.0379173749970505,False
216,73,37216,81,sar_normal,GT,651,B5_gaussian,731,37136,299890,20,0.0012457080010790378,0.037848040999961086,False
216,73,37216,81,sar_normal,GT,651,B6_shuffle,731,37136,299890,20,0.00036929101042915136,0.03606462500465568,False
216,73,37216,81,sar_normal,GT,651,recon_test,731,37136,299890,20,0.019907833004253916,0.03810841700760648,False
216,73,37216,81,sar_normal,GT,651,recon_train,731,37136,299890,20,0.0030993750115158036,0.03547608299413696,False
216,73,37216,81,sar_normal,GT,651,identity,731,37136,299890,20,0.00018383399583399296,0.0377732909983024,False
216,74,37216,81,sar_normal,GT,651,(before),731,37136,299890,20,0.0,0.036059417005162686,False
216,74,37216,81,sar_normal,GT,651,B1_zero,731,37136,299890,20,0.0003684169932967052,0.03203895800106693,False
216,74,37216,81,sar_normal,GT,651,B2_global_mean,731,37136,299890,20,0.0003945829957956448,0.03355945799557958,False
216,74,37216,81,sar_normal,GT,651,B3_local_mean,731,37136,299890,20,0.0005727500101784244,0.03211020800517872,False
216,74,37216,81,sar_normal,GT,651,B4_linear_interp,731,37136,299890,20,0.0003471670061117038,0.035469541006023064,False
216,74,37216,81,sar_normal,GT,651,B5_gaussian,731,37136,299890,20,0.001081207999959588,0.034981832999619655,False
216,74,37216,81,sar_normal,GT,651,B6_shuffle,731,37136,299890,20,0.00035508400469552726,0.03501437499653548,False
216,74,37216,81,sar_normal,GT,651,recon_test,731,37136,299890,20,0.019381625010282733,0.03626400000939611,False
216,74,37216,81,sar_normal,GT,651,recon_train,731,37136,299890,20,0.003695249994052574,0.03565366700058803,False
216,74,37216,81,sar_normal,GT,651,identity,731,37136,299890,20,0.00018841700511984527,0.035890458995709196,False
216,75,37216,81,sar_normal,GT,651,(before),731,37136,299890,20,0.0,0.03578641600324772,False
216,75,37216,81,sar_normal,GT,651,B1_zero,731,37136,299890,20,0.0003648749989224598,0.03245774999959394,False
216,75,37216,81,sar_normal,GT,651,B2_global_mean,731,37136,299890,20,0.0004065000102855265,0.03354070799832698,False
216,75,37216,81,sar_normal,GT,651,B3_local_mean,731,37136,299890,20,0.0004147080035181716,0.033263667006394826,False
216,75,37216,81,sar_normal,GT,651,B4_linear_interp,731,37136,299890,20,0.00037724999128840864,0.03795804099354427,False
216,75,37216,81,sar_normal,GT,651,B5_gaussian,731,37136,299890,20,0.0013444579963106662,0.03517004101013299,False
216,75,37216,81,sar_normal,GT,651,B6_shuffle,731,37136,299890,20,0.00030483400041703135,0.03497712500393391,False
216,75,37216,81,sar_normal,GT,651,recon_test,731,37136,299890,20,0.020194500000798143,0.03605950000928715,False
216,75,37216,81,sar_normal,GT,651,recon_train,731,37136,299890,20,0.003371625003637746,0.03690900000219699,False
216,75,37216,81,sar_normal,GT,651,identity,731,37136,299890,20,0.00018412500503472984,0.03590874999645166,False
216,76,37216,81,sar_normal,GT,651,(before),731,37136,299890,20,0.0,0.03682704200036824,False
216,76,37216,81,sar_normal,GT,651,B1_zero,731,37136,299890,20,0.00033554200490470976,0.03323704199283384,False
216,76,37216,81,sar_normal,GT,651,B2_global_mean,731,37136,299890,20,0.0004037909966427833,0.03319966699928045,False
216,76,37216,81,sar_normal,GT,651,B3_local_mean,731,37136,299890,20,0.0004264169983798638,0.03373370799818076,False
216,76,37216,81,sar_normal,GT,651,B4_linear_interp,731,37136,299890,20,0.0004384579951874912,0.03610537499480415,False
216,76,37216,81,sar_normal,GT,651,B5_gaussian,731,37136,299890,20,0.001195333999930881,0.03667233299347572,False
216,76,37216,81,sar_normal,GT,651,B6_shuffle,731,37136,299890,20,0.0005307079991325736,0.036087500004214235,False
216,76,37216,81,sar_normal,GT,651,recon_test,731,37136,299890,20,0.019386708008823916,0.03770704199268948,False
216,76,37216,81,sar_normal,GT,651,recon_train,731,37136,299890,20,0.003466499998467043,0.037868334009544924,False
216,76,37216,81,sar_normal,GT,651,identity,731,37136,299890,20,0.00017145898891612887,0.03601037499902304,False
216,77,37216,81,sar_normal,GT,651,(before),731,37136,299890,20,0.0,0.03719449999334756,False
216,77,37216,81,sar_normal,GT,651,B1_zero,731,37136,299890,20,0.000262040994130075,0.03180466699996032,False
216,77,37216,81,sar_normal,GT,651,B2_global_mean,731,37136,299890,20,0.0005451250035548583,0.03381337500468362,False
216,77,37216,81,sar_normal,GT,651,B3_local_mean,731,37136,299890,20,0.0004743330064229667,0.03321183400112204,False
216,77,37216,81,sar_normal,GT,651,B4_linear_interp,731,37136,299890,20,0.00042050000047311187,0.036082042002817616,False
216,77,37216,81,sar_normal,GT,651,B5_gaussian,731,37136,299890,20,0.0010826660000020638,0.03608900000108406,False
216,77,37216,81,sar_normal,GT,651,B6_shuffle,731,37136,299890,20,0.0009099160088226199,0.036337041994556785,False
216,77,37216,81,sar_normal,GT,651,recon_test,731,37136,299890,20,0.019223208000767045,0.03607049999118317,False
216,77,37216,81,sar_normal,GT,651,recon_train,731,37136,299890,20,0.0035969580058008432,0.034644250001292676,False
216,77,37216,81,sar_normal,GT,651,identity,731,37136,299890,20,0.000196165987290442,0.03659683400474023,False
216,78,37216,81,sar_normal,GT,651,(before),731,37136,299890,20,0.0,0.03664849999768194,False
216,78,37216,81,sar_normal,GT,651,B1_zero,731,37136,299890,20,0.00032824999652802944,0.03258154199284036,False
216,78,37216,81,sar_normal,GT,651,B2_global_mean,731,37136,299890,20,0.00043741700937971473,0.03249312500702217,False
216,78,37216,81,sar_normal,GT,651,B3_local_mean,731,37136,299890,20,0.000469082995550707,0.03477812500204891,False
216,78,37216,81,sar_normal,GT,651,B4_linear_interp,731,37136,299890,20,0.0003720419917954132,0.03620716600562446,False
216,78,37216,81,sar_normal,GT,651,B5_gaussian,731,37136,299890,20,0.0011475840001367033,0.03693333300179802,False
216,78,37216,81,sar_normal,GT,651,B6_shuffle,731,37136,299890,20,0.00038749999657738954,0.036734541004989296,False
216,78,37216,81,sar_normal,GT,651,recon_test,731,37136,299890,20,0.01937274998635985,0.040255708998302,False
216,78,37216,81,sar_normal,GT,651,recon_train,731,37136,299890,20,0.003381333008292131,0.03664754200144671,False
216,78,37216,81,sar_normal,GT,651,identity,731,37136,299890,20,0.0005037910013925284,0.03863075000117533,False
216,79,37216,81,sar_normal,GT,651,(before),731,37136,299890,20,0.0,0.03699208400212228,False
216,79,37216,81,sar_normal,GT,651,B1_zero,731,37136,299890,20,0.0003836660034721717,0.03444829200452659,False
216,79,37216,81,sar_normal,GT,651,B2_global_mean,731,37136,299890,20,0.0004010829870821908,0.034307792011532,False
216,79,37216,81,sar_normal,GT,651,B3_local_mean,731,37136,299890,20,0.0003659590001916513,0.033728166003129445,False
216,79,37216,81,sar_normal,GT,651,B4_linear_interp,731,37136,299890,20,0.000379708013497293,0.03609333299391437,False
216,79,37216,81,sar_normal,GT,651,B5_gaussian,731,37136,299890,20,0.0011912919871974736,0.03639162500621751,False
216,79,37216,81,sar_normal,GT,651,B6_shuffle,731,37136,299890,20,0.00048412500473205,0.035862207994796336,False
216,79,37216,81,sar_normal,GT,651,recon_test,731,37136,299890,20,0.019222165996325202,0.03706162500020582,False
216,79,37216,81,sar_normal,GT,651,recon_train,731,37136,299890,20,0.003713708996656351,0.03641545800201129,False
216,79,37216,81,sar_normal,GT,651,identity,731,37136,299890,20,0.00016683401190675795,0.036794999992707744,False
216,80,37216,81,anomaly,GT,651,(before),731,37136,299890,20,0.0,0.03644650000205729,False
216,80,37216,81,anomaly,GT,651,B1_zero,731,37136,299890,20,0.00037275000067893416,0.0329110419988865,False
216,80,37216,81,anomaly,GT,651,B2_global_mean,731,37136,299890,20,0.0005031250038882717,0.03399383299984038,False
216,80,37216,81,anomaly,GT,651,B3_local_mean,731,37136,299890,20,0.00043391600775066763,0.03292020798835438,False
216,80,37216,81,anomaly,GT,651,B4_linear_interp,731,37136,299890,20,0.00045770799624733627,0.0372645829920657,False
216,80,37216,81,anomaly,GT,651,B5_gaussian,731,37136,299890,20,0.001149834002717398,0.05168845900334418,False
216,80,37216,81,anomaly,GT,651,B6_shuffle,731,37136,299890,20,0.00047645899758208543,0.04656575000262819,False
216,80,37216,81,anomaly,GT,651,recon_test,731,37136,299890,20,0.02304066700162366,0.0360479579976527,False
216,80,37216,81,anomaly,GT,651,recon_train,731,37136,299890,20,0.0038080420054029673,0.036542999994708225,False
216,80,37216,81,anomaly,GT,651,identity,731,37136,299890,20,0.00013716700777877122,0.036724499994306825,False
241,0,250000,125,normal,0.25w,31,(before),155,249876,900000,31,0.0,0.1418931660009548,False
241,0,250000,125,normal,0.25w,31,B1_zero,155,249876,900000,31,0.0017654160037636757,0.13447120899218135,False
241,0,250000,125,normal,0.25w,31,B2_global_mean,155,249876,900000,31,0.0011789580021286383,0.15493108399095945,False
241,0,250000,125,normal,0.25w,31,B3_local_mean,155,249876,900000,31,0.001194542011944577,0.13916458400490228,False
241,0,250000,125,normal,0.25w,31,B4_linear_interp,155,249876,900000,31,0.0014507919986499473,0.12886404200980905,False
241,0,250000,125,normal,0.25w,31,B5_gaussian,155,249876,900000,31,0.0033412500051781535,0.14215349999722093,False
241,0,250000,125,normal,0.25w,31,B6_shuffle,155,249876,900000,31,0.0009548330126563087,0.1392730829975335,False
241,0,250000,125,normal,0.25w,31,recon_test,155,249876,900000,31,0.08923162499559112,0.13251412499812432,False
241,0,250000,125,normal,0.25w,31,recon_train,155,249876,900000,31,0.03732725000008941,0.14852533300290816,False
241,0,250000,125,normal,0.25w,31,identity,155,249876,900000,31,0.0006833329971414059,0.1537488750036573,False
241,1,250000,125,normal,0.25w,31,(before),155,249876,900000,31,0.0,0.1617815000063274,False
241,1,250000,125,normal,0.25w,31,B1_zero,155,249876,900000,31,0.0014058329979889095,0.1616870830039261,False
241,1,250000,125,normal,0.25w,31,B2_global_mean,155,249876,900000,31,0.002904583001509309,0.14783616698696278,False
241,1,250000,125,normal,0.25w,31,B3_local_mean,155,249876,900000,31,0.0011845830013044178,0.13964779199159238,False
241,1,250000,125,normal,0.25w,31,B4_linear_interp,155,249876,900000,31,0.0010728750057751313,0.13738579099299386,False
241,1,250000,125,normal,0.25w,31,B5_gaussian,155,249876,900000,31,0.002929375012172386,0.1341483340074774,False
241,1,250000,125,normal,0.25w,31,B6_shuffle,155,249876,900000,31,0.001757458012434654,0.1374399999913294,False
241,1,250000,125,normal,0.25w,31,recon_test,155,249876,900000,31,0.08734675000596326,0.139831000007689,False
241,1,250000,125,normal,0.25w,31,recon_train,155,249876,900000,31,0.03979974999674596,0.14700599999923725,False
241,1,250000,125,normal,0.25w,31,identity,155,249876,900000,31,0.0007196249935077503,0.132480416999897,False
241,2,250000,125,normal,0.25w,31,(before),155,249876,900000,31,0.0,0.15599962499982212,False
241,2,250000,125,normal,0.25w,31,B1_zero,155,249876,900000,31,0.0011258750018896535,0.17038983300153632,False
241,2,250000,125,normal,0.25w,31,B2_global_mean,155,249876,900000,31,0.001677332998951897,0.14089624999905936,False
241,2,250000,125,normal,0.25w,31,B3_local_mean,155,249876,900000,31,0.0011623750033322722,0.14324299999861978,False
241,2,250000,125,normal,0.25w,31,B4_linear_interp,155,249876,900000,31,0.001171083000372164,0.14397508300316986,False
241,2,250000,125,normal,0.25w,31,B5_gaussian,155,249876,900000,31,0.0032657920091878623,0.12980187499488238,False
241,2,250000,125,normal,0.25w,31,B6_shuffle,155,249876,900000,31,0.0012738750083371997,0.12887858299654908,False
241,2,250000,125,normal,0.25w,31,recon_test,155,249876,900000,31,0.08738229199661873,0.14354612500756048,False
241,2,250000,125,normal,0.25w,31,recon_train,155,249876,900000,31,0.035199959005694836,0.14607962500303984,False
241,2,250000,125,normal,0.25w,31,identity,155,249876,900000,31,0.0006847920012660325,0.14636579199577682,False
241,3,250000,125,normal,0.25w,31,(before),155,249876,900000,31,0.0,0.14136462500027847,False
241,3,250000,125,normal,0.25w,31,B1_zero,155,249876,900000,31,0.0013470420090015978,0.1373298749967944,False
241,3,250000,125,normal,0.25w,31,B2_global_mean,155,249876,900000,31,0.001440249994629994,0.1386682910087984,False
241,3,250000,125,normal,0.25w,31,B3_local_mean,155,249876,900000,31,0.0020537080126814544,0.139896625012625,False
241,3,250000,125,normal,0.25w,31,B4_linear_interp,155,249876,900000,31,0.0019130000000586733,0.14481033400807064,False
241,3,250000,125,normal,0.25w,31,B5_gaussian,155,249876,900000,31,0.003906375000951812,0.13854970800457522,False
241,3,250000,125,normal,0.25w,31,B6_shuffle,155,249876,900000,31,0.00113704199611675,0.13986129099794198,False
241,3,250000,125,normal,0.25w,31,recon_test,155,249876,900000,31,0.08503087500866968,0.13704112499544863,False
241,3,250000,125,normal,0.25w,31,recon_train,155,249876,900000,31,0.033608792000450194,0.14060137499473058,False
241,3,250000,125,normal,0.25w,31,identity,155,249876,900000,31,0.0005862910038558766,0.13716079101141077,False
241,4,250000,125,normal,0.25w,31,(before),155,249876,900000,31,0.0,0.13183754099009093,False
241,4,250000,125,normal,0.25w,31,B1_zero,155,249876,900000,31,0.0011221250024391338,0.14499095900100656,False
241,4,250000,125,normal,0.25w,31,B2_global_mean,155,249876,900000,31,0.001246583997271955,0.1385397089907201,False
241,4,250000,125,normal,0.25w,31,B3_local_mean,155,249876,900000,31,0.0011629159998847172,0.13568791700527072,False
241,4,250000,125,normal,0.25w,31,B4_linear_interp,155,249876,900000,31,0.0011230410018470138,0.14211529098975006,False
241,4,250000,125,normal,0.25w,31,B5_gaussian,155,249876,900000,31,0.002994875001604669,0.1465921249910025,False
241,4,250000,125,normal,0.25w,31,B6_shuffle,155,249876,900000,31,0.0010759579890873283,0.14918708300683647,False
241,4,250000,125,normal,0.25w,31,recon_test,155,249876,900000,31,0.09444937499938533,0.14409254200290889,False
241,4,250000,125,normal,0.25w,31,recon_train,155,249876,900000,31,0.05368866601202171,0.1633612500008894,False
241,4,250000,125,normal,0.25w,31,identity,155,249876,900000,31,0.0006303749978542328,0.13710754200292286,False
241,5,250000,125,normal,0.25w,31,(before),155,249876,900000,31,0.0,0.1352915409952402,False
241,5,250000,125,normal,0.25w,31,B1_zero,155,249876,900000,31,0.0010412090050522238,0.1423420829960378,False
241,5,250000,125,normal,0.25w,31,B2_global_mean,155,249876,900000,31,0.0012691669980995357,0.14271462499164045,False
241,5,250000,125,normal,0.25w,31,B3_local_mean,155,249876,900000,31,0.0013949580024927855,0.13883287500357255,False
241,5,250000,125,normal,0.25w,31,B4_linear_interp,155,249876,900000,31,0.0009829999908106402,0.12836595899716485,False
241,5,250000,125,normal,0.25w,31,B5_gaussian,155,249876,900000,31,0.0033654170110821724,0.13869237501057796,False
241,5,250000,125,normal,0.25w,31,B6_shuffle,155,249876,900000,31,0.0009987500088755041,0.1382040830067126,False
241,5,250000,125,normal,0.25w,31,recon_test,155,249876,900000,31,0.08921874999941792,0.13931433300604112,False
241,5,250000,125,normal,0.25w,31,recon_train,155,249876,900000,31,0.03635591700731311,0.139312917002826,False
241,5,250000,125,normal,0.25w,31,identity,155,249876,900000,31,0.0008495829970343038,0.1406026660115458,False
241,6,250000,125,normal,0.25w,31,(before),155,249876,900000,31,0.0,0.14555804200062994,False
241,6,250000,125,normal,0.25w,31,B1_zero,155,249876,900000,31,0.0014275830035330728,0.14471616699302103,False
241,6,250000,125,normal,0.25w,31,B2_global_mean,155,249876,900000,31,0.0015059169963933527,0.13713870799983852,False
241,6,250000,125,normal,0.25w,31,B3_local_mean,155,249876,900000,31,0.001145957998232916,0.1517065000080038,False
241,6,250000,125,normal,0.25w,31,B4_linear_interp,155,249876,900000,31,0.0010933749872492626,0.14357749999908265,False
241,6,250000,125,normal,0.25w,31,B5_gaussian,155,249876,900000,31,0.0032068340078694746,0.13524891699489672,False
241,6,250000,125,normal,0.25w,31,B6_shuffle,155,249876,900000,31,0.001568792009493336,0.14582812500884756,False
241,6,250000,125,normal,0.25w,31,recon_test,155,249876,900000,31,0.08967124999617226,0.14076216600369662,False
241,6,250000,125,normal,0.25w,31,recon_train,155,249876,900000,31,0.04111474999808706,0.1468978339980822,False
241,6,250000,125,normal,0.25w,31,identity,155,249876,900000,31,0.0007913339941296726,0.1404587500001071,False
241,7,250000,125,normal,0.25w,31,(before),155,249876,900000,31,0.0,0.15159995899011847,False
241,7,250000,125,normal,0.25w,31,B1_zero,155,249876,900000,31,0.0011178330023540184,0.1840297919989098,False
241,7,250000,125,normal,0.25w,31,B2_global_mean,155,249876,900000,31,0.001486124994698912,0.15294487500796095,False
241,7,250000,125,normal,0.25w,31,B3_local_mean,155,249876,900000,31,0.0015619580080965534,0.15321387500443961,False
241,7,250000,125,normal,0.25w,31,B4_linear_interp,155,249876,900000,31,0.0014925419964129105,0.1454227920039557,False
241,7,250000,125,normal,0.25w,31,B5_gaussian,155,249876,900000,31,0.003604041994549334,0.1512319580069743,False
241,7,250000,125,normal,0.25w,31,B6_shuffle,155,249876,900000,31,0.0017065829888451844,0.14560058301140089,False
241,7,250000,125,normal,0.25w,31,recon_test,155,249876,900000,31,0.09506512500229292,0.15120808299980126,False
241,7,250000,125,normal,0.25w,31,recon_train,155,249876,900000,31,0.04259904100035783,0.14330387499649078,False
241,7,250000,125,normal,0.25w,31,identity,155,249876,900000,31,0.0007587500003864989,0.15729941599420272,False
241,8,250000,125,normal,0.25w,31,(before),155,249876,900000,31,0.0,0.15187629200227093,False
241,8,250000,125,normal,0.25w,31,B1_zero,155,249876,900000,31,0.0013559159997384995,0.1500291670090519,False
241,8,250000,125,normal,0.25w,31,B2_global_mean,155,249876,900000,31,0.0012018330016871914,0.1391782920109108,False
241,8,250000,125,normal,0.25w,31,B3_local_mean,155,249876,900000,31,0.0020541249978123233,0.14721420800196938,False
241,8,250000,125,normal,0.25w,31,B4_linear_interp,155,249876,900000,31,0.00166995900508482,0.14478991700161714,False
241,8,250000,125,normal,0.25w,31,B5_gaussian,155,249876,900000,31,0.00300250000145752,0.15737629200157244,False
241,8,250000,125,normal,0.25w,31,B6_shuffle,155,249876,900000,31,0.0011065419967053458,0.1482447919988772,False
241,8,250000,125,normal,0.25w,31,recon_test,155,249876,900000,31,0.0938652920012828,0.13818304101005197,False
241,8,250000,125,normal,0.25w,31,recon_train,155,249876,900000,31,0.033821083008660935,0.154250666993903,False
241,8,250000,125,normal,0.25w,31,identity,155,249876,900000,31,0.0011186249903403223,0.1489912090037251,False
241,9,250000,125,normal,0.25w,31,(before),155,249876,900000,31,0.0,0.12453195900889114,False
241,9,250000,125,normal,0.25w,31,B1_zero,155,249876,900000,31,0.0011699580063577741,0.12716645799810067,False
241,9,250000,125,normal,0.25w,31,B2_global_mean,155,249876,900000,31,0.0012317079963395372,0.13020995899569243,False
241,9,250000,125,normal,0.25w,31,B3_local_mean,155,249876,900000,31,0.0009745830029714853,0.12564237498736475,False
241,9,250000,125,normal,0.25w,31,B4_linear_interp,155,249876,900000,31,0.0010323329915991053,0.1287433750112541,False
241,9,250000,125,normal,0.25w,31,B5_gaussian,155,249876,900000,31,0.0030872089992044494,0.1256791659980081,False
241,9,250000,125,normal,0.25w,31,B6_shuffle,155,249876,900000,31,0.0010845000069821253,0.12359662499511614,False
241,9,250000,125,normal,0.25w,31,recon_test,155,249876,900000,31,0.08266887499485165,0.13930133300891612,False
241,9,250000,125,normal,0.25w,31,recon_train,155,249876,900000,31,0.04693341700476594,0.12979062499653082,False
241,9,250000,125,normal,0.25w,31,identity,155,249876,900000,31,0.0006624160014325753,0.12677845898724627,False
241,10,250000,125,normal,0.25w,31,(before),155,249876,900000,31,0.0,0.12790537500404753,False
241,10,250000,125,normal,0.25w,31,B1_zero,155,249876,900000,31,0.0010110000002896413,0.12615987499884795,False
241,10,250000,125,normal,0.25w,31,B2_global_mean,155,249876,900000,31,0.001583040997502394,0.12611158400250133,False
241,10,250000,125,normal,0.25w,31,B3_local_mean,155,249876,900000,31,0.0011168750061187893,0.12530816700018477,False
241,10,250000,125,normal,0.25w,31,B4_linear_interp,155,249876,900000,31,0.001244040991878137,0.12318770801357459,False
241,10,250000,125,normal,0.25w,31,B5_gaussian,155,249876,900000,31,0.002965583000332117,0.12586295799701475,False
241,10,250000,125,normal,0.25w,31,B6_shuffle,155,249876,900000,31,0.0010610829922370613,0.12426533301186282,False
241,10,250000,125,normal,0.25w,31,recon_test,155,249876,900000,31,0.08002554099948611,0.12507400001049973,False
241,10,250000,125,normal,0.25w,31,recon_train,155,249876,900000,31,0.03409325001121033,0.12364320800406858,False
241,10,250000,125,normal,0.25w,31,identity,155,249876,900000,31,0.0006069579976610839,0.1241907910007285,False
241,11,250000,125,normal,0.25w,31,(before),155,249876,900000,31,0.0,0.12330404200474732,False
241,11,250000,125,normal,0.25w,31,B1_zero,155,249876,900000,31,0.0010455419978825375,0.12587099999655038,False
241,11,250000,125,normal,0.25w,31,B2_global_mean,155,249876,900000,31,0.001427250012056902,0.12386095800320618,False
241,11,250000,125,normal,0.25w,31,B3_local_mean,155,249876,900000,31,0.0011891250032931566,0.1238583749945974,False
241,11,250000,125,normal,0.25w,31,B4_linear_interp,155,249876,900000,31,0.001383791008265689,0.13060737500200048,False
241,11,250000,125,normal,0.25w,31,B5_gaussian,155,249876,900000,31,0.0033749580034054816,0.12373637499695178,False
241,11,250000,125,normal,0.25w,31,B6_shuffle,155,249876,900000,31,0.001073583000106737,0.12230883300071582,False
241,11,250000,125,normal,0.25w,31,recon_test,155,249876,900000,31,0.08419375000812579,0.12200941699848045,False
241,11,250000,125,normal,0.25w,31,recon_train,155,249876,900000,31,0.03396495799825061,0.12397512501047458,False
241,11,250000,125,normal,0.25w,31,identity,155,249876,900000,31,0.0005922919954173267,0.12234295799862593,False
241,12,250000,125,normal,0.25w,31,(before),155,249876,900000,31,0.0,0.12405641700024717,False
241,12,250000,125,normal,0.25w,31,B1_zero,155,249876,900000,31,0.0010836250003194436,0.12295491699478589,False
241,12,250000,125,normal,0.25w,31,B2_global_mean,155,249876,900000,31,0.0012844580051023513,0.13076537499728147,False
241,12,250000,125,normal,0.25w,31,B3_local_mean,155,249876,900000,31,0.0011987909965682775,0.12941791699267924,False
241,12,250000,125,normal,0.25w,31,B4_linear_interp,155,249876,900000,31,0.001022374999593012,0.12382824999804143,False
241,12,250000,125,normal,0.25w,31,B5_gaussian,155,249876,900000,31,0.00399241600825917,0.12620916600280907,False
241,12,250000,125,normal,0.25w,31,B6_shuffle,155,249876,900000,31,0.0011139159905724227,0.1253568750107661,False
241,12,250000,125,normal,0.25w,31,recon_test,155,249876,900000,31,0.08180141600314528,0.1396255419967929,False
241,12,250000,125,normal,0.25w,31,recon_train,155,249876,900000,31,0.04933941700437572,0.1267288330127485,False
241,12,250000,125,normal,0.25w,31,identity,155,249876,900000,31,0.0007211670017568395,0.12081233400385827,False
241,13,250000,125,normal,0.25w,31,(before),155,249876,900000,31,0.0,0.11920037498930469,False
241,13,250000,125,normal,0.25w,31,B1_zero,155,249876,900000,31,0.0010629580065142363,0.12173316700500436,False
241,13,250000,125,normal,0.25w,31,B2_global_mean,155,249876,900000,31,0.0012472499947762117,0.1203297920001205,False
241,13,250000,125,normal,0.25w,31,B3_local_mean,155,249876,900000,31,0.0011935840011574328,0.12054758300655521,False
241,13,250000,125,normal,0.25w,31,B4_linear_interp,155,249876,900000,31,0.0010537079942878336,0.11755141700268723,False
241,13,250000,125,normal,0.25w,31,B5_gaussian,155,249876,900000,31,0.0028205830021761358,0.12001795899413992,False
241,13,250000,125,normal,0.25w,31,B6_shuffle,155,249876,900000,31,0.0009546669898554683,0.11767295899335295,False
241,13,250000,125,normal,0.25w,31,recon_test,155,249876,900000,31,0.07781687499664258,0.11991720800870098,False
241,13,250000,125,normal,0.25w,31,recon_train,155,249876,900000,31,0.03220533300191164,0.11716950000845827,False
241,13,250000,125,normal,0.25w,31,identity,155,249876,900000,31,0.0006812920037191361,0.11878020800941158,False
241,14,250000,125,normal,0.25w,31,(before),155,249876,900000,31,0.0,0.1188519170100335,False
241,14,250000,125,normal,0.25w,31,B1_zero,155,249876,900000,31,0.00114808400394395,0.11923641599423718,False
241,14,250000,125,normal,0.25w,31,B2_global_mean,155,249876,900000,31,0.0012652500008698553,0.12078237500099931,False
241,14,250000,125,normal,0.25w,31,B3_local_mean,155,249876,900000,31,0.0010706250031944364,0.11981300001207273,False
241,14,250000,125,normal,0.25w,31,B4_linear_interp,155,249876,900000,31,0.0013933329901192337,0.11964833400270436,False
241,14,250000,125,normal,0.25w,31,B5_gaussian,155,249876,900000,31,0.002885374997276813,0.12255458399886265,False
241,14,250000,125,normal,0.25w,31,B6_shuffle,155,249876,900000,31,0.0009851670038187876,0.12014741600432899,False
241,14,250000,125,normal,0.25w,31,recon_test,155,249876,900000,31,0.07684020799933933,0.12037899999995716,False
241,14,250000,125,normal,0.25w,31,recon_train,155,249876,900000,31,0.030768875003559515,0.1180024589993991,False
241,14,250000,125,normal,0.25w,31,identity,155,249876,900000,31,0.0007506669935537502,0.11925616599910427,False
241,15,250000,125,normal,0.25w,31,(before),155,249876,900000,31,0.0,0.11860724999860395,False
241,15,250000,125,normal,0.25w,31,B1_zero,155,249876,900000,31,0.0009155000007012859,0.11913700000150129,False
241,15,250000,125,normal,0.25w,31,B2_global_mean,155,249876,900000,31,0.0010197500087087974,0.12014662500587292,False
241,15,250000,125,normal,0.25w,31,B3_local_mean,155,249876,900000,31,0.001103125003282912,0.12187908300256822,False
241,15,250000,125,normal,0.25w,31,B4_linear_interp,155,249876,900000,31,0.0010677079990273342,0.12110249999386724,False
241,15,250000,125,normal,0.25w,31,B5_gaussian,155,249876,900000,31,0.0029789999971399084,0.12179974999162368,False
241,15,250000,125,normal,0.25w,31,B6_shuffle,155,249876,900000,31,0.0013883750070817769,0.12305291599477641,False
241,15,250000,125,normal,0.25w,31,recon_test,155,249876,900000,31,0.07878758398874197,0.12019625000539236,False
241,15,250000,125,normal,0.25w,31,recon_train,155,249876,900000,31,0.032403457997133955,0.12096850000671111,False
241,15,250000,125,normal,0.25w,31,identity,155,249876,900000,31,0.0005946669989498332,0.14263387500250246,False
241,16,250000,125,normal,0.25w,31,(before),155,249876,900000,31,0.0,0.12073341599898413,False
241,16,250000,125,normal,0.25w,31,B1_zero,155,249876,900000,31,0.0011792500008596107,0.12093429100059438,False
241,16,250000,125,normal,0.25w,31,B2_global_mean,155,249876,900000,31,0.0012152499984949827,0.12006158400618006,False
241,16,250000,125,normal,0.25w,31,B3_local_mean,155,249876,900000,31,0.001155499994638376,0.11809562500275206,False
241,16,250000,125,normal,0.25w,31,B4_linear_interp,155,249876,900000,31,0.0012311250029597431,0.1186512499989476,False
241,16,250000,125,normal,0.25w,31,B5_gaussian,155,249876,900000,31,0.0030549579969374463,0.11989324999740347,False
241,16,250000,125,normal,0.25w,31,B6_shuffle,155,249876,900000,31,0.0009811670024646446,0.1173005419987021,False
241,16,250000,125,normal,0.25w,31,recon_test,155,249876,900000,31,0.07860708299267571,0.12031304200354498,False
241,16,250000,125,normal,0.25w,31,recon_train,155,249876,900000,31,0.030700292001711205,0.11904895798943471,False
241,16,250000,125,normal,0.25w,31,identity,155,249876,900000,31,0.0006701670063193887,0.11902608298987616,False
241,17,250000,125,normal,0.25w,31,(before),155,249876,900000,31,0.0,0.11879250001220498,False
241,17,250000,125,normal,0.25w,31,B1_zero,155,249876,900000,31,0.001090791993192397,0.11902904100134037,False
241,17,250000,125,normal,0.25w,31,B2_global_mean,155,249876,900000,31,0.001269417000003159,0.11917862499831244,False
241,17,250000,125,normal,0.25w,31,B3_local_mean,155,249876,900000,31,0.0011813749879365787,0.11914795900520403,False
241,17,250000,125,normal,0.25w,31,B4_linear_interp,155,249876,900000,31,0.0009237089980160818,0.12052899999252986,False
241,17,250000,125,normal,0.25w,31,B5_gaussian,155,249876,900000,31,0.0029030840087216347,0.1196547909930814,False
241,17,250000,125,normal,0.25w,31,B6_shuffle,155,249876,900000,31,0.0010168339940719306,0.11759716700180434,False
241,17,250000,125,normal,0.25w,31,recon_test,155,249876,900000,31,0.07767462500487454,0.118328583004768,False
241,17,250000,125,normal,0.25w,31,recon_train,155,249876,900000,31,0.03080379198945593,0.11861033400055021,False
241,17,250000,125,normal,0.25w,31,identity,155,249876,900000,31,0.0005725829978473485,0.11900441699253861,False
241,18,250000,125,normal,0.25w,31,(before),155,249876,900000,31,0.0,0.12035391599056311,False
241,18,250000,125,normal,0.25w,31,B1_zero,155,249876,900000,31,0.0010146669956156984,0.12084241700358689,False
241,18,250000,125,normal,0.25w,31,B2_global_mean,155,249876,900000,31,0.0013199579989304766,0.12154820800060406,False
241,18,250000,125,normal,0.25w,31,B3_local_mean,155,249876,900000,31,0.0011916250077774748,0.12287683400791138,False
241,18,250000,125,normal,0.25w,31,B4_linear_interp,155,249876,900000,31,0.001058750000083819,0.11973470899101812,False
241,18,250000,125,normal,0.25w,31,B5_gaussian,155,249876,900000,31,0.002954374998807907,0.12176370799716096,False
241,18,250000,125,normal,0.25w,31,B6_shuffle,155,249876,900000,31,0.0009285830019507557,0.11942550000094343,False
241,18,250000,125,normal,0.25w,31,recon_test,155,249876,900000,31,0.09616054200159851,0.13155824999557808,False
241,18,250000,125,normal,0.25w,31,recon_train,155,249876,900000,31,0.03288616599456873,0.1233303339977283,False
241,18,250000,125,normal,0.25w,31,identity,155,249876,900000,31,0.00059179199161008,0.12103383400244638,False
241,19,250000,125,normal,0.25w,31,(before),155,249876,900000,31,0.0,0.11931508299312554,False
241,19,250000,125,normal,0.25w,31,B1_zero,155,249876,900000,31,0.001085999989300035,0.11948283300444018,False
241,19,250000,125,normal,0.25w,31,B2_global_mean,155,249876,900000,31,0.0010182919941144064,0.12012879199755844,False
241,19,250000,125,normal,0.25w,31,B3_local_mean,155,249876,900000,31,0.0010540000075707212,0.1193407910031965,False
241,19,250000,125,normal,0.25w,31,B4_linear_interp,155,249876,900000,31,0.0009845840104389936,0.11813020799309015,False
241,19,250000,125,normal,0.25w,31,B5_gaussian,155,249876,900000,31,0.003019916999619454,0.11959883400413673,False
241,19,250000,125,normal,0.25w,31,B6_shuffle,155,249876,900000,31,0.0010856250009965152,0.11841762499534525,False
241,19,250000,125,normal,0.25w,31,recon_test,155,249876,900000,31,0.08014466700842604,0.12007645799894817,False
241,19,250000,125,normal,0.25w,31,recon_train,155,249876,900000,31,0.032454000000143424,0.11969170899828896,False
241,19,250000,125,normal,0.25w,31,identity,155,249876,900000,31,0.0006758749950677156,0.11900537500332575,False
241,20,250000,125,normal,0.5w,63,(before),187,249876,900000,31,0.0,0.1238653750042431,False
241,20,250000,125,normal,0.5w,63,B1_zero,187,249876,900000,31,0.0010562079987721518,0.12659625000378583,False
241,20,250000,125,normal,0.5w,63,B2_global_mean,187,249876,900000,31,0.001152084005298093,0.12436079200415406,False
241,20,250000,125,normal,0.5w,63,B3_local_mean,187,249876,900000,31,0.0011995420063612983,0.12726445800217334,False
241,20,250000,125,normal,0.5w,63,B4_linear_interp,187,249876,900000,31,0.0009477080020587891,0.12442958400060888,False
241,20,250000,125,normal,0.5w,63,B5_gaussian,187,249876,900000,31,0.00297220800712239,0.1251348749938188,False
241,20,250000,125,normal,0.5w,63,B6_shuffle,187,249876,900000,31,0.0010774999973364174,0.12352854099299293,False
241,20,250000,125,normal,0.5w,63,recon_test,187,249876,900000,31,0.07752895799058024,0.12449212500359863,False
241,20,250000,125,normal,0.5w,63,recon_train,187,249876,900000,31,0.03047520799736958,0.12397025000245776,False
241,20,250000,125,normal,0.5w,63,identity,187,249876,900000,31,0.0005892089975532144,0.12633858299523126,False
241,21,250000,125,normal,0.5w,63,(before),187,249876,900000,31,0.0,0.1265569169918308,False
241,21,250000,125,normal,0.5w,63,B1_zero,187,249876,900000,31,0.0010539170034462586,0.1261045830033254,False
241,21,250000,125,normal,0.5w,63,B2_global_mean,187,249876,900000,31,0.001243334001628682,0.12886066699866205,False
241,21,250000,125,normal,0.5w,63,B3_local_mean,187,249876,900000,31,0.0012182920036138967,0.1276269170048181,False
241,21,250000,125,normal,0.5w,63,B4_linear_interp,187,249876,900000,31,0.0010672080097720027,0.12608991700108163,False
241,21,250000,125,normal,0.5w,63,B5_gaussian,187,249876,900000,31,0.0027302500093355775,0.12658358398766723,False
241,21,250000,125,normal,0.5w,63,B6_shuffle,187,249876,900000,31,0.0009578330063959584,0.12584249999781605,False
241,21,250000,125,normal,0.5w,63,recon_test,187,249876,900000,31,0.08113779200357385,0.14984079099667724,False
241,21,250000,125,normal,0.5w,63,recon_train,187,249876,900000,31,0.03261908399872482,0.12746187500306405,False
241,21,250000,125,normal,0.5w,63,identity,187,249876,900000,31,0.0006254580075619742,0.1265901250008028,False
241,22,250000,125,normal,0.5w,63,(before),187,249876,900000,31,0.0,0.1248542079993058,False
241,22,250000,125,normal,0.5w,63,B1_zero,187,249876,900000,31,0.0010958339989883825,0.12654245799058117,False
241,22,250000,125,normal,0.5w,63,B2_global_mean,187,249876,900000,31,0.0011551250063348562,0.1256562920025317,False
241,22,250000,125,normal,0.5w,63,B3_local_mean,187,249876,900000,31,0.0012860410060966387,0.12620516700553708,False
241,22,250000,125,normal,0.5w,63,B4_linear_interp,187,249876,900000,31,0.001062041992554441,0.12566158299159724,False
241,22,250000,125,normal,0.5w,63,B5_gaussian,187,249876,900000,31,0.0032096250070026144,0.12641454199911095,False
241,22,250000,125,normal,0.5w,63,B6_shuffle,187,249876,900000,31,0.0012618330074474216,0.12539229200046975,False
241,22,250000,125,normal,0.5w,63,recon_test,187,249876,900000,31,0.07843683300598059,0.12511458300286904,False
241,22,250000,125,normal,0.5w,63,recon_train,187,249876,900000,31,0.03159179199428763,0.12472174999129493,False
241,22,250000,125,normal,0.5w,63,identity,187,249876,900000,31,0.0006254159961827099,0.1252190840023104,False
241,23,250000,125,normal,0.5w,63,(before),187,249876,900000,31,0.0,0.12524449999909848,False
241,23,250000,125,normal,0.5w,63,B1_zero,187,249876,900000,31,0.0010632080084178597,0.1261974579974776,False
241,23,250000,125,normal,0.5w,63,B2_global_mean,187,249876,900000,31,0.0011397080088499933,0.1255660829920089,False
241,23,250000,125,normal,0.5w,63,B3_local_mean,187,249876,900000,31,0.0010317920095985755,0.12626212499162648,False
241,23,250000,125,normal,0.5w,63,B4_linear_interp,187,249876,900000,31,0.0011999580019619316,0.12585462498827837,False
241,23,250000,125,normal,0.5w,63,B5_gaussian,187,249876,900000,31,0.0028039160097250715,0.12624416599282995,False
241,23,250000,125,normal,0.5w,63,B6_shuffle,187,249876,900000,31,0.000931290996959433,0.12471908298903145,False
241,23,250000,125,normal,0.5w,63,recon_test,187,249876,900000,31,0.0784779579989845,0.12662683399685193,False
241,23,250000,125,normal,0.5w,63,recon_train,187,249876,900000,31,0.03214920900063589,0.1250849170028232,False
241,23,250000,125,normal,0.5w,63,identity,187,249876,900000,31,0.0005026250000810251,0.1245438330079196,False
241,24,250000,125,normal,0.5w,63,(before),187,249876,900000,31,0.0,0.12674733300809748,False
241,24,250000,125,normal,0.5w,63,B1_zero,187,249876,900000,31,0.0011810420110123232,0.12968912500946317,False
241,24,250000,125,normal,0.5w,63,B2_global_mean,187,249876,900000,31,0.00102599999809172,0.1260165409912588,False
241,24,250000,125,normal,0.5w,63,B3_local_mean,187,249876,900000,31,0.0011425419943407178,0.12648454199370462,False
241,24,250000,125,normal,0.5w,63,B4_linear_interp,187,249876,900000,31,0.0011997500114375725,0.12526583299040794,False
241,24,250000,125,normal,0.5w,63,B5_gaussian,187,249876,900000,31,0.002976042000227608,0.12468283300404437,False
241,24,250000,125,normal,0.5w,63,B6_shuffle,187,249876,900000,31,0.0010618749947752804,0.12503820900747087,False
241,24,250000,125,normal,0.5w,63,recon_test,187,249876,900000,31,0.08302095900580753,0.14995320799062029,False
241,24,250000,125,normal,0.5w,63,recon_train,187,249876,900000,31,0.03291700000409037,0.12691133400949184,False
241,24,250000,125,normal,0.5w,63,identity,187,249876,900000,31,0.0006618330080527812,0.12563816701003816,False
241,25,250000,125,normal,0.5w,63,(before),187,249876,900000,31,0.0,0.12421350000659004,False
241,25,250000,125,normal,0.5w,63,B1_zero,187,249876,900000,31,0.0009974999993573874,0.12446791700494941,False
241,25,250000,125,normal,0.5w,63,B2_global_mean,187,249876,900000,31,0.0011793339945143089,0.1262392920034472,False
241,25,250000,125,normal,0.5w,63,B3_local_mean,187,249876,900000,31,0.001104708993807435,0.12527495800168253,False
241,25,250000,125,normal,0.5w,63,B4_linear_interp,187,249876,900000,31,0.0011220840096939355,0.12460637500043958,False
241,25,250000,125,normal,0.5w,63,B5_gaussian,187,249876,900000,31,0.00356287500471808,0.12750370799039956,False
241,25,250000,125,normal,0.5w,63,B6_shuffle,187,249876,900000,31,0.000992250003037043,0.12590258399723098,False
241,25,250000,125,normal,0.5w,63,recon_test,187,249876,900000,31,0.07836195798881818,0.12436287499440368,False
241,25,250000,125,normal,0.5w,63,recon_train,187,249876,900000,31,0.030495333005092107,0.12543641700176522,False
241,25,250000,125,normal,0.5w,63,identity,187,249876,900000,31,0.0005896660004509613,0.1239321250031935,False
241,26,250000,125,normal,0.5w,63,(before),187,249876,900000,31,0.0,0.12413549999473616,False
241,26,250000,125,normal,0.5w,63,B1_zero,187,249876,900000,31,0.0009554170101182535,0.12435887499304954,False
241,26,250000,125,normal,0.5w,63,B2_global_mean,187,249876,900000,31,0.0013402909971773624,0.1252319999912288,False
241,26,250000,125,normal,0.5w,63,B3_local_mean,187,249876,900000,31,0.0011645419872365892,0.12396366700704675,False
241,26,250000,125,normal,0.5w,63,B4_linear_interp,187,249876,900000,31,0.0011845410044770688,0.12315866599965375,False
241,26,250000,125,normal,0.5w,63,B5_gaussian,187,249876,900000,31,0.003249000001233071,0.12555641699873377,False
241,26,250000,125,normal,0.5w,63,B6_shuffle,187,249876,900000,31,0.0011145000025862828,0.12486591600463726,False
241,26,250000,125,normal,0.5w,63,recon_test,187,249876,900000,31,0.07879341700754594,0.12394604099972639,False
241,26,250000,125,normal,0.5w,63,recon_train,187,249876,900000,31,0.0324583340116078,0.12426920900179539,False
241,26,250000,125,normal,0.5w,63,identity,187,249876,900000,31,0.0006244160031201318,0.1252126670005964,False
241,27,250000,125,normal,0.5w,63,(before),187,249876,900000,31,0.0,0.12808216700796038,False
241,27,250000,125,normal,0.5w,63,B1_zero,187,249876,900000,31,0.001131707991589792,0.12635425000917166,False
241,27,250000,125,normal,0.5w,63,B2_global_mean,187,249876,900000,31,0.0011731249978765845,0.12635020799643826,False
241,27,250000,125,normal,0.5w,63,B3_local_mean,187,249876,900000,31,0.001177750003989786,0.1290545419906266,False
241,27,250000,125,normal,0.5w,63,B4_linear_interp,187,249876,900000,31,0.001102750000427477,0.14648533299623523,False
241,27,250000,125,normal,0.5w,63,B5_gaussian,187,249876,900000,31,0.003237624987377785,0.12745783300488256,False
241,27,250000,125,normal,0.5w,63,B6_shuffle,187,249876,900000,31,0.0010470410052221268,0.1262205830134917,False
241,27,250000,125,normal,0.5w,63,recon_test,187,249876,900000,31,0.07738262499333359,0.12540729099418968,False
241,27,250000,125,normal,0.5w,63,recon_train,187,249876,900000,31,0.03162695800710935,0.12333854199096095,False
241,27,250000,125,normal,0.5w,63,identity,187,249876,900000,31,0.0006259159999899566,0.12425629199424293,False
241,28,250000,125,normal,0.5w,63,(before),187,249876,900000,31,0.0,0.12335520899796393,False
241,28,250000,125,normal,0.5w,63,B1_zero,187,249876,900000,31,0.0009434999956283718,0.1252218330046162,False
241,28,250000,125,normal,0.5w,63,B2_global_mean,187,249876,900000,31,0.0011861249950015917,0.1263604160048999,False
241,28,250000,125,normal,0.5w,63,B3_local_mean,187,249876,900000,31,0.0012804169964510947,0.12414370800252073,False
241,28,250000,125,normal,0.5w,63,B4_linear_interp,187,249876,900000,31,0.0010842909978237003,0.1255072089988971,False
241,28,250000,125,normal,0.5w,63,B5_gaussian,187,249876,900000,31,0.0028516250022221357,0.12678445799974725,False
241,28,250000,125,normal,0.5w,63,B6_shuffle,187,249876,900000,31,0.001091166996047832,0.12367370800347999,False
241,28,250000,125,normal,0.5w,63,recon_test,187,249876,900000,31,0.07809704200190026,0.12489083300170023,False
241,28,250000,125,normal,0.5w,63,recon_train,187,249876,900000,31,0.030989332997705787,0.12300512500223704,False
241,28,250000,125,normal,0.5w,63,identity,187,249876,900000,31,0.0009089170052902773,0.12401366600533947,False
241,29,250000,125,normal,0.5w,63,(before),187,249876,900000,31,0.0,0.12384924999787472,False
241,29,250000,125,normal,0.5w,63,B1_zero,187,249876,900000,31,0.0010025000083260238,0.12604183399525937,False
241,29,250000,125,normal,0.5w,63,B2_global_mean,187,249876,900000,31,0.0011528330069268122,0.12588575000700075,False
241,29,250000,125,normal,0.5w,63,B3_local_mean,187,249876,900000,31,0.0011830409930553287,0.12370420800289139,False
241,29,250000,125,normal,0.5w,63,B4_linear_interp,187,249876,900000,31,0.0010487500112503767,0.12350112499552779,False
241,29,250000,125,normal,0.5w,63,B5_gaussian,187,249876,900000,31,0.0031063750066095963,0.12560920900432393,False
241,29,250000,125,normal,0.5w,63,B6_shuffle,187,249876,900000,31,0.0009466249903198332,0.12326545799442101,False
241,29,250000,125,normal,0.5w,63,recon_test,187,249876,900000,31,0.07724724999570753,0.12401566699554678,False
241,29,250000,125,normal,0.5w,63,recon_train,187,249876,900000,31,0.0321188749949215,0.12285441700078081,False
241,29,250000,125,normal,0.5w,63,identity,187,249876,900000,31,0.0007116659980965778,0.1268846669991035,False
241,30,250000,125,normal,0.5w,63,(before),187,249876,900000,31,0.0,0.12827345900586806,False
241,30,250000,125,normal,0.5w,63,B1_zero,187,249876,900000,31,0.0010034169972641394,0.12412033400323708,False
241,30,250000,125,normal,0.5w,63,B2_global_mean,187,249876,900000,31,0.001153792007244192,0.12603499999386258,False
241,30,250000,125,normal,0.5w,63,B3_local_mean,187,249876,900000,31,0.001030375002301298,0.12560983300500084,False
241,30,250000,125,normal,0.5w,63,B4_linear_interp,187,249876,900000,31,0.0012495839910116047,0.15113800000108313,False
241,30,250000,125,normal,0.5w,63,B5_gaussian,187,249876,900000,31,0.003248416993301362,0.12772216700250283,False
241,30,250000,125,normal,0.5w,63,B6_shuffle,187,249876,900000,31,0.0010158749937545508,0.12549104199570138,False
241,30,250000,125,normal,0.5w,63,recon_test,187,249876,900000,31,0.07662716699996963,0.12621741699695121,False
241,30,250000,125,normal,0.5w,63,recon_train,187,249876,900000,31,0.03130770899588242,0.1271136249997653,False
241,30,250000,125,normal,0.5w,63,identity,187,249876,900000,31,0.0006168749969219789,0.12552112499543,False
241,31,250000,125,normal,0.5w,63,(before),187,249876,900000,31,0.0,0.12509245800902136,False
241,31,250000,125,normal,0.5w,63,B1_zero,187,249876,900000,31,0.0011507079907460138,0.12518033299420495,False
241,31,250000,125,normal,0.5w,63,B2_global_mean,187,249876,900000,31,0.0011897090007551014,0.12472391698975116,False
241,31,250000,125,normal,0.5w,63,B3_local_mean,187,249876,900000,31,0.0010370410018367693,0.1258109579939628,False
241,31,250000,125,normal,0.5w,63,B4_linear_interp,187,249876,900000,31,0.0009803749999264255,0.12520062499970663,False
241,31,250000,125,normal,0.5w,63,B5_gaussian,187,249876,900000,31,0.0028542499931063503,0.1259836249955697,False
241,31,250000,125,normal,0.5w,63,B6_shuffle,187,249876,900000,31,0.0009690000006230548,0.12755383299372625,False
241,31,250000,125,normal,0.5w,63,recon_test,187,249876,900000,31,0.07952445901173633,0.1266481670027133,False
241,31,250000,125,normal,0.5w,63,recon_train,187,249876,900000,31,0.03244629199616611,0.1253395000094315,False
241,31,250000,125,normal,0.5w,63,identity,187,249876,900000,31,0.0007292499940376729,0.12450449999596458,False
241,32,250000,125,normal,0.5w,63,(before),187,249876,900000,31,0.0,0.12336866700206883,False
241,32,250000,125,normal,0.5w,63,B1_zero,187,249876,900000,31,0.0010538749920669943,0.1262260000075912,False
241,32,250000,125,normal,0.5w,63,B2_global_mean,187,249876,900000,31,0.0011528330069268122,0.1245583750132937,False
241,32,250000,125,normal,0.5w,63,B3_local_mean,187,249876,900000,31,0.0011461660033091903,0.12285008298931643,False
241,32,250000,125,normal,0.5w,63,B4_linear_interp,187,249876,900000,31,0.0011350000131642446,0.12445570799172856,False
241,32,250000,125,normal,0.5w,63,B5_gaussian,187,249876,900000,31,0.0029168339970055968,0.12489183300931472,False
241,32,250000,125,normal,0.5w,63,B6_shuffle,187,249876,900000,31,0.0010135839984286577,0.12415379199956078,False
241,32,250000,125,normal,0.5w,63,recon_test,187,249876,900000,31,0.07835495799372438,0.12475366699800361,False
241,32,250000,125,normal,0.5w,63,recon_train,187,249876,900000,31,0.0322170410072431,0.12541866600804497,False
241,32,250000,125,normal,0.5w,63,identity,187,249876,900000,31,0.0006086670036893338,0.12352287500107195,False
241,33,250000,125,normal,0.5w,63,(before),187,249876,900000,31,0.0,0.1251581660035299,False
241,33,250000,125,normal,0.5w,63,B1_zero,187,249876,900000,31,0.000865958005306311,0.1269342500017956,False
241,33,250000,125,normal,0.5w,63,B2_global_mean,187,249876,900000,31,0.0011683750053634867,0.12406575000204612,False
241,33,250000,125,normal,0.5w,63,B3_local_mean,187,249876,900000,31,0.0011443749972386286,0.1282149170001503,False
241,33,250000,125,normal,0.5w,63,B4_linear_interp,187,249876,900000,31,0.0008772499859333038,0.15238379199581686,False
241,33,250000,125,normal,0.5w,63,B5_gaussian,187,249876,900000,31,0.0036549590004142374,0.12828704199637286,False
241,33,250000,125,normal,0.5w,63,B6_shuffle,187,249876,900000,31,0.001051290993927978,0.12567262499942444,False
241,33,250000,125,normal,0.5w,63,recon_test,187,249876,900000,31,0.07765995801310055,0.12477504099661019,False
241,33,250000,125,normal,0.5w,63,recon_train,187,249876,900000,31,0.031646125004044734,0.12409129200386815,False
241,33,250000,125,normal,0.5w,63,identity,187,249876,900000,31,0.0007780840096529573,0.1246229999960633,False
241,34,250000,125,normal,0.5w,63,(before),187,249876,900000,31,0.0,0.12341720800031908,False
241,34,250000,125,normal,0.5w,63,B1_zero,187,249876,900000,31,0.0011339589982526377,0.12609279199386947,False
241,34,250000,125,normal,0.5w,63,B2_global_mean,187,249876,900000,31,0.0013347920030355453,0.12732754100579768,False
241,34,250000,125,normal,0.5w,63,B3_local_mean,187,249876,900000,31,0.0010332910023862496,0.12361554100061767,False
241,34,250000,125,normal,0.5w,63,B4_linear_interp,187,249876,900000,31,0.0010986249981215224,0.12465520801197272,False
241,34,250000,125,normal,0.5w,63,B5_gaussian,187,249876,900000,31,0.0030898749973857775,0.12656041700392962,False
241,34,250000,125,normal,0.5w,63,B6_shuffle,187,249876,900000,31,0.0010389999952167273,0.1229496659943834,False
241,34,250000,125,normal,0.5w,63,recon_test,187,249876,900000,31,0.07677870799670927,0.12265062499500345,False
241,34,250000,125,normal,0.5w,63,recon_train,187,249876,900000,31,0.03143124999769498,0.12279916599800345,False
241,34,250000,125,normal,0.5w,63,identity,187,249876,900000,31,0.0006065829948056489,0.12380883299920242,False
241,35,250000,125,normal,0.5w,63,(before),187,249876,900000,31,0.0,0.12604283400287386,False
241,35,250000,125,normal,0.5w,63,B1_zero,187,249876,900000,31,0.0010248750040773302,0.1260831249965122,False
241,35,250000,125,normal,0.5w,63,B2_global_mean,187,249876,900000,31,0.0010321669979020953,0.12576862500282004,False
241,35,250000,125,normal,0.5w,63,B3_local_mean,187,249876,900000,31,0.0011451250029494986,0.12496166600612924,False
241,35,250000,125,normal,0.5w,63,B4_linear_interp,187,249876,900000,31,0.0010732080118032172,0.1254566249990603,False
241,35,250000,125,normal,0.5w,63,B5_gaussian,187,249876,900000,31,0.003042582990019582,0.12492275000840891,False
241,35,250000,125,normal,0.5w,63,B6_shuffle,187,249876,900000,31,0.0010982499952660874,0.12572874999023043,False
241,35,250000,125,normal,0.5w,63,recon_test,187,249876,900000,31,0.07885254100256134,0.12777141699916683,False
241,35,250000,125,normal,0.5w,63,recon_train,187,249876,900000,31,0.032143874996108934,0.12577062500349712,False
241,35,250000,125,normal,0.5w,63,identity,187,249876,900000,31,0.0006843750015832484,0.1253463340108283,False
241,36,250000,125,normal,0.5w,63,(before),187,249876,900000,31,0.0,0.14578345899644773,False
241,36,250000,125,normal,0.5w,63,B1_zero,187,249876,900000,31,0.0010003329953178763,0.12834870800725184,False
241,36,250000,125,normal,0.5w,63,B2_global_mean,187,249876,900000,31,0.0010720830032369122,0.12560408300487325,False
241,36,250000,125,normal,0.5w,63,B3_local_mean,187,249876,900000,31,0.0010409160022391006,0.12463562499033287,False
241,36,250000,125,normal,0.5w,63,B4_linear_interp,187,249876,900000,31,0.0010636250081006438,0.12265395899885334,False
241,36,250000,125,normal,0.5w,63,B5_gaussian,187,249876,900000,31,0.002922582993051037,0.1257410410034936,False
241,36,250000,125,normal,0.5w,63,B6_shuffle,187,249876,900000,31,0.0008870830060914159,0.12317191700276453,False
241,36,250000,125,normal,0.5w,63,recon_test,187,249876,900000,31,0.077909624989843,0.12519670800247695,False
241,36,250000,125,normal,0.5w,63,recon_train,187,249876,900000,31,0.03083520800282713,0.12358604199835099,False
241,36,250000,125,normal,0.5w,63,identity,187,249876,900000,31,0.0006235830078367144,0.12376649999350775,False
241,37,250000,125,normal,0.5w,63,(before),187,249876,900000,31,0.0,0.12520533399947453,False
241,37,250000,125,normal,0.5w,63,B1_zero,187,249876,900000,31,0.00104825000744313,0.12754579199827276,False
241,37,250000,125,normal,0.5w,63,B2_global_mean,187,249876,900000,31,0.0012586670054588467,0.1263856670120731,False
241,37,250000,125,normal,0.5w,63,B3_local_mean,187,249876,900000,31,0.001170959003502503,0.12474008298886474,False
241,37,250000,125,normal,0.5w,63,B4_linear_interp,187,249876,900000,31,0.001160790998255834,0.1250726250000298,False
241,37,250000,125,normal,0.5w,63,B5_gaussian,187,249876,900000,31,0.0029435409960569814,0.1258822079980746,False
241,37,250000,125,normal,0.5w,63,B6_shuffle,187,249876,900000,31,0.0009332080080639571,0.12496816599741578,False
241,37,250000,125,normal,0.5w,63,recon_test,187,249876,900000,31,0.07789245899766684,0.12429875000088941,False
241,37,250000,125,normal,0.5w,63,recon_train,187,249876,900000,31,0.03180712499306537,0.12210550000600051,False
241,37,250000,125,normal,0.5w,63,identity,187,249876,900000,31,0.0006133749993750826,0.12344370799837634,False
241,38,250000,125,normal,0.5w,63,(before),187,249876,900000,31,0.0,0.12259999998786952,False
241,38,250000,125,normal,0.5w,63,B1_zero,187,249876,900000,31,0.001066333003109321,0.12409570800082292,False
241,38,250000,125,normal,0.5w,63,B2_global_mean,187,249876,900000,31,0.0012607079988811165,0.12421033300051931,False
241,38,250000,125,normal,0.5w,63,B3_local_mean,187,249876,900000,31,0.001285375008592382,0.12207629199838266,False
241,38,250000,125,normal,0.5w,63,B4_linear_interp,187,249876,900000,31,0.0012290410086279735,0.12261199999193195,False
241,38,250000,125,normal,0.5w,63,B5_gaussian,187,249876,900000,31,0.0029938750085420907,0.12409483300871216,False
241,38,250000,125,normal,0.5w,63,B6_shuffle,187,249876,900000,31,0.0010127919958904386,0.12803020799765363,False
241,38,250000,125,normal,0.5w,63,recon_test,187,249876,900000,31,0.07980970900098328,0.12299066700506955,False
241,38,250000,125,normal,0.5w,63,recon_train,187,249876,900000,31,0.03068008300033398,0.12147691700374708,False
241,38,250000,125,normal,0.5w,63,identity,187,249876,900000,31,0.0005876670038560405,0.12256287499621976,False
241,39,250000,125,normal,0.5w,63,(before),187,249876,900000,31,0.0,0.12787070800550282,False
241,39,250000,125,normal,0.5w,63,B1_zero,187,249876,900000,31,0.0010662499989848584,0.15015462499286514,False
241,39,250000,125,normal,0.5w,63,B2_global_mean,187,249876,900000,31,0.0010781250020954758,0.127424999998766,False
241,39,250000,125,normal,0.5w,63,B3_local_mean,187,249876,900000,31,0.0010960420040646568,0.12521125000785105,False
241,39,250000,125,normal,0.5w,63,B4_linear_interp,187,249876,900000,31,0.0011025830026483163,0.12420729199948255,False
241,39,250000,125,normal,0.5w,63,B5_gaussian,187,249876,900000,31,0.0032334170100511983,0.12386408299789764,False
241,39,250000,125,normal,0.5w,63,B6_shuffle,187,249876,900000,31,0.0010842499905265868,0.12373916599608492,False
241,39,250000,125,normal,0.5w,63,recon_test,187,249876,900000,31,0.07881312500103377,0.12268795799172949,False
241,39,250000,125,normal,0.5w,63,recon_train,187,249876,900000,31,0.03142841700173449,0.12254779100476298,False
241,39,250000,125,normal,0.5w,63,identity,187,249876,900000,31,0.0006060410087229684,0.12249695899663493,False
241,40,250000,125,normal,1.0w,125,(before),249,249876,900000,31,0.0,0.1371564590081107,False
241,40,250000,125,normal,1.0w,125,B1_zero,249,249876,900000,31,0.0008909580064937472,0.13983858400024474,False
241,40,250000,125,normal,1.0w,125,B2_global_mean,249,249876,900000,31,0.001284250000026077,0.13866670800780412,False
241,40,250000,125,normal,1.0w,125,B3_local_mean,249,249876,900000,31,0.0010598329972708598,0.14031495800008997,False
241,40,250000,125,normal,1.0w,125,B4_linear_interp,249,249876,900000,31,0.0011168330092914402,0.13423445899388753,False
241,40,250000,125,normal,1.0w,125,B5_gaussian,249,249876,900000,31,0.003177125006914139,0.13834379200125113,False
241,40,250000,125,normal,1.0w,125,B6_shuffle,249,249876,900000,31,0.0010389169910922647,0.13807495799846947,False
241,40,250000,125,normal,1.0w,125,recon_test,249,249876,900000,31,0.0808410419995198,0.15388591699593235,False
241,40,250000,125,normal,1.0w,125,recon_train,249,249876,900000,31,0.05896583299909253,0.14895966699987184,False
241,40,250000,125,normal,1.0w,125,identity,249,249876,900000,31,0.0008175840048352256,0.14884437499858905,False
241,41,250000,125,normal,1.0w,125,(before),249,249876,900000,31,0.0,0.18347808399994392,False
241,41,250000,125,normal,1.0w,125,B1_zero,249,249876,900000,31,0.0013730000064242631,0.1710330000059912,False
241,41,250000,125,normal,1.0w,125,B2_global_mean,249,249876,900000,31,0.0020767500100191683,0.1635149579960853,False
241,41,250000,125,normal,1.0w,125,B3_local_mean,249,249876,900000,31,0.00141983300272841,0.19819720899977256,False
241,41,250000,125,normal,1.0w,125,B4_linear_interp,249,249876,900000,31,0.0011850829905597493,0.1558554999937769,False
241,41,250000,125,normal,1.0w,125,B5_gaussian,249,249876,900000,31,0.004511082996032201,0.16141041700029746,False
241,41,250000,125,normal,1.0w,125,B6_shuffle,249,249876,900000,31,0.0012709159927908331,0.17950854200171307,False
241,41,250000,125,normal,1.0w,125,recon_test,249,249876,900000,31,0.1508538329944713,0.1558357089961646,False
241,41,250000,125,normal,1.0w,125,recon_train,249,249876,900000,31,0.043185250004171394,0.1606662080012029,False
241,41,250000,125,normal,1.0w,125,identity,249,249876,900000,31,0.0009462500020163134,0.1902332089957781,False
241,42,250000,125,normal,1.0w,125,(before),249,249876,900000,31,0.0,0.15045045800798107,False
241,42,250000,125,normal,1.0w,125,B1_zero,249,249876,900000,31,0.0011823750101029873,0.1697754589986289,False
241,42,250000,125,normal,1.0w,125,B2_global_mean,249,249876,900000,31,0.0026280419988324866,0.16340341699833516,False
241,42,250000,125,normal,1.0w,125,B3_local_mean,249,249876,900000,31,0.0017085830040741712,0.14613045900478028,False
241,42,250000,125,normal,1.0w,125,B4_linear_interp,249,249876,900000,31,0.0014817909977864474,0.14337362500373274,False
241,42,250000,125,normal,1.0w,125,B5_gaussian,249,249876,900000,31,0.0029968330054543912,0.1407180419919314,False
241,42,250000,125,normal,1.0w,125,B6_shuffle,249,249876,900000,31,0.001029790990287438,0.1383953340118751,False
241,42,250000,125,normal,1.0w,125,recon_test,249,249876,900000,31,0.08823179099999834,0.13615045801270753,False
241,42,250000,125,normal,1.0w,125,recon_train,249,249876,900000,31,0.03423037499305792,0.13668191598844714,False
241,42,250000,125,normal,1.0w,125,identity,249,249876,900000,31,0.0006643749948125333,0.13649124999938067,False
241,43,250000,125,normal,1.0w,125,(before),249,249876,900000,31,0.0,0.13740875000075903,False
241,43,250000,125,normal,1.0w,125,B1_zero,249,249876,900000,31,0.0011712499981513247,0.14048441700288095,False
241,43,250000,125,normal,1.0w,125,B2_global_mean,249,249876,900000,31,0.0014437079953495413,0.1416762910084799,False
241,43,250000,125,normal,1.0w,125,B3_local_mean,249,249876,900000,31,0.0011008750007022172,0.13756466600170825,False
241,43,250000,125,normal,1.0w,125,B4_linear_interp,249,249876,900000,31,0.001079124995158054,0.13577575000817887,False
241,43,250000,125,normal,1.0w,125,B5_gaussian,249,249876,900000,31,0.0034669580054469407,0.13808266700652894,False
241,43,250000,125,normal,1.0w,125,B6_shuffle,249,249876,900000,31,0.0018405830051051453,0.13741729198955,False
241,43,250000,125,normal,1.0w,125,recon_test,249,249876,900000,31,0.0924637080024695,0.13939066699822433,False
241,43,250000,125,normal,1.0w,125,recon_train,249,249876,900000,31,0.03454487500130199,0.13839208299759775,False
241,43,250000,125,normal,1.0w,125,identity,249,249876,900000,31,0.0005804579996038228,0.16871037500095554,False
241,44,250000,125,normal,1.0w,125,(before),249,249876,900000,31,0.0,0.14614720799727365,False
241,44,250000,125,normal,1.0w,125,B1_zero,249,249876,900000,31,0.0010657080129021779,0.1468565840041265,False
241,44,250000,125,normal,1.0w,125,B2_global_mean,249,249876,900000,31,0.0013538750063162297,0.14430887500930112,False
241,44,250000,125,normal,1.0w,125,B3_local_mean,249,249876,900000,31,0.0012056249979650602,0.14117124999756925,False
241,44,250000,125,normal,1.0w,125,B4_linear_interp,249,249876,900000,31,0.001044415999785997,0.13957179100543726,False
241,44,250000,125,normal,1.0w,125,B5_gaussian,249,249876,900000,31,0.003285707993200049,0.1383791249973001,False
241,44,250000,125,normal,1.0w,125,B6_shuffle,249,249876,900000,31,0.0009979169990401715,0.1373128330014879,False
241,44,250000,125,normal,1.0w,125,recon_test,249,249876,900000,31,0.08100145900971256,0.13665512499574106,False
241,44,250000,125,normal,1.0w,125,recon_train,249,249876,900000,31,0.03431520900630858,0.13671074999729171,False
241,44,250000,125,normal,1.0w,125,identity,249,249876,900000,31,0.0007101249939296395,0.13915104100306053,False
241,45,250000,125,normal,1.0w,125,(before),249,249876,900000,31,0.0,0.13902387500274926,False
241,45,250000,125,normal,1.0w,125,B1_zero,249,249876,900000,31,0.0009322499972768128,0.14005029200052377,False
241,45,250000,125,normal,1.0w,125,B2_global_mean,249,249876,900000,31,0.0012068750074831769,0.13834550000319723,False
241,45,250000,125,normal,1.0w,125,B3_local_mean,249,249876,900000,31,0.0012482079910114408,0.13436816599278245,False
241,45,250000,125,normal,1.0w,125,B4_linear_interp,249,249876,900000,31,0.0011965419980697334,0.13366995900287293,False
241,45,250000,125,normal,1.0w,125,B5_gaussian,249,249876,900000,31,0.0031650830060243607,0.13809683399449568,False
241,45,250000,125,normal,1.0w,125,B6_shuffle,249,249876,900000,31,0.0010217910021310672,0.1355109580035787,False
241,45,250000,125,normal,1.0w,125,recon_test,249,249876,900000,31,0.07820512499893084,0.13311337500636,False
241,45,250000,125,normal,1.0w,125,recon_train,249,249876,900000,31,0.03116145900276024,0.13316408300306648,False
241,45,250000,125,normal,1.0w,125,identity,249,249876,900000,31,0.0007819159945938736,0.1337780829926487,False
241,46,250000,125,normal,1.0w,125,(before),249,249876,900000,31,0.0,0.1341116669937037,False
241,46,250000,125,normal,1.0w,125,B1_zero,249,249876,900000,31,0.0011591660004341975,0.1387801669916371,False
241,46,250000,125,normal,1.0w,125,B2_global_mean,249,249876,900000,31,0.001254875009180978,0.14010675001190975,False
241,46,250000,125,normal,1.0w,125,B3_local_mean,249,249876,900000,31,0.001225792002514936,0.1397889999934705,False
241,46,250000,125,normal,1.0w,125,B4_linear_interp,249,249876,900000,31,0.0009519579907646403,0.13508437499694992,False
241,46,250000,125,normal,1.0w,125,B5_gaussian,249,249876,900000,31,0.0028249999886611477,0.13937895899289288,False
241,46,250000,125,normal,1.0w,125,B6_shuffle,249,249876,900000,31,0.0010138329962501302,0.13660033300402574,False
241,46,250000,125,normal,1.0w,125,recon_test,249,249876,900000,31,0.09561487499740906,0.14945425000041723,False
241,46,250000,125,normal,1.0w,125,recon_train,249,249876,900000,31,0.032684250007150695,0.13624120800523087,False
241,46,250000,125,normal,1.0w,125,identity,249,249876,900000,31,0.0005841660022269934,0.1343275410035858,False
241,47,250000,125,normal,1.0w,125,(before),249,249876,900000,31,0.0,0.13552725000772625,False
241,47,250000,125,normal,1.0w,125,B1_zero,249,249876,900000,31,0.0009619170014047995,0.13840491700102575,False
241,47,250000,125,normal,1.0w,125,B2_global_mean,249,249876,900000,31,0.0013105410034768283,0.13714933399751317,False
241,47,250000,125,normal,1.0w,125,B3_local_mean,249,249876,900000,31,0.0011259169987170026,0.13739766700018663,False
241,47,250000,125,normal,1.0w,125,B4_linear_interp,249,249876,900000,31,0.0009809170005610213,0.13525504199787974,False
241,47,250000,125,normal,1.0w,125,B5_gaussian,249,249876,900000,31,0.003236791002564132,0.1369232919969363,False
241,47,250000,125,normal,1.0w,125,B6_shuffle,249,249876,900000,31,0.0009104580094572157,0.1369653329893481,False
241,47,250000,125,normal,1.0w,125,recon_test,249,249876,900000,31,0.07801475000451319,0.13644691700756084,False
241,47,250000,125,normal,1.0w,125,recon_train,249,249876,900000,31,0.0310544999956619,0.13552754200645722,False
241,47,250000,125,normal,1.0w,125,identity,249,249876,900000,31,0.0007272079965332523,0.13469249999616295,False
241,48,250000,125,normal,1.0w,125,(before),249,249876,900000,31,0.0,0.13690549999591894,False
241,48,250000,125,normal,1.0w,125,B1_zero,249,249876,900000,31,0.0010940420033875853,0.13815737501136027,False
241,48,250000,125,normal,1.0w,125,B2_global_mean,249,249876,900000,31,0.001005999991321005,0.13854162499774247,False
241,48,250000,125,normal,1.0w,125,B3_local_mean,249,249876,900000,31,0.0009834590018726885,0.13624379099928774,False
241,48,250000,125,normal,1.0w,125,B4_linear_interp,249,249876,900000,31,0.001127667012042366,0.13625245800358243,False
241,48,250000,125,normal,1.0w,125,B5_gaussian,249,249876,900000,31,0.0028957500035176054,0.14228825000463985,False
241,48,250000,125,normal,1.0w,125,B6_shuffle,249,249876,900000,31,0.0010896669991780072,0.1355663340073079,False
241,48,250000,125,normal,1.0w,125,recon_test,249,249876,900000,31,0.07910187500237953,0.13760849999380298,False
241,48,250000,125,normal,1.0w,125,recon_train,249,249876,900000,31,0.031748500012326986,0.13712066700099967,False
241,48,250000,125,normal,1.0w,125,identity,249,249876,900000,31,0.0006027079944033176,0.1407240829867078,False
241,49,250000,125,normal,1.0w,125,(before),249,249876,900000,31,0.0,0.14257979199464899,False
241,49,250000,125,normal,1.0w,125,B1_zero,249,249876,900000,31,0.0009717499924590811,0.1377970840112539,False
241,49,250000,125,normal,1.0w,125,B2_global_mean,249,249876,900000,31,0.00114824999764096,0.13812466600211337,False
241,49,250000,125,normal,1.0w,125,B3_local_mean,249,249876,900000,31,0.0011372500011930242,0.13559037499362603,False
241,49,250000,125,normal,1.0w,125,B4_linear_interp,249,249876,900000,31,0.0009357500093756244,0.14459516599890776,False
241,49,250000,125,normal,1.0w,125,B5_gaussian,249,249876,900000,31,0.005825625004945323,0.15052908299549017,False
241,49,250000,125,normal,1.0w,125,B6_shuffle,249,249876,900000,31,0.001283833000343293,0.14002191700274125,False
241,49,250000,125,normal,1.0w,125,recon_test,249,249876,900000,31,0.07857570800115354,0.13845183300145436,False
241,49,250000,125,normal,1.0w,125,recon_train,249,249876,900000,31,0.03154466699925251,0.1347493749926798,False
241,49,250000,125,normal,1.0w,125,identity,249,249876,900000,31,0.0005469589959830046,0.13628220799728297,False
241,50,250000,125,normal,1.0w,125,(before),249,249876,900000,31,0.0,0.13505920799798332,False
241,50,250000,125,normal,1.0w,125,B1_zero,249,249876,900000,31,0.0010952919983537868,0.13772825000341982,False
241,50,250000,125,normal,1.0w,125,B2_global_mean,249,249876,900000,31,0.0011361250071786344,0.14211475000774954,False
241,50,250000,125,normal,1.0w,125,B3_local_mean,249,249876,900000,31,0.0010971250012516975,0.1383817499881843,False
241,50,250000,125,normal,1.0w,125,B4_linear_interp,249,249876,900000,31,0.0011289160029264167,0.13684012499288656,False
241,50,250000,125,normal,1.0w,125,B5_gaussian,249,249876,900000,31,0.0027237500034971163,0.13785408400872257,False
241,50,250000,125,normal,1.0w,125,B6_shuffle,249,249876,900000,31,0.001075499996659346,0.13704816698736977,False
241,50,250000,125,normal,1.0w,125,recon_test,249,249876,900000,31,0.0781361669942271,0.13683941699855495,False
241,50,250000,125,normal,1.0w,125,recon_train,249,249876,900000,31,0.030817958002444357,0.13734450000629295,False
241,50,250000,125,normal,1.0w,125,identity,249,249876,900000,31,0.0005421249952632934,0.13760345900664106,False
241,51,250000,125,normal,1.0w,125,(before),249,249876,900000,31,0.0,0.13782066700514406,False
241,51,250000,125,normal,1.0w,125,B1_zero,249,249876,900000,31,0.001101957997889258,0.13909875000535976,False
241,51,250000,125,normal,1.0w,125,B2_global_mean,249,249876,900000,31,0.0011167919874424115,0.13833549999981187,False
241,51,250000,125,normal,1.0w,125,B3_local_mean,249,249876,900000,31,0.000945042003877461,0.1396658750018105,False
241,51,250000,125,normal,1.0w,125,B4_linear_interp,249,249876,900000,31,0.0012321250105742365,0.138291916999151,False
241,51,250000,125,normal,1.0w,125,B5_gaussian,249,249876,900000,31,0.002801584007102065,0.139434832992265,False
241,51,250000,125,normal,1.0w,125,B6_shuffle,249,249876,900000,31,0.0011795830068876967,0.14278387499507517,False
241,51,250000,125,normal,1.0w,125,recon_test,249,249876,900000,31,0.08012508299725596,0.13842704099079128,False
241,51,250000,125,normal,1.0w,125,recon_train,249,249876,900000,31,0.030957208000472747,0.15280499999062158,False
241,51,250000,125,normal,1.0w,125,identity,249,249876,900000,31,0.0006881250010337681,0.14065570900856983,False
241,52,250000,125,normal,1.0w,125,(before),249,249876,900000,31,0.0,0.13766695800586604,False
241,52,250000,125,normal,1.0w,125,B1_zero,249,249876,900000,31,0.001352790990495123,0.14578775000700261,False
241,52,250000,125,normal,1.0w,125,B2_global_mean,249,249876,900000,31,0.0012408339971443638,0.14397966700198594,False
241,52,250000,125,normal,1.0w,125,B3_local_mean,249,249876,900000,31,0.0012992080010008067,0.14356141600001138,False
241,52,250000,125,normal,1.0w,125,B4_linear_interp,249,249876,900000,31,0.0011792500008596107,0.14076808300160337,False
241,52,250000,125,normal,1.0w,125,B5_gaussian,249,249876,900000,31,0.002846707997377962,0.14147370899445377,False
241,52,250000,125,normal,1.0w,125,B6_shuffle,249,249876,900000,31,0.0010274160013068467,0.14105845900485292,False
241,52,250000,125,normal,1.0w,125,recon_test,249,249876,900000,31,0.08600066701183096,0.14149008299864363,False
241,52,250000,125,normal,1.0w,125,recon_train,249,249876,900000,31,0.0346304999984568,0.14098875000490807,False
241,52,250000,125,normal,1.0w,125,identity,249,249876,900000,31,0.0011484999995445833,0.14182854098908138,False
241,53,250000,125,normal,1.0w,125,(before),249,249876,900000,31,0.0,0.13986595900496468,False
241,53,250000,125,normal,1.0w,125,B1_zero,249,249876,900000,31,0.0015492919919779524,0.1422180829977151,False
241,53,250000,125,normal,1.0w,125,B2_global_mean,249,249876,900000,31,0.0011823750101029873,0.14436700000078417,False
241,53,250000,125,normal,1.0w,125,B3_local_mean,249,249876,900000,31,0.0012310000020079315,0.14054737500555348,False
241,53,250000,125,normal,1.0w,125,B4_linear_interp,249,249876,900000,31,0.0010204590071225539,0.13664987499942072,False
241,53,250000,125,normal,1.0w,125,B5_gaussian,249,249876,900000,31,0.0029220409924164414,0.13855424999201205,False
241,53,250000,125,normal,1.0w,125,B6_shuffle,249,249876,900000,31,0.0008744999940972775,0.1672998329886468,False
241,53,250000,125,normal,1.0w,125,recon_test,249,249876,900000,31,0.10522333400149364,0.1521869999996852,False
241,53,250000,125,normal,1.0w,125,recon_train,249,249876,900000,31,0.03935112500039395,0.16582974999619182,False
241,53,250000,125,normal,1.0w,125,identity,249,249876,900000,31,0.0010323749884264544,0.17370549999759533,False
241,54,250000,125,normal,1.0w,125,(before),249,249876,900000,31,0.0,0.18533270800253376,False
241,54,250000,125,normal,1.0w,125,B1_zero,249,249876,900000,31,0.001421791996108368,0.15961595800763462,False
241,54,250000,125,normal,1.0w,125,B2_global_mean,249,249876,900000,31,0.0016137080092448741,0.16000241599977016,False
241,54,250000,125,normal,1.0w,125,B3_local_mean,249,249876,900000,31,0.0020806249958695844,0.15579070801322814,False
241,54,250000,125,normal,1.0w,125,B4_linear_interp,249,249876,900000,31,0.001542458005133085,0.17971920799755026,False
241,54,250000,125,normal,1.0w,125,B5_gaussian,249,249876,900000,31,0.003910333005478606,0.1539864999940619,False
241,54,250000,125,normal,1.0w,125,B6_shuffle,249,249876,900000,31,0.0013191670004744083,0.15485362499020994,False
241,54,250000,125,normal,1.0w,125,recon_test,249,249876,900000,31,0.10391075001098216,0.15000470900849905,False
241,54,250000,125,normal,1.0w,125,recon_train,249,249876,900000,31,0.039073499996447936,0.14804179199563805,False
241,54,250000,125,normal,1.0w,125,identity,249,249876,900000,31,0.000730792002286762,0.14833129198814277,False
241,55,250000,125,normal,1.0w,125,(before),249,249876,900000,31,0.0,0.14818975000525825,False
241,55,250000,125,normal,1.0w,125,B1_zero,249,249876,900000,31,0.0021878749976167455,0.14710924999963026,False
241,55,250000,125,normal,1.0w,125,B2_global_mean,249,249876,900000,31,0.0012915830011479557,0.1509026670100866,False
241,55,250000,125,normal,1.0w,125,B3_local_mean,249,249876,900000,31,0.0012812920031137764,0.14408212499984074,False
241,55,250000,125,normal,1.0w,125,B4_linear_interp,249,249876,900000,31,0.0011603330058278516,0.14146324999455828,False
241,55,250000,125,normal,1.0w,125,B5_gaussian,249,249876,900000,31,0.004435875001945533,0.1511938750045374,False
241,55,250000,125,normal,1.0w,125,B6_shuffle,249,249876,900000,31,0.001166542002465576,0.20552870800020173,False
241,55,250000,125,normal,1.0w,125,recon_test,249,249876,900000,31,0.10149133400409482,0.1542876250023255,False
241,55,250000,125,normal,1.0w,125,recon_train,249,249876,900000,31,0.0383658749924507,0.15066204199683852,False
241,55,250000,125,normal,1.0w,125,identity,249,249876,900000,31,0.0006079169979784638,0.14181620799354278,False
241,56,250000,125,normal,1.0w,125,(before),249,249876,900000,31,0.0,0.1404482090001693,False
241,56,250000,125,normal,1.0w,125,B1_zero,249,249876,900000,31,0.0010116670018760487,0.14175545900070574,False
241,56,250000,125,normal,1.0w,125,B2_global_mean,249,249876,900000,31,0.0013642909907503054,0.1411931249895133,False
241,56,250000,125,normal,1.0w,125,B3_local_mean,249,249876,900000,31,0.0011824579996755347,0.14152329199714586,False
241,56,250000,125,normal,1.0w,125,B4_linear_interp,249,249876,900000,31,0.0012817499955417588,0.15130199999839533,False
241,56,250000,125,normal,1.0w,125,B5_gaussian,249,249876,900000,31,0.0031173329916782677,0.1494797909981571,False
241,56,250000,125,normal,1.0w,125,B6_shuffle,249,249876,900000,31,0.0010059579944936559,0.14477516700571869,False
241,56,250000,125,normal,1.0w,125,recon_test,249,249876,900000,31,0.0898226249992149,0.14035079099994618,False
241,56,250000,125,normal,1.0w,125,recon_train,249,249876,900000,31,0.03398645800189115,0.14112820901209489,False
241,56,250000,125,normal,1.0w,125,identity,249,249876,900000,31,0.0006138330063549802,0.16917287500109524,False
241,57,250000,125,normal,1.0w,125,(before),249,249876,900000,31,0.0,0.1465405840135645,False
241,57,250000,125,normal,1.0w,125,B1_zero,249,249876,900000,31,0.0010697499965317547,0.14283862500451505,False
241,57,250000,125,normal,1.0w,125,B2_global_mean,249,249876,900000,31,0.0013889160036342219,0.1419944170047529,False
241,57,250000,125,normal,1.0w,125,B3_local_mean,249,249876,900000,31,0.0012939160078531131,0.16280079100397415,False
241,57,250000,125,normal,1.0w,125,B4_linear_interp,249,249876,900000,31,0.002186792000429705,0.15110870799981058,False
241,57,250000,125,normal,1.0w,125,B5_gaussian,249,249876,900000,31,0.0032193330116569996,0.15022295799280982,False
241,57,250000,125,normal,1.0w,125,B6_shuffle,249,249876,900000,31,0.0012346250005066395,0.14809504100412596,False
241,57,250000,125,normal,1.0w,125,recon_test,249,249876,900000,31,0.09657741700357292,0.16009745799237862,False
241,57,250000,125,normal,1.0w,125,recon_train,249,249876,900000,31,0.05611174998921342,0.16799458299647085,False
241,57,250000,125,normal,1.0w,125,identity,249,249876,900000,31,0.0007060409989207983,0.14878683400456794,False
241,58,250000,125,normal,1.0w,125,(before),249,249876,900000,31,0.0,0.159007082998869,False
241,58,250000,125,normal,1.0w,125,B1_zero,249,249876,900000,31,0.001204834014060907,0.15666837499884423,False
241,58,250000,125,normal,1.0w,125,B2_global_mean,249,249876,900000,31,0.0013204999995650724,0.14906120899831876,False
241,58,250000,125,normal,1.0w,125,B3_local_mean,249,249876,900000,31,0.0012394590012263507,0.1483719160023611,False
241,58,250000,125,normal,1.0w,125,B4_linear_interp,249,249876,900000,31,0.0014415839978028089,0.14380504201108124,False
241,58,250000,125,normal,1.0w,125,B5_gaussian,249,249876,900000,31,0.003307457998744212,0.14194324999698438,False
241,58,250000,125,normal,1.0w,125,B6_shuffle,249,249876,900000,31,0.0011633330141194165,0.1387625830102479,False
241,58,250000,125,normal,1.0w,125,recon_test,249,249876,900000,31,0.08625745799508877,0.13641274999827147,False
241,58,250000,125,normal,1.0w,125,recon_train,249,249876,900000,31,0.03461958299158141,0.14193100000557024,False
241,58,250000,125,normal,1.0w,125,identity,249,249876,900000,31,0.0006110410031396896,0.14221179200103506,False
241,59,250000,125,normal,1.0w,125,(before),249,249876,900000,31,0.0,0.13964791598846205,False
241,59,250000,125,normal,1.0w,125,B1_zero,249,249876,900000,31,0.00196154200239107,0.14124195800104644,False
241,59,250000,125,normal,1.0w,125,B2_global_mean,249,249876,900000,31,0.0011861669918289408,0.14264283300144598,False
241,59,250000,125,normal,1.0w,125,B3_local_mean,249,249876,900000,31,0.0012340410030446947,0.1437109170074109,False
241,59,250000,125,normal,1.0w,125,B4_linear_interp,249,249876,900000,31,0.0012202920042909682,0.15886974999739323,False
241,59,250000,125,normal,1.0w,125,B5_gaussian,249,249876,900000,31,0.0034042500046780333,0.16778141701070126,False
241,59,250000,125,normal,1.0w,125,B6_shuffle,249,249876,900000,31,0.0012416250101523474,0.14501462499902118,False
241,59,250000,125,normal,1.0w,125,recon_test,249,249876,900000,31,0.08789691700076219,0.13822787499520928,False
241,59,250000,125,normal,1.0w,125,recon_train,249,249876,900000,31,0.034970458000316285,0.1381374170014169,False
241,59,250000,125,normal,1.0w,125,identity,249,249876,900000,31,0.0007876670133555308,0.14137349999509752,False
241,60,250000,125,sar_normal,GT,1701,(before),1825,249876,900000,31,0.0,0.45780108400504105,False
241,60,250000,125,sar_normal,GT,1701,B1_zero,1825,249876,900000,31,0.0010579590016277507,0.4473052499961341,False
241,60,250000,125,sar_normal,GT,1701,B2_global_mean,1825,249876,900000,31,0.001330917002633214,0.4450490409944905,False
241,60,250000,125,sar_normal,GT,1701,B3_local_mean,1825,249876,900000,31,0.001196625002194196,0.44049495800572913,False
241,60,250000,125,sar_normal,GT,1701,B4_linear_interp,1825,249876,900000,31,0.0010685419983929023,0.4356110000080662,False
241,60,250000,125,sar_normal,GT,1701,B5_gaussian,1825,249876,900000,31,0.0028046249935869128,0.4665204999910202,False
241,60,250000,125,sar_normal,GT,1701,B6_shuffle,1825,249876,900000,31,0.000978167008724995,0.4906483329978073,False
241,60,250000,125,sar_normal,GT,1701,recon_test,1825,249876,900000,31,0.07950804100255482,0.4465751249954337,False
241,60,250000,125,sar_normal,GT,1701,recon_train,1825,249876,900000,31,0.03125608300615568,0.45110575000580866,False
241,60,250000,125,sar_normal,GT,1701,identity,1825,249876,900000,31,0.0005793750024167821,0.44777433401031885,False
241,61,250000,125,sar_normal,GT,1701,(before),1825,249876,900000,31,0.0,0.44876604099408723,False
241,61,250000,125,sar_normal,GT,1701,B1_zero,1825,249876,900000,31,0.0010629589960444719,0.4444311249972088,False
241,61,250000,125,sar_normal,GT,1701,B2_global_mean,1825,249876,900000,31,0.0013502499932656065,0.4428230000048643,False
241,61,250000,125,sar_normal,GT,1701,B3_local_mean,1825,249876,900000,31,0.0011653329856926575,0.442826459009666,False
241,61,250000,125,sar_normal,GT,1701,B4_linear_interp,1825,249876,900000,31,0.0009123329946305603,0.44060595901100896,False
241,61,250000,125,sar_normal,GT,1701,B5_gaussian,1825,249876,900000,31,0.00300829199841246,0.4942591250000987,False
241,61,250000,125,sar_normal,GT,1701,B6_shuffle,1825,249876,900000,31,0.0010957499907817692,0.46314775000791997,False
241,61,250000,125,sar_normal,GT,1701,recon_test,1825,249876,900000,31,0.0783380840002792,0.4486667910096003,False
241,61,250000,125,sar_normal,GT,1701,recon_train,1825,249876,900000,31,0.03092329100763891,0.4512132919917349,False
241,61,250000,125,sar_normal,GT,1701,identity,1825,249876,900000,31,0.0005965839955024421,0.448118667001836,False
241,62,250000,125,sar_normal,GT,1701,(before),1825,249876,900000,31,0.0,0.45292608300223947,False
241,62,250000,125,sar_normal,GT,1701,B1_zero,1825,249876,900000,31,0.0011545419984031469,0.444434832999832,False
241,62,250000,125,sar_normal,GT,1701,B2_global_mean,1825,249876,900000,31,0.0011372500011930242,0.44853574999433476,False
241,62,250000,125,sar_normal,GT,1701,B3_local_mean,1825,249876,900000,31,0.0011328330001560971,0.4436792499909643,False
241,62,250000,125,sar_normal,GT,1701,B4_linear_interp,1825,249876,900000,31,0.0010590420133667067,0.4891722500033211,False
241,62,250000,125,sar_normal,GT,1701,B5_gaussian,1825,249876,900000,31,0.003127541989670135,0.4624174589989707,False
241,62,250000,125,sar_normal,GT,1701,B6_shuffle,1825,249876,900000,31,0.001079875000868924,0.47615783399669454,False
241,62,250000,125,sar_normal,GT,1701,recon_test,1825,249876,900000,31,0.08527570799924433,0.4646753749984782,False
241,62,250000,125,sar_normal,GT,1701,recon_train,1825,249876,900000,31,0.03418808401329443,0.4633627500006696,False
241,62,250000,125,sar_normal,GT,1701,identity,1825,249876,900000,31,0.0005531670030904934,0.4650065409950912,False
241,63,250000,125,sar_normal,GT,1701,(before),1825,249876,900000,31,0.0,0.45825854199938476,False
241,63,250000,125,sar_normal,GT,1701,B1_zero,1825,249876,900000,31,0.001123124995501712,0.45803925000655,False
241,63,250000,125,sar_normal,GT,1701,B2_global_mean,1825,249876,900000,31,0.0011751659912988544,0.4439255829929607,False
241,63,250000,125,sar_normal,GT,1701,B3_local_mean,1825,249876,900000,31,0.0012388750037644058,0.43779829099366907,False
241,63,250000,125,sar_normal,GT,1701,B4_linear_interp,1825,249876,900000,31,0.000923332991078496,0.45082195800205227,False
241,63,250000,125,sar_normal,GT,1701,B5_gaussian,1825,249876,900000,31,0.002957375007099472,0.4713834160065744,False
241,63,250000,125,sar_normal,GT,1701,B6_shuffle,1825,249876,900000,31,0.0010425410000607371,0.4578433330025291,False
241,63,250000,125,sar_normal,GT,1701,recon_test,1825,249876,900000,31,0.07681425000191666,0.4475186249910621,False
241,63,250000,125,sar_normal,GT,1701,recon_train,1825,249876,900000,31,0.03137808399333153,0.44931087500299327,False
241,63,250000,125,sar_normal,GT,1701,identity,1825,249876,900000,31,0.0005608339997706935,0.45349354200880043,False
241,64,250000,125,sar_normal,GT,1701,(before),1825,249876,900000,31,0.0,0.4786116250033956,False
241,64,250000,125,sar_normal,GT,1701,B1_zero,1825,249876,900000,31,0.0010144580010091886,0.44331099999544676,False
241,64,250000,125,sar_normal,GT,1701,B2_global_mean,1825,249876,900000,31,0.0011627089988905936,0.44514924999384675,False
241,64,250000,125,sar_normal,GT,1701,B3_local_mean,1825,249876,900000,31,0.0010269579943269491,0.44445708399871364,False
241,64,250000,125,sar_normal,GT,1701,B4_linear_interp,1825,249876,900000,31,0.0011085419973824173,0.43937658399227075,False
241,64,250000,125,sar_normal,GT,1701,B5_gaussian,1825,249876,900000,31,0.0027430420013843104,0.46124420799606014,False
241,64,250000,125,sar_normal,GT,1701,B6_shuffle,1825,249876,900000,31,0.0010864590003620833,0.4597650420037098,False
241,64,250000,125,sar_normal,GT,1701,recon_test,1825,249876,900000,31,0.07841487499536015,0.4525064170011319,False
241,64,250000,125,sar_normal,GT,1701,recon_train,1825,249876,900000,31,0.031055290994117968,0.45567487500375137,False
241,64,250000,125,sar_normal,GT,1701,identity,1825,249876,900000,31,0.000611374998698011,0.4713419170002453,False
241,65,250000,125,sar_normal,GT,1701,(before),1825,249876,900000,31,0.0,0.4479944580089068,False
241,65,250000,125,sar_normal,GT,1701,B1_zero,1825,249876,900000,31,0.0010525410034460947,0.4452316660026554,False
241,65,250000,125,sar_normal,GT,1701,B2_global_mean,1825,249876,900000,31,0.0011635830014711246,0.44485145900398493,False
241,65,250000,125,sar_normal,GT,1701,B3_local_mean,1825,249876,900000,31,0.0011369169951649383,0.44357254198985174,False
241,65,250000,125,sar_normal,GT,1701,B4_linear_interp,1825,249876,900000,31,0.0009858330013230443,0.4385510830034036,False
241,65,250000,125,sar_normal,GT,1701,B5_gaussian,1825,249876,900000,31,0.0031005839991848916,0.4604916670068633,False
241,65,250000,125,sar_normal,GT,1701,B6_shuffle,1825,249876,900000,31,0.0009870409994618967,0.4632389170001261,False
241,65,250000,125,sar_normal,GT,1701,recon_test,1825,249876,900000,31,0.07814454199979082,0.47690808300103527,False
241,65,250000,125,sar_normal,GT,1701,recon_train,1825,249876,900000,31,0.03196508399560116,0.4554575000074692,False
241,65,250000,125,sar_normal,GT,1701,identity,1825,249876,900000,31,0.0005574170063482597,0.4464131249987986,False
241,66,250000,125,sar_normal,GT,1701,(before),1825,249876,900000,31,0.0,0.44891837499744724,False
241,66,250000,125,sar_normal,GT,1701,B1_zero,1825,249876,900000,31,0.0009742920083226636,0.44290587499563117,False
241,66,250000,125,sar_normal,GT,1701,B2_global_mean,1825,249876,900000,31,0.0010275829990860075,0.4448129579977831,False
241,66,250000,125,sar_normal,GT,1701,B3_local_mean,1825,249876,900000,31,0.0011127079924335703,0.4445430000050692,False
241,66,250000,125,sar_normal,GT,1701,B4_linear_interp,1825,249876,900000,31,0.0011964580044150352,0.4371990000072401,False
241,66,250000,125,sar_normal,GT,1701,B5_gaussian,1825,249876,900000,31,0.002833624996128492,0.46268920799775515,False
241,66,250000,125,sar_normal,GT,1701,B6_shuffle,1825,249876,900000,31,0.0011500419932417572,0.4882078749942593,False
241,66,250000,125,sar_normal,GT,1701,recon_test,1825,249876,900000,31,0.07964383299986366,0.445628041998134,False
241,66,250000,125,sar_normal,GT,1701,recon_train,1825,249876,900000,31,0.03194770800473634,0.4531993330019759,False
241,66,250000,125,sar_normal,GT,1701,identity,1825,249876,900000,31,0.0006743340054526925,0.44766537500254344,False
241,67,250000,125,sar_normal,GT,1701,(before),1825,249876,900000,31,0.0,0.45277954199991655,False
241,67,250000,125,sar_normal,GT,1701,B1_zero,1825,249876,900000,31,0.000971125002251938,0.441943584010005,False
241,67,250000,125,sar_normal,GT,1701,B2_global_mean,1825,249876,900000,31,0.0012169999972684309,0.4418358750117477,False
241,67,250000,125,sar_normal,GT,1701,B3_local_mean,1825,249876,900000,31,0.0011220410087844357,0.4496472089958843,False
241,67,250000,125,sar_normal,GT,1701,B4_linear_interp,1825,249876,900000,31,0.001066750002792105,0.4650717079930473,False
241,67,250000,125,sar_normal,GT,1701,B5_gaussian,1825,249876,900000,31,0.0027306659903842956,0.48046983299718704,False
241,67,250000,125,sar_normal,GT,1701,B6_shuffle,1825,249876,900000,31,0.0009227080008713529,0.4606916249904316,False
241,67,250000,125,sar_normal,GT,1701,recon_test,1825,249876,900000,31,0.07643541600555182,0.4520747499918798,False
241,67,250000,125,sar_normal,GT,1701,recon_train,1825,249876,900000,31,0.03182295800070278,0.4535423330089543,False
241,67,250000,125,sar_normal,GT,1701,identity,1825,249876,900000,31,0.0005620000010821968,0.454958959002397,False
241,68,250000,125,sar_normal,GT,1701,(before),1825,249876,900000,31,0.0,0.4524489579926012,False
241,68,250000,125,sar_normal,GT,1701,B1_zero,1825,249876,900000,31,0.001012082997476682,0.4428754169930471,False
241,68,250000,125,sar_normal,GT,1701,B2_global_mean,1825,249876,900000,31,0.0013158750080037862,0.44710570899769664,False
241,68,250000,125,sar_normal,GT,1701,B3_local_mean,1825,249876,900000,31,0.0011909169988939539,0.5421769169915933,False
241,68,250000,125,sar_normal,GT,1701,B4_linear_interp,1825,249876,900000,31,0.0018292500026291236,0.6168053750006948,False
241,68,250000,125,sar_normal,GT,1701,B5_gaussian,1825,249876,900000,31,0.0038179159892024472,0.521817667002324,False
241,68,250000,125,sar_normal,GT,1701,B6_shuffle,1825,249876,900000,31,0.0014690829993924126,0.531731833005324,False
241,68,250000,125,sar_normal,GT,1701,recon_test,1825,249876,900000,31,0.10415012500016019,0.4808675419917563,False
241,68,250000,125,sar_normal,GT,1701,recon_train,1825,249876,900000,31,0.035883541000657715,0.47112175000074785,False
241,68,250000,125,sar_normal,GT,1701,identity,1825,249876,900000,31,0.0007314579997910187,0.48547441700065974,False
241,69,250000,125,sar_normal,GT,1701,(before),1825,249876,900000,31,0.0,0.4736935840046499,False
241,69,250000,125,sar_normal,GT,1701,B1_zero,1825,249876,900000,31,0.0012488339998526499,0.5741802499978803,False
241,69,250000,125,sar_normal,GT,1701,B2_global_mean,1825,249876,900000,31,0.0014106669987086207,0.4892481669958215,False
241,69,250000,125,sar_normal,GT,1701,B3_local_mean,1825,249876,900000,31,0.001172082993434742,0.4528392500069458,False
241,69,250000,125,sar_normal,GT,1701,B4_linear_interp,1825,249876,900000,31,0.0011094159999629483,0.4485920410079416,False
241,69,250000,125,sar_normal,GT,1701,B5_gaussian,1825,249876,900000,31,0.004190291991108097,0.46423400001367554,False
241,69,250000,125,sar_normal,GT,1701,B6_shuffle,1825,249876,900000,31,0.0016725419991416857,0.4670301659934921,False
241,69,250000,125,sar_normal,GT,1701,recon_test,1825,249876,900000,31,0.087154124994413,0.4583950840024045,False
241,69,250000,125,sar_normal,GT,1701,recon_train,1825,249876,900000,31,0.037297041999408975,0.4663673749892041,False
241,69,250000,125,sar_normal,GT,1701,identity,1825,249876,900000,31,0.0006602920038858429,0.48688591600512154,False
241,70,250000,125,sar_normal,GT,1701,(before),1825,249876,900000,31,0.0,0.4546070000069449,False
241,70,250000,125,sar_normal,GT,1701,B1_zero,1825,249876,900000,31,0.0011261659965384752,0.4497402919951128,False
241,70,250000,125,sar_normal,GT,1701,B2_global_mean,1825,249876,900000,31,0.0012096249993192032,0.4498877089936286,False
241,70,250000,125,sar_normal,GT,1701,B3_local_mean,1825,249876,900000,31,0.0010317909909645095,0.4448400830005994,False
241,70,250000,125,sar_normal,GT,1701,B4_linear_interp,1825,249876,900000,31,0.0010628339950926602,0.44245250000676606,False
241,70,250000,125,sar_normal,GT,1701,B5_gaussian,1825,249876,900000,31,0.0030976249981904402,0.46355862499331124,False
241,70,250000,125,sar_normal,GT,1701,B6_shuffle,1825,249876,900000,31,0.001234666007803753,0.46456691600906197,False
241,70,250000,125,sar_normal,GT,1701,recon_test,1825,249876,900000,31,0.07843083298939746,0.4731908329995349,False
241,70,250000,125,sar_normal,GT,1701,recon_train,1825,249876,900000,31,0.032014917000196874,0.45221570899593644,False
241,70,250000,125,sar_normal,GT,1701,identity,1825,249876,900000,31,0.0007275419920915738,0.45153349998872727,False
241,71,250000,125,sar_normal,GT,1701,(before),1825,249876,900000,31,0.0,0.449003374989843,False
241,71,250000,125,sar_normal,GT,1701,B1_zero,1825,249876,900000,31,0.001324792014202103,0.443492749996949,False
241,71,250000,125,sar_normal,GT,1701,B2_global_mean,1825,249876,900000,31,0.0010357499995734543,0.4454601249890402,False
241,71,250000,125,sar_normal,GT,1701,B3_local_mean,1825,249876,900000,31,0.0011435409978730604,0.4389854170003673,False
241,71,250000,125,sar_normal,GT,1701,B4_linear_interp,1825,249876,900000,31,0.000930750000406988,0.4354900420003105,False
241,71,250000,125,sar_normal,GT,1701,B5_gaussian,1825,249876,900000,31,0.003005083999596536,0.4618867079989286,False
241,71,250000,125,sar_normal,GT,1701,B6_shuffle,1825,249876,900000,31,0.0009415420063305646,0.4911533749982482,False
241,71,250000,125,sar_normal,GT,1701,recon_test,1825,249876,900000,31,0.08504733399604447,0.44859054099651985,False
241,71,250000,125,sar_normal,GT,1701,recon_train,1825,249876,900000,31,0.03310366699588485,0.4512173749972135,False
241,71,250000,125,sar_normal,GT,1701,identity,1825,249876,900000,31,0.000636875003692694,0.44905537499289494,False
241,72,250000,125,sar_normal,GT,1701,(before),1825,249876,900000,31,0.0,0.4519655000040075,False
241,72,250000,125,sar_normal,GT,1701,B1_zero,1825,249876,900000,31,0.0010594579944154248,0.440643000009004,False
241,72,250000,125,sar_normal,GT,1701,B2_global_mean,1825,249876,900000,31,0.0010952090087812394,0.4447932080074679,False
241,72,250000,125,sar_normal,GT,1701,B3_local_mean,1825,249876,900000,31,0.0011356250033713877,0.44622762499784585,False
241,72,250000,125,sar_normal,GT,1701,B4_linear_interp,1825,249876,900000,31,0.0010342499881517142,0.47600204100308474,False
241,72,250000,125,sar_normal,GT,1701,B5_gaussian,1825,249876,900000,31,0.0032401670032413676,0.504640458006179,False
241,72,250000,125,sar_normal,GT,1701,B6_shuffle,1825,249876,900000,31,0.0010915829916484654,0.4852882500126725,False
241,72,250000,125,sar_normal,GT,1701,recon_test,1825,249876,900000,31,0.08454708399949595,0.4655717910063686,False
241,72,250000,125,sar_normal,GT,1701,recon_train,1825,249876,900000,31,0.0342007500003092,0.45456516700505745,False
241,72,250000,125,sar_normal,GT,1701,identity,1825,249876,900000,31,0.0007583749975310639,0.45070908300112933,False
241,73,250000,125,sar_normal,GT,1701,(before),1825,249876,900000,31,0.0,0.45202795800287277,False
241,73,250000,125,sar_normal,GT,1701,B1_zero,1825,249876,900000,31,0.0008217080030590296,0.45073224999941885,False
241,73,250000,125,sar_normal,GT,1701,B2_global_mean,1825,249876,900000,31,0.0011331250134389848,0.44501583400415257,False
241,73,250000,125,sar_normal,GT,1701,B3_local_mean,1825,249876,900000,31,0.0011687079968396574,0.4570267499948386,False
241,73,250000,125,sar_normal,GT,1701,B4_linear_interp,1825,249876,900000,31,0.0010354169935453683,0.4742501250002533,False
241,73,250000,125,sar_normal,GT,1701,B5_gaussian,1825,249876,900000,31,0.003174124998622574,0.4594567080057459,False
241,73,250000,125,sar_normal,GT,1701,B6_shuffle,1825,249876,900000,31,0.00115591699432116,0.459257541995612,False
241,73,250000,125,sar_normal,GT,1701,recon_test,1825,249876,900000,31,0.0774864169943612,0.4505079999944428,False
241,73,250000,125,sar_normal,GT,1701,recon_train,1825,249876,900000,31,0.03088379101245664,0.44978399999672547,False
241,73,250000,125,sar_normal,GT,1701,identity,1825,249876,900000,31,0.0005945000011706725,0.45130812500428874,False
241,74,250000,125,sar_normal,GT,1701,(before),1825,249876,900000,31,0.0,0.45093029100098647,False
241,74,250000,125,sar_normal,GT,1701,B1_zero,1825,249876,900000,31,0.0009470000077271834,0.45757079200120643,False
241,74,250000,125,sar_normal,GT,1701,B2_global_mean,1825,249876,900000,31,0.0012471250083763152,0.4632053749955958,False
241,74,250000,125,sar_normal,GT,1701,B3_local_mean,1825,249876,900000,31,0.001112666999688372,0.4433416660031071,False
241,74,250000,125,sar_normal,GT,1701,B4_linear_interp,1825,249876,900000,31,0.0009031660010805354,0.462683375008055,False
241,74,250000,125,sar_normal,GT,1701,B5_gaussian,1825,249876,900000,31,0.0027997500001220033,0.4621858750033425,False
241,74,250000,125,sar_normal,GT,1701,B6_shuffle,1825,249876,900000,31,0.0011137080000480637,0.46215829100401606,False
241,74,250000,125,sar_normal,GT,1701,recon_test,1825,249876,900000,31,0.07648579200031236,0.4529613749909913,False
241,74,250000,125,sar_normal,GT,1701,recon_train,1825,249876,900000,31,0.03142775000014808,0.4548437919875141,False
241,74,250000,125,sar_normal,GT,1701,identity,1825,249876,900000,31,0.0006275420018937439,0.4538029999966966,False
241,75,250000,125,sar_normal,GT,1701,(before),1825,249876,900000,31,0.0,0.46624037499714177,False
241,75,250000,125,sar_normal,GT,1701,B1_zero,1825,249876,900000,31,0.0010045840026577935,0.44519158398907166,False
241,75,250000,125,sar_normal,GT,1701,B2_global_mean,1825,249876,900000,31,0.0010509589919820428,0.44387649999407586,False
241,75,250000,125,sar_normal,GT,1701,B3_local_mean,1825,249876,900000,31,0.000991666005575098,0.43966970799374394,False
241,75,250000,125,sar_normal,GT,1701,B4_linear_interp,1825,249876,900000,31,0.0009714589978102595,0.4405512079974869,False
241,75,250000,125,sar_normal,GT,1701,B5_gaussian,1825,249876,900000,31,0.0032442910014651716,0.45914729200012516,False
241,75,250000,125,sar_normal,GT,1701,B6_shuffle,1825,249876,900000,31,0.0009480829903623089,0.45875520900881384,False
241,75,250000,125,sar_normal,GT,1701,recon_test,1825,249876,900000,31,0.07640824999543838,0.4535791250091279,False
241,75,250000,125,sar_normal,GT,1701,recon_train,1825,249876,900000,31,0.030820208994555287,0.4791147920041112,False
241,75,250000,125,sar_normal,GT,1701,identity,1825,249876,900000,31,0.0005660409951815382,0.4487610409996705,False
241,76,250000,125,sar_normal,GT,1701,(before),1825,249876,900000,31,0.0,0.4480285419995198,False
241,76,250000,125,sar_normal,GT,1701,B1_zero,1825,249876,900000,31,0.0010262909927405417,0.44145641700015403,False
241,76,250000,125,sar_normal,GT,1701,B2_global_mean,1825,249876,900000,31,0.0011669999948935583,0.4482032919913763,False
241,76,250000,125,sar_normal,GT,1701,B3_local_mean,1825,249876,900000,31,0.0012834169901907444,0.4409459159942344,False
241,76,250000,125,sar_normal,GT,1701,B4_linear_interp,1825,249876,900000,31,0.0009720829984871671,0.4382069579878589,False
241,76,250000,125,sar_normal,GT,1701,B5_gaussian,1825,249876,900000,31,0.002883875000406988,0.4589722080127103,False
241,76,250000,125,sar_normal,GT,1701,B6_shuffle,1825,249876,900000,31,0.0011546669993549585,0.4673687920003431,False
241,76,250000,125,sar_normal,GT,1701,recon_test,1825,249876,900000,31,0.07796537500689737,0.4786047500092536,False
241,76,250000,125,sar_normal,GT,1701,recon_train,1825,249876,900000,31,0.03175312500388827,0.45533916700514965,False
241,76,250000,125,sar_normal,GT,1701,identity,1825,249876,900000,31,0.0005451670003822073,0.45078883301175665,False
241,77,250000,125,sar_normal,GT,1701,(before),1825,249876,900000,31,0.0,0.4543743749964051,False
241,77,250000,125,sar_normal,GT,1701,B1_zero,1825,249876,900000,31,0.0009334159985883161,0.44492833300319035,False
241,77,250000,125,sar_normal,GT,1701,B2_global_mean,1825,249876,900000,31,0.001079124995158054,0.44424737500958145,False
241,77,250000,125,sar_normal,GT,1701,B3_local_mean,1825,249876,900000,31,0.0011098750110249966,0.4449781669973163,False
241,77,250000,125,sar_normal,GT,1701,B4_linear_interp,1825,249876,900000,31,0.0009369579929625615,0.4621199160028482,False
241,77,250000,125,sar_normal,GT,1701,B5_gaussian,1825,249876,900000,31,0.0036776249908143654,0.46322295800200664,False
241,77,250000,125,sar_normal,GT,1701,B6_shuffle,1825,249876,900000,31,0.0010243750002700835,0.49107912500039674,False
241,77,250000,125,sar_normal,GT,1701,recon_test,1825,249876,900000,31,0.07815229200059548,0.45409837500483263,False
241,77,250000,125,sar_normal,GT,1701,recon_train,1825,249876,900000,31,0.030249583011027426,0.45297075000416953,False
241,77,250000,125,sar_normal,GT,1701,identity,1825,249876,900000,31,0.0005842079990543425,0.45275349999428727,False
241,78,250000,125,sar_normal,GT,1701,(before),1825,249876,900000,31,0.0,0.45333287499670405,False
241,78,250000,125,sar_normal,GT,1701,B1_zero,1825,249876,900000,31,0.0008224579942179844,0.4428533750033239,False
241,78,250000,125,sar_normal,GT,1701,B2_global_mean,1825,249876,900000,31,0.0011342500074533746,0.44318329099041875,False
241,78,250000,125,sar_normal,GT,1701,B3_local_mean,1825,249876,900000,31,0.0010977919882861897,0.4470354580116691,False
241,78,250000,125,sar_normal,GT,1701,B4_linear_interp,1825,249876,900000,31,0.0015405829908559099,0.4603397920000134,False
241,78,250000,125,sar_normal,GT,1701,B5_gaussian,1825,249876,900000,31,0.002976624993607402,0.48909812500642147,False
241,78,250000,125,sar_normal,GT,1701,B6_shuffle,1825,249876,900000,31,0.001138584004365839,0.46128137499908917,False
241,78,250000,125,sar_normal,GT,1701,recon_test,1825,249876,900000,31,0.07823937499779277,0.45252445799997076,False
241,78,250000,125,sar_normal,GT,1701,recon_train,1825,249876,900000,31,0.03055733301152941,0.45238925000012387,False
241,78,250000,125,sar_normal,GT,1701,identity,1825,249876,900000,31,0.0005325420061126351,0.450569666994852,False
241,79,250000,125,sar_normal,GT,1701,(before),1825,249876,900000,31,0.0,0.4515006250003353,False
241,79,250000,125,sar_normal,GT,1701,B1_zero,1825,249876,900000,31,0.0010123749962076545,0.44292412500362843,False
241,79,250000,125,sar_normal,GT,1701,B2_global_mean,1825,249876,900000,31,0.0011615420080488548,0.4473253750038566,False
241,79,250000,125,sar_normal,GT,1701,B3_local_mean,1825,249876,900000,31,0.001018584007397294,0.4697864159970777,False
241,79,250000,125,sar_normal,GT,1701,B4_linear_interp,1825,249876,900000,31,0.000941083999350667,0.4633559579961002,False
241,79,250000,125,sar_normal,GT,1701,B5_gaussian,1825,249876,900000,31,0.0029532500047935173,0.46451687499939,False
241,79,250000,125,sar_normal,GT,1701,B6_shuffle,1825,249876,900000,31,0.0009706659911898896,0.46385058300802484,False
241,79,250000,125,sar_normal,GT,1701,recon_test,1825,249876,900000,31,0.07850016700103879,0.44990199999301694,False
241,79,250000,125,sar_normal,GT,1701,recon_train,1825,249876,900000,31,0.03127720800694078,0.4534761249960866,False
241,79,250000,125,sar_normal,GT,1701,identity,1825,249876,900000,31,0.0005335830064723268,0.45037024999328423,False
241,80,250000,125,anomaly,GT,1701,(before),1825,249876,900000,31,0.0,0.45348149999335874,False
241,80,250000,125,anomaly,GT,1701,B1_zero,1825,249876,900000,31,0.0010489160049473867,0.44405920899589546,False
241,80,250000,125,anomaly,GT,1701,B2_global_mean,1825,249876,900000,31,0.001295082998694852,0.4613927090103971,False
241,80,250000,125,anomaly,GT,1701,B3_local_mean,1825,249876,900000,31,0.001042917006998323,0.43750537499727216,False
241,80,250000,125,anomaly,GT,1701,B4_linear_interp,1825,249876,900000,31,0.001229957997566089,0.43914283299818635,False
241,80,250000,125,anomaly,GT,1701,B5_gaussian,1825,249876,900000,31,0.0031190000008791685,0.4627972919988679,False
241,80,250000,125,anomaly,GT,1701,B6_shuffle,1825,249876,900000,31,0.0009604580118320882,0.4631450829911046,False
241,80,250000,125,anomaly,GT,1701,recon_test,1825,249876,900000,31,0.07882970898936037,0.4612002920039231,False
241,80,250000,125,anomaly,GT,1701,recon_train,1825,249876,900000,31,0.031046292002429254,0.4515266250091372,False
241,80,250000,125,anomaly,GT,1701,identity,1825,249876,900000,31,0.0006697089993394911,0.45298470799752977,False
